Date,ProShares Name,Ticker,NAV,Prior NAV,NAV Change (%),NAV Change ($),Shares Outstanding (000)
09/17/2012,ProShares Ultra Basic Materials,UYM,37.78,39.15,-3.49936,-1.37,4800
09/14/2012,ProShares Ultra Basic Materials,UYM,39.15,37.8,3.57143,1.35,4800
09/13/2012,ProShares Ultra Basic Materials,UYM,37.8,35.76,5.70470,2.04,4800
09/12/2012,ProShares Ultra Basic Materials,UYM,35.76,35.91,-0.41771,-0.15,4800
09/11/2012,ProShares Ultra Basic Materials,UYM,35.91,35.53,1.06952,0.38,5100
09/10/2012,ProShares Ultra Basic Materials,UYM,35.53,35.71,-0.50406,-0.18,5100
09/07/2012,ProShares Ultra Basic Materials,UYM,35.71,33.92,5.27712,1.79,5100
09/06/2012,ProShares Ultra Basic Materials,UYM,33.92,32.21,5.30891,1.71,5100
09/05/2012,ProShares Ultra Basic Materials,UYM,32.21,31.98,0.71920,0.23,5100
09/04/2012,ProShares Ultra Basic Materials,UYM,31.98,33.03,-3.17893,-1.05,5100
08/31/2012,ProShares Ultra Basic Materials,UYM,33.03,32.2,2.57764,0.83,5100
08/30/2012,ProShares Ultra Basic Materials,UYM,32.2,32.8,-1.82927,-0.6,5100
08/29/2012,ProShares Ultra Basic Materials,UYM,32.8,32.72,0.24450,0.08,5100
08/28/2012,ProShares Ultra Basic Materials,UYM,32.72,32.91,-0.57733,-0.19,5100
08/27/2012,ProShares Ultra Basic Materials,UYM,32.91,33.55,-1.90760,-0.64,5100
08/24/2012,ProShares Ultra Basic Materials,UYM,33.55,33.64,-0.26754,-0.09,5100
08/23/2012,ProShares Ultra Basic Materials,UYM,33.64,34.79,-3.30555,-1.15,5175
08/22/2012,ProShares Ultra Basic Materials,UYM,34.79,34.25,1.57664,0.54,5175
08/21/2012,ProShares Ultra Basic Materials,UYM,34.25,34.21,0.11692,0.04,5175
08/20/2012,ProShares Ultra Basic Materials,UYM,34.21,34.1,0.32258,0.11,5175
08/17/2012,ProShares Ultra Basic Materials,UYM,34.1,34.13,-0.08790,-0.03,5175
08/16/2012,ProShares Ultra Basic Materials,UYM,34.13,33.25,2.64662,0.88,5175
08/15/2012,ProShares Ultra Basic Materials,UYM,33.25,32.96,0.87985,0.29,5175
08/14/2012,ProShares Ultra Basic Materials,UYM,32.96,33.34,-1.13977,-0.38,5175
08/13/2012,ProShares Ultra Basic Materials,UYM,33.34,33.92,-1.70991,-0.58,5175
08/10/2012,ProShares Ultra Basic Materials,UYM,33.92,33.75,0.50370,0.17,5175
08/09/2012,ProShares Ultra Basic Materials,UYM,33.75,33.29,1.38180,0.46,5175
08/08/2012,ProShares Ultra Basic Materials,UYM,33.29,33.09,0.60441,0.2,5175
08/07/2012,ProShares Ultra Basic Materials,UYM,33.09,32.27,2.54106,0.82,5175
08/06/2012,ProShares Ultra Basic Materials,UYM,32.27,31.48,2.50953,0.79,5175
08/03/2012,ProShares Ultra Basic Materials,UYM,31.48,30.16,4.37666,1.32,5175
08/02/2012,ProShares Ultra Basic Materials,UYM,30.16,30.94,-2.52101,-0.78,5175
08/01/2012,ProShares Ultra Basic Materials,UYM,30.94,31.03,-0.29004,-0.09,5175
07/31/2012,ProShares Ultra Basic Materials,UYM,31.03,31.24,-0.67222,-0.21,5175
07/30/2012,ProShares Ultra Basic Materials,UYM,31.24,31.16,0.25674,0.08,5175
07/27/2012,ProShares Ultra Basic Materials,UYM,31.16,29.82,4.49363,1.34,5175
07/26/2012,ProShares Ultra Basic Materials,UYM,29.82,29.33,1.67064,0.49,5175
07/25/2012,ProShares Ultra Basic Materials,UYM,29.33,29.39,-0.20415,-0.06,5175
07/24/2012,ProShares Ultra Basic Materials,UYM,29.39,30.51,-3.67093,-1.12,5175
07/23/2012,ProShares Ultra Basic Materials,UYM,30.51,31.47,-3.05052,-0.96,5175
07/20/2012,ProShares Ultra Basic Materials,UYM,31.47,32.1,-1.96262,-0.63,5175
07/19/2012,ProShares Ultra Basic Materials,UYM,32.1,31.42,2.16423,0.68,5175
07/18/2012,ProShares Ultra Basic Materials,UYM,31.42,31,1.35484,0.42,5175
07/17/2012,ProShares Ultra Basic Materials,UYM,31,30.32,2.24274,0.68,5175
07/16/2012,ProShares Ultra Basic Materials,UYM,30.32,30.75,-1.39837,-0.43,5175
07/13/2012,ProShares Ultra Basic Materials,UYM,30.75,29.63,3.77995,1.12,5175
07/12/2012,ProShares Ultra Basic Materials,UYM,29.63,30.01,-1.26624,-0.38,5175
07/11/2012,ProShares Ultra Basic Materials,UYM,30.01,30.29,-0.92440,-0.28,5400
07/10/2012,ProShares Ultra Basic Materials,UYM,30.29,31.37,-3.44278,-1.08,5400
07/09/2012,ProShares Ultra Basic Materials,UYM,31.37,32.09,-2.24369,-0.72,5400
07/06/2012,ProShares Ultra Basic Materials,UYM,32.09,33.02,-2.81647,-0.93,5400
07/05/2012,ProShares Ultra Basic Materials,UYM,33.02,33.06,-0.12099,-0.04,5400
07/03/2012,ProShares Ultra Basic Materials,UYM,33.06,31.85,3.79906,1.21,5400
07/02/2012,ProShares Ultra Basic Materials,UYM,31.85,32.13,-0.87146,-0.28,5400
06/29/2012,ProShares Ultra Basic Materials,UYM,32.13,30.32,5.96966,1.81,5400
06/28/2012,ProShares Ultra Basic Materials,UYM,30.32,30.16,0.53050,0.16,5400
06/27/2012,ProShares Ultra Basic Materials,UYM,30.16,29.63,1.78873,0.53,5400
06/26/2012,ProShares Ultra Basic Materials,UYM,29.63,29.55,0.27073,0.08,5400
06/25/2012,ProShares Ultra Basic Materials,UYM,29.55,30.46,-2.98752,-0.91,5400
06/22/2012,ProShares Ultra Basic Materials,UYM,30.46,30.29,0.56124,0.17,5400
06/21/2012,ProShares Ultra Basic Materials,UYM,30.29,32.77,-7.56790,-2.48,5400
06/20/2012,ProShares Ultra Basic Materials,UYM,32.77,32.96,-0.57646,-0.19,5400
06/19/2012,ProShares Ultra Basic Materials,UYM,32.96,31.43,4.86796,1.53,5400
06/18/2012,ProShares Ultra Basic Materials,UYM,31.43,31.18,0.80180,0.25,5400
06/15/2012,ProShares Ultra Basic Materials,UYM,31.18,30.23,3.14257,0.95,5400
06/14/2012,ProShares Ultra Basic Materials,UYM,30.23,29.87,1.20522,0.36,5400
06/13/2012,ProShares Ultra Basic Materials,UYM,29.87,30.71,-2.73527,-0.84,5400
06/12/2012,ProShares Ultra Basic Materials,UYM,30.71,29.67,3.50522,1.04,5400
06/11/2012,ProShares Ultra Basic Materials,UYM,29.67,31.08,-4.53668,-1.41,5250
06/08/2012,ProShares Ultra Basic Materials,UYM,31.08,30.73,1.13895,0.35,5250
06/07/2012,ProShares Ultra Basic Materials,UYM,30.73,30.69,0.13034,0.04,5250
06/06/2012,ProShares Ultra Basic Materials,UYM,30.69,29.28,4.81557,1.41,5250
06/05/2012,ProShares Ultra Basic Materials,UYM,29.28,28.81,1.63138,0.47,5250
06/04/2012,ProShares Ultra Basic Materials,UYM,28.81,28.78,0.10424,0.03,5250
06/01/2012,ProShares Ultra Basic Materials,UYM,28.78,30.02,-4.13058,-1.24,5250
05/31/2012,ProShares Ultra Basic Materials,UYM,30.02,30.57,-1.79915,-0.55,5250
05/30/2012,ProShares Ultra Basic Materials,UYM,30.57,32.15,-4.91446,-1.58,5400
05/29/2012,ProShares Ultra Basic Materials,UYM,32.15,30.88,4.11269,1.27,5400
05/25/2012,ProShares Ultra Basic Materials,UYM,30.88,31.11,-0.73931,-0.23,5400
05/24/2012,ProShares Ultra Basic Materials,UYM,31.11,30.88,0.74482,0.23,5400
05/23/2012,ProShares Ultra Basic Materials,UYM,30.88,30.13,2.48921,0.75,5400
05/22/2012,ProShares Ultra Basic Materials,UYM,30.13,30.69,-1.82470,-0.56,5400
05/21/2012,ProShares Ultra Basic Materials,UYM,30.69,28.75,6.74783,1.94,5400
05/18/2012,ProShares Ultra Basic Materials,UYM,28.75,29.3,-1.87713,-0.55,5400
05/17/2012,ProShares Ultra Basic Materials,UYM,29.3,30.7,-4.56026,-1.4,5400
05/16/2012,ProShares Ultra Basic Materials,UYM,30.7,31.58,-2.78657,-0.88,5250
05/15/2012,ProShares Ultra Basic Materials,UYM,31.58,32.91,-4.04132,-1.33,5250
05/14/2012,ProShares Ultra Basic Materials,UYM,32.91,33.96,-3.09187,-1.05,5250
05/11/2012,ProShares Ultra Basic Materials,UYM,33.96,34.24,-0.81776,-0.28,5250
05/10/2012,ProShares Ultra Basic Materials,UYM,34.24,34.41,-0.49404,-0.17,5250
05/09/2012,ProShares Ultra Basic Materials,UYM,34.41,34.67,-0.74993,-0.26,5250
05/08/2012,ProShares Ultra Basic Materials,UYM,34.67,35.3,-1.78470,-0.63,5400
05/07/2012,ProShares Ultra Basic Materials,UYM,35.3,35.33,-0.08491,-0.03,5325
05/04/2012,ProShares Ultra Basic Materials,UYM,35.33,36.67,-3.65421,-1.34,5325
05/03/2012,ProShares Ultra Basic Materials,UYM,36.67,37.67,-2.65463,-1,5325
05/02/2012,ProShares Ultra Basic Materials,UYM,37.67,38.16,-1.28407,-0.49,5325
05/01/2012,ProShares Ultra Basic Materials,UYM,38.16,37.65,1.35458,0.51,5325
04/30/2012,ProShares Ultra Basic Materials,UYM,37.65,38.29,-1.67145,-0.64,5400
04/27/2012,ProShares Ultra Basic Materials,UYM,38.29,38.12,0.44596,0.17,5400
04/26/2012,ProShares Ultra Basic Materials,UYM,38.12,38.07,0.13134,0.05,5400
04/25/2012,ProShares Ultra Basic Materials,UYM,38.07,36.32,4.81828,1.75,5400
04/24/2012,ProShares Ultra Basic Materials,UYM,36.32,36.25,0.19310,0.07,5550
04/23/2012,ProShares Ultra Basic Materials,UYM,36.25,37.31,-2.84106,-1.06,5550
04/20/2012,ProShares Ultra Basic Materials,UYM,37.31,37.42,-0.29396,-0.11,5550
04/19/2012,ProShares Ultra Basic Materials,UYM,37.42,37.51,-0.23994,-0.09,5550
04/18/2012,ProShares Ultra Basic Materials,UYM,37.51,37.8,-0.76720,-0.29,5550
04/17/2012,ProShares Ultra Basic Materials,UYM,37.8,36.6,3.27869,1.2,5550
04/16/2012,ProShares Ultra Basic Materials,UYM,36.6,36.42,0.49423,0.18,5400
04/13/2012,ProShares Ultra Basic Materials,UYM,36.42,37.33,-2.43772,-0.91,5400
04/12/2012,ProShares Ultra Basic Materials,UYM,37.33,35.01,6.62668,2.32,5400
04/11/2012,ProShares Ultra Basic Materials,UYM,35.01,34.47,1.56658,0.54,5400
04/10/2012,ProShares Ultra Basic Materials,UYM,34.47,35.86,-3.87619,-1.39,5400
04/09/2012,ProShares Ultra Basic Materials,UYM,35.86,36.9,-2.81843,-1.04,5400
04/05/2012,ProShares Ultra Basic Materials,UYM,36.9,37.38,-1.28411,-0.48,5400
04/04/2012,ProShares Ultra Basic Materials,UYM,37.38,38.51,-2.93430,-1.13,5400
04/03/2012,ProShares Ultra Basic Materials,UYM,38.51,39.4,-2.25888,-0.89,5400
04/02/2012,ProShares Ultra Basic Materials,UYM,39.4,38.3,2.87206,1.1,5400
03/30/2012,ProShares Ultra Basic Materials,UYM,38.3,38.05,0.65703,0.25,5400
03/29/2012,ProShares Ultra Basic Materials,UYM,38.05,37.78,0.71466,0.27,5400
03/28/2012,ProShares Ultra Basic Materials,UYM,37.78,39.03,-3.20266,-1.25,5400
03/27/2012,ProShares Ultra Basic Materials,UYM,39.03,39.23,-0.50981,-0.2,5400
03/26/2012,ProShares Ultra Basic Materials,UYM,39.23,38.27,2.50849,0.96,5400
03/23/2012,ProShares Ultra Basic Materials,UYM,38.27,37.35,2.46319,0.92,5400
03/22/2012,ProShares Ultra Basic Materials,UYM,37.35,38.95,-4.10783,-1.6,5400
03/21/2012,ProShares Ultra Basic Materials,UYM,38.95,38.98,-0.07696,-0.03,5400
03/20/2012,ProShares Ultra Basic Materials,UYM,38.98,39.56,-1.46613,-0.58,5775
03/19/2012,ProShares Ultra Basic Materials,UYM,39.56,39.23,0.84119,0.33,5775
03/16/2012,ProShares Ultra Basic Materials,UYM,39.23,38.74,1.26484,0.49,5775
03/15/2012,ProShares Ultra Basic Materials,UYM,38.74,38.01,1.92055,0.73,5775
03/14/2012,ProShares Ultra Basic Materials,UYM,38.01,38.51,-1.29836,-0.5,5775
03/13/2012,ProShares Ultra Basic Materials,UYM,38.51,37.03,3.99676,1.48,5775
03/12/2012,ProShares Ultra Basic Materials,UYM,37.03,37.7,-1.77719,-0.67,5775
03/09/2012,ProShares Ultra Basic Materials,UYM,37.7,37.42,0.74826,0.28,5775
03/08/2012,ProShares Ultra Basic Materials,UYM,37.42,36.23,3.28457,1.19,5775
03/07/2012,ProShares Ultra Basic Materials,UYM,36.23,35.84,1.08817,0.39,5775
03/06/2012,ProShares Ultra Basic Materials,UYM,35.84,37.66,-4.83271,-1.82,5775
03/05/2012,ProShares Ultra Basic Materials,UYM,37.66,39.32,-4.22177,-1.66,5775
03/02/2012,ProShares Ultra Basic Materials,UYM,39.32,39.91,-1.47833,-0.59,5775
03/01/2012,ProShares Ultra Basic Materials,UYM,39.91,39.27,1.62974,0.64,5775
02/29/2012,ProShares Ultra Basic Materials,UYM,39.27,40.77,-3.67918,-1.5,5775
02/28/2012,ProShares Ultra Basic Materials,UYM,40.77,40.55,0.54254,0.22,5775
02/27/2012,ProShares Ultra Basic Materials,UYM,40.55,40.57,-0.04930,-0.02,5775
02/24/2012,ProShares Ultra Basic Materials,UYM,40.57,40.62,-0.12309,-0.05,5775
02/23/2012,ProShares Ultra Basic Materials,UYM,40.62,40.35,0.66914,0.27,5775
02/22/2012,ProShares Ultra Basic Materials,UYM,40.35,40.7,-0.85995,-0.35,5925
02/21/2012,ProShares Ultra Basic Materials,UYM,40.7,40.25,1.11801,0.45,5925
02/17/2012,ProShares Ultra Basic Materials,UYM,40.25,40.31,-0.14885,-0.06,5925
02/16/2012,ProShares Ultra Basic Materials,UYM,40.31,38.88,3.67798,1.43,5925
02/15/2012,ProShares Ultra Basic Materials,UYM,38.88,38.98,-0.25654,-0.1,5925
02/14/2012,ProShares Ultra Basic Materials,UYM,38.98,40.19,-3.01070,-1.21,5925
02/13/2012,ProShares Ultra Basic Materials,UYM,40.19,39.87,0.80261,0.32,5925
02/10/2012,ProShares Ultra Basic Materials,UYM,39.87,41.53,-3.99711,-1.66,5925
02/09/2012,ProShares Ultra Basic Materials,UYM,41.53,41.42,0.26557,0.11,5925
02/08/2012,ProShares Ultra Basic Materials,UYM,41.42,41.33,0.21776,0.09,5925
02/07/2012,ProShares Ultra Basic Materials,UYM,41.33,41.8,-1.12440,-0.47,5925
02/06/2012,ProShares Ultra Basic Materials,UYM,41.8,41.9,-0.23866,-0.1,5925
02/03/2012,ProShares Ultra Basic Materials,UYM,41.9,40.6,3.20197,1.3,5925
02/02/2012,ProShares Ultra Basic Materials,UYM,40.6,40.53,0.17271,0.07,5925
02/01/2012,ProShares Ultra Basic Materials,UYM,40.53,39.46,2.71161,1.07,5925
01/31/2012,ProShares Ultra Basic Materials,UYM,39.46,39.7,-0.60453,-0.24,5925
01/30/2012,ProShares Ultra Basic Materials,UYM,39.7,39.98,-0.70035,-0.28,6225
01/27/2012,ProShares Ultra Basic Materials,UYM,39.98,39.32,1.67854,0.66,6225
01/26/2012,ProShares Ultra Basic Materials,UYM,39.32,39.64,-0.80727,-0.32,6225
01/25/2012,ProShares Ultra Basic Materials,UYM,39.64,38.24,3.66109,1.4,6225
01/24/2012,ProShares Ultra Basic Materials,UYM,38.24,38.18,0.15715,0.06,6225
01/23/2012,ProShares Ultra Basic Materials,UYM,38.18,38.07,0.28894,0.11,6225
01/20/2012,ProShares Ultra Basic Materials,UYM,38.07,38.26,-0.49660,-0.19,6600
01/19/2012,ProShares Ultra Basic Materials,UYM,38.26,38.19,0.18329,0.07,6600
01/18/2012,ProShares Ultra Basic Materials,UYM,38.19,37.06,3.04911,1.13,6600
01/17/2012,ProShares Ultra Basic Materials,UYM,37.06,36.81,0.67916,0.25,6600
01/13/2012,ProShares Ultra Basic Materials,UYM,36.81,37.61,-2.12709,-0.8,6600
01/12/2012,ProShares Ultra Basic Materials,UYM,37.61,36.42,3.26744,1.19,6600
01/11/2012,ProShares Ultra Basic Materials,UYM,36.42,35.72,1.95969,0.7,6600
01/10/2012,ProShares Ultra Basic Materials,UYM,35.72,34.26,4.26153,1.46,6600
01/09/2012,ProShares Ultra Basic Materials,UYM,34.26,34.34,-0.23296,-0.08,6600
01/06/2012,ProShares Ultra Basic Materials,UYM,34.34,34.51,-0.49261,-0.17,6600
01/05/2012,ProShares Ultra Basic Materials,UYM,34.51,34.76,-0.71922,-0.25,6600
01/04/2012,ProShares Ultra Basic Materials,UYM,34.76,34.32,1.28205,0.44,6975
01/03/2012,ProShares Ultra Basic Materials,UYM,34.32,32.11,6.88259,2.21,6975
12/30/2011,ProShares Ultra Basic Materials,UYM,32.11,32.03,0.24977,0.08,6975
12/29/2011,ProShares Ultra Basic Materials,UYM,32.03,31.36,2.13648,0.67,6975
12/28/2011,ProShares Ultra Basic Materials,UYM,31.36,32.96,-4.85437,-1.6,6975
12/27/2011,ProShares Ultra Basic Materials,UYM,32.96,33.13,-0.51313,-0.17,6975
12/23/2011,ProShares Ultra Basic Materials,UYM,33.13,32.58,1.68815,0.55,6975
12/22/2011,ProShares Ultra Basic Materials,UYM,32.58,31.84,2.32412,0.74,6975
12/21/2011,ProShares Ultra Basic Materials,UYM,31.84,31.67,0.53679,0.17,6975
12/20/2011,ProShares Ultra Basic Materials,UYM,31.67,29.15,8.64494,2.52,6975
12/19/2011,ProShares Ultra Basic Materials,UYM,29.15,30.62,-4.80078,-1.47,6975
12/16/2011,ProShares Ultra Basic Materials,UYM,30.62,30,2.06667,0.62,6975
12/15/2011,ProShares Ultra Basic Materials,UYM,30,29.72,0.94213,0.28,6975
12/14/2011,ProShares Ultra Basic Materials,UYM,29.72,30.59,-2.84407,-0.87,6975
12/13/2011,ProShares Ultra Basic Materials,UYM,30.59,31.88,-4.04642,-1.29,6975
12/12/2011,ProShares Ultra Basic Materials,UYM,31.88,33.62,-5.17549,-1.74,6975
12/09/2011,ProShares Ultra Basic Materials,UYM,33.62,32.66,2.93938,0.96,7275
12/08/2011,ProShares Ultra Basic Materials,UYM,32.66,34.96,-6.57895,-2.3,7275
12/07/2011,ProShares Ultra Basic Materials,UYM,34.96,35.09,-0.37048,-0.13,7275
12/06/2011,ProShares Ultra Basic Materials,UYM,35.09,34.8,0.83333,0.29,7275
12/05/2011,ProShares Ultra Basic Materials,UYM,34.8,34,2.35294,0.8,7275
12/02/2011,ProShares Ultra Basic Materials,UYM,34,34.3,-0.87464,-0.3,7275
12/01/2011,ProShares Ultra Basic Materials,UYM,34.3,34.8,-1.43678,-0.5,7275
11/30/2011,ProShares Ultra Basic Materials,UYM,34.8,30.58,13.79987,4.22,7275
11/29/2011,ProShares Ultra Basic Materials,UYM,30.58,30.48,0.32808,0.1,7275
11/28/2011,ProShares Ultra Basic Materials,UYM,30.48,28.1,8.46975,2.38,7275
11/25/2011,ProShares Ultra Basic Materials,UYM,28.1,28.4,-1.05634,-0.3,7275
11/23/2011,ProShares Ultra Basic Materials,UYM,28.4,30.36,-6.45586,-1.96,7275
11/22/2011,ProShares Ultra Basic Materials,UYM,30.36,30.82,-1.49254,-0.46,7275
11/21/2011,ProShares Ultra Basic Materials,UYM,30.82,31.99,-3.65739,-1.17,7275
11/18/2011,ProShares Ultra Basic Materials,UYM,31.99,31.95,0.12520,0.04,7275
11/17/2011,ProShares Ultra Basic Materials,UYM,31.95,34.18,-6.52428,-2.23,7275
11/16/2011,ProShares Ultra Basic Materials,UYM,34.18,35.81,-4.55180,-1.63,7275
11/15/2011,ProShares Ultra Basic Materials,UYM,35.81,35.73,0.22390,0.08,7275
11/14/2011,ProShares Ultra Basic Materials,UYM,35.73,36.38,-1.78670,-0.65,7275
11/11/2011,ProShares Ultra Basic Materials,UYM,36.38,34.76,4.66053,1.62,7275
11/10/2011,ProShares Ultra Basic Materials,UYM,34.76,34.21,1.60772,0.55,7275
11/09/2011,ProShares Ultra Basic Materials,UYM,34.21,38.09,-10.18640,-3.88,7275
11/08/2011,ProShares Ultra Basic Materials,UYM,38.09,37.36,1.95396,0.73,7275
11/07/2011,ProShares Ultra Basic Materials,UYM,37.36,36.9,1.24661,0.46,7275
11/04/2011,ProShares Ultra Basic Materials,UYM,36.9,36.78,0.32626,0.12,7275
11/03/2011,ProShares Ultra Basic Materials,UYM,36.78,35.1,4.78632,1.68,7275
11/02/2011,ProShares Ultra Basic Materials,UYM,35.1,33.31,5.37376,1.79,7275
11/01/2011,ProShares Ultra Basic Materials,UYM,33.31,35.45,-6.03667,-2.14,7275
10/31/2011,ProShares Ultra Basic Materials,UYM,35.45,39.04,-9.19570,-3.59,7275
10/28/2011,ProShares Ultra Basic Materials,UYM,39.04,38.01,2.70981,1.03,7275
10/27/2011,ProShares Ultra Basic Materials,UYM,38.01,33.88,12.19008,4.13,7050
10/26/2011,ProShares Ultra Basic Materials,UYM,33.88,32.42,4.50339,1.46,7050
10/25/2011,ProShares Ultra Basic Materials,UYM,32.42,34.31,-5.50860,-1.89,7050
10/24/2011,ProShares Ultra Basic Materials,UYM,34.31,32.23,6.45361,2.08,7050
10/21/2011,ProShares Ultra Basic Materials,UYM,32.23,30.4,6.01974,1.83,7050
10/20/2011,ProShares Ultra Basic Materials,UYM,30.4,29.91,1.63825,0.49,7050
10/19/2011,ProShares Ultra Basic Materials,UYM,29.91,32.03,-6.61879,-2.12,7050
10/18/2011,ProShares Ultra Basic Materials,UYM,32.03,30.46,5.15430,1.57,7050
10/17/2011,ProShares Ultra Basic Materials,UYM,30.46,32.79,-7.10582,-2.33,7050
10/14/2011,ProShares Ultra Basic Materials,UYM,32.79,30.96,5.91085,1.83,7050
10/13/2011,ProShares Ultra Basic Materials,UYM,30.96,31.29,-1.05465,-0.33,7050
10/12/2011,ProShares Ultra Basic Materials,UYM,31.29,30.44,2.79238,0.85,7050
10/11/2011,ProShares Ultra Basic Materials,UYM,30.44,30.22,0.72799,0.22,7050
10/10/2011,ProShares Ultra Basic Materials,UYM,30.22,27.75,8.90090,2.47,7050
10/07/2011,ProShares Ultra Basic Materials,UYM,27.75,28.86,-3.84615,-1.11,7050
10/06/2011,ProShares Ultra Basic Materials,UYM,28.86,27.65,4.37613,1.21,7050
10/05/2011,ProShares Ultra Basic Materials,UYM,27.65,25.37,8.98699,2.28,7050
10/04/2011,ProShares Ultra Basic Materials,UYM,25.37,23.6,7.50000,1.77,7050
10/03/2011,ProShares Ultra Basic Materials,UYM,23.6,25.37,-6.97674,-1.77,7050
09/30/2011,ProShares Ultra Basic Materials,UYM,25.37,27.43,-7.51003,-2.06,7050
09/29/2011,ProShares Ultra Basic Materials,UYM,27.43,27.51,-0.29080,-0.08,6975
09/28/2011,ProShares Ultra Basic Materials,UYM,27.51,30.56,-9.98037,-3.05,6675
09/27/2011,ProShares Ultra Basic Materials,UYM,30.56,29.32,4.22920,1.24,6675
09/26/2011,ProShares Ultra Basic Materials,UYM,29.32,27.52,6.54070,1.8,6675
09/23/2011,ProShares Ultra Basic Materials,UYM,27.52,27.73,-0.75730,-0.21,6675
09/22/2011,ProShares Ultra Basic Materials,UYM,27.73,31.76,-12.68892,-4.03,6675
09/21/2011,ProShares Ultra Basic Materials,UYM,31.76,35.52,-10.58559,-3.76,6675
09/20/2011,ProShares Ultra Basic Materials,UYM,35.52,36.73,-3.29431,-1.21,6675
09/19/2011,ProShares Ultra Basic Materials,UYM,36.73,38.04,-3.44374,-1.31,6675
09/16/2011,ProShares Ultra Basic Materials,UYM,38.04,37.88,0.42239,0.16,6675
09/15/2011,ProShares Ultra Basic Materials,UYM,37.88,36.66,3.32788,1.22,6675
09/14/2011,ProShares Ultra Basic Materials,UYM,36.66,35.78,2.45947,0.88,6675
09/13/2011,ProShares Ultra Basic Materials,UYM,35.78,34.72,3.05300,1.06,6675
09/12/2011,ProShares Ultra Basic Materials,UYM,34.72,35.47,-2.11446,-0.75,6525
09/09/2011,ProShares Ultra Basic Materials,UYM,35.47,37.71,-5.94007,-2.24,6525
09/08/2011,ProShares Ultra Basic Materials,UYM,37.71,38.78,-2.75915,-1.07,6525
09/07/2011,ProShares Ultra Basic Materials,UYM,38.78,36.47,6.33397,2.31,6525
09/06/2011,ProShares Ultra Basic Materials,UYM,36.47,37.1,-1.69811,-0.63,6525
09/02/2011,ProShares Ultra Basic Materials,UYM,37.1,38.83,-4.45532,-1.73,6525
09/01/2011,ProShares Ultra Basic Materials,UYM,38.83,40.11,-3.19122,-1.28,6525
08/31/2011,ProShares Ultra Basic Materials,UYM,40.11,39.98,0.32516,0.13,6525
08/30/2011,ProShares Ultra Basic Materials,UYM,39.98,39.32,1.67854,0.66,6750
08/29/2011,ProShares Ultra Basic Materials,UYM,39.32,36.58,7.49043,2.74,6750
08/26/2011,ProShares Ultra Basic Materials,UYM,36.58,34.83,5.02440,1.75,6750
08/25/2011,ProShares Ultra Basic Materials,UYM,34.83,35.39,-1.58237,-0.56,6750
08/24/2011,ProShares Ultra Basic Materials,UYM,35.39,34.43,2.78827,0.96,6750
08/23/2011,ProShares Ultra Basic Materials,UYM,34.43,32.27,6.69352,2.16,6750
08/22/2011,ProShares Ultra Basic Materials,UYM,32.27,32.36,-0.27812,-0.09,6600
08/19/2011,ProShares Ultra Basic Materials,UYM,32.36,33.49,-3.37414,-1.13,6600
08/18/2011,ProShares Ultra Basic Materials,UYM,33.49,38.01,-11.89161,-4.52,6750
08/17/2011,ProShares Ultra Basic Materials,UYM,38.01,37.98,0.07899,0.03,6750
08/16/2011,ProShares Ultra Basic Materials,UYM,37.98,39.58,-4.04245,-1.6,6750
08/15/2011,ProShares Ultra Basic Materials,UYM,39.58,38.04,4.04837,1.54,6750
08/12/2011,ProShares Ultra Basic Materials,UYM,38.04,37.53,1.35891,0.51,6750
08/11/2011,ProShares Ultra Basic Materials,UYM,37.53,33.83,10.93704,3.7,6750
08/10/2011,ProShares Ultra Basic Materials,UYM,33.83,36.03,-6.10602,-2.2,6750
08/09/2011,ProShares Ultra Basic Materials,UYM,36.03,31.85,13.12402,4.18,6750
08/08/2011,ProShares Ultra Basic Materials,UYM,31.85,38.12,-16.44806,-6.27,6750
08/05/2011,ProShares Ultra Basic Materials,UYM,38.12,38.96,-2.15606,-0.84,6750
08/04/2011,ProShares Ultra Basic Materials,UYM,38.96,46.27,-15.79857,-7.31,6450
08/03/2011,ProShares Ultra Basic Materials,UYM,46.27,46.09,0.39054,0.18,6375
08/02/2011,ProShares Ultra Basic Materials,UYM,46.09,49.39,-6.68151,-3.3,6225
08/01/2011,ProShares Ultra Basic Materials,UYM,49.39,49.55,-0.32291,-0.16,6225
07/29/2011,ProShares Ultra Basic Materials,UYM,49.55,50.37,-1.62795,-0.82,6000
07/28/2011,ProShares Ultra Basic Materials,UYM,50.37,50.63,-0.51353,-0.26,6000
07/27/2011,ProShares Ultra Basic Materials,UYM,50.63,53.21,-4.84871,-2.58,6000
07/26/2011,ProShares Ultra Basic Materials,UYM,53.21,54.19,-1.80845,-0.98,6150
07/25/2011,ProShares Ultra Basic Materials,UYM,54.19,54.78,-1.07704,-0.59,6150
07/22/2011,ProShares Ultra Basic Materials,UYM,54.78,54.89,-0.20040,-0.11,6150
07/21/2011,ProShares Ultra Basic Materials,UYM,54.89,53.39,2.80951,1.5,6225
07/20/2011,ProShares Ultra Basic Materials,UYM,53.39,53.52,-0.24290,-0.13,6225
07/19/2011,ProShares Ultra Basic Materials,UYM,53.52,51.94,3.04197,1.58,6225
07/18/2011,ProShares Ultra Basic Materials,UYM,51.94,52.82,-1.66604,-0.88,6225
07/15/2011,ProShares Ultra Basic Materials,UYM,52.82,51.49,2.58303,1.33,6225
07/14/2011,ProShares Ultra Basic Materials,UYM,51.49,52.62,-2.14747,-1.13,6225
07/13/2011,ProShares Ultra Basic Materials,UYM,52.62,51.45,2.27405,1.17,6225
07/12/2011,ProShares Ultra Basic Materials,UYM,51.45,51.81,-0.69485,-0.36,6225
07/11/2011,ProShares Ultra Basic Materials,UYM,51.81,54.57,-5.05772,-2.76,6225
07/08/2011,ProShares Ultra Basic Materials,UYM,54.57,55.38,-1.46262,-0.81,6225
07/07/2011,ProShares Ultra Basic Materials,UYM,55.38,53.56,3.39806,1.82,6225
07/06/2011,ProShares Ultra Basic Materials,UYM,53.56,53.5,0.11215,0.06,6375
07/05/2011,ProShares Ultra Basic Materials,UYM,53.5,53.31,0.35641,0.19,6375
07/01/2011,ProShares Ultra Basic Materials,UYM,53.31,52.28,1.97016,1.03,6375
06/30/2011,ProShares Ultra Basic Materials,UYM,52.28,51.15,2.20919,1.13,6600
06/29/2011,ProShares Ultra Basic Materials,UYM,51.15,49.85,2.60782,1.3,6600
06/28/2011,ProShares Ultra Basic Materials,UYM,49.85,48,3.85417,1.85,6600
06/27/2011,ProShares Ultra Basic Materials,UYM,48,47.8,0.41841,0.2,6600
06/24/2011,ProShares Ultra Basic Materials,UYM,47.8,48.48,-1.40264,-0.68,6600
06/23/2011,ProShares Ultra Basic Materials,UYM,48.48,48.45,0.06192,0.03,6600
06/22/2011,ProShares Ultra Basic Materials,UYM,48.45,48.7,-0.51335,-0.25,6600
06/21/2011,ProShares Ultra Basic Materials,UYM,48.7,45.81,6.30867,2.89,6600
06/20/2011,ProShares Ultra Basic Materials,UYM,45.81,45.03,1.73218,0.78,6600
06/17/2011,ProShares Ultra Basic Materials,UYM,45.03,45.16,-0.28787,-0.13,6600
06/16/2011,ProShares Ultra Basic Materials,UYM,45.16,46.23,-2.31451,-1.07,6600
06/15/2011,ProShares Ultra Basic Materials,UYM,46.23,48.41,-4.50320,-2.18,6600
06/14/2011,ProShares Ultra Basic Materials,UYM,48.41,46.35,4.44444,2.06,6600
06/13/2011,ProShares Ultra Basic Materials,UYM,46.35,47.32,-2.04987,-0.97,6600
06/10/2011,ProShares Ultra Basic Materials,UYM,47.32,48.61,-2.65377,-1.29,6600
06/09/2011,ProShares Ultra Basic Materials,UYM,48.61,47.25,2.87831,1.36,6600
06/08/2011,ProShares Ultra Basic Materials,UYM,47.25,48.34,-2.25486,-1.09,6600
06/07/2011,ProShares Ultra Basic Materials,UYM,48.34,48.13,0.43632,0.21,6450
06/06/2011,ProShares Ultra Basic Materials,UYM,48.13,49.6,-2.96371,-1.47,6450
06/03/2011,ProShares Ultra Basic Materials,UYM,49.6,51.08,-2.89742,-1.48,6450
06/02/2011,ProShares Ultra Basic Materials,UYM,51.08,51.02,0.11760,0.06,6450
06/01/2011,ProShares Ultra Basic Materials,UYM,51.02,54.3,-6.04052,-3.28,6450
05/31/2011,ProShares Ultra Basic Materials,UYM,54.3,53.27,1.93355,1.03,6450
05/27/2011,ProShares Ultra Basic Materials,UYM,53.27,52.05,2.34390,1.22,6450
05/26/2011,ProShares Ultra Basic Materials,UYM,52.05,51.6,0.87209,0.45,6450
05/25/2011,ProShares Ultra Basic Materials,UYM,51.6,49.95,3.30330,1.65,6450
05/24/2011,ProShares Ultra Basic Materials,UYM,49.95,49.42,1.07244,0.53,6450
05/23/2011,ProShares Ultra Basic Materials,UYM,49.42,50.84,-2.79308,-1.42,6450
05/20/2011,ProShares Ultra Basic Materials,UYM,50.84,51.85,-1.94793,-1.01,6450
05/19/2011,ProShares Ultra Basic Materials,UYM,51.85,52.16,-0.59433,-0.31,6450
05/18/2011,ProShares Ultra Basic Materials,UYM,52.16,50.11,4.09100,2.05,6450
05/17/2011,ProShares Ultra Basic Materials,UYM,50.11,50.74,-1.24162,-0.63,6450
05/16/2011,ProShares Ultra Basic Materials,UYM,50.74,51.25,-0.99512,-0.51,6450
05/13/2011,ProShares Ultra Basic Materials,UYM,51.25,52.91,-3.13740,-1.66,6450
05/12/2011,ProShares Ultra Basic Materials,UYM,52.91,52.99,-0.15097,-0.08,6450
05/11/2011,ProShares Ultra Basic Materials,UYM,52.99,56.1,-5.54367,-3.11,6450
05/10/2011,ProShares Ultra Basic Materials,UYM,56.1,55.49,1.09930,0.61,6450
05/09/2011,ProShares Ultra Basic Materials,UYM,55.49,53.68,3.37183,1.81,6450
05/06/2011,ProShares Ultra Basic Materials,UYM,53.68,52.89,1.49367,0.79,6450
05/05/2011,ProShares Ultra Basic Materials,UYM,52.89,54.36,-2.70419,-1.47,6450
05/04/2011,ProShares Ultra Basic Materials,UYM,54.36,56.4,-3.61702,-2.04,6450
05/03/2011,ProShares Ultra Basic Materials,UYM,56.4,58.24,-3.15934,-1.84,6450
05/02/2011,ProShares Ultra Basic Materials,UYM,58.24,58.93,-1.17088,-0.69,6525
04/29/2011,ProShares Ultra Basic Materials,UYM,58.93,58.18,1.28910,0.75,6675
04/28/2011,ProShares Ultra Basic Materials,UYM,58.18,57.76,0.72715,0.42,6975
04/27/2011,ProShares Ultra Basic Materials,UYM,57.76,57.66,0.17343,0.1,6975
04/26/2011,ProShares Ultra Basic Materials,UYM,57.66,56.57,1.92682,1.09,6975
04/25/2011,ProShares Ultra Basic Materials,UYM,56.57,57.13,-0.98022,-0.56,6975
04/21/2011,ProShares Ultra Basic Materials,UYM,57.13,55.54,2.86280,1.59,6975
04/20/2011,ProShares Ultra Basic Materials,UYM,55.54,53.92,3.00445,1.62,6975
04/19/2011,ProShares Ultra Basic Materials,UYM,53.92,52.17,3.35442,1.75,6975
04/18/2011,ProShares Ultra Basic Materials,UYM,52.17,53.72,-2.88533,-1.55,6975
04/15/2011,ProShares Ultra Basic Materials,UYM,53.72,52.92,1.51172,0.8,6975
04/14/2011,ProShares Ultra Basic Materials,UYM,52.92,52.71,0.39841,0.21,6975
04/13/2011,ProShares Ultra Basic Materials,UYM,52.71,52.97,-0.49084,-0.26,6975
04/12/2011,ProShares Ultra Basic Materials,UYM,52.97,55.19,-4.02247,-2.22,6975
04/11/2011,ProShares Ultra Basic Materials,UYM,55.19,57.13,-3.39576,-1.94,6975
04/08/2011,ProShares Ultra Basic Materials,UYM,57.13,57.44,-0.53969,-0.31,6975
04/07/2011,ProShares Ultra Basic Materials,UYM,57.44,57.59,-0.26046,-0.15,6975
04/06/2011,ProShares Ultra Basic Materials,UYM,57.59,58.43,-1.43762,-0.84,6975
04/05/2011,ProShares Ultra Basic Materials,UYM,58.43,57.08,2.36510,1.35,6975
04/04/2011,ProShares Ultra Basic Materials,UYM,57.08,56.26,1.45752,0.82,7050
04/01/2011,ProShares Ultra Basic Materials,UYM,56.26,55.9,0.64401,0.36,7050
03/31/2011,ProShares Ultra Basic Materials,UYM,55.9,55.72,0.32304,0.18,7050
03/30/2011,ProShares Ultra Basic Materials,UYM,55.72,54.62,2.01391,1.1,7125
03/29/2011,ProShares Ultra Basic Materials,UYM,54.62,53.42,2.24635,1.2,7125
03/28/2011,ProShares Ultra Basic Materials,UYM,53.42,54.12,-1.29342,-0.7,7125
03/25/2011,ProShares Ultra Basic Materials,UYM,54.12,53.52,1.12108,0.6,7350
03/24/2011,ProShares Ultra Basic Materials,UYM,53.52,53.06,0.86694,0.46,7350
03/23/2011,ProShares Ultra Basic Materials,UYM,53.06,51.46,3.10921,1.6,7350
03/22/2011,ProShares Ultra Basic Materials,UYM,51.46,51.68,-0.42570,-0.22,7350
03/21/2011,ProShares Ultra Basic Materials,UYM,51.68,49.93,3.50491,1.75,7350
03/18/2011,ProShares Ultra Basic Materials,UYM,49.93,49.69,0.48299,0.24,7350
03/17/2011,ProShares Ultra Basic Materials,UYM,49.69,47.81,3.93223,1.88,7350
03/16/2011,ProShares Ultra Basic Materials,UYM,47.81,49.22,-2.86469,-1.41,7350
03/15/2011,ProShares Ultra Basic Materials,UYM,49.22,49.54,-0.64594,-0.32,7350
03/14/2011,ProShares Ultra Basic Materials,UYM,49.54,48.9,1.30879,0.64,7350
03/11/2011,ProShares Ultra Basic Materials,UYM,48.9,47.45,3.05585,1.45,7350
03/10/2011,ProShares Ultra Basic Materials,UYM,47.45,50.07,-5.23267,-2.62,7350
03/09/2011,ProShares Ultra Basic Materials,UYM,50.07,51.67,-3.09657,-1.6,7200
03/08/2011,ProShares Ultra Basic Materials,UYM,51.67,50.89,1.53272,0.78,7200
03/07/2011,ProShares Ultra Basic Materials,UYM,50.89,52.85,-3.70861,-1.96,7200
03/04/2011,ProShares Ultra Basic Materials,UYM,52.85,53.57,-1.34404,-0.72,7200
03/03/2011,ProShares Ultra Basic Materials,UYM,53.57,51.22,4.58805,2.35,7200
03/02/2011,ProShares Ultra Basic Materials,UYM,51.22,50.63,1.16532,0.59,7200
03/01/2011,ProShares Ultra Basic Materials,UYM,50.63,52.8,-4.10985,-2.17,7200
02/28/2011,ProShares Ultra Basic Materials,UYM,52.8,51.73,2.06843,1.07,7200
02/25/2011,ProShares Ultra Basic Materials,UYM,51.73,50.07,3.31536,1.66,7200
02/24/2011,ProShares Ultra Basic Materials,UYM,50.07,50.53,-0.91035,-0.46,7050
02/23/2011,ProShares Ultra Basic Materials,UYM,50.53,50.91,-0.74642,-0.38,6975
02/22/2011,ProShares Ultra Basic Materials,UYM,50.91,54.76,-7.03068,-3.85,6975
02/18/2011,ProShares Ultra Basic Materials,UYM,54.76,56.11,-2.40599,-1.35,6975
02/17/2011,ProShares Ultra Basic Materials,UYM,56.11,55.3,1.46474,0.81,6975
02/16/2011,ProShares Ultra Basic Materials,UYM,55.3,54.02,2.36949,1.28,6975
02/15/2011,ProShares Ultra Basic Materials,UYM,54.02,54.86,-1.53117,-0.84,6975
02/14/2011,ProShares Ultra Basic Materials,UYM,54.86,53.23,3.06218,1.63,6975
02/11/2011,ProShares Ultra Basic Materials,UYM,53.23,52.66,1.08242,0.57,6975
02/10/2011,ProShares Ultra Basic Materials,UYM,52.66,52.1,1.07486,0.56,6975
02/09/2011,ProShares Ultra Basic Materials,UYM,52.1,53.51,-2.63502,-1.41,6975
02/08/2011,ProShares Ultra Basic Materials,UYM,53.51,52.99,0.98132,0.52,6975
02/07/2011,ProShares Ultra Basic Materials,UYM,52.99,52.63,0.68402,0.36,6975
02/04/2011,ProShares Ultra Basic Materials,UYM,52.63,52.83,-0.37857,-0.2,6975
02/03/2011,ProShares Ultra Basic Materials,UYM,52.83,52.73,0.18965,0.1,6975
02/02/2011,ProShares Ultra Basic Materials,UYM,52.73,53.09,-0.67809,-0.36,6975
02/01/2011,ProShares Ultra Basic Materials,UYM,53.09,50.19,5.77804,2.9,7125
01/31/2011,ProShares Ultra Basic Materials,UYM,50.19,48.57,3.33539,1.62,7275
01/28/2011,ProShares Ultra Basic Materials,UYM,48.57,49.7,-2.27364,-1.13,7275
01/27/2011,ProShares Ultra Basic Materials,UYM,49.7,50.68,-1.93370,-0.98,7275
01/26/2011,ProShares Ultra Basic Materials,UYM,50.68,48.34,4.84071,2.34,7275
01/25/2011,ProShares Ultra Basic Materials,UYM,48.34,48.33,0.02069,0.01,7275
01/24/2011,ProShares Ultra Basic Materials,UYM,48.33,47.29,2.19920,1.04,7275
01/21/2011,ProShares Ultra Basic Materials,UYM,47.29,47.85,-1.17032,-0.56,7275
01/20/2011,ProShares Ultra Basic Materials,UYM,47.85,49.33,-3.00020,-1.48,7275
01/19/2011,ProShares Ultra Basic Materials,UYM,49.33,51.96,-5.06159,-2.63,7275
01/18/2011,ProShares Ultra Basic Materials,UYM,51.96,51.23,1.42495,0.73,7275
01/14/2011,ProShares Ultra Basic Materials,UYM,51.23,51.5,-0.52427,-0.27,7275
01/13/2011,ProShares Ultra Basic Materials,UYM,51.5,52.37,-1.66126,-0.87,7275
01/12/2011,ProShares Ultra Basic Materials,UYM,52.37,51.55,1.59069,0.82,7275
01/11/2011,ProShares Ultra Basic Materials,UYM,51.55,50.38,2.32235,1.17,7350
01/10/2011,ProShares Ultra Basic Materials,UYM,50.38,50.18,0.39857,0.2,7350
01/07/2011,ProShares Ultra Basic Materials,UYM,50.18,50.42,-0.47600,-0.24,7350
01/06/2011,ProShares Ultra Basic Materials,UYM,50.42,51.22,-1.56189,-0.8,7350
01/05/2011,ProShares Ultra Basic Materials,UYM,51.22,50.96,0.51020,0.26,7275
01/04/2011,ProShares Ultra Basic Materials,UYM,50.96,51.69,-1.41227,-0.73,7275
01/03/2011,ProShares Ultra Basic Materials,UYM,51.69,50.63,2.09362,1.06,7275
12/31/2010,ProShares Ultra Basic Materials,UYM,50.63,50.56,0.13845,0.07,7275
12/30/2010,ProShares Ultra Basic Materials,UYM,50.56,50.41,0.29756,0.15,7275
12/29/2010,ProShares Ultra Basic Materials,UYM,50.41,49.83,1.16396,0.58,7275
12/28/2010,ProShares Ultra Basic Materials,UYM,49.83,49.58,0.50424,0.25,7275
12/27/2010,ProShares Ultra Basic Materials,UYM,49.58,49.77,-0.38176,-0.19,7275
12/23/2010,ProShares Ultra Basic Materials,UYM,49.77,49.43,0.68784,0.34,7200
12/22/2010,ProShares Ultra Basic Materials,UYM,49.43,49.47,-0.08086,-0.04,7200
12/21/2010,ProShares Ultra Basic Materials,UYM,49.47,48.25,2.52850,1.22,7200
12/20/2010,ProShares Ultra Basic Materials,UYM,48.25,47.69,1.17425,0.56,7200
12/17/2010,ProShares Ultra Basic Materials,UYM,47.69,47.13,1.18820,0.56,7050
12/16/2010,ProShares Ultra Basic Materials,UYM,47.13,46.45,1.46394,0.68,7050
12/15/2010,ProShares Ultra Basic Materials,UYM,46.45,47.22,-1.63066,-0.77,7200
12/14/2010,ProShares Ultra Basic Materials,UYM,47.22,47.22,0.00000,0,7200
12/13/2010,ProShares Ultra Basic Materials,UYM,47.22,46.96,0.55366,0.26,7350
12/10/2010,ProShares Ultra Basic Materials,UYM,46.96,46.12,1.82134,0.84,7200
12/09/2010,ProShares Ultra Basic Materials,UYM,46.12,45.64,1.05171,0.48,7200
12/08/2010,ProShares Ultra Basic Materials,UYM,45.64,46.67,-2.20699,-1.03,7050
12/07/2010,ProShares Ultra Basic Materials,UYM,46.67,46.79,-0.25647,-0.12,7275
12/06/2010,ProShares Ultra Basic Materials,UYM,46.79,46.44,0.75366,0.35,7275
12/03/2010,ProShares Ultra Basic Materials,UYM,46.44,45.41,2.26822,1.03,7275
12/02/2010,ProShares Ultra Basic Materials,UYM,45.41,44.07,3.04062,1.34,7275
12/01/2010,ProShares Ultra Basic Materials,UYM,44.07,41.77,5.50634,2.3,7275
11/30/2010,ProShares Ultra Basic Materials,UYM,41.77,41.96,-0.45281,-0.19,7275
11/29/2010,ProShares Ultra Basic Materials,UYM,41.96,41.57,0.93818,0.39,7275
11/26/2010,ProShares Ultra Basic Materials,UYM,41.57,42.58,-2.37201,-1.01,7050
11/24/2010,ProShares Ultra Basic Materials,UYM,42.58,40.97,3.92970,1.61,7050
11/23/2010,ProShares Ultra Basic Materials,UYM,40.97,42.59,-3.80371,-1.62,7050
11/22/2010,ProShares Ultra Basic Materials,UYM,42.59,42.47,0.28255,0.12,7050
11/19/2010,ProShares Ultra Basic Materials,UYM,42.47,41.51,2.31270,0.96,7050
11/18/2010,ProShares Ultra Basic Materials,UYM,41.51,39.67,4.63827,1.84,7050
11/17/2010,ProShares Ultra Basic Materials,UYM,39.67,39.54,0.32878,0.13,7275
11/16/2010,ProShares Ultra Basic Materials,UYM,39.54,41.54,-4.81464,-2,7275
11/15/2010,ProShares Ultra Basic Materials,UYM,41.54,42.17,-1.49395,-0.63,7275
11/12/2010,ProShares Ultra Basic Materials,UYM,42.17,44.36,-4.93688,-2.19,7275
11/11/2010,ProShares Ultra Basic Materials,UYM,44.36,43.42,2.16490,0.94,7275
11/10/2010,ProShares Ultra Basic Materials,UYM,43.42,42.62,1.87705,0.8,7275
11/09/2010,ProShares Ultra Basic Materials,UYM,42.62,44.33,-3.85743,-1.71,7275
11/08/2010,ProShares Ultra Basic Materials,UYM,44.33,43.76,1.30256,0.57,6975
11/05/2010,ProShares Ultra Basic Materials,UYM,43.76,43.14,1.43718,0.62,6900
11/04/2010,ProShares Ultra Basic Materials,UYM,43.14,40.42,6.72934,2.72,6900
11/03/2010,ProShares Ultra Basic Materials,UYM,40.42,40.71,-0.71236,-0.29,6900
11/02/2010,ProShares Ultra Basic Materials,UYM,40.71,40.04,1.67333,0.67,6975
11/01/2010,ProShares Ultra Basic Materials,UYM,40.04,39.84,0.50201,0.2,7125
10/29/2010,ProShares Ultra Basic Materials,UYM,39.84,39.31,1.34826,0.53,7125
10/28/2010,ProShares Ultra Basic Materials,UYM,39.31,39.32,-0.02543,-0.01,7125
10/27/2010,ProShares Ultra Basic Materials,UYM,39.32,40.19,-2.16472,-0.87,7125
10/26/2010,ProShares Ultra Basic Materials,UYM,40.19,40.21,-0.04974,-0.02,6900
10/25/2010,ProShares Ultra Basic Materials,UYM,40.21,38.83,3.55395,1.38,7050
10/22/2010,ProShares Ultra Basic Materials,UYM,38.83,39.35,-1.32147,-0.52,7050
10/21/2010,ProShares Ultra Basic Materials,UYM,39.35,39.41,-0.15225,-0.06,7050
10/20/2010,ProShares Ultra Basic Materials,UYM,39.41,37.6,4.81383,1.81,7350
10/19/2010,ProShares Ultra Basic Materials,UYM,37.6,39.76,-5.43260,-2.16,7350
10/18/2010,ProShares Ultra Basic Materials,UYM,39.76,39.64,0.30272,0.12,7425
10/15/2010,ProShares Ultra Basic Materials,UYM,39.64,39.67,-0.07562,-0.03,7425
10/14/2010,ProShares Ultra Basic Materials,UYM,39.67,40.32,-1.61210,-0.65,7650
10/13/2010,ProShares Ultra Basic Materials,UYM,40.32,39.13,3.04114,1.19,7650
10/12/2010,ProShares Ultra Basic Materials,UYM,39.13,39.06,0.17921,0.07,7650
10/11/2010,ProShares Ultra Basic Materials,UYM,39.06,39.12,-0.15337,-0.06,7650
10/08/2010,ProShares Ultra Basic Materials,UYM,39.12,37.44,4.48718,1.68,7650
10/07/2010,ProShares Ultra Basic Materials,UYM,37.44,38.08,-1.68067,-0.64,7650
10/06/2010,ProShares Ultra Basic Materials,UYM,38.08,37.36,1.92719,0.72,7650
10/05/2010,ProShares Ultra Basic Materials,UYM,37.36,35.28,5.89569,2.08,7950
10/04/2010,ProShares Ultra Basic Materials,UYM,35.28,36.46,-3.23642,-1.18,7950
10/01/2010,ProShares Ultra Basic Materials,UYM,36.46,35.44,2.87810,1.02,7950
09/30/2010,ProShares Ultra Basic Materials,UYM,35.44,35.7,-0.72829,-0.26,7950
09/29/2010,ProShares Ultra Basic Materials,UYM,35.7,36.09,-1.08063,-0.39,7950
09/28/2010,ProShares Ultra Basic Materials,UYM,36.09,35.62,1.31948,0.47,8175
09/27/2010,ProShares Ultra Basic Materials,UYM,35.62,35.88,-0.72464,-0.26,8175
09/24/2010,ProShares Ultra Basic Materials,UYM,35.88,34.19,4.94297,1.69,8625
09/23/2010,ProShares Ultra Basic Materials,UYM,34.19,34.8,-1.75287,-0.61,8625
09/22/2010,ProShares Ultra Basic Materials,UYM,34.8,34.49,0.89881,0.31,8625
09/21/2010,ProShares Ultra Basic Materials,UYM,34.49,34.8,-0.89080,-0.31,8625
09/20/2010,ProShares Ultra Basic Materials,UYM,34.8,34.02,2.29277,0.78,8325
09/17/2010,ProShares Ultra Basic Materials,UYM,34.02,34.05,-0.08811,-0.03,8475
09/16/2010,ProShares Ultra Basic Materials,UYM,34.05,33.44,1.82416,0.61,8475
09/15/2010,ProShares Ultra Basic Materials,UYM,33.44,33.5,-0.17910,-0.06,8475
09/14/2010,ProShares Ultra Basic Materials,UYM,33.5,33.59,-0.26794,-0.09,8775
09/13/2010,ProShares Ultra Basic Materials,UYM,33.59,32.4,3.67284,1.19,8775
09/10/2010,ProShares Ultra Basic Materials,UYM,32.4,32.06,1.06051,0.34,8775
09/09/2010,ProShares Ultra Basic Materials,UYM,32.06,32.48,-1.29310,-0.42,8850
09/08/2010,ProShares Ultra Basic Materials,UYM,32.48,31.95,1.65884,0.53,8850
09/07/2010,ProShares Ultra Basic Materials,UYM,31.95,32.54,-1.81315,-0.59,8850
09/03/2010,ProShares Ultra Basic Materials,UYM,32.54,31.76,2.45592,0.78,8850
09/02/2010,ProShares Ultra Basic Materials,UYM,31.76,31.14,1.99101,0.62,9375
09/01/2010,ProShares Ultra Basic Materials,UYM,31.14,29.17,6.75351,1.97,9375
08/31/2010,ProShares Ultra Basic Materials,UYM,29.17,28.49,2.38680,0.68,9600
08/30/2010,ProShares Ultra Basic Materials,UYM,28.49,29.43,-3.19402,-0.94,9600
08/27/2010,ProShares Ultra Basic Materials,UYM,29.43,27.59,6.66908,1.84,9750
08/26/2010,ProShares Ultra Basic Materials,UYM,27.59,27.65,-0.21700,-0.06,9750
08/25/2010,ProShares Ultra Basic Materials,UYM,27.65,27.58,0.25381,0.07,9750
08/24/2010,ProShares Ultra Basic Materials,UYM,27.58,29.11,-5.25593,-1.53,9750
08/23/2010,ProShares Ultra Basic Materials,UYM,29.11,29.73,-2.08544,-0.62,9750
08/20/2010,ProShares Ultra Basic Materials,UYM,29.73,30.16,-1.42573,-0.43,9750
08/19/2010,ProShares Ultra Basic Materials,UYM,30.16,31.49,-4.22356,-1.33,9750
08/18/2010,ProShares Ultra Basic Materials,UYM,31.49,31.25,0.76800,0.24,9900
08/17/2010,ProShares Ultra Basic Materials,UYM,31.25,29.79,4.90097,1.46,9900
08/16/2010,ProShares Ultra Basic Materials,UYM,29.79,29.47,1.08585,0.32,9900
08/13/2010,ProShares Ultra Basic Materials,UYM,29.47,29.78,-1.04097,-0.31,9900
08/12/2010,ProShares Ultra Basic Materials,UYM,29.78,29.53,0.84660,0.25,9900
08/11/2010,ProShares Ultra Basic Materials,UYM,29.53,31.75,-6.99213,-2.22,10125
08/10/2010,ProShares Ultra Basic Materials,UYM,31.75,32.54,-2.42778,-0.79,10125
08/09/2010,ProShares Ultra Basic Materials,UYM,32.54,32.16,1.18159,0.38,10350
08/06/2010,ProShares Ultra Basic Materials,UYM,32.16,32.2,-0.12422,-0.04,10350
08/05/2010,ProShares Ultra Basic Materials,UYM,32.2,32.17,0.09325,0.03,10350
08/04/2010,ProShares Ultra Basic Materials,UYM,32.17,31.45,2.28935,0.72,10350
08/03/2010,ProShares Ultra Basic Materials,UYM,31.45,32.47,-3.14136,-1.02,10350
08/02/2010,ProShares Ultra Basic Materials,UYM,32.47,30.62,6.04180,1.85,10350
07/30/2010,ProShares Ultra Basic Materials,UYM,30.62,30.25,1.22314,0.37,10350
07/29/2010,ProShares Ultra Basic Materials,UYM,30.25,30.09,0.53174,0.16,10350
07/28/2010,ProShares Ultra Basic Materials,UYM,30.09,30.45,-1.18227,-0.36,10350
07/27/2010,ProShares Ultra Basic Materials,UYM,30.45,31.16,-2.27856,-0.71,10350
07/26/2010,ProShares Ultra Basic Materials,UYM,31.16,30.69,1.53144,0.47,10500
07/23/2010,ProShares Ultra Basic Materials,UYM,30.69,29.59,3.71747,1.1,10500
07/22/2010,ProShares Ultra Basic Materials,UYM,29.59,27.77,6.55384,1.82,10500
07/21/2010,ProShares Ultra Basic Materials,UYM,27.77,27.96,-0.67954,-0.19,10650
07/20/2010,ProShares Ultra Basic Materials,UYM,27.96,26.31,6.27138,1.65,10650
07/19/2010,ProShares Ultra Basic Materials,UYM,26.31,26.2,0.41985,0.11,10650
07/16/2010,ProShares Ultra Basic Materials,UYM,26.2,28.08,-6.69516,-1.88,10875
07/15/2010,ProShares Ultra Basic Materials,UYM,28.08,28.31,-0.81243,-0.23,10875
07/14/2010,ProShares Ultra Basic Materials,UYM,28.31,28.49,-0.63180,-0.18,10875
07/13/2010,ProShares Ultra Basic Materials,UYM,28.49,27.34,4.20629,1.15,11025
07/12/2010,ProShares Ultra Basic Materials,UYM,27.34,28.33,-3.49453,-0.99,11025
07/09/2010,ProShares Ultra Basic Materials,UYM,28.33,27.19,4.19272,1.14,11025
07/08/2010,ProShares Ultra Basic Materials,UYM,27.19,26.3,3.38403,0.89,11025
07/07/2010,ProShares Ultra Basic Materials,UYM,26.3,24.13,8.99295,2.17,11025
07/06/2010,ProShares Ultra Basic Materials,UYM,24.13,24.02,0.45795,0.11,11025
07/02/2010,ProShares Ultra Basic Materials,UYM,24.02,24.32,-1.23355,-0.3,11025
07/01/2010,ProShares Ultra Basic Materials,UYM,24.32,24.69,-1.49858,-0.37,11025
06/30/2010,ProShares Ultra Basic Materials,UYM,24.69,25.35,-2.60355,-0.66,11025
06/29/2010,ProShares Ultra Basic Materials,UYM,25.35,27.73,-8.58276,-2.38,11025
06/28/2010,ProShares Ultra Basic Materials,UYM,27.73,28.46,-2.56500,-0.73,11025
06/25/2010,ProShares Ultra Basic Materials,UYM,28.46,27.51,3.45329,0.95,11025
06/24/2010,ProShares Ultra Basic Materials,UYM,27.51,29.01,-5.17063,-1.5,11325
06/23/2010,ProShares Ultra Basic Materials,UYM,29.01,28.85,0.55459,0.16,11325
06/22/2010,ProShares Ultra Basic Materials,UYM,28.85,30.42,-5.16108,-1.57,11325
06/21/2010,ProShares Ultra Basic Materials,UYM,30.42,30.09,1.09671,0.33,11475
06/18/2010,ProShares Ultra Basic Materials,UYM,30.09,29.73,1.21090,0.36,11475
06/17/2010,ProShares Ultra Basic Materials,UYM,29.73,30.04,-1.03196,-0.31,11475
06/16/2010,ProShares Ultra Basic Materials,UYM,30.04,30.19,-0.49685,-0.15,11475
06/15/2010,ProShares Ultra Basic Materials,UYM,30.19,28.55,5.74431,1.64,11475
06/14/2010,ProShares Ultra Basic Materials,UYM,28.55,28.94,-1.34762,-0.39,11625
06/11/2010,ProShares Ultra Basic Materials,UYM,28.94,28.22,2.55138,0.72,11625
06/10/2010,ProShares Ultra Basic Materials,UYM,28.22,26.07,8.24703,2.15,11625
06/09/2010,ProShares Ultra Basic Materials,UYM,26.07,26.04,0.11521,0.03,11025
06/08/2010,ProShares Ultra Basic Materials,UYM,26.04,24.81,4.95768,1.23,11025
06/07/2010,ProShares Ultra Basic Materials,UYM,24.81,25.89,-4.17149,-1.08,11025
06/04/2010,ProShares Ultra Basic Materials,UYM,25.89,28.41,-8.87012,-2.52,10725
06/03/2010,ProShares Ultra Basic Materials,UYM,28.41,29.14,-2.50515,-0.73,10725
06/02/2010,ProShares Ultra Basic Materials,UYM,29.14,27.15,7.32965,1.99,10725
06/01/2010,ProShares Ultra Basic Materials,UYM,27.15,29.38,-7.59020,-2.23,10725
05/28/2010,ProShares Ultra Basic Materials,UYM,29.38,30.54,-3.79830,-1.16,10725
05/27/2010,ProShares Ultra Basic Materials,UYM,30.54,27.67,10.37224,2.87,10725
05/26/2010,ProShares Ultra Basic Materials,UYM,27.67,27.83,-0.57492,-0.16,10275
05/25/2010,ProShares Ultra Basic Materials,UYM,27.83,26.88,3.53423,0.95,10275
05/24/2010,ProShares Ultra Basic Materials,UYM,26.88,27.79,-3.27456,-0.91,10275
05/21/2010,ProShares Ultra Basic Materials,UYM,27.79,26.26,5.82635,1.53,10275
05/20/2010,ProShares Ultra Basic Materials,UYM,26.26,29,-9.44828,-2.74,10275
05/19/2010,ProShares Ultra Basic Materials,UYM,29,29.69,-2.32401,-0.69,10275
05/18/2010,ProShares Ultra Basic Materials,UYM,29.69,30.58,-2.91040,-0.89,10275
05/17/2010,ProShares Ultra Basic Materials,UYM,30.58,31.39,-2.58044,-0.81,10275
05/14/2010,ProShares Ultra Basic Materials,UYM,31.39,33.26,-5.62237,-1.87,10275
05/13/2010,ProShares Ultra Basic Materials,UYM,33.26,33.91,-1.91684,-0.65,10275
05/12/2010,ProShares Ultra Basic Materials,UYM,33.91,32.21,5.27786,1.7,10275
05/11/2010,ProShares Ultra Basic Materials,UYM,32.21,33.05,-2.54160,-0.84,10275
05/10/2010,ProShares Ultra Basic Materials,UYM,33.05,29.66,11.42953,3.39,10275
05/07/2010,ProShares Ultra Basic Materials,UYM,29.66,30.64,-3.19843,-0.98,10275
05/06/2010,ProShares Ultra Basic Materials,UYM,30.64,32.67,-6.21365,-2.03,10275
05/05/2010,ProShares Ultra Basic Materials,UYM,32.67,33.26,-1.77390,-0.59,10275
05/04/2010,ProShares Ultra Basic Materials,UYM,33.26,36.06,-7.76484,-2.8,10500
05/03/2010,ProShares Ultra Basic Materials,UYM,36.06,36.04,0.05549,0.02,10500
04/30/2010,ProShares Ultra Basic Materials,UYM,36.04,37.7,-4.40318,-1.66,10500
04/29/2010,ProShares Ultra Basic Materials,UYM,37.7,36.98,1.94700,0.72,10500
04/28/2010,ProShares Ultra Basic Materials,UYM,36.98,36.1,2.43767,0.88,10500
04/27/2010,ProShares Ultra Basic Materials,UYM,36.1,38.68,-6.67011,-2.58,10500
04/26/2010,ProShares Ultra Basic Materials,UYM,38.68,38.64,0.10352,0.04,10500
04/23/2010,ProShares Ultra Basic Materials,UYM,38.64,37.37,3.39845,1.27,10500
04/22/2010,ProShares Ultra Basic Materials,UYM,37.37,36.82,1.49375,0.55,10500
04/21/2010,ProShares Ultra Basic Materials,UYM,36.82,36.93,-0.29786,-0.11,10725
04/20/2010,ProShares Ultra Basic Materials,UYM,36.93,36.68,0.68157,0.25,10725
04/19/2010,ProShares Ultra Basic Materials,UYM,36.68,36.91,-0.62314,-0.23,10725
04/16/2010,ProShares Ultra Basic Materials,UYM,36.91,38.63,-4.45250,-1.72,10725
04/15/2010,ProShares Ultra Basic Materials,UYM,38.63,38.88,-0.64300,-0.25,10725
04/14/2010,ProShares Ultra Basic Materials,UYM,38.88,38.16,1.88679,0.72,10725
04/13/2010,ProShares Ultra Basic Materials,UYM,38.16,38.34,-0.46948,-0.18,10725
04/12/2010,ProShares Ultra Basic Materials,UYM,38.34,38.62,-0.72501,-0.28,10725
04/09/2010,ProShares Ultra Basic Materials,UYM,38.62,38.31,0.80919,0.31,10725
04/08/2010,ProShares Ultra Basic Materials,UYM,38.31,38.27,0.10452,0.04,10725
04/07/2010,ProShares Ultra Basic Materials,UYM,38.27,38.69,-1.08555,-0.42,10725
04/06/2010,ProShares Ultra Basic Materials,UYM,38.69,38.41,0.72898,0.28,10725
04/05/2010,ProShares Ultra Basic Materials,UYM,38.41,37.18,3.30823,1.23,10725
04/01/2010,ProShares Ultra Basic Materials,UYM,37.18,35.8,3.85475,1.38,10725
03/31/2010,ProShares Ultra Basic Materials,UYM,35.8,36.14,-0.94079,-0.34,10875
03/30/2010,ProShares Ultra Basic Materials,UYM,36.14,36.14,0.00000,0,10875
03/29/2010,ProShares Ultra Basic Materials,UYM,36.14,35.15,2.81650,0.99,10875
03/26/2010,ProShares Ultra Basic Materials,UYM,35.15,34.54,1.76607,0.61,10875
03/25/2010,ProShares Ultra Basic Materials,UYM,34.54,36.16,-4.48009,-1.62,10875
03/24/2010,ProShares Ultra Basic Materials,UYM,36.16,36.34,-0.49532,-0.18,10875
03/23/2010,ProShares Ultra Basic Materials,UYM,36.34,35.33,2.85876,1.01,11025
03/22/2010,ProShares Ultra Basic Materials,UYM,35.33,34.49,2.43549,0.84,11025
03/19/2010,ProShares Ultra Basic Materials,UYM,34.49,35.63,-3.19955,-1.14,11025
03/18/2010,ProShares Ultra Basic Materials,UYM,35.63,36.42,-2.16914,-0.79,11475
03/17/2010,ProShares Ultra Basic Materials,UYM,36.42,35.99,1.19478,0.43,11475
03/16/2010,ProShares Ultra Basic Materials,UYM,35.99,34.79,3.44927,1.2,12375
03/15/2010,ProShares Ultra Basic Materials,UYM,34.79,35.36,-1.61199,-0.57,12300
03/12/2010,ProShares Ultra Basic Materials,UYM,35.36,34.79,1.63840,0.57,12150
03/11/2010,ProShares Ultra Basic Materials,UYM,34.79,34.59,0.57820,0.2,12150
03/10/2010,ProShares Ultra Basic Materials,UYM,34.59,34.44,0.43554,0.15,12150
03/09/2010,ProShares Ultra Basic Materials,UYM,34.44,34.75,-0.89209,-0.31,12150
03/08/2010,ProShares Ultra Basic Materials,UYM,34.75,34.95,-0.57225,-0.2,12150
03/05/2010,ProShares Ultra Basic Materials,UYM,34.95,33.57,4.11081,1.38,12150
03/04/2010,ProShares Ultra Basic Materials,UYM,33.57,33.53,0.11930,0.04,12375
03/03/2010,ProShares Ultra Basic Materials,UYM,33.53,33.05,1.45234,0.48,12375
03/02/2010,ProShares Ultra Basic Materials,UYM,33.05,32.1,2.95950,0.95,12525
03/01/2010,ProShares Ultra Basic Materials,UYM,32.1,30.86,4.01815,1.24,12525
02/26/2010,ProShares Ultra Basic Materials,UYM,30.86,30.64,0.71802,0.22,12525
02/25/2010,ProShares Ultra Basic Materials,UYM,30.64,30.35,0.95552,0.29,12525
02/24/2010,ProShares Ultra Basic Materials,UYM,30.35,30.2,0.49669,0.15,12525
02/23/2010,ProShares Ultra Basic Materials,UYM,30.2,31.68,-4.67172,-1.48,12525
02/22/2010,ProShares Ultra Basic Materials,UYM,31.68,31.87,-0.59617,-0.19,12750
02/19/2010,ProShares Ultra Basic Materials,UYM,31.87,31.55,1.01426,0.32,12750
02/18/2010,ProShares Ultra Basic Materials,UYM,31.55,30.85,2.26904,0.7,12750
02/17/2010,ProShares Ultra Basic Materials,UYM,30.85,30.79,0.19487,0.06,12900
02/16/2010,ProShares Ultra Basic Materials,UYM,30.79,29.12,5.73489,1.67,12900
02/12/2010,ProShares Ultra Basic Materials,UYM,29.12,28.98,0.48309,0.14,13275
02/11/2010,ProShares Ultra Basic Materials,UYM,28.98,27.71,4.58318,1.27,13275
02/10/2010,ProShares Ultra Basic Materials,UYM,27.71,28.02,-1.10635,-0.31,13875
02/09/2010,ProShares Ultra Basic Materials,UYM,28.02,26.42,6.05602,1.6,13875
02/08/2010,ProShares Ultra Basic Materials,UYM,26.42,27.32,-3.29429,-0.9,13875
02/05/2010,ProShares Ultra Basic Materials,UYM,27.32,26.4,3.48485,0.92,14175
02/04/2010,ProShares Ultra Basic Materials,UYM,26.4,29.02,-9.02826,-2.62,13650
02/03/2010,ProShares Ultra Basic Materials,UYM,29.02,29.54,-1.76032,-0.52,13650
02/02/2010,ProShares Ultra Basic Materials,UYM,29.54,29.25,0.99145,0.29,13350
02/01/2010,ProShares Ultra Basic Materials,UYM,29.25,26.91,8.69565,2.34,13350
01/29/2010,ProShares Ultra Basic Materials,UYM,26.91,28.33,-5.01235,-1.42,13350
01/28/2010,ProShares Ultra Basic Materials,UYM,28.33,29.52,-4.03117,-1.19,13350
01/27/2010,ProShares Ultra Basic Materials,UYM,29.52,29.97,-1.50150,-0.45,13350
01/26/2010,ProShares Ultra Basic Materials,UYM,29.97,30.62,-2.12280,-0.65,13350
01/25/2010,ProShares Ultra Basic Materials,UYM,30.62,30.03,1.96470,0.59,13350
01/22/2010,ProShares Ultra Basic Materials,UYM,30.03,31.49,-4.63639,-1.46,13050
01/21/2010,ProShares Ultra Basic Materials,UYM,31.49,34.67,-9.17219,-3.18,13050
01/20/2010,ProShares Ultra Basic Materials,UYM,34.67,35.85,-3.29149,-1.18,13050
01/19/2010,ProShares Ultra Basic Materials,UYM,35.85,34.59,3.64267,1.26,13050
01/15/2010,ProShares Ultra Basic Materials,UYM,34.59,35.35,-2.14993,-0.76,13050
01/14/2010,ProShares Ultra Basic Materials,UYM,35.35,36,-1.80556,-0.65,13050
01/13/2010,ProShares Ultra Basic Materials,UYM,36,35.35,1.83876,0.65,13050
01/12/2010,ProShares Ultra Basic Materials,UYM,35.35,36.89,-4.17457,-1.54,13050
01/11/2010,ProShares Ultra Basic Materials,UYM,36.89,37.03,-0.37807,-0.14,12750
01/08/2010,ProShares Ultra Basic Materials,UYM,37.03,36.12,2.51938,0.91,12750
01/07/2010,ProShares Ultra Basic Materials,UYM,36.12,36.45,-0.90535,-0.33,12750
01/06/2010,ProShares Ultra Basic Materials,UYM,36.45,35.03,4.05367,1.42,12750
01/05/2010,ProShares Ultra Basic Materials,UYM,35.03,34.48,1.59513,0.55,12750
01/04/2010,ProShares Ultra Basic Materials,UYM,34.48,32.21,7.04750,2.27,12675
12/31/2009,ProShares Ultra Basic Materials,UYM,32.21,33.08,-2.62999,-0.87,12675
12/30/2009,ProShares Ultra Basic Materials,UYM,33.08,33.07,0.03024,0.01,12825
12/29/2009,ProShares Ultra Basic Materials,UYM,33.07,33.32,-0.75030,-0.25,12825
12/28/2009,ProShares Ultra Basic Materials,UYM,33.32,33.33,-0.03000,-0.01,12825
12/24/2009,ProShares Ultra Basic Materials,UYM,33.33,32.86,1.43031,0.47,12825
12/23/2009,ProShares Ultra Basic Materials,UYM,32.86,31.7,3.65931,1.16,12825
12/22/2009,ProShares Ultra Basic Materials,UYM,31.7,31.15,1.76565,0.55,12825
12/21/2009,ProShares Ultra Basic Materials,UYM,31.15,30.4,2.46711,0.75,12825
12/18/2009,ProShares Ultra Basic Materials,UYM,30.4,30.3,0.33003,0.1,12825
12/17/2009,ProShares Ultra Basic Materials,UYM,30.3,31.84,-4.83668,-1.54,12825
12/16/2009,ProShares Ultra Basic Materials,UYM,31.84,31.12,2.31362,0.72,12825
12/15/2009,ProShares Ultra Basic Materials,UYM,31.12,31.63,-1.61239,-0.51,12825
12/14/2009,ProShares Ultra Basic Materials,UYM,31.63,30.57,3.46745,1.06,12825
12/11/2009,ProShares Ultra Basic Materials,UYM,30.57,30.44,0.42707,0.13,13275
12/10/2009,ProShares Ultra Basic Materials,UYM,30.44,30.49,-0.16399,-0.05,13275
12/09/2009,ProShares Ultra Basic Materials,UYM,30.49,29.49,3.39098,1,13275
12/08/2009,ProShares Ultra Basic Materials,UYM,29.49,30.61,-3.65893,-1.12,13275
12/07/2009,ProShares Ultra Basic Materials,UYM,30.61,30.52,0.29489,0.09,13275
12/04/2009,ProShares Ultra Basic Materials,UYM,30.52,31.62,-3.47881,-1.1,13275
12/03/2009,ProShares Ultra Basic Materials,UYM,31.62,32.81,-3.62694,-1.19,13275
12/02/2009,ProShares Ultra Basic Materials,UYM,32.81,31.94,2.72386,0.87,13275
12/01/2009,ProShares Ultra Basic Materials,UYM,31.94,30.92,3.29884,1.02,13275
11/30/2009,ProShares Ultra Basic Materials,UYM,30.92,30.7,0.71661,0.22,13575
11/27/2009,ProShares Ultra Basic Materials,UYM,30.7,32.45,-5.39291,-1.75,13575
11/25/2009,ProShares Ultra Basic Materials,UYM,32.45,31.38,3.40982,1.07,13575
11/24/2009,ProShares Ultra Basic Materials,UYM,31.38,31.5,-0.38095,-0.12,13575
11/23/2009,ProShares Ultra Basic Materials,UYM,31.5,31.1,1.28617,0.4,13575
11/20/2009,ProShares Ultra Basic Materials,UYM,31.1,31.23,-0.41627,-0.13,13575
11/19/2009,ProShares Ultra Basic Materials,UYM,31.23,32.38,-3.55158,-1.15,13575
11/18/2009,ProShares Ultra Basic Materials,UYM,32.38,32.72,-1.03912,-0.34,13575
11/17/2009,ProShares Ultra Basic Materials,UYM,32.72,32.03,2.15423,0.69,13575
11/16/2009,ProShares Ultra Basic Materials,UYM,32.03,30.43,5.25797,1.6,13575
11/13/2009,ProShares Ultra Basic Materials,UYM,30.43,29.92,1.70455,0.51,13800
11/12/2009,ProShares Ultra Basic Materials,UYM,29.92,30.58,-2.15827,-0.66,13800
11/11/2009,ProShares Ultra Basic Materials,UYM,30.58,29.97,2.03537,0.61,13950
11/10/2009,ProShares Ultra Basic Materials,UYM,29.97,30.16,-0.62997,-0.19,14100
11/09/2009,ProShares Ultra Basic Materials,UYM,30.16,28.2,6.95035,1.96,14100
11/06/2009,ProShares Ultra Basic Materials,UYM,28.2,28.06,0.49893,0.14,15600
11/05/2009,ProShares Ultra Basic Materials,UYM,28.06,26.54,5.72720,1.52,15600
11/04/2009,ProShares Ultra Basic Materials,UYM,26.54,26.6,-0.22556,-0.06,15600
11/03/2009,ProShares Ultra Basic Materials,UYM,26.6,25.65,3.70370,0.95,15600
11/02/2009,ProShares Ultra Basic Materials,UYM,25.65,25.15,1.98807,0.5,15600
10/30/2009,ProShares Ultra Basic Materials,UYM,25.15,27.33,-7.97658,-2.18,15600
10/29/2009,ProShares Ultra Basic Materials,UYM,27.33,25.28,8.10918,2.05,15375
10/28/2009,ProShares Ultra Basic Materials,UYM,25.28,27.48,-8.00582,-2.2,15375
10/27/2009,ProShares Ultra Basic Materials,UYM,27.48,28.1,-2.20641,-0.62,15375
10/26/2009,ProShares Ultra Basic Materials,UYM,28.1,29.27,-3.99727,-1.17,15525
10/23/2009,ProShares Ultra Basic Materials,UYM,29.27,30.67,-4.56472,-1.4,15525
10/22/2009,ProShares Ultra Basic Materials,UYM,30.67,29.98,2.30153,0.69,15525
10/21/2009,ProShares Ultra Basic Materials,UYM,29.98,30.51,-1.73714,-0.53,15525
10/20/2009,ProShares Ultra Basic Materials,UYM,30.51,31.15,-2.05457,-0.64,15525
10/19/2009,ProShares Ultra Basic Materials,UYM,31.15,30.12,3.41965,1.03,15525
10/16/2009,ProShares Ultra Basic Materials,UYM,30.12,30.91,-2.55581,-0.79,15525
10/15/2009,ProShares Ultra Basic Materials,UYM,30.91,30.69,0.71685,0.22,15525
10/14/2009,ProShares Ultra Basic Materials,UYM,30.69,29.34,4.60123,1.35,15525
10/13/2009,ProShares Ultra Basic Materials,UYM,29.34,29.13,0.72091,0.21,15525
10/12/2009,ProShares Ultra Basic Materials,UYM,29.13,28.94,0.65653,0.19,15525
10/09/2009,ProShares Ultra Basic Materials,UYM,28.94,28.96,-0.06906,-0.02,15525
10/08/2009,ProShares Ultra Basic Materials,UYM,28.96,27.63,4.81361,1.33,15525
10/07/2009,ProShares Ultra Basic Materials,UYM,27.63,27.29,1.24588,0.34,15525
10/06/2009,ProShares Ultra Basic Materials,UYM,27.29,26.1,4.55939,1.19,15525
10/05/2009,ProShares Ultra Basic Materials,UYM,26.1,24.7,5.66802,1.4,15525
10/02/2009,ProShares Ultra Basic Materials,UYM,24.7,25.1,-1.59363,-0.4,15300
10/01/2009,ProShares Ultra Basic Materials,UYM,25.1,27.37,-8.29375,-2.27,15300
09/30/2009,ProShares Ultra Basic Materials,UYM,27.37,27.72,-1.26263,-0.35,15300
09/29/2009,ProShares Ultra Basic Materials,UYM,27.72,27.75,-0.10811,-0.03,15000
09/28/2009,ProShares Ultra Basic Materials,UYM,27.75,26.5,4.71698,1.25,15000
09/25/2009,ProShares Ultra Basic Materials,UYM,26.5,27.33,-3.03696,-0.83,15000
09/24/2009,ProShares Ultra Basic Materials,UYM,27.33,28.64,-4.57402,-1.31,15150
09/23/2009,ProShares Ultra Basic Materials,UYM,28.64,30.07,-4.75557,-1.43,15150
09/22/2009,ProShares Ultra Basic Materials,UYM,30.07,28.96,3.83287,1.11,15150
09/21/2009,ProShares Ultra Basic Materials,UYM,28.96,29.39,-1.46308,-0.43,15150
09/18/2009,ProShares Ultra Basic Materials,UYM,29.39,29.47,-0.27146,-0.08,15150
09/17/2009,ProShares Ultra Basic Materials,UYM,29.47,29.92,-1.50401,-0.45,15150
09/16/2009,ProShares Ultra Basic Materials,UYM,29.92,28.74,4.10578,1.18,14925
09/15/2009,ProShares Ultra Basic Materials,UYM,28.74,27.36,5.04386,1.38,14925
09/14/2009,ProShares Ultra Basic Materials,UYM,27.36,26.47,3.36230,0.89,15225
09/11/2009,ProShares Ultra Basic Materials,UYM,26.47,26.39,0.30315,0.08,15225
09/10/2009,ProShares Ultra Basic Materials,UYM,26.39,25.5,3.49020,0.89,15225
09/09/2009,ProShares Ultra Basic Materials,UYM,25.5,25.19,1.23065,0.31,15225
09/08/2009,ProShares Ultra Basic Materials,UYM,25.19,24.19,4.13394,1,15225
09/04/2009,ProShares Ultra Basic Materials,UYM,24.19,23.48,3.02385,0.71,15975
09/03/2009,ProShares Ultra Basic Materials,UYM,23.48,22.49,4.40196,0.99,15975
09/02/2009,ProShares Ultra Basic Materials,UYM,22.49,22.14,1.58085,0.35,16125
09/01/2009,ProShares Ultra Basic Materials,UYM,22.14,23.34,-5.14139,-1.2,16125
08/31/2009,ProShares Ultra Basic Materials,UYM,23.34,24.36,-4.18719,-1.02,16125
08/28/2009,ProShares Ultra Basic Materials,UYM,24.36,23.9,1.92469,0.46,16125
08/27/2009,ProShares Ultra Basic Materials,UYM,23.9,23.73,0.71639,0.17,16125
08/26/2009,ProShares Ultra Basic Materials,UYM,23.73,24.08,-1.45349,-0.35,16425
08/25/2009,ProShares Ultra Basic Materials,UYM,24.08,24.5,-1.71429,-0.42,16425
08/24/2009,ProShares Ultra Basic Materials,UYM,24.5,24.75,-1.01010,-0.25,16425
08/21/2009,ProShares Ultra Basic Materials,UYM,24.75,23.44,5.58874,1.31,16425
08/20/2009,ProShares Ultra Basic Materials,UYM,23.44,23.2,1.03448,0.24,16800
08/19/2009,ProShares Ultra Basic Materials,UYM,23.2,22.78,1.84372,0.42,16800
08/18/2009,ProShares Ultra Basic Materials,UYM,22.78,22,3.54545,0.78,16875
08/17/2009,ProShares Ultra Basic Materials,UYM,22,24.18,-9.01572,-2.18,17175
08/14/2009,ProShares Ultra Basic Materials,UYM,24.18,25.35,-4.61538,-1.17,18150
08/13/2009,ProShares Ultra Basic Materials,UYM,25.35,24.08,5.27409,1.27,18150
08/12/2009,ProShares Ultra Basic Materials,UYM,24.08,23.43,2.77422,0.65,18150
08/11/2009,ProShares Ultra Basic Materials,UYM,23.43,23.7,-1.13924,-0.27,18150
08/10/2009,ProShares Ultra Basic Materials,UYM,23.7,24.52,-3.34421,-0.82,18375
08/07/2009,ProShares Ultra Basic Materials,UYM,24.52,24.07,1.86955,0.45,18525
08/06/2009,ProShares Ultra Basic Materials,UYM,24.07,24.41,-1.39287,-0.34,18600
08/05/2009,ProShares Ultra Basic Materials,UYM,24.41,24.11,1.24430,0.3,20850
08/04/2009,ProShares Ultra Basic Materials,UYM,24.11,24.05,0.24948,0.06,20850
08/03/2009,ProShares Ultra Basic Materials,UYM,24.05,22.24,8.13849,1.81,20850
07/31/2009,ProShares Ultra Basic Materials,UYM,22.24,21.57,3.10617,0.67,20925
07/30/2009,ProShares Ultra Basic Materials,UYM,21.57,20.25,6.51852,1.32,21375
07/29/2009,ProShares Ultra Basic Materials,UYM,20.25,21.35,-5.15222,-1.1,22575
07/28/2009,ProShares Ultra Basic Materials,UYM,21.35,21.81,-2.10912,-0.46,22950
07/27/2009,ProShares Ultra Basic Materials,UYM,21.81,21.64,0.78558,0.17,24150
07/24/2009,ProShares Ultra Basic Materials,UYM,21.64,21.21,2.02735,0.43,24375
07/23/2009,ProShares Ultra Basic Materials,UYM,21.21,19.9,6.58291,1.31,24525
07/22/2009,ProShares Ultra Basic Materials,UYM,19.9,19.9,0.00000,0,25125
07/21/2009,ProShares Ultra Basic Materials,UYM,19.9,19.82,0.40363,0.08,25200
07/20/2009,ProShares Ultra Basic Materials,UYM,19.82,18.9,4.86772,0.92,26250
07/17/2009,ProShares Ultra Basic Materials,UYM,18.9,18.69,1.12360,0.21,26400
07/16/2009,ProShares Ultra Basic Materials,UYM,18.69,17.79,5.05902,0.9,26475
07/15/2009,ProShares Ultra Basic Materials,UYM,17.79,16.3,9.14110,1.49,26475
07/14/2009,ProShares Ultra Basic Materials,UYM,16.3,16.05,1.55763,0.25,26475
07/13/2009,ProShares Ultra Basic Materials,UYM,16.05,15.25,5.24590,0.8,26400
07/10/2009,ProShares Ultra Basic Materials,UYM,15.25,15.37,-0.78074,-0.12,26400
07/09/2009,ProShares Ultra Basic Materials,UYM,15.37,14.96,2.74064,0.41,26475
07/08/2009,ProShares Ultra Basic Materials,UYM,14.96,15.07,-0.72993,-0.11,26550
07/07/2009,ProShares Ultra Basic Materials,UYM,15.07,15.91,-5.27970,-0.84,26475
07/06/2009,ProShares Ultra Basic Materials,UYM,15.91,16.53,-3.75076,-0.62,26475
07/02/2009,ProShares Ultra Basic Materials,UYM,16.53,17.61,-6.13288,-1.08,26475
07/01/2009,ProShares Ultra Basic Materials,UYM,17.61,17.51,0.57110,0.1,26475
06/30/2009,ProShares Ultra Basic Materials,UYM,17.51,17.97,-2.55982,-0.46,26475
06/29/2009,ProShares Ultra Basic Materials,UYM,17.97,17.74,1.29651,0.23,26475
06/26/2009,ProShares Ultra Basic Materials,UYM,17.74,17.75,-0.05634,-0.01,26475
06/25/2009,ProShares Ultra Basic Materials,UYM,17.75,16.75,5.97015,1,26475
06/24/2009,ProShares Ultra Basic Materials,UYM,16.75,16.32,2.63480,0.43,26700
06/23/2009,ProShares Ultra Basic Materials,UYM,16.32,15.71,3.88288,0.61,26625
06/22/2009,ProShares Ultra Basic Materials,UYM,15.71,18.14,-13.39581,-2.43,26625
06/19/2009,ProShares Ultra Basic Materials,UYM,18.14,18.02,0.66593,0.12,25500
06/18/2009,ProShares Ultra Basic Materials,UYM,18.02,17.82,1.12233,0.2,25050
06/17/2009,ProShares Ultra Basic Materials,UYM,17.82,18.43,-3.30982,-0.61,24900
06/16/2009,ProShares Ultra Basic Materials,UYM,18.43,19.3,-4.50777,-0.87,24825
06/15/2009,ProShares Ultra Basic Materials,UYM,19.3,21.07,-8.40057,-1.77,25050
06/12/2009,ProShares Ultra Basic Materials,UYM,21.07,21.85,-3.56979,-0.78,24300
06/11/2009,ProShares Ultra Basic Materials,UYM,21.85,21.18,3.16336,0.67,24075
06/10/2009,ProShares Ultra Basic Materials,UYM,21.18,21.22,-0.18850,-0.04,24150
06/09/2009,ProShares Ultra Basic Materials,UYM,21.22,20.04,5.88822,1.18,24150
06/08/2009,ProShares Ultra Basic Materials,UYM,20.04,20.67,-3.04790,-0.63,24225
06/05/2009,ProShares Ultra Basic Materials,UYM,20.67,21.06,-1.85185,-0.39,24075
06/04/2009,ProShares Ultra Basic Materials,UYM,21.06,19.99,5.35268,1.07,24075
06/03/2009,ProShares Ultra Basic Materials,UYM,19.99,21.8,-8.30275,-1.81,24075
06/02/2009,ProShares Ultra Basic Materials,UYM,21.8,21.47,1.53703,0.33,23475
06/01/2009,ProShares Ultra Basic Materials,UYM,21.47,19.87,8.05234,1.6,23475
05/29/2009,ProShares Ultra Basic Materials,UYM,19.87,18.96,4.79958,0.91,23475
05/28/2009,ProShares Ultra Basic Materials,UYM,18.96,18.27,3.77668,0.69,23325
05/27/2009,ProShares Ultra Basic Materials,UYM,18.27,19.03,-3.99369,-0.76,23625
05/26/2009,ProShares Ultra Basic Materials,UYM,19.03,18.18,4.67547,0.85,23325
05/22/2009,ProShares Ultra Basic Materials,UYM,18.18,17.9,1.56425,0.28,23250
05/21/2009,ProShares Ultra Basic Materials,UYM,17.9,19.09,-6.23363,-1.19,23250
05/20/2009,ProShares Ultra Basic Materials,UYM,19.09,18.81,1.48857,0.28,23175
05/19/2009,ProShares Ultra Basic Materials,UYM,18.81,18.2,3.35165,0.61,23250
05/18/2009,ProShares Ultra Basic Materials,UYM,18.2,16.63,9.44077,1.57,23775
05/15/2009,ProShares Ultra Basic Materials,UYM,16.63,16.95,-1.88791,-0.32,23850
05/14/2009,ProShares Ultra Basic Materials,UYM,16.95,16.23,4.43623,0.72,23850
05/13/2009,ProShares Ultra Basic Materials,UYM,16.23,18.31,-11.35991,-2.08,23925
05/12/2009,ProShares Ultra Basic Materials,UYM,18.31,18.2,0.60440,0.11,23925
05/11/2009,ProShares Ultra Basic Materials,UYM,18.2,19.14,-4.91118,-0.94,24000
05/08/2009,ProShares Ultra Basic Materials,UYM,19.14,17.94,6.68896,1.2,24150
05/07/2009,ProShares Ultra Basic Materials,UYM,17.94,19.06,-5.87618,-1.12,24150
05/06/2009,ProShares Ultra Basic Materials,UYM,19.06,18.66,2.14362,0.4,25050
05/05/2009,ProShares Ultra Basic Materials,UYM,18.66,19.07,-2.14997,-0.41,25050
05/04/2009,ProShares Ultra Basic Materials,UYM,19.07,16.95,12.50737,2.12,25350
05/01/2009,ProShares Ultra Basic Materials,UYM,16.95,16.44,3.10219,0.51,25425
04/30/2009,ProShares Ultra Basic Materials,UYM,16.44,15.64,5.11509,0.8,25500
04/29/2009,ProShares Ultra Basic Materials,UYM,15.64,14.66,6.68486,0.98,25650
04/28/2009,ProShares Ultra Basic Materials,UYM,14.66,15.02,-2.39680,-0.36,25950
04/27/2009,ProShares Ultra Basic Materials,UYM,15.02,15.76,-4.69543,-0.74,26100
04/24/2009,ProShares Ultra Basic Materials,UYM,15.76,14.44,9.14127,1.32,26100
04/23/2009,ProShares Ultra Basic Materials,UYM,14.44,14.49,-0.34507,-0.05,26625
04/22/2009,ProShares Ultra Basic Materials,UYM,14.49,14.26,1.61290,0.23,26700
04/21/2009,ProShares Ultra Basic Materials,UYM,14.26,13.38,6.57698,0.88,26850
04/20/2009,ProShares Ultra Basic Materials,UYM,13.38,15.19,-11.91573,-1.81,26925
04/17/2009,ProShares Ultra Basic Materials,UYM,15.19,15.22,-0.19711,-0.03,28575
04/16/2009,ProShares Ultra Basic Materials,UYM,15.22,14.98,1.60214,0.24,28950
04/15/2009,ProShares Ultra Basic Materials,UYM,14.98,14.64,2.32240,0.34,29025
04/14/2009,ProShares Ultra Basic Materials,UYM,14.64,15.21,-3.74753,-0.57,29100
04/13/2009,ProShares Ultra Basic Materials,UYM,15.21,14.8,2.77027,0.41,29175
04/09/2009,ProShares Ultra Basic Materials,UYM,14.8,13.43,10.20104,1.37,29175
04/08/2009,ProShares Ultra Basic Materials,UYM,13.43,13.04,2.99080,0.39,29850
04/07/2009,ProShares Ultra Basic Materials,UYM,13.04,14.04,-7.12251,-1,29850
04/06/2009,ProShares Ultra Basic Materials,UYM,14.04,14.67,-4.29448,-0.63,30150
04/03/2009,ProShares Ultra Basic Materials,UYM,14.67,14.11,3.96882,0.56,30150
04/02/2009,ProShares Ultra Basic Materials,UYM,14.11,13.01,8.45503,1.1,30225
04/01/2009,ProShares Ultra Basic Materials,UYM,13.01,12.05,7.96680,0.96,30150
03/31/2009,ProShares Ultra Basic Materials,UYM,12.05,11.8,2.11864,0.25,30225
03/30/2009,ProShares Ultra Basic Materials,UYM,11.8,13.13,-10.12947,-1.33,30300
03/27/2009,ProShares Ultra Basic Materials,UYM,13.13,13.86,-5.26696,-0.73,31350
03/26/2009,ProShares Ultra Basic Materials,UYM,13.86,12.9,7.44186,0.96,31500
03/25/2009,ProShares Ultra Basic Materials,UYM,12.9,12.66,1.89573,0.24,31425
03/24/2009,ProShares Ultra Basic Materials,UYM,12.66,12.81,-1.17096,-0.15,31275
03/23/2009,ProShares Ultra Basic Materials,UYM,12.81,11.33,13.06267,1.48,31275
03/20/2009,ProShares Ultra Basic Materials,UYM,11.33,11.91,-4.86986,-0.58,31200
03/19/2009,ProShares Ultra Basic Materials,UYM,11.91,11.21,6.24442,0.7,31200
03/18/2009,ProShares Ultra Basic Materials,UYM,11.21,10.53,6.45774,0.68,31200
03/17/2009,ProShares Ultra Basic Materials,UYM,10.53,10.39,1.34745,0.14,33075
03/16/2009,ProShares Ultra Basic Materials,UYM,10.39,10.31,0.77595,0.08,33075
03/13/2009,ProShares Ultra Basic Materials,UYM,10.31,10.18,1.27701,0.13,33225
03/12/2009,ProShares Ultra Basic Materials,UYM,10.18,9.67,5.27404,0.51,33375
03/11/2009,ProShares Ultra Basic Materials,UYM,9.67,9.39,2.98190,0.28,35025
03/10/2009,ProShares Ultra Basic Materials,UYM,9.39,8.19,14.65201,1.2,35175
03/09/2009,ProShares Ultra Basic Materials,UYM,8.19,8.39,-2.38379,-0.2,35250
03/06/2009,ProShares Ultra Basic Materials,UYM,8.39,8.23,1.94411,0.16,33150
03/05/2009,ProShares Ultra Basic Materials,UYM,8.23,9.04,-8.96018,-0.81,33075
03/04/2009,ProShares Ultra Basic Materials,UYM,9.04,8.19,10.37851,0.85,33000
03/03/2009,ProShares Ultra Basic Materials,UYM,8.19,7.9,3.67089,0.29,32925
03/02/2009,ProShares Ultra Basic Materials,UYM,7.9,9.47,-16.57867,-1.57,32925
02/27/2009,ProShares Ultra Basic Materials,UYM,9.47,9.59,-1.25130,-0.12,31125
02/26/2009,ProShares Ultra Basic Materials,UYM,9.59,9.76,-1.74180,-0.17,31050
02/25/2009,ProShares Ultra Basic Materials,UYM,9.76,10.2,-4.31373,-0.44,30675
02/24/2009,ProShares Ultra Basic Materials,UYM,10.2,9.36,8.97436,0.84,29850
02/23/2009,ProShares Ultra Basic Materials,UYM,9.36,10.93,-14.36414,-1.57,29625
02/20/2009,ProShares Ultra Basic Materials,UYM,10.93,11,-0.63636,-0.07,25800
02/19/2009,ProShares Ultra Basic Materials,UYM,11,11.19,-1.69794,-0.19,25800
02/18/2009,ProShares Ultra Basic Materials,UYM,11.19,11.33,-1.23566,-0.14,25650
02/17/2009,ProShares Ultra Basic Materials,UYM,11.33,12.93,-12.37432,-1.6,25650
02/13/2009,ProShares Ultra Basic Materials,UYM,12.93,13.18,-1.89681,-0.25,25350
02/12/2009,ProShares Ultra Basic Materials,UYM,13.18,12.84,2.64798,0.34,25425
02/11/2009,ProShares Ultra Basic Materials,UYM,12.84,12.71,1.02282,0.13,25350
02/10/2009,ProShares Ultra Basic Materials,UYM,12.71,14.13,-10.04954,-1.42,25275
02/09/2009,ProShares Ultra Basic Materials,UYM,14.13,14.14,-0.07072,-0.01,25200
02/06/2009,ProShares Ultra Basic Materials,UYM,14.14,13.1,7.93893,1.04,25200
02/05/2009,ProShares Ultra Basic Materials,UYM,13.1,12.33,6.24493,0.77,25275
02/04/2009,ProShares Ultra Basic Materials,UYM,12.33,12.02,2.57903,0.31,25350
02/03/2009,ProShares Ultra Basic Materials,UYM,12.02,11.52,4.34028,0.5,25350
02/02/2009,ProShares Ultra Basic Materials,UYM,11.52,11.86,-2.86678,-0.34,25350
01/30/2009,ProShares Ultra Basic Materials,UYM,11.86,12.9,-8.06202,-1.04,25275
01/29/2009,ProShares Ultra Basic Materials,UYM,12.9,13.88,-7.06052,-0.98,25125
01/28/2009,ProShares Ultra Basic Materials,UYM,13.88,12.87,7.84771,1.01,25125
01/27/2009,ProShares Ultra Basic Materials,UYM,12.87,12.54,2.63158,0.33,25275
01/26/2009,ProShares Ultra Basic Materials,UYM,12.54,12.91,-2.86600,-0.37,25275
01/23/2009,ProShares Ultra Basic Materials,UYM,12.91,12.44,3.77814,0.47,25200
01/22/2009,ProShares Ultra Basic Materials,UYM,12.44,13.03,-4.52801,-0.59,25200
01/21/2009,ProShares Ultra Basic Materials,UYM,13.03,11.89,9.58789,1.14,25200
01/20/2009,ProShares Ultra Basic Materials,UYM,11.89,13.55,-12.25092,-1.66,25050
01/16/2009,ProShares Ultra Basic Materials,UYM,13.55,13.14,3.12024,0.41,24975
01/15/2009,ProShares Ultra Basic Materials,UYM,13.14,12.46,5.45746,0.68,24975
01/14/2009,ProShares Ultra Basic Materials,UYM,12.46,13.83,-9.90600,-1.37,24900
01/13/2009,ProShares Ultra Basic Materials,UYM,13.83,13.63,1.46735,0.2,22500
01/12/2009,ProShares Ultra Basic Materials,UYM,13.63,15.12,-9.85450,-1.49,22500
01/09/2009,ProShares Ultra Basic Materials,UYM,15.12,15.88,-4.78589,-0.76,22500
01/08/2009,ProShares Ultra Basic Materials,UYM,15.88,15.13,4.95704,0.75,22350
01/07/2009,ProShares Ultra Basic Materials,UYM,15.13,17.13,-11.67542,-2,22275
01/06/2009,ProShares Ultra Basic Materials,UYM,17.13,16.05,6.72897,1.08,22275
01/05/2009,ProShares Ultra Basic Materials,UYM,16.05,15.83,1.38977,0.22,22350
01/02/2009,ProShares Ultra Basic Materials,UYM,15.83,14.37,10.16006,1.46,23475
12/31/2008,ProShares Ultra Basic Materials,UYM,14.37,13.85,3.75451,0.52,23625
12/30/2008,ProShares Ultra Basic Materials,UYM,13.85,13,6.53846,0.85,23700
12/29/2008,ProShares Ultra Basic Materials,UYM,13,13.56,-4.12979,-0.56,23700
12/26/2008,ProShares Ultra Basic Materials,UYM,13.56,12.92,4.95356,0.64,23625
12/24/2008,ProShares Ultra Basic Materials,UYM,12.92,13.01,-0.69178,-0.09,23550
12/23/2008,ProShares Ultra Basic Materials,UYM,13.01,13.09,-0.61115,-0.08,23625
12/22/2008,ProShares Ultra Basic Materials,UYM,13.09,14.23,-8.01124,-1.14,23625
12/19/2008,ProShares Ultra Basic Materials,UYM,14.23,14.36,-0.90529,-0.13,23550
12/18/2008,ProShares Ultra Basic Materials,UYM,14.36,16.17,-11.19357,-1.81,23325
12/17/2008,ProShares Ultra Basic Materials,UYM,16.17,16,1.06250,0.17,22125
12/16/2008,ProShares Ultra Basic Materials,UYM,16,14.2,12.67606,1.8,21450
12/15/2008,ProShares Ultra Basic Materials,UYM,14.2,14.5,-2.06897,-0.3,21450
12/12/2008,ProShares Ultra Basic Materials,UYM,14.5,13.96,3.86819,0.54,20925
12/11/2008,ProShares Ultra Basic Materials,UYM,13.96,15.21,-8.21828,-1.25,20925
12/10/2008,ProShares Ultra Basic Materials,UYM,15.21,13.8,10.21739,1.41,20850
12/09/2008,ProShares Ultra Basic Materials,UYM,13.8,14.1,-2.12766,-0.3,20775
12/08/2008,ProShares Ultra Basic Materials,UYM,14.1,11.9,18.48739,2.2,20775
12/05/2008,ProShares Ultra Basic Materials,UYM,11.9,11.11,7.11071,0.79,18900
12/04/2008,ProShares Ultra Basic Materials,UYM,11.11,11.91,-6.71704,-0.8,18900
12/03/2008,ProShares Ultra Basic Materials,UYM,11.91,12.17,-2.13640,-0.26,18900
12/02/2008,ProShares Ultra Basic Materials,UYM,12.17,11,10.63636,1.17,20175
12/01/2008,ProShares Ultra Basic Materials,UYM,11,14.3,-23.07692,-3.3,20175
11/28/2008,ProShares Ultra Basic Materials,UYM,14.3,14.27,0.21023,0.03,20175
11/26/2008,ProShares Ultra Basic Materials,UYM,14.27,12.88,10.79193,1.39,20175
11/25/2008,ProShares Ultra Basic Materials,UYM,12.88,12.24,5.22876,0.64,20175
11/24/2008,ProShares Ultra Basic Materials,UYM,12.24,10.64,15.03759,1.6,20250
11/21/2008,ProShares Ultra Basic Materials,UYM,10.64,8.85,20.22599,1.79,20250
11/20/2008,ProShares Ultra Basic Materials,UYM,8.85,11.31,-21.75066,-2.46,19500
11/19/2008,ProShares Ultra Basic Materials,UYM,11.31,13.66,-17.20351,-2.35,18525
11/18/2008,ProShares Ultra Basic Materials,UYM,13.66,14.07,-2.91400,-0.41,18000
11/17/2008,ProShares Ultra Basic Materials,UYM,14.07,15.03,-6.38723,-0.96,18000
11/14/2008,ProShares Ultra Basic Materials,UYM,15.03,16.98,-11.48410,-1.95,16800
11/13/2008,ProShares Ultra Basic Materials,UYM,16.98,14.08,20.59659,2.9,16425
11/12/2008,ProShares Ultra Basic Materials,UYM,14.08,16.67,-15.53689,-2.59,15075
11/11/2008,ProShares Ultra Basic Materials,UYM,16.67,18.53,-10.03778,-1.86,14400
11/10/2008,ProShares Ultra Basic Materials,UYM,18.53,18.52,0.05400,0.01,13350
11/07/2008,ProShares Ultra Basic Materials,UYM,18.52,17.15,7.98834,1.37,13350
11/06/2008,ProShares Ultra Basic Materials,UYM,17.15,20.06,-14.50648,-2.91,12675
11/05/2008,ProShares Ultra Basic Materials,UYM,20.06,23.34,-14.05313,-3.28,12675
11/04/2008,ProShares Ultra Basic Materials,UYM,23.34,21.1,10.61611,2.24,12675
11/03/2008,ProShares Ultra Basic Materials,UYM,21.1,21.32,-1.03189,-0.22,12675
10/31/2008,ProShares Ultra Basic Materials,UYM,21.32,20.81,2.45074,0.51,12675
10/30/2008,ProShares Ultra Basic Materials,UYM,20.81,19.33,7.65649,1.48,12675
10/29/2008,ProShares Ultra Basic Materials,UYM,19.33,17.87,8.17012,1.46,12975
10/28/2008,ProShares Ultra Basic Materials,UYM,17.87,14.37,24.35630,3.5,13350
10/27/2008,ProShares Ultra Basic Materials,UYM,14.37,16.48,-12.80340,-2.11,12375
10/24/2008,ProShares Ultra Basic Materials,UYM,16.48,17.68,-6.78733,-1.2,11100
10/23/2008,ProShares Ultra Basic Materials,UYM,17.68,18.2,-2.85714,-0.52,9975
10/22/2008,ProShares Ultra Basic Materials,UYM,18.2,22.55,-19.29047,-4.35,9150
10/21/2008,ProShares Ultra Basic Materials,UYM,22.55,25.62,-11.98283,-3.07,7500
10/20/2008,ProShares Ultra Basic Materials,UYM,25.62,21.8,17.52294,3.82,4125
10/17/2008,ProShares Ultra Basic Materials,UYM,21.8,21.95,-0.68337,-0.15,3900
10/16/2008,ProShares Ultra Basic Materials,UYM,21.95,19.35,13.43669,2.6,3600
10/15/2008,ProShares Ultra Basic Materials,UYM,19.35,26.41,-26.73230,-7.06,3300
10/14/2008,ProShares Ultra Basic Materials,UYM,26.41,28.27,-6.57941,-1.86,3300
10/13/2008,ProShares Ultra Basic Materials,UYM,28.27,21.71,30.21649,6.56,3300
10/10/2008,ProShares Ultra Basic Materials,UYM,21.71,22.93,-5.32054,-1.22,2925
10/09/2008,ProShares Ultra Basic Materials,UYM,22.93,27.22,-15.76047,-4.29,2550
10/08/2008,ProShares Ultra Basic Materials,UYM,27.22,26.31,3.45876,0.91,2250
10/07/2008,ProShares Ultra Basic Materials,UYM,26.31,30.54,-13.85069,-4.23,2100
10/06/2008,ProShares Ultra Basic Materials,UYM,30.54,33.31,-8.31582,-2.77,2100
10/03/2008,ProShares Ultra Basic Materials,UYM,33.31,33.44,-0.38876,-0.13,1500
10/02/2008,ProShares Ultra Basic Materials,UYM,33.44,41.19,-18.81525,-7.75,1425
10/01/2008,ProShares Ultra Basic Materials,UYM,41.19,43.6,-5.52752,-2.41,1200
09/30/2008,ProShares Ultra Basic Materials,UYM,43.6,39.98,9.05453,3.62,1125
09/29/2008,ProShares Ultra Basic Materials,UYM,39.98,50.47,-20.78462,-10.49,975
09/26/2008,ProShares Ultra Basic Materials,UYM,50.47,54.12,-6.74427,-3.65,975
09/25/2008,ProShares Ultra Basic Materials,UYM,54.12,54.46,-0.62431,-0.34,825
09/24/2008,ProShares Ultra Basic Materials,UYM,54.46,56.27,-3.21663,-1.81,825
09/23/2008,ProShares Ultra Basic Materials,UYM,56.27,61.39,-8.34012,-5.12,825
09/22/2008,ProShares Ultra Basic Materials,UYM,61.39,65.05,-5.62644,-3.66,825
09/19/2008,ProShares Ultra Basic Materials,UYM,65.05,57.5,13.13043,7.55,750
09/18/2008,ProShares Ultra Basic Materials,UYM,57.5,54.78,4.96532,2.72,750
09/17/2008,ProShares Ultra Basic Materials,UYM,54.78,59.53,-7.97917,-4.75,675
09/16/2008,ProShares Ultra Basic Materials,UYM,59.53,56.35,5.64330,3.18,675
09/15/2008,ProShares Ultra Basic Materials,UYM,56.35,64.79,-13.02670,-8.44,675
09/12/2008,ProShares Ultra Basic Materials,UYM,64.79,60.13,7.74988,4.66,675
09/11/2008,ProShares Ultra Basic Materials,UYM,60.13,57.56,4.46491,2.57,675
09/10/2008,ProShares Ultra Basic Materials,UYM,57.56,54.59,5.44056,2.97,675
09/09/2008,ProShares Ultra Basic Materials,UYM,54.59,61.88,-11.78087,-7.29,675
09/08/2008,ProShares Ultra Basic Materials,UYM,61.88,64.26,-3.70370,-2.38,675
09/05/2008,ProShares Ultra Basic Materials,UYM,64.26,62.43,2.93128,1.83,675
09/04/2008,ProShares Ultra Basic Materials,UYM,62.43,67.9,-8.05596,-5.47,675
09/03/2008,ProShares Ultra Basic Materials,UYM,67.9,70.04,-3.05540,-2.14,675
09/02/2008,ProShares Ultra Basic Materials,UYM,70.04,76.15,-8.02364,-6.11,675
08/29/2008,ProShares Ultra Basic Materials,UYM,76.15,78.2,-2.62148,-2.05,675
08/28/2008,ProShares Ultra Basic Materials,UYM,78.2,76.81,1.80966,1.39,675
08/27/2008,ProShares Ultra Basic Materials,UYM,76.81,74.68,2.85217,2.13,675
08/26/2008,ProShares Ultra Basic Materials,UYM,74.68,73.77,1.23356,0.91,675
08/25/2008,ProShares Ultra Basic Materials,UYM,73.77,77.24,-4.49249,-3.47,675
08/22/2008,ProShares Ultra Basic Materials,UYM,77.24,78.38,-1.45445,-1.14,675
08/21/2008,ProShares Ultra Basic Materials,UYM,78.38,76.45,2.52453,1.93,675
08/20/2008,ProShares Ultra Basic Materials,UYM,76.45,72.94,4.81217,3.51,675
08/19/2008,ProShares Ultra Basic Materials,UYM,72.94,72.13,1.12297,0.81,600
08/18/2008,ProShares Ultra Basic Materials,UYM,72.13,72.82,-0.94754,-0.69,525
08/15/2008,ProShares Ultra Basic Materials,UYM,72.82,74.85,-2.71209,-2.03,525
08/14/2008,ProShares Ultra Basic Materials,UYM,74.85,76.32,-1.92610,-1.47,525
08/13/2008,ProShares Ultra Basic Materials,UYM,76.32,71.3,7.04067,5.02,525
08/12/2008,ProShares Ultra Basic Materials,UYM,71.3,70.69,0.86292,0.61,525
08/11/2008,ProShares Ultra Basic Materials,UYM,70.69,72.85,-2.96500,-2.16,525
08/08/2008,ProShares Ultra Basic Materials,UYM,72.85,72.74,0.15122,0.11,525
08/07/2008,ProShares Ultra Basic Materials,UYM,72.74,75.23,-3.30985,-2.49,525
08/06/2008,ProShares Ultra Basic Materials,UYM,75.23,72.16,4.25443,3.07,525
08/05/2008,ProShares Ultra Basic Materials,UYM,72.16,70.95,1.70543,1.21,525
08/04/2008,ProShares Ultra Basic Materials,UYM,70.95,79.44,-10.68731,-8.49,375
08/01/2008,ProShares Ultra Basic Materials,UYM,79.44,84.21,-5.66441,-4.77,375
07/31/2008,ProShares Ultra Basic Materials,UYM,84.21,88.84,-5.21162,-4.63,375
07/30/2008,ProShares Ultra Basic Materials,UYM,88.84,82.37,7.85480,6.47,375
07/29/2008,ProShares Ultra Basic Materials,UYM,82.37,79.35,3.80592,3.02,375
07/28/2008,ProShares Ultra Basic Materials,UYM,79.35,79.88,-0.66350,-0.53,375
07/25/2008,ProShares Ultra Basic Materials,UYM,79.88,76.76,4.06462,3.12,375
07/24/2008,ProShares Ultra Basic Materials,UYM,76.76,80.1,-4.16979,-3.34,375
07/23/2008,ProShares Ultra Basic Materials,UYM,80.1,84.57,-5.28556,-4.47,300
07/22/2008,ProShares Ultra Basic Materials,UYM,84.57,87.19,-3.00493,-2.62,300
07/21/2008,ProShares Ultra Basic Materials,UYM,87.19,81.82,6.56319,5.37,300
07/18/2008,ProShares Ultra Basic Materials,UYM,81.82,82.76,-1.13581,-0.94,300
07/17/2008,ProShares Ultra Basic Materials,UYM,82.76,86.39,-4.20188,-3.63,300
07/16/2008,ProShares Ultra Basic Materials,UYM,86.39,85.78,0.71112,0.61,300
07/15/2008,ProShares Ultra Basic Materials,UYM,85.78,89.47,-4.12429,-3.69,300
07/14/2008,ProShares Ultra Basic Materials,UYM,89.47,88.91,0.62985,0.56,300
07/11/2008,ProShares Ultra Basic Materials,UYM,88.91,88.06,0.96525,0.85,300
07/10/2008,ProShares Ultra Basic Materials,UYM,88.06,83.66,5.25938,4.4,300
07/09/2008,ProShares Ultra Basic Materials,UYM,83.66,83.7,-0.04779,-0.04,300
07/08/2008,ProShares Ultra Basic Materials,UYM,83.7,85.36,-1.94470,-1.66,300
07/07/2008,ProShares Ultra Basic Materials,UYM,85.36,85.3,0.07034,0.06,300
07/03/2008,ProShares Ultra Basic Materials,UYM,85.3,84.71,0.69649,0.59,300
07/02/2008,ProShares Ultra Basic Materials,UYM,84.71,98.65,-14.13077,-13.94,300
07/01/2008,ProShares Ultra Basic Materials,UYM,98.65,100.64,-1.97734,-1.99,300
06/30/2008,ProShares Ultra Basic Materials,UYM,100.64,100.74,-0.09927,-0.1,300
06/27/2008,ProShares Ultra Basic Materials,UYM,100.74,98.77,1.99453,1.97,300
06/26/2008,ProShares Ultra Basic Materials,UYM,98.77,104.25,-5.25659,-5.48,300
06/25/2008,ProShares Ultra Basic Materials,UYM,104.25,104.33,-0.07668,-0.08,300
06/24/2008,ProShares Ultra Basic Materials,UYM,104.33,109.87,-5.04232,-5.54,300
06/23/2008,ProShares Ultra Basic Materials,UYM,109.87,106.93,2.74946,2.94,300
06/20/2008,ProShares Ultra Basic Materials,UYM,106.93,109.8,-2.61384,-2.87,300
06/19/2008,ProShares Ultra Basic Materials,UYM,109.8,111.1,-1.17012,-1.3,300
06/18/2008,ProShares Ultra Basic Materials,UYM,111.1,110.57,0.47933,0.53,300
06/17/2008,ProShares Ultra Basic Materials,UYM,110.57,109.06,1.38456,1.51,300
06/16/2008,ProShares Ultra Basic Materials,UYM,109.06,108.55,0.46983,0.51,300
06/13/2008,ProShares Ultra Basic Materials,UYM,108.55,102.51,5.89211,6.04,300
06/12/2008,ProShares Ultra Basic Materials,UYM,102.51,103.6,-1.05212,-1.09,300
06/11/2008,ProShares Ultra Basic Materials,UYM,103.6,106.16,-2.41145,-2.56,300
06/10/2008,ProShares Ultra Basic Materials,UYM,106.16,109.62,-3.15636,-3.46,300
06/09/2008,ProShares Ultra Basic Materials,UYM,109.62,105.93,3.48343,3.69,300
06/06/2008,ProShares Ultra Basic Materials,UYM,105.93,110.35,-4.00544,-4.42,300
06/05/2008,ProShares Ultra Basic Materials,UYM,110.35,102.64,7.51169,7.71,300
06/04/2008,ProShares Ultra Basic Materials,UYM,102.64,104.52,-1.79870,-1.88,300
06/03/2008,ProShares Ultra Basic Materials,UYM,104.52,104.36,0.15332,0.16,300
06/02/2008,ProShares Ultra Basic Materials,UYM,104.36,104.14,0.21125,0.22,300
05/30/2008,ProShares Ultra Basic Materials,UYM,104.14,101.38,2.72243,2.76,300
05/29/2008,ProShares Ultra Basic Materials,UYM,101.38,104.62,-3.09692,-3.24,300
05/28/2008,ProShares Ultra Basic Materials,UYM,104.62,98.24,6.49430,6.38,375
05/27/2008,ProShares Ultra Basic Materials,UYM,98.24,99.65,-1.41495,-1.41,375
05/23/2008,ProShares Ultra Basic Materials,UYM,99.65,102.69,-2.96037,-3.04,375
05/22/2008,ProShares Ultra Basic Materials,UYM,102.69,102.94,-0.24286,-0.25,375
05/21/2008,ProShares Ultra Basic Materials,UYM,102.94,109.19,-5.72397,-6.25,375
05/20/2008,ProShares Ultra Basic Materials,UYM,109.19,108.15,0.96163,1.04,375
05/19/2008,ProShares Ultra Basic Materials,UYM,108.15,109.88,-1.57444,-1.73,375
05/16/2008,ProShares Ultra Basic Materials,UYM,109.88,106.63,3.04792,3.25,375
05/15/2008,ProShares Ultra Basic Materials,UYM,106.63,102.78,3.74586,3.85,375
05/14/2008,ProShares Ultra Basic Materials,UYM,102.78,102.82,-0.03890,-0.04,375
05/13/2008,ProShares Ultra Basic Materials,UYM,102.82,101.06,1.74154,1.76,375
05/12/2008,ProShares Ultra Basic Materials,UYM,101.06,98.27,2.83912,2.79,375
05/09/2008,ProShares Ultra Basic Materials,UYM,98.27,100.77,-2.48090,-2.5,375
05/08/2008,ProShares Ultra Basic Materials,UYM,100.77,96.26,4.68523,4.51,375
05/07/2008,ProShares Ultra Basic Materials,UYM,96.26,99.03,-2.79713,-2.77,375
05/06/2008,ProShares Ultra Basic Materials,UYM,99.03,96.27,2.86694,2.76,375
05/05/2008,ProShares Ultra Basic Materials,UYM,96.27,92.74,3.80634,3.53,375
05/02/2008,ProShares Ultra Basic Materials,UYM,92.74,89.71,3.37755,3.03,375
05/01/2008,ProShares Ultra Basic Materials,UYM,89.71,91.04,-1.46090,-1.33,300
04/30/2008,ProShares Ultra Basic Materials,UYM,91.04,89.3,1.94849,1.74,300
04/29/2008,ProShares Ultra Basic Materials,UYM,89.3,95.68,-6.66806,-6.38,300
04/28/2008,ProShares Ultra Basic Materials,UYM,95.68,98.06,-2.42709,-2.38,300
04/25/2008,ProShares Ultra Basic Materials,UYM,98.06,92.17,6.39037,5.89,300
04/24/2008,ProShares Ultra Basic Materials,UYM,92.17,95.91,-3.89949,-3.74,300
04/23/2008,ProShares Ultra Basic Materials,UYM,95.91,99.12,-3.23850,-3.21,300
04/22/2008,ProShares Ultra Basic Materials,UYM,99.12,102.01,-2.83306,-2.89,300
04/21/2008,ProShares Ultra Basic Materials,UYM,102.01,100.82,1.18032,1.19,300
04/18/2008,ProShares Ultra Basic Materials,UYM,100.82,97.95,2.93007,2.87,300
04/17/2008,ProShares Ultra Basic Materials,UYM,97.95,99.71,-1.76512,-1.76,300
04/16/2008,ProShares Ultra Basic Materials,UYM,99.71,90.79,9.82487,8.92,300
04/15/2008,ProShares Ultra Basic Materials,UYM,90.79,90.01,0.86657,0.78,300
04/14/2008,ProShares Ultra Basic Materials,UYM,90.01,89.75,0.28969,0.26,300
04/11/2008,ProShares Ultra Basic Materials,UYM,89.75,92.45,-2.92050,-2.7,300
04/10/2008,ProShares Ultra Basic Materials,UYM,92.45,91.43,1.11561,1.02,300
04/09/2008,ProShares Ultra Basic Materials,UYM,91.43,93.22,-1.92019,-1.79,300
04/08/2008,ProShares Ultra Basic Materials,UYM,93.22,91.34,2.05824,1.88,300
04/07/2008,ProShares Ultra Basic Materials,UYM,91.34,91.75,-0.44687,-0.41,300
04/04/2008,ProShares Ultra Basic Materials,UYM,91.75,87.96,4.30878,3.79,300
04/03/2008,ProShares Ultra Basic Materials,UYM,87.96,84.38,4.24271,3.58,300
04/02/2008,ProShares Ultra Basic Materials,UYM,84.38,83.08,1.56476,1.3,300
04/01/2008,ProShares Ultra Basic Materials,UYM,83.08,79.48,4.52944,3.6,300
03/31/2008,ProShares Ultra Basic Materials,UYM,79.48,79.79,-0.38852,-0.31,300
03/28/2008,ProShares Ultra Basic Materials,UYM,79.79,80.11,-0.39945,-0.32,300
03/27/2008,ProShares Ultra Basic Materials,UYM,80.11,82.27,-2.62550,-2.16,300
03/26/2008,ProShares Ultra Basic Materials,UYM,82.27,81.13,1.40515,1.14,300
03/25/2008,ProShares Ultra Basic Materials,UYM,81.13,82.47,-1.62483,-1.34,300
03/24/2008,ProShares Ultra Basic Materials,UYM,82.47,77.78,6.02983,4.69,300
03/20/2008,ProShares Ultra Basic Materials,UYM,77.78,78.36,-0.74017,-0.58,300
03/19/2008,ProShares Ultra Basic Materials,UYM,78.36,90.44,-13.35692,-12.08,300
03/18/2008,ProShares Ultra Basic Materials,UYM,90.44,83.63,8.14301,6.81,300
03/17/2008,ProShares Ultra Basic Materials,UYM,83.63,88.45,-5.44941,-4.82,300
03/14/2008,ProShares Ultra Basic Materials,UYM,88.45,91.12,-2.93020,-2.67,300
03/13/2008,ProShares Ultra Basic Materials,UYM,91.12,87.05,4.67547,4.07,300
03/12/2008,ProShares Ultra Basic Materials,UYM,87.05,88.09,-1.18061,-1.04,300
03/11/2008,ProShares Ultra Basic Materials,UYM,88.09,78.54,12.15941,9.55,300
03/10/2008,ProShares Ultra Basic Materials,UYM,78.54,85.29,-7.91418,-6.75,300
03/07/2008,ProShares Ultra Basic Materials,UYM,85.29,92.26,-7.55474,-6.97,300
03/06/2008,ProShares Ultra Basic Materials,UYM,92.26,94.92,-2.80236,-2.66,300
03/05/2008,ProShares Ultra Basic Materials,UYM,94.92,90.28,5.13957,4.64,300
03/04/2008,ProShares Ultra Basic Materials,UYM,90.28,94.55,-4.51613,-4.27,300
03/03/2008,ProShares Ultra Basic Materials,UYM,94.55,92,2.77174,2.55,300
02/29/2008,ProShares Ultra Basic Materials,UYM,92,99.19,-7.24871,-7.19,300
02/28/2008,ProShares Ultra Basic Materials,UYM,99.19,99.11,0.08072,0.08,300
02/27/2008,ProShares Ultra Basic Materials,UYM,99.11,99.32,-0.21144,-0.21,300
02/26/2008,ProShares Ultra Basic Materials,UYM,99.32,99.65,-0.33116,-0.33,300
02/25/2008,ProShares Ultra Basic Materials,UYM,99.65,94.12,5.87548,5.53,300
02/22/2008,ProShares Ultra Basic Materials,UYM,94.12,93.02,1.18254,1.1,300
02/21/2008,ProShares Ultra Basic Materials,UYM,93.02,96.45,-3.55625,-3.43,300
02/20/2008,ProShares Ultra Basic Materials,UYM,96.45,93.94,2.67192,2.51,300
02/19/2008,ProShares Ultra Basic Materials,UYM,93.94,89.33,5.16064,4.61,300
02/15/2008,ProShares Ultra Basic Materials,UYM,89.33,90.23,-0.99745,-0.9,300
02/14/2008,ProShares Ultra Basic Materials,UYM,90.23,91.1,-0.95499,-0.87,300
02/13/2008,ProShares Ultra Basic Materials,UYM,91.1,88.45,2.99604,2.65,300
02/12/2008,ProShares Ultra Basic Materials,UYM,88.45,88.77,-0.36048,-0.32,300
02/11/2008,ProShares Ultra Basic Materials,UYM,88.77,85.46,3.87316,3.31,225
02/08/2008,ProShares Ultra Basic Materials,UYM,85.46,82.08,4.11793,3.38,225
02/07/2008,ProShares Ultra Basic Materials,UYM,82.08,80.86,1.50878,1.22,225
02/06/2008,ProShares Ultra Basic Materials,UYM,80.86,81.96,-1.34212,-1.1,225
02/05/2008,ProShares Ultra Basic Materials,UYM,81.96,88.58,-7.47347,-6.62,225
02/04/2008,ProShares Ultra Basic Materials,UYM,88.58,90.07,-1.65427,-1.49,225
02/01/2008,ProShares Ultra Basic Materials,UYM,90.07,85.64,5.17282,4.43,225
01/31/2008,ProShares Ultra Basic Materials,UYM,85.64,83.1,3.05656,2.54,225
01/30/2008,ProShares Ultra Basic Materials,UYM,83.1,83.88,-0.92990,-0.78,225
01/29/2008,ProShares Ultra Basic Materials,UYM,83.88,83.3,0.69628,0.58,225
01/28/2008,ProShares Ultra Basic Materials,UYM,83.3,79.75,4.45141,3.55,225
01/25/2008,ProShares Ultra Basic Materials,UYM,79.75,78.65,1.39860,1.1,225
01/24/2008,ProShares Ultra Basic Materials,UYM,78.65,73.12,7.56291,5.53,225
01/23/2008,ProShares Ultra Basic Materials,UYM,73.12,71.92,1.66852,1.2,225
01/22/2008,ProShares Ultra Basic Materials,UYM,71.92,73.7,-2.41520,-1.78,225
01/18/2008,ProShares Ultra Basic Materials,UYM,73.7,71.57,2.97611,2.13,225
01/17/2008,ProShares Ultra Basic Materials,UYM,71.57,80.66,-11.26953,-9.09,225
01/16/2008,ProShares Ultra Basic Materials,UYM,80.66,87.38,-7.69055,-6.72,225
01/15/2008,ProShares Ultra Basic Materials,UYM,87.38,93.25,-6.29491,-5.87,225
01/14/2008,ProShares Ultra Basic Materials,UYM,93.25,86.83,7.39376,6.42,225
01/11/2008,ProShares Ultra Basic Materials,UYM,86.83,88.62,-2.01986,-1.79,225
01/10/2008,ProShares Ultra Basic Materials,UYM,88.62,86.08,2.95074,2.54,225
01/09/2008,ProShares Ultra Basic Materials,UYM,86.08,85.31,0.90259,0.77,225
01/08/2008,ProShares Ultra Basic Materials,UYM,85.31,88.12,-3.18883,-2.81,300
01/07/2008,ProShares Ultra Basic Materials,UYM,88.12,90.44,-2.56524,-2.32,300
01/04/2008,ProShares Ultra Basic Materials,UYM,90.44,96.16,-5.94842,-5.72,300
01/03/2008,ProShares Ultra Basic Materials,UYM,96.16,94.51,1.74585,1.65,300
01/02/2008,ProShares Ultra Basic Materials,UYM,94.51,95.72,-1.26410,-1.21,300
12/31/2007,ProShares Ultra Basic Materials,UYM,95.72,97.42,-1.74502,-1.7,300
12/28/2007,ProShares Ultra Basic Materials,UYM,97.42,97.13,0.29857,0.29,300
12/27/2007,ProShares Ultra Basic Materials,UYM,97.13,100.45,-3.30513,-3.32,300
12/26/2007,ProShares Ultra Basic Materials,UYM,100.45,98.93,1.53644,1.52,300
12/24/2007,ProShares Ultra Basic Materials,UYM,98.93,97.27,1.70659,1.66,300
12/21/2007,ProShares Ultra Basic Materials,UYM,97.27,93,4.59140,4.27,300
12/20/2007,ProShares Ultra Basic Materials,UYM,93,95.17,-2.28013,-2.17,300
12/19/2007,ProShares Ultra Basic Materials,UYM,95.17,95.07,0.10519,0.1,300
12/18/2007,ProShares Ultra Basic Materials,UYM,95.07,93.55,1.62480,1.52,300
12/17/2007,ProShares Ultra Basic Materials,UYM,93.55,99.38,-5.86637,-5.83,225
12/14/2007,ProShares Ultra Basic Materials,UYM,99.38,102.86,-3.38324,-3.48,225
12/13/2007,ProShares Ultra Basic Materials,UYM,102.86,101.57,1.27006,1.29,225
12/12/2007,ProShares Ultra Basic Materials,UYM,101.57,98.67,2.93909,2.9,225
12/11/2007,ProShares Ultra Basic Materials,UYM,98.67,106.8,-7.61236,-8.13,225
12/10/2007,ProShares Ultra Basic Materials,UYM,106.8,104.14,2.55425,2.66,225
12/07/2007,ProShares Ultra Basic Materials,UYM,104.14,102.42,1.67936,1.72,225
12/06/2007,ProShares Ultra Basic Materials,UYM,102.42,98.28,4.21245,4.14,225
12/05/2007,ProShares Ultra Basic Materials,UYM,98.28,94.63,3.85713,3.65,225
12/04/2007,ProShares Ultra Basic Materials,UYM,94.63,95.57,-0.98357,-0.94,225
12/03/2007,ProShares Ultra Basic Materials,UYM,95.57,96.22,-0.67554,-0.65,150
11/30/2007,ProShares Ultra Basic Materials,UYM,96.22,94.81,1.48718,1.41,150
11/29/2007,ProShares Ultra Basic Materials,UYM,94.81,93.74,1.14146,1.07,150
11/28/2007,ProShares Ultra Basic Materials,UYM,93.74,85.64,9.45820,8.1,150
11/27/2007,ProShares Ultra Basic Materials,UYM,85.64,83.81,2.18351,1.83,150
11/26/2007,ProShares Ultra Basic Materials,UYM,83.81,86.81,-3.45582,-3,150
11/23/2007,ProShares Ultra Basic Materials,UYM,86.81,83.41,4.07625,3.4,150
11/21/2007,ProShares Ultra Basic Materials,UYM,83.41,86.67,-3.76139,-3.26,225
11/20/2007,ProShares Ultra Basic Materials,UYM,86.67,83.95,3.24002,2.72,225
11/19/2007,ProShares Ultra Basic Materials,UYM,83.95,90.07,-6.79472,-6.12,225
11/16/2007,ProShares Ultra Basic Materials,UYM,90.07,89.23,0.94139,0.84,225
11/15/2007,ProShares Ultra Basic Materials,UYM,89.23,93.94,-5.01384,-4.71,225
11/14/2007,ProShares Ultra Basic Materials,UYM,93.94,92.91,1.10860,1.03,225
11/13/2007,ProShares Ultra Basic Materials,UYM,92.91,88.74,4.69912,4.17,225
11/12/2007,ProShares Ultra Basic Materials,UYM,88.74,97.23,-8.73187,-8.49,225
11/09/2007,ProShares Ultra Basic Materials,UYM,97.23,101.32,-4.03672,-4.09,225
11/08/2007,ProShares Ultra Basic Materials,UYM,101.32,99.19,2.14739,2.13,225
11/07/2007,ProShares Ultra Basic Materials,UYM,99.19,105.3,-5.80247,-6.11,225
11/06/2007,ProShares Ultra Basic Materials,UYM,105.3,100.03,5.26842,5.27,225
11/05/2007,ProShares Ultra Basic Materials,UYM,100.03,102.3,-2.21896,-2.27,225
11/02/2007,ProShares Ultra Basic Materials,UYM,102.3,100.53,1.76067,1.77,225
11/01/2007,ProShares Ultra Basic Materials,UYM,100.53,108,-6.91667,-7.47,225
10/31/2007,ProShares Ultra Basic Materials,UYM,108,103.18,4.67145,4.82,225
10/30/2007,ProShares Ultra Basic Materials,UYM,103.18,108.19,-4.63074,-5.01,225
10/29/2007,ProShares Ultra Basic Materials,UYM,108.19,106.01,2.05641,2.18,225
10/26/2007,ProShares Ultra Basic Materials,UYM,106.01,102.04,3.89063,3.97,225
10/25/2007,ProShares Ultra Basic Materials,UYM,102.04,100.36,1.67397,1.68,225
10/24/2007,ProShares Ultra Basic Materials,UYM,100.36,99.23,1.13877,1.13,225
10/23/2007,ProShares Ultra Basic Materials,UYM,99.23,95.79,3.59119,3.44,225
10/22/2007,ProShares Ultra Basic Materials,UYM,95.79,96.92,-1.16591,-1.13,225
10/19/2007,ProShares Ultra Basic Materials,UYM,96.92,101.83,-4.82176,-4.91,225
10/18/2007,ProShares Ultra Basic Materials,UYM,101.83,99.21,2.64086,2.62,225
10/17/2007,ProShares Ultra Basic Materials,UYM,99.21,99.48,-0.27141,-0.27,225
10/16/2007,ProShares Ultra Basic Materials,UYM,99.48,102.03,-2.49926,-2.55,225
10/15/2007,ProShares Ultra Basic Materials,UYM,102.03,103.73,-1.63887,-1.7,225
10/12/2007,ProShares Ultra Basic Materials,UYM,103.73,101.7,1.99607,2.03,225
10/11/2007,ProShares Ultra Basic Materials,UYM,101.7,102.61,-0.88685,-0.91,225
10/10/2007,ProShares Ultra Basic Materials,UYM,102.61,102.93,-0.31089,-0.32,225
10/09/2007,ProShares Ultra Basic Materials,UYM,102.93,98.49,4.50807,4.44,225
10/08/2007,ProShares Ultra Basic Materials,UYM,98.49,99.47,-0.98522,-0.98,225
10/05/2007,ProShares Ultra Basic Materials,UYM,99.47,96.2,3.39917,3.27,225
10/04/2007,ProShares Ultra Basic Materials,UYM,96.2,95.79,0.42802,0.41,225
10/03/2007,ProShares Ultra Basic Materials,UYM,95.79,98.64,-2.88929,-2.85,225
10/02/2007,ProShares Ultra Basic Materials,UYM,98.64,100.09,-1.44870,-1.45,225
10/01/2007,ProShares Ultra Basic Materials,UYM,100.09,97.08,3.10054,3.01,225
09/28/2007,ProShares Ultra Basic Materials,UYM,97.08,98.16,-1.10024,-1.08,225
09/27/2007,ProShares Ultra Basic Materials,UYM,98.16,96.08,2.16486,2.08,225
09/26/2007,ProShares Ultra Basic Materials,UYM,96.08,93.9,2.32162,2.18,225
09/25/2007,ProShares Ultra Basic Materials,UYM,93.9,94.2,-0.31847,-0.3,225
09/24/2007,ProShares Ultra Basic Materials,UYM,94.2,95.02,-0.86298,-0.82,225
09/21/2007,ProShares Ultra Basic Materials,UYM,95.02,93.78,1.32224,1.24,225
09/20/2007,ProShares Ultra Basic Materials,UYM,93.78,93.95,-0.18095,-0.17,225
09/19/2007,ProShares Ultra Basic Materials,UYM,93.95,91.64,2.52073,2.31,225
09/18/2007,ProShares Ultra Basic Materials,UYM,91.64,84.77,8.10428,6.87,225
09/17/2007,ProShares Ultra Basic Materials,UYM,84.77,85.06,-0.34094,-0.29,225
09/14/2007,ProShares Ultra Basic Materials,UYM,85.06,83.75,1.56418,1.31,225
09/13/2007,ProShares Ultra Basic Materials,UYM,83.75,81.83,2.34633,1.92,225
09/12/2007,ProShares Ultra Basic Materials,UYM,81.83,82.06,-0.28028,-0.23,225
09/11/2007,ProShares Ultra Basic Materials,UYM,82.06,79.64,3.03867,2.42,225
09/10/2007,ProShares Ultra Basic Materials,UYM,79.64,81.3,-2.04182,-1.66,225
09/07/2007,ProShares Ultra Basic Materials,UYM,81.3,85.24,-4.62224,-3.94,225
09/06/2007,ProShares Ultra Basic Materials,UYM,85.24,83.21,2.43961,2.03,225
09/05/2007,ProShares Ultra Basic Materials,UYM,83.21,84.64,-1.68951,-1.43,225
09/04/2007,ProShares Ultra Basic Materials,UYM,84.64,82.78,2.24692,1.86,225
08/31/2007,ProShares Ultra Basic Materials,UYM,82.78,80.32,3.06275,2.46,225
08/30/2007,ProShares Ultra Basic Materials,UYM,80.32,80.62,-0.37212,-0.3,225
08/29/2007,ProShares Ultra Basic Materials,UYM,80.62,76.67,5.15195,3.95,225
08/28/2007,ProShares Ultra Basic Materials,UYM,76.67,81.46,-5.88019,-4.79,225
08/27/2007,ProShares Ultra Basic Materials,UYM,81.46,82.68,-1.47557,-1.22,225
08/24/2007,ProShares Ultra Basic Materials,UYM,82.68,79.51,3.98692,3.17,225
08/23/2007,ProShares Ultra Basic Materials,UYM,79.51,80.64,-1.40129,-1.13,225
08/22/2007,ProShares Ultra Basic Materials,UYM,80.64,75.83,6.34314,4.81,225
08/21/2007,ProShares Ultra Basic Materials,UYM,75.83,74.96,1.16062,0.87,225
08/20/2007,ProShares Ultra Basic Materials,UYM,74.96,72.95,2.75531,2.01,225
08/17/2007,ProShares Ultra Basic Materials,UYM,72.95,69.61,4.79816,3.34,225
08/16/2007,ProShares Ultra Basic Materials,UYM,69.61,71.66,-2.86073,-2.05,225
08/15/2007,ProShares Ultra Basic Materials,UYM,71.66,76.37,-6.16734,-4.71,150
08/14/2007,ProShares Ultra Basic Materials,UYM,76.37,80.44,-5.05967,-4.07,150
08/13/2007,ProShares Ultra Basic Materials,UYM,80.44,80.75,-0.38390,-0.31,150
08/10/2007,ProShares Ultra Basic Materials,UYM,80.75,80.42,0.41035,0.33,150
08/09/2007,ProShares Ultra Basic Materials,UYM,80.42,85.44,-5.87547,-5.02,150
08/08/2007,ProShares Ultra Basic Materials,UYM,85.44,81.77,4.48820,3.67,150
08/07/2007,ProShares Ultra Basic Materials,UYM,81.77,80.55,1.51459,1.22,150
08/06/2007,ProShares Ultra Basic Materials,UYM,80.55,79.57,1.23162,0.98,150
08/03/2007,ProShares Ultra Basic Materials,UYM,79.57,84.32,-5.63330,-4.75,150
08/02/2007,ProShares Ultra Basic Materials,UYM,84.32,84.79,-0.55431,-0.47,150
08/01/2007,ProShares Ultra Basic Materials,UYM,84.79,84.8,-0.01179,-0.01,150
07/31/2007,ProShares Ultra Basic Materials,UYM,84.8,85.75,-1.10787,-0.95,150
07/30/2007,ProShares Ultra Basic Materials,UYM,85.75,82.16,4.36952,3.59,150
07/27/2007,ProShares Ultra Basic Materials,UYM,82.16,85.62,-4.04111,-3.46,150
07/26/2007,ProShares Ultra Basic Materials,UYM,85.62,92.29,-7.22722,-6.67,150
07/25/2007,ProShares Ultra Basic Materials,UYM,92.29,94.22,-2.04840,-1.93,150
07/24/2007,ProShares Ultra Basic Materials,UYM,94.22,99.32,-5.13492,-5.1,150
07/23/2007,ProShares Ultra Basic Materials,UYM,99.32,99.08,0.24223,0.24,150
07/20/2007,ProShares Ultra Basic Materials,UYM,99.08,101.78,-2.65278,-2.7,150
07/19/2007,ProShares Ultra Basic Materials,UYM,101.78,101.21,0.56319,0.57,150
07/18/2007,ProShares Ultra Basic Materials,UYM,101.21,100.5,0.70647,0.71,150
07/17/2007,ProShares Ultra Basic Materials,UYM,100.5,99.23,1.27985,1.27,150
07/16/2007,ProShares Ultra Basic Materials,UYM,99.23,100.92,-1.67459,-1.69,150
07/13/2007,ProShares Ultra Basic Materials,UYM,100.92,98.58,2.37371,2.34,150
07/12/2007,ProShares Ultra Basic Materials,UYM,98.58,94.03,4.83888,4.55,150
07/11/2007,ProShares Ultra Basic Materials,UYM,94.03,92.25,1.92954,1.78,150
07/10/2007,ProShares Ultra Basic Materials,UYM,92.25,95.53,-3.43348,-3.28,150
07/09/2007,ProShares Ultra Basic Materials,UYM,95.53,94.72,0.85515,0.81,150
07/06/2007,ProShares Ultra Basic Materials,UYM,94.72,93.26,1.56552,1.46,150
07/05/2007,ProShares Ultra Basic Materials,UYM,93.26,92.45,0.87615,0.81,150
07/03/2007,ProShares Ultra Basic Materials,UYM,92.45,92.37,0.08661,0.08,150
07/02/2007,ProShares Ultra Basic Materials,UYM,92.37,89.34,3.39154,3.03,150
06/29/2007,ProShares Ultra Basic Materials,UYM,89.34,88.25,1.23513,1.09,150
06/28/2007,ProShares Ultra Basic Materials,UYM,88.25,87.32,1.06505,0.93,150
06/27/2007,ProShares Ultra Basic Materials,UYM,87.32,86.27,1.21711,1.05,150
06/26/2007,ProShares Ultra Basic Materials,UYM,86.27,89.16,-3.24136,-2.89,150
06/25/2007,ProShares Ultra Basic Materials,UYM,89.16,91.02,-2.04351,-1.86,150
06/22/2007,ProShares Ultra Basic Materials,UYM,91.02,92.15,-1.22626,-1.13,150
06/21/2007,ProShares Ultra Basic Materials,UYM,92.15,90.32,2.02613,1.83,150
06/20/2007,ProShares Ultra Basic Materials,UYM,90.32,93.01,-2.89216,-2.69,150
06/19/2007,ProShares Ultra Basic Materials,UYM,93.01,91.99,1.10882,1.02,150
06/18/2007,ProShares Ultra Basic Materials,UYM,91.99,92.42,-0.46527,-0.43,150
06/15/2007,ProShares Ultra Basic Materials,UYM,92.42,90.54,2.07643,1.88,150
06/14/2007,ProShares Ultra Basic Materials,UYM,90.54,89.06,1.66180,1.48,150
06/13/2007,ProShares Ultra Basic Materials,UYM,89.06,85.3,4.40797,3.76,150
06/12/2007,ProShares Ultra Basic Materials,UYM,85.3,87.39,-2.39158,-2.09,150
06/11/2007,ProShares Ultra Basic Materials,UYM,87.39,88.64,-1.41020,-1.25,150
06/08/2007,ProShares Ultra Basic Materials,UYM,88.64,85.64,3.50304,3,150
06/07/2007,ProShares Ultra Basic Materials,UYM,85.64,89.76,-4.59002,-4.12,150
06/06/2007,ProShares Ultra Basic Materials,UYM,89.76,92.58,-3.04601,-2.82,150
06/05/2007,ProShares Ultra Basic Materials,UYM,92.58,93.17,-0.63325,-0.59,150
06/04/2007,ProShares Ultra Basic Materials,UYM,93.17,93.53,-0.38490,-0.36,150
06/01/2007,ProShares Ultra Basic Materials,UYM,93.53,91.28,2.46494,2.25,150
05/31/2007,ProShares Ultra Basic Materials,UYM,91.28,90.59,0.76167,0.69,150
05/30/2007,ProShares Ultra Basic Materials,UYM,90.59,88.12,2.80300,2.47,150
05/29/2007,ProShares Ultra Basic Materials,UYM,88.12,88.56,-0.49684,-0.44,150
05/25/2007,ProShares Ultra Basic Materials,UYM,88.56,86.01,2.96477,2.55,150
05/24/2007,ProShares Ultra Basic Materials,UYM,86.01,88.86,-3.20729,-2.85,150
05/23/2007,ProShares Ultra Basic Materials,UYM,88.86,88.39,0.53173,0.47,150
05/22/2007,ProShares Ultra Basic Materials,UYM,88.39,89.22,-0.93028,-0.83,150
05/21/2007,ProShares Ultra Basic Materials,UYM,89.22,89.02,0.22467,0.2,150
05/18/2007,ProShares Ultra Basic Materials,UYM,89.02,87.52,1.71389,1.5,150
05/17/2007,ProShares Ultra Basic Materials,UYM,87.52,87.33,0.21757,0.19,150
05/16/2007,ProShares Ultra Basic Materials,UYM,87.33,87.03,0.34471,0.3,150
05/15/2007,ProShares Ultra Basic Materials,UYM,87.03,86.12,1.05667,0.91,150
05/14/2007,ProShares Ultra Basic Materials,UYM,86.12,86.9,-0.89758,-0.78,150
05/11/2007,ProShares Ultra Basic Materials,UYM,86.9,84.63,2.68226,2.27,150
05/10/2007,ProShares Ultra Basic Materials,UYM,84.63,87.83,-3.64340,-3.2,150
05/09/2007,ProShares Ultra Basic Materials,UYM,87.83,86.24,1.84369,1.59,150
05/08/2007,ProShares Ultra Basic Materials,UYM,86.24,86.09,0.17424,0.15,150
05/07/2007,ProShares Ultra Basic Materials,UYM,86.09,84.01,2.47590,2.08,150
05/04/2007,ProShares Ultra Basic Materials,UYM,84.01,83.42,0.70726,0.59,150
05/03/2007,ProShares Ultra Basic Materials,UYM,83.42,81.93,1.81863,1.49,150
05/02/2007,ProShares Ultra Basic Materials,UYM,81.93,79.57,2.96594,2.36,150
05/01/2007,ProShares Ultra Basic Materials,UYM,79.57,80.54,-1.20437,-0.97,150
04/30/2007,ProShares Ultra Basic Materials,UYM,80.54,83.53,-3.57955,-2.99,150
04/27/2007,ProShares Ultra Basic Materials,UYM,83.53,84.05,-0.61868,-0.52,150
04/26/2007,ProShares Ultra Basic Materials,UYM,84.05,84.75,-0.82596,-0.7,150
04/25/2007,ProShares Ultra Basic Materials,UYM,84.75,82.17,3.13983,2.58,150
04/24/2007,ProShares Ultra Basic Materials,UYM,82.17,82.84,-0.80879,-0.67,150
04/23/2007,ProShares Ultra Basic Materials,UYM,82.84,82.39,0.54618,0.45,150
04/20/2007,ProShares Ultra Basic Materials,UYM,82.39,80.6,2.22084,1.79,150
04/19/2007,ProShares Ultra Basic Materials,UYM,80.6,81.2,-0.73892,-0.6,150
04/18/2007,ProShares Ultra Basic Materials,UYM,81.2,82.5,-1.57576,-1.3,150
04/17/2007,ProShares Ultra Basic Materials,UYM,82.5,83.51,-1.20944,-1.01,150
04/16/2007,ProShares Ultra Basic Materials,UYM,83.51,81.4,2.59214,2.11,150
04/13/2007,ProShares Ultra Basic Materials,UYM,81.4,80.73,0.82993,0.67,150
04/12/2007,ProShares Ultra Basic Materials,UYM,80.73,79.08,2.08649,1.65,150
04/11/2007,ProShares Ultra Basic Materials,UYM,79.08,80.27,-1.48250,-1.19,150
04/10/2007,ProShares Ultra Basic Materials,UYM,80.27,81.18,-1.12097,-0.91,150
04/09/2007,ProShares Ultra Basic Materials,UYM,81.18,79.2,2.50000,1.98,150
04/05/2007,ProShares Ultra Basic Materials,UYM,79.2,78.98,0.27855,0.22,150
04/04/2007,ProShares Ultra Basic Materials,UYM,78.98,78.41,0.72695,0.57,150
04/03/2007,ProShares Ultra Basic Materials,UYM,78.41,76.83,2.05649,1.58,150
04/02/2007,ProShares Ultra Basic Materials,UYM,76.83,76.31,0.68143,0.52,150
03/30/2007,ProShares Ultra Basic Materials,UYM,76.31,76.37,-0.07856,-0.06,150
03/29/2007,ProShares Ultra Basic Materials,UYM,76.37,75.74,0.83179,0.63,150
03/28/2007,ProShares Ultra Basic Materials,UYM,75.74,76.97,-1.59803,-1.23,150
03/27/2007,ProShares Ultra Basic Materials,UYM,76.97,78.82,-2.34712,-1.85,150
03/26/2007,ProShares Ultra Basic Materials,UYM,78.82,77.47,1.74261,1.35,150
03/23/2007,ProShares Ultra Basic Materials,UYM,77.47,77.05,0.54510,0.42,150
03/22/2007,ProShares Ultra Basic Materials,UYM,77.05,77.28,-0.29762,-0.23,150
03/21/2007,ProShares Ultra Basic Materials,UYM,77.28,75.29,2.64311,1.99,150
03/20/2007,ProShares Ultra Basic Materials,UYM,75.29,74.35,1.26429,0.94,150
03/19/2007,ProShares Ultra Basic Materials,UYM,74.35,72.21,2.96358,2.14,150
03/16/2007,ProShares Ultra Basic Materials,UYM,72.21,73.41,-1.63465,-1.2,150
03/15/2007,ProShares Ultra Basic Materials,UYM,73.41,71.35,2.88718,2.06,150
03/14/2007,ProShares Ultra Basic Materials,UYM,71.35,70.1,1.78317,1.25,150
03/13/2007,ProShares Ultra Basic Materials,UYM,70.1,73.94,-5.19340,-3.84,150
03/12/2007,ProShares Ultra Basic Materials,UYM,73.94,73.13,1.10762,0.81,150
03/09/2007,ProShares Ultra Basic Materials,UYM,73.13,72.38,1.03620,0.75,150
03/08/2007,ProShares Ultra Basic Materials,UYM,72.38,70.54,2.60845,1.84,150
03/07/2007,ProShares Ultra Basic Materials,UYM,70.54,71.08,-0.75971,-0.54,150
03/06/2007,ProShares Ultra Basic Materials,UYM,71.08,67.99,4.54479,3.09,150
03/05/2007,ProShares Ultra Basic Materials,UYM,67.99,70.02,-2.89917,-2.03,150
03/02/2007,ProShares Ultra Basic Materials,UYM,70.02,72.91,-3.96379,-2.89,150
03/01/2007,ProShares Ultra Basic Materials,UYM,72.91,73.87,-1.29958,-0.96,150
02/28/2007,ProShares Ultra Basic Materials,UYM,73.87,72.97,1.23338,0.9,150
02/27/2007,ProShares Ultra Basic Materials,UYM,72.97,80.03,-8.82169,-7.06,150
02/26/2007,ProShares Ultra Basic Materials,UYM,80.03,79.39,0.80615,0.64,150
02/23/2007,ProShares Ultra Basic Materials,UYM,79.39,79.09,0.37931,0.3,150
02/22/2007,ProShares Ultra Basic Materials,UYM,79.09,79.3,-0.26482,-0.21,150
02/21/2007,ProShares Ultra Basic Materials,UYM,79.3,77.56,2.24342,1.74,150
02/20/2007,ProShares Ultra Basic Materials,UYM,77.56,77.2,0.46632,0.36,150
02/16/2007,ProShares Ultra Basic Materials,UYM,77.2,76.78,0.54702,0.42,150
02/15/2007,ProShares Ultra Basic Materials,UYM,76.78,76,1.02632,0.78,150
02/14/2007,ProShares Ultra Basic Materials,UYM,76,75.2,1.06383,0.8,150
02/13/2007,ProShares Ultra Basic Materials,UYM,75.2,72.3,4.01107,2.9,150
02/12/2007,ProShares Ultra Basic Materials,UYM,72.3,72.15,0.20790,0.15,150
02/09/2007,ProShares Ultra Basic Materials,UYM,72.15,72.76,-0.83837,-0.61,150
02/08/2007,ProShares Ultra Basic Materials,UYM,72.76,72.89,-0.17835,-0.13,150
02/07/2007,ProShares Ultra Basic Materials,UYM,72.89,72.99,-0.13701,-0.1,150
02/06/2007,ProShares Ultra Basic Materials,UYM,72.99,71.87,1.55837,1.12,150
02/05/2007,ProShares Ultra Basic Materials,UYM,71.87,72.63,-1.04640,-0.76,150
02/02/2007,ProShares Ultra Basic Materials,UYM,72.63,72.93,-0.41135,-0.3,150
02/01/2007,ProShares Ultra Basic Materials,UYM,72.93,71.55,1.92872,1.38,150
01/31/2007,ProShares Ultra Basic Materials,UYM,71.55,70,2.21429,1.55,150
01/30/2007,ProShares Ultra Basic Materials,UYM,70,70,0.00000,0,150
01/29/2007,ProShares Ultra Basic Materials,UYM,70,70,0.00000,0,0
