Date,ProShares Name,Ticker,NAV,Prior NAV,NAV Change (%),NAV Change ($),Shares Outstanding (000),Assets Under Management
09/28/2018,ProShares UltraPro QQQ,TQQQ,71.13,71.2,-0.09831,-0.07,57600,4097088000
09/27/2018,ProShares UltraPro QQQ,TQQQ,71.2,69.39,2.60845,1.81,57850,4118920000
09/26/2018,ProShares UltraPro QQQ,TQQQ,69.39,69.41,-0.02881,-0.02,58400,4052376000
09/25/2018,ProShares UltraPro QQQ,TQQQ,69.41,69.03,0.55049,0.38,64300,4463063000
09/24/2018,ProShares UltraPro QQQ,TQQQ,69.03,68.56,0.68553,0.47,64300,4438629000
09/21/2018,ProShares UltraPro QQQ,TQQQ,68.56,69.62,-1.52255,-1.06,58900,4038184000
09/20/2018,ProShares UltraPro QQQ,TQQQ,69.62,67.53,3.09492,2.09,58900,4100618000
09/19/2018,ProShares UltraPro QQQ,TQQQ,67.53,67.65,-0.17738,-0.12,59200,3997776000
09/18/2018,ProShares UltraPro QQQ,TQQQ,67.65,66.05,2.42241,1.6,63600,4302540000
09/17/2018,ProShares UltraPro QQQ,TQQQ,66.05,69.11,-4.42772,-3.06,64250,4243712500
09/14/2018,ProShares UltraPro QQQ,TQQQ,69.11,69.57,-0.66120,-0.46,59750,4129322500
09/13/2018,ProShares UltraPro QQQ,TQQQ,69.57,67.58,2.94466,1.99,59200,4118544000
09/12/2018,ProShares UltraPro QQQ,TQQQ,67.58,68.13,-0.80728,-0.55,58850,3977083000
09/11/2018,ProShares UltraPro QQQ,TQQQ,68.13,66.53,2.40493,1.6,62100,4230873000
09/10/2018,ProShares UltraPro QQQ,TQQQ,66.53,66.07,0.69623,0.46,61950,4121533500
09/07/2018,ProShares UltraPro QQQ,TQQQ,66.07,66.7,-0.94453,-0.63,56400,3726348000
09/06/2018,ProShares UltraPro QQQ,TQQQ,66.7,68.62,-2.79802,-1.92,55150,3678505000
09/05/2018,ProShares UltraPro QQQ,TQQQ,68.62,71.41,-3.90702,-2.79,53550,3674601000
09/04/2018,ProShares UltraPro QQQ,TQQQ,71.41,72.32,-1.25830,-0.91,52850,3774018500
08/31/2018,ProShares UltraPro QQQ,TQQQ,72.32,72,0.44444,0.32,52900,3825728000
08/30/2018,ProShares UltraPro QQQ,TQQQ,72,72.52,-0.71704,-0.52,53500,3852000000
08/29/2018,ProShares UltraPro QQQ,TQQQ,72.52,70.04,3.54083,2.48,53650,3890698000
08/28/2018,ProShares UltraPro QQQ,TQQQ,70.04,69.74,0.43017,0.3,55900,3915236000
08/27/2018,ProShares UltraPro QQQ,TQQQ,69.74,67.75,2.93727,1.99,55900,3898466000
08/24/2018,ProShares UltraPro QQQ,TQQQ,67.75,65.86,2.86972,1.89,54450,3688987500
08/23/2018,ProShares UltraPro QQQ,TQQQ,65.86,66.18,-0.48353,-0.32,55800,3674988000
08/22/2018,ProShares UltraPro QQQ,TQQQ,66.18,65.45,1.11536,0.73,56100,3712698000
08/21/2018,ProShares UltraPro QQQ,TQQQ,65.45,64.77,1.04987,0.68,56150,3675017500
08/20/2018,ProShares UltraPro QQQ,TQQQ,64.77,64.95,-0.27714,-0.18,56400,3653028000
08/17/2018,ProShares UltraPro QQQ,TQQQ,64.95,64.86,0.13876,0.09,56150,3646942500
08/16/2018,ProShares UltraPro QQQ,TQQQ,64.86,64.34,0.80821,0.52,55750,3615945000
08/15/2018,ProShares UltraPro QQQ,TQQQ,64.34,66.76,-3.62493,-2.42,55800,3590172000
08/14/2018,ProShares UltraPro QQQ,TQQQ,66.76,65.55,1.84592,1.21,54750,3655110000
08/13/2018,ProShares UltraPro QQQ,TQQQ,65.55,65.75,-0.30418,-0.2,54800,3592140000
08/10/2018,ProShares UltraPro QQQ,TQQQ,65.75,67.26,-2.24502,-1.51,55150,3626112500
08/09/2018,ProShares UltraPro QQQ,TQQQ,67.26,67.36,-0.14846,-0.1,55300,3719478000
08/08/2018,ProShares UltraPro QQQ,TQQQ,67.36,67.18,0.26794,0.18,55700,3751952000
08/07/2018,ProShares UltraPro QQQ,TQQQ,67.18,66.55,0.94666,0.63,56150,3772157000
08/06/2018,ProShares UltraPro QQQ,TQQQ,66.55,65.38,1.78954,1.17,56600,3766730000
08/03/2018,ProShares UltraPro QQQ,TQQQ,65.38,64.78,0.92621,0.6,57700,3772426000
08/02/2018,ProShares UltraPro QQQ,TQQQ,64.78,62.25,4.06426,2.53,58100,3763718000
08/01/2018,ProShares UltraPro QQQ,TQQQ,62.25,61.23,1.66585,1.02,58250,3626062500
07/31/2018,ProShares UltraPro QQQ,TQQQ,61.23,60.26,1.60969,0.97,57700,3532971000
07/30/2018,ProShares UltraPro QQQ,TQQQ,60.26,62.94,-4.25802,-2.68,56600,3410716000
07/27/2018,ProShares UltraPro QQQ,TQQQ,62.94,65.72,-4.23007,-2.78,56000,3524640000
07/26/2018,ProShares UltraPro QQQ,TQQQ,65.72,68.71,-4.35162,-2.99,55950,3677034000
07/25/2018,ProShares UltraPro QQQ,TQQQ,68.71,65.99,4.12184,2.72,54700,3758437000
07/24/2018,ProShares UltraPro QQQ,TQQQ,65.99,65.09,1.38270,0.9,54750,3612952500
07/23/2018,ProShares UltraPro QQQ,TQQQ,65.09,64.53,0.86781,0.56,55400,3605986000
07/20/2018,ProShares UltraPro QQQ,TQQQ,64.53,64.6,-0.10836,-0.07,55150,3558829500
07/19/2018,ProShares UltraPro QQQ,TQQQ,64.6,65.64,-1.58440,-1.04,56100,3624060000
07/18/2018,ProShares UltraPro QQQ,TQQQ,65.64,66.02,-0.57558,-0.38,56200,3688968000
07/17/2018,ProShares UltraPro QQQ,TQQQ,66.02,64.81,1.86700,1.21,56400,3723528000
07/16/2018,ProShares UltraPro QQQ,TQQQ,64.81,65.3,-0.75038,-0.49,56350,3652043500
07/13/2018,ProShares UltraPro QQQ,TQQQ,65.3,65.06,0.36889,0.24,56500,3689450000
07/12/2018,ProShares UltraPro QQQ,TQQQ,65.06,61.95,5.02018,3.11,57650,3750709000
07/11/2018,ProShares UltraPro QQQ,TQQQ,61.95,62.96,-1.60419,-1.01,58700,3636465000
07/10/2018,ProShares UltraPro QQQ,TQQQ,62.96,62.81,0.23882,0.15,60850,3831116000
07/09/2018,ProShares UltraPro QQQ,TQQQ,62.81,61.07,2.84919,1.74,61600,3869096000
07/06/2018,ProShares UltraPro QQQ,TQQQ,61.07,58.46,4.46459,2.61,59950,3661146500
07/05/2018,ProShares UltraPro QQQ,TQQQ,58.46,56.37,3.70765,2.09,61000,3566060000
07/03/2018,ProShares UltraPro QQQ,TQQQ,56.37,58.43,-3.52559,-2.06,60750,3424477500
07/02/2018,ProShares UltraPro QQQ,TQQQ,58.43,57.05,2.41893,1.38,60500,3535015000
06/29/2018,ProShares UltraPro QQQ,TQQQ,57.05,56.84,0.36946,0.21,60400,3445820000
06/28/2018,ProShares UltraPro QQQ,TQQQ,56.84,55.38,2.63633,1.46,59750,3396190000
06/27/2018,ProShares UltraPro QQQ,TQQQ,55.38,57.8,-4.18685,-2.42,59050,3270189000
06/26/2018,ProShares UltraPro QQQ,TQQQ,57.8,57.08,1.26139,0.72,58750,3395750000
06/25/2018,ProShares UltraPro QQQ,TQQQ,57.08,61.16,-6.67103,-4.08,58350,3330618000
06/22/2018,ProShares UltraPro QQQ,TQQQ,61.16,61.68,-0.84306,-0.52,56400,3449424000
06/21/2018,ProShares UltraPro QQQ,TQQQ,61.68,63.36,-2.65152,-1.68,56350,3475668000
06/20/2018,ProShares UltraPro QQQ,TQQQ,63.36,62.02,2.16059,1.34,56150,3557664000
06/19/2018,ProShares UltraPro QQQ,TQQQ,62.02,62.61,-0.94234,-0.59,56550,3507231000
06/18/2018,ProShares UltraPro QQQ,TQQQ,62.61,62.74,-0.20720,-0.13,56350,3528073500
06/15/2018,ProShares UltraPro QQQ,TQQQ,62.74,63.37,-0.99416,-0.63,56350,3535399000
06/14/2018,ProShares UltraPro QQQ,TQQQ,63.37,61.48,3.07417,1.89,56350,3570899500
06/13/2018,ProShares UltraPro QQQ,TQQQ,61.48,61.6,-0.19481,-0.12,57300,3522804000
06/12/2018,ProShares UltraPro QQQ,TQQQ,61.6,60.58,1.68372,1.02,58000,3572800000
06/11/2018,ProShares UltraPro QQQ,TQQQ,60.58,60.18,0.66467,0.4,58000,3513640000
06/08/2018,ProShares UltraPro QQQ,TQQQ,60.18,60.2,-0.03322,-0.02,58600,3526548000
06/07/2018,ProShares UltraPro QQQ,TQQQ,60.2,61.67,-2.38365,-1.47,58850,3542770000
06/06/2018,ProShares UltraPro QQQ,TQQQ,61.67,60.59,1.78247,1.08,58700,3620029000
06/05/2018,ProShares UltraPro QQQ,TQQQ,60.59,60.01,0.96651,0.58,59650,3614193500
06/04/2018,ProShares UltraPro QQQ,TQQQ,60.01,58.54,2.51110,1.47,60150,3609601500
06/01/2018,ProShares UltraPro QQQ,TQQQ,58.54,55.76,4.98565,2.78,60450,3538743000
05/31/2018,ProShares UltraPro QQQ,TQQQ,55.76,55.99,-0.41079,-0.23,61850,3448756000
05/30/2018,ProShares UltraPro QQQ,TQQQ,55.99,54.81,2.15289,1.18,62500,3499375000
05/29/2018,ProShares UltraPro QQQ,TQQQ,54.81,55.63,-1.47402,-0.82,63300,3469473000
05/25/2018,ProShares UltraPro QQQ,TQQQ,55.63,55.37,0.46957,0.26,62750,3490782500
05/24/2018,ProShares UltraPro QQQ,TQQQ,55.37,55.4967,-0.22830,-0.1267,63450,3513226500
05/23/2018,ProShares UltraPro QQQ,TQQQ,55.496666667,54.089966667,2.60067,1.4067,63450,3521263500.02115
05/22/2018,ProShares UltraPro QQQ,TQQQ,54.09,54.3767,-0.52725,-0.2867,63000,3407670000
05/21/2018,ProShares UltraPro QQQ,TQQQ,54.376666667,53.466666667,1.70200,0.91,63000,3425730000.021
05/18/2018,ProShares UltraPro QQQ,TQQQ,53.466666667,54.309966667,-1.55275,-0.8433,62850,3360380000.02095
05/17/2018,ProShares UltraPro QQQ,TQQQ,54.31,54.9833,-1.22455,-0.6733,62850,3413383500
05/16/2018,ProShares UltraPro QQQ,TQQQ,54.983333333,53.926633333,1.95951,1.0567,62850,3455702499.97905
05/15/2018,ProShares UltraPro QQQ,TQQQ,53.926666667,55.759966667,-3.28784,-1.8333,63150,3405469000.02105
05/14/2018,ProShares UltraPro QQQ,TQQQ,55.76,55.4833,0.49871,0.2767,63000,3512880000
05/11/2018,ProShares UltraPro QQQ,TQQQ,55.483333333,55.676633333,-0.34718,-0.1933,63600,3528739999.9788
05/10/2018,ProShares UltraPro QQQ,TQQQ,55.676666667,54.043366667,3.02220,1.6333,65400,3641254000.0218
05/09/2018,ProShares UltraPro QQQ,TQQQ,54.043333333,52.253333333,3.42562,1.79,65700,3550646999.9781
05/08/2018,ProShares UltraPro QQQ,TQQQ,52.253333333,52.406633333,-0.29252,-0.1533,65850,3440881999.97805
05/07/2018,ProShares UltraPro QQQ,TQQQ,52.406666667,51.216666667,2.32346,1.19,65850,3450979000.02195
05/04/2018,ProShares UltraPro QQQ,TQQQ,51.216666667,48.439966667,5.73225,2.7767,66300,3395665000.0221
05/03/2018,ProShares UltraPro QQQ,TQQQ,48.44,48.4833,-0.08931,-0.0433,69300,3356892000
05/02/2018,ProShares UltraPro QQQ,TQQQ,48.483333333,49.320033333,-1.69647,-0.8367,68850,3338077499.97705
05/01/2018,ProShares UltraPro QQQ,TQQQ,49.32,47.6767,3.44676,1.6433,70050,3454866000
04/30/2018,ProShares UltraPro QQQ,TQQQ,47.676666667,48.799966667,-2.30185,-1.1233,69900,3332599000.0233
04/27/2018,ProShares UltraPro QQQ,TQQQ,48.8,48.66,0.28771,0.14,70050,3418440000
04/26/2018,ProShares UltraPro QQQ,TQQQ,48.66,45.82,6.19817,2.84,71550,3481623000
04/25/2018,ProShares UltraPro QQQ,TQQQ,45.82,45.7233,0.21149,0.0967,73050,3347151000
04/24/2018,ProShares UltraPro QQQ,TQQQ,45.723333333,48.806633333,-6.31738,-3.0833,72450,3312655499.97585
04/23/2018,ProShares UltraPro QQQ,TQQQ,48.806666667,49.236666667,-0.87333,-0.43,72150,3521401000.02405
04/20/2018,ProShares UltraPro QQQ,TQQQ,49.236666667,51.699966667,-4.76461,-2.4633,71850,3537654500.02395
04/19/2018,ProShares UltraPro QQQ,TQQQ,51.7,53.0833,-2.60590,-1.3833,72150,3730155000
04/18/2018,ProShares UltraPro QQQ,TQQQ,53.083333333,52.703333333,0.72102,0.38,72000,3821999999.976
04/17/2018,ProShares UltraPro QQQ,TQQQ,52.703333333,49.566633333,6.32825,3.1367,72600,3826261999.9758
04/16/2018,ProShares UltraPro QQQ,TQQQ,49.566666667,48.546666667,2.10107,1.02,72750,3605975000.02425
04/13/2018,ProShares UltraPro QQQ,TQQQ,48.546666667,49.176666667,-1.28110,-0.63,73500,3568180000.0245
04/12/2018,ProShares UltraPro QQQ,TQQQ,49.176666667,47.616666667,3.27616,1.56,73950,3636614500.02465
04/11/2018,ProShares UltraPro QQQ,TQQQ,47.616666667,48.336666667,-1.48955,-0.72,74550,3549822500.02485
04/10/2018,ProShares UltraPro QQQ,TQQQ,48.336666667,45.326666667,6.64068,3.01,74400,3596248000.0248
04/09/2018,ProShares UltraPro QQQ,TQQQ,45.326666667,44.523366667,1.80422,0.8033,73650,3338309000.02455
04/06/2018,ProShares UltraPro QQQ,TQQQ,44.523333333,48.063333333,-7.36528,-3.54,74700,3325892999.9751
04/05/2018,ProShares UltraPro QQQ,TQQQ,48.063333333,47.330033333,1.54933,0.7333,74100,3561492999.9753
04/04/2018,ProShares UltraPro QQQ,TQQQ,47.33,45.1833,4.75109,2.1467,73200,3464556000
04/03/2018,ProShares UltraPro QQQ,TQQQ,45.183333333,43.780033333,3.20534,1.4033,73350,3314197499.97555
04/02/2018,ProShares UltraPro QQQ,TQQQ,43.78,47.95,-8.69656,-4.17,73500,3217830000
03/29/2018,ProShares UltraPro QQQ,TQQQ,47.95,45.42,5.57023,2.53,71100,3409245000
03/28/2018,ProShares UltraPro QQQ,TQQQ,45.42,46.92,-3.19693,-1.5,70050,3181671000
03/27/2018,ProShares UltraPro QQQ,TQQQ,46.92,52.1133,-9.96540,-5.1933,68700,3223404000
03/26/2018,ProShares UltraPro QQQ,TQQQ,52.113333333,46.820033333,11.30563,5.2933,65250,3400394999.97825
03/23/2018,ProShares UltraPro QQQ,TQQQ,46.82,50.8,-7.83465,-3.98,64350,3012867000
03/22/2018,ProShares UltraPro QQQ,TQQQ,50.8,54.94,-7.53549,-4.14,63750,3238500000
03/21/2018,ProShares UltraPro QQQ,TQQQ,54.94,55.7233,-1.40570,-0.7833,62850,3452979000
03/20/2018,ProShares UltraPro QQQ,TQQQ,55.723333333,55.220033333,0.91144,0.5033,61050,3401909499.97965
03/19/2018,ProShares UltraPro QQQ,TQQQ,55.22,59.1533,-6.64933,-3.9333,60600,3346332000
03/16/2018,ProShares UltraPro QQQ,TQQQ,59.153333333,59.440033333,-0.48233,-0.2867,59850,3540326999.98005
03/15/2018,ProShares UltraPro QQQ,TQQQ,59.44,59.7033,-0.44101,-0.2633,59700,3548568000
03/14/2018,ProShares UltraPro QQQ,TQQQ,59.703333333,59.853333333,-0.25061,-0.15,59400,3546377999.9802
03/13/2018,ProShares UltraPro QQQ,TQQQ,59.853333333,62.066633333,-3.56601,-2.2133,58650,3510397999.98045
03/12/2018,ProShares UltraPro QQQ,TQQQ,62.066666667,61.299966667,1.25073,0.7667,57450,3565730000.01915
03/09/2018,ProShares UltraPro QQQ,TQQQ,61.3,57.9467,5.78687,3.3533,57450,3521685000
03/08/2018,ProShares UltraPro QQQ,TQQQ,57.946666667,57.029966667,1.60740,0.9167,61800,3581104000.0206
03/07/2018,ProShares UltraPro QQQ,TQQQ,57.03,56.6333,0.70047,0.3967,61950,3533008500
03/06/2018,ProShares UltraPro QQQ,TQQQ,56.633333333,55.870033333,1.36621,0.7633,61350,3474454999.97955
03/05/2018,ProShares UltraPro QQQ,TQQQ,55.87,54.2,3.08118,1.67,61200,3419244000
03/02/2018,ProShares UltraPro QQQ,TQQQ,54.2,52.79,2.67096,1.41,60900,3300780000
03/01/2018,ProShares UltraPro QQQ,TQQQ,52.79,55.3267,-4.58495,-2.5367,60900,3214911000
02/28/2018,ProShares UltraPro QQQ,TQQQ,55.326666667,56.453366667,-1.99581,-1.1267,60600,3352796000.0202
02/27/2018,ProShares UltraPro QQQ,TQQQ,56.453333333,58.680033333,-3.79465,-2.2267,60150,3395667999.97995
02/26/2018,ProShares UltraPro QQQ,TQQQ,58.68,56.42,4.00567,2.26,59850,3511998000
02/23/2018,ProShares UltraPro QQQ,TQQQ,56.42,53.2433,5.96638,3.1767,59700,3368274000
02/22/2018,ProShares UltraPro QQQ,TQQQ,53.243333333,53.200033333,0.08139,0.0433,61650,3282451499.97945
02/21/2018,ProShares UltraPro QQQ,TQQQ,53.2,53.6867,-0.90656,-0.4867,61350,3263820000
02/20/2018,ProShares UltraPro QQQ,TQQQ,53.686666667,53.476666667,0.39269,0.21,62100,3333942000.0207
02/16/2018,ProShares UltraPro QQQ,TQQQ,53.476666667,54.066666667,-1.09125,-0.59,62700,3352987000.0209
02/15/2018,ProShares UltraPro QQQ,TQQQ,54.066666667,51.319966667,5.35211,2.7467,63150,3414310000.02105
02/14/2018,ProShares UltraPro QQQ,TQQQ,51.32,48.5433,5.72005,2.7767,62700,3217764000
02/13/2018,ProShares UltraPro QQQ,TQQQ,48.543333333,47.890033333,1.36417,0.6533,61350,2978133499.97955
02/12/2018,ProShares UltraPro QQQ,TQQQ,47.89,45.53,5.18340,2.36,60750,2909317500
02/09/2018,ProShares UltraPro QQQ,TQQQ,45.53,43.28,5.19871,2.25,60750,2765947500
02/08/2018,ProShares UltraPro QQQ,TQQQ,43.28,49.5267,-12.61279,-6.2467,60300,2609784000
02/07/2018,ProShares UltraPro QQQ,TQQQ,49.526666667,51.473366667,-3.78196,-1.9467,59400,2941884000.0198
02/06/2018,ProShares UltraPro QQQ,TQQQ,51.473333333,47.710033333,7.88786,3.7633,57300,2949421999.9809
02/05/2018,ProShares UltraPro QQQ,TQQQ,47.71,54.0633,-11.75159,-6.3533,57150,2726626500
02/02/2018,ProShares UltraPro QQQ,TQQQ,54.063333333,57.606633333,-6.15085,-3.5433,57300,3097828999.9809
02/01/2018,ProShares UltraPro QQQ,TQQQ,57.606666667,58.866666667,-2.14043,-1.26,58350,3361349000.01945
01/31/2018,ProShares UltraPro QQQ,TQQQ,58.866666667,58.376666667,0.83938,0.49,58050,3417210000.01935
01/30/2018,ProShares UltraPro QQQ,TQQQ,58.376666667,59.843366667,-2.45090,-1.4667,57750,3371252500.01925
01/29/2018,ProShares UltraPro QQQ,TQQQ,59.843333333,60.753333333,-1.49786,-0.91,56700,3393116999.9811
01/26/2018,ProShares UltraPro QQQ,TQQQ,60.753333333,58.076633333,4.60891,2.6767,56850,3453826999.98105
01/25/2018,ProShares UltraPro QQQ,TQQQ,58.076666667,58.176666667,-0.17189,-0.1,57000,3310370000.019
01/24/2018,ProShares UltraPro QQQ,TQQQ,58.176666667,59.313366667,-1.91643,-1.1367,56250,3272437500.01875
01/23/2018,ProShares UltraPro QQQ,TQQQ,59.313333333,57.886633333,2.46464,1.4267,55200,3274095999.9816
01/22/2018,ProShares UltraPro QQQ,TQQQ,57.886666667,56.123366667,3.14183,1.7633,54000,3125880000.018
01/19/2018,ProShares UltraPro QQQ,TQQQ,56.123333333,55.570033333,0.99568,0.5533,53250,2988567499.98225
01/18/2018,ProShares UltraPro QQQ,TQQQ,55.57,55.5633,0.01206,0.0067,52800,2934096000
01/17/2018,ProShares UltraPro QQQ,TQQQ,55.563333333,53.816633333,3.24565,1.7467,52800,2933743999.9824
01/16/2018,ProShares UltraPro QQQ,TQQQ,53.816666667,54.339966667,-0.96301,-0.5233,51600,2776940000.0172
01/12/2018,ProShares UltraPro QQQ,TQQQ,54.34,53.16,2.21971,1.18,50550,2746887000
01/11/2018,ProShares UltraPro QQQ,TQQQ,53.16,52.11,2.01497,1.05,50850,2703186000
01/10/2018,ProShares UltraPro QQQ,TQQQ,52.11,52.4767,-0.69879,-0.3667,50850,2649793500
01/09/2018,ProShares UltraPro QQQ,TQQQ,52.476666667,52.449966667,0.05091,0.0267,50250,2636952500.01675
01/08/2018,ProShares UltraPro QQQ,TQQQ,52.45,51.91,1.04026,0.54,50100,2627745000
01/05/2018,ProShares UltraPro QQQ,TQQQ,51.91,50.3433,3.11203,1.5667,50100,2600691000
01/04/2018,ProShares UltraPro QQQ,TQQQ,50.343333333,50.130033333,0.42549,0.2133,50400,2537303999.9832
01/03/2018,ProShares UltraPro QQQ,TQQQ,50.13,48.6933,2.95051,1.4367,50400,2526552000
01/02/2018,ProShares UltraPro QQQ,TQQQ,48.693333333,46.200033333,5.39675,2.4933,51600,2512575999.9828
12/29/2017,ProShares UltraPro QQQ,TQQQ,46.2,47.1933,-2.10475,-0.9933,51750,2390850000
12/28/2017,ProShares UltraPro QQQ,TQQQ,47.193333333,47.070033333,0.26195,0.1233,51900,2449333999.9827
12/27/2017,ProShares UltraPro QQQ,TQQQ,47.07,47.0333,0.07803,0.0367,51600,2428812000
12/26/2017,ProShares UltraPro QQQ,TQQQ,47.033333333,47.753333333,-1.50775,-0.72,51150,2405754999.98295
12/22/2017,ProShares UltraPro QQQ,TQQQ,47.753333333,47.923333333,-0.35473,-0.17,51150,2442582999.98295
12/21/2017,ProShares UltraPro QQQ,TQQQ,47.923333333,47.943333333,-0.04172,-0.02,51150,2451278499.98295
12/20/2017,ProShares UltraPro QQQ,TQQQ,47.943333333,48.130033333,-0.38791,-0.1867,51150,2452301499.98295
12/19/2017,ProShares UltraPro QQQ,TQQQ,48.13,48.87,-1.51422,-0.74,50700,2440191000
12/18/2017,ProShares UltraPro QQQ,TQQQ,48.87,47.82,2.19573,1.05,50250,2455717500
12/15/2017,ProShares UltraPro QQQ,TQQQ,47.82,46.17,3.57375,1.65,49950,2388609000
12/14/2017,ProShares UltraPro QQQ,TQQQ,46.17,46.2767,-0.23057,-0.1067,52050,2403148500
12/13/2017,ProShares UltraPro QQQ,TQQQ,46.276666667,46.043366667,0.50670,0.2333,52350,2422583500.01745
12/12/2017,ProShares UltraPro QQQ,TQQQ,46.043333333,46.273333333,-0.49705,-0.23,53100,2444900999.9823
12/11/2017,ProShares UltraPro QQQ,TQQQ,46.273333333,45.226633333,2.31434,1.0467,53850,2491818999.98205
12/08/2017,ProShares UltraPro QQQ,TQQQ,45.226666667,44.633366667,1.32927,0.5933,53850,2435456000.01795
12/07/2017,ProShares UltraPro QQQ,TQQQ,44.633333333,44.153333333,1.08712,0.48,55350,2470454999.98155
12/06/2017,ProShares UltraPro QQQ,TQQQ,44.153333333,43.576633333,1.32342,0.5767,55350,2443886999.98155
12/05/2017,ProShares UltraPro QQQ,TQQQ,43.576666667,43.549966667,0.06131,0.0267,54300,2366213000.0181
12/04/2017,ProShares UltraPro QQQ,TQQQ,43.55,45.1433,-3.52943,-1.5933,54150,2358232500
12/01/2017,ProShares UltraPro QQQ,TQQQ,45.143333333,45.743333333,-1.31167,-0.6,52800,2383567999.9824
11/30/2017,ProShares UltraPro QQQ,TQQQ,45.743333333,44.606633333,2.54828,1.1367,52800,2415247999.9824
11/29/2017,ProShares UltraPro QQQ,TQQQ,44.606666667,47.046666667,-5.18634,-2.44,52050,2321777000.01735
11/28/2017,ProShares UltraPro QQQ,TQQQ,47.046666667,46.673366667,0.79981,0.3733,49050,2307639000.01635
11/27/2017,ProShares UltraPro QQQ,TQQQ,46.673333333,46.753333333,-0.17111,-0.08,49050,2289326999.98365
11/24/2017,ProShares UltraPro QQQ,TQQQ,46.753333333,46.256633333,1.07379,0.4967,49050,2293250999.98365
11/22/2017,ProShares UltraPro QQQ,TQQQ,46.256666667,46.103366667,0.33251,0.1533,49500,2289705000.0165
11/21/2017,ProShares UltraPro QQQ,TQQQ,46.103333333,44.623333333,3.31665,1.48,49650,2289030499.98345
11/20/2017,ProShares UltraPro QQQ,TQQQ,44.623333333,44.753333333,-0.29048,-0.13,49950,2228935499.98335
11/17/2017,ProShares UltraPro QQQ,TQQQ,44.753333333,45.283333333,-1.17041,-0.53,49950,2235428999.98335
11/16/2017,ProShares UltraPro QQQ,TQQQ,45.283333333,43.580033333,3.90844,1.7033,50100,2268694999.9833
11/15/2017,ProShares UltraPro QQQ,TQQQ,43.58,44.26,-1.53638,-0.68,49950,2176821000
11/14/2017,ProShares UltraPro QQQ,TQQQ,44.26,44.7433,-1.08016,-0.4833,49650,2197509000
11/13/2017,ProShares UltraPro QQQ,TQQQ,44.743333333,44.596633333,0.32895,0.1467,49200,2201371999.9836
11/10/2017,ProShares UltraPro QQQ,TQQQ,44.596666667,44.599966667,-0.00740,-0.0033,48600,2167398000.0162
11/09/2017,ProShares UltraPro QQQ,TQQQ,44.6,45.3333,-1.61757,-0.7333,48600,2167560000
11/08/2017,ProShares UltraPro QQQ,TQQQ,45.333333333,44.806633333,1.17550,0.5267,48000,2175999999.984
11/07/2017,ProShares UltraPro QQQ,TQQQ,44.806666667,44.659966667,0.32848,0.1467,48600,2177604000.0162
11/06/2017,ProShares UltraPro QQQ,TQQQ,44.66,44.2633,0.89623,0.3967,48600,2170476000
11/03/2017,ProShares UltraPro QQQ,TQQQ,44.263333333,43.043333333,2.83435,1.22,48900,2164476999.9837
11/02/2017,ProShares UltraPro QQQ,TQQQ,43.043333333,43.310033333,-0.61579,-0.2667,49500,2130644999.9835
11/01/2017,ProShares UltraPro QQQ,TQQQ,43.31,43.3133,-0.00762,-0.0033,49050,2124355500
10/31/2017,ProShares UltraPro QQQ,TQQQ,43.313333333,42.880033333,1.01049,0.4333,48300,2092033999.9839
10/30/2017,ProShares UltraPro QQQ,TQQQ,42.88,42.5867,0.68871,0.2933,48450,2077536000
10/27/2017,ProShares UltraPro QQQ,TQQQ,42.586666667,39.173366667,8.71332,3.4133,48300,2056936000.0161
10/26/2017,ProShares UltraPro QQQ,TQQQ,39.173333333,39.523333333,-0.88555,-0.35,50550,1980211999.98315
10/25/2017,ProShares UltraPro QQQ,TQQQ,39.523333333,40.023333333,-1.24927,-0.5,50550,1997904499.98315
10/24/2017,ProShares UltraPro QQQ,TQQQ,40.023333333,39.783333333,0.60327,0.24,50250,2011172499.98325
10/23/2017,ProShares UltraPro QQQ,TQQQ,39.783333333,40.610033333,-2.03570,-0.8267,49800,1981209999.9834
10/20/2017,ProShares UltraPro QQQ,TQQQ,40.61,40.2933,0.78599,0.3167,49200,1998012000
10/19/2017,ProShares UltraPro QQQ,TQQQ,40.293333333,40.740033333,-1.09646,-0.4467,49350,1988475999.98355
10/18/2017,ProShares UltraPro QQQ,TQQQ,40.74,40.91,-0.41555,-0.17,48600,1979964000
10/17/2017,ProShares UltraPro QQQ,TQQQ,40.91,40.7533,0.38451,0.1567,48600,1988226000
10/16/2017,ProShares UltraPro QQQ,TQQQ,40.753333333,40.323333333,1.06638,0.43,48600,1980611999.9838
10/13/2017,ProShares UltraPro QQQ,TQQQ,40.323333333,39.883333333,1.10322,0.44,48600,1959713999.9838
10/12/2017,ProShares UltraPro QQQ,TQQQ,39.883333333,40.120033333,-0.58998,-0.2367,48750,1944312499.98375
10/11/2017,ProShares UltraPro QQQ,TQQQ,40.12,39.7733,0.87169,0.3467,48750,1955850000
10/10/2017,ProShares UltraPro QQQ,TQQQ,39.773333333,39.680033333,0.23513,0.0933,48750,1938949999.98375
10/09/2017,ProShares UltraPro QQQ,TQQQ,39.68,39.8033,-0.30977,-0.1233,48750,1934400000
10/06/2017,ProShares UltraPro QQQ,TQQQ,39.803333333,39.660033333,0.36132,0.1433,48900,1946382999.9837
10/05/2017,ProShares UltraPro QQQ,TQQQ,39.66,38.55,2.87938,1.11,50700,2010762000
10/04/2017,ProShares UltraPro QQQ,TQQQ,38.55,38.46,0.23401,0.09,51750,1994962500
10/03/2017,ProShares UltraPro QQQ,TQQQ,38.46,38.2,0.68063,0.26,52800,2030688000
10/02/2017,ProShares UltraPro QQQ,TQQQ,38.2,38.1533,0.12240,0.0467,53250,2034150000
09/29/2017,ProShares UltraPro QQQ,TQQQ,38.153333333,37.290033333,2.31510,0.8633,53700,2048833999.9821
09/28/2017,ProShares UltraPro QQQ,TQQQ,37.29,37.38,-0.24077,-0.09,54900,2047221000
09/27/2017,ProShares UltraPro QQQ,TQQQ,37.38,36.34,2.86186,1.04,54750,2046555000
09/26/2017,ProShares UltraPro QQQ,TQQQ,36.34,36.0867,0.70192,0.2533,58350,2120439000
09/25/2017,ProShares UltraPro QQQ,TQQQ,36.086666667,37.316666667,-3.29611,-1.23,57600,2078592000.0192
09/22/2017,ProShares UltraPro QQQ,TQQQ,37.316666667,37.373366667,-0.15171,-0.0567,50850,1897552500.01695
09/21/2017,ProShares UltraPro QQQ,TQQQ,37.373333333,38.123333333,-1.96730,-0.75,50850,1900433999.98305
09/20/2017,ProShares UltraPro QQQ,TQQQ,38.123333333,38.466633333,-0.89246,-0.3433,53100,2024348999.9823
09/19/2017,ProShares UltraPro QQQ,TQQQ,38.466666667,38.276666667,0.49639,0.19,52050,2002190000.01735
09/18/2017,ProShares UltraPro QQQ,TQQQ,38.276666667,38.409966667,-0.34705,-0.1333,49050,1877470500.01635
09/15/2017,ProShares UltraPro QQQ,TQQQ,38.41,38.0467,0.95488,0.3633,49050,1884010500
09/14/2017,ProShares UltraPro QQQ,TQQQ,38.046666667,38.733366667,-1.77289,-0.6867,49200,1871896000.0164
09/13/2017,ProShares UltraPro QQQ,TQQQ,38.733333333,38.570033333,0.42339,0.1633,50850,1969589999.98305
09/12/2017,ProShares UltraPro QQQ,TQQQ,38.57,38.28,0.75758,0.29,51300,1978641000
09/11/2017,ProShares UltraPro QQQ,TQQQ,38.28,37.0233,3.39435,1.2567,49350,1889118000
09/08/2017,ProShares UltraPro QQQ,TQQQ,37.023333333,38.003333333,-2.57872,-0.98,49800,1843761999.9834
09/07/2017,ProShares UltraPro QQQ,TQQQ,38.003333333,37.756633333,0.65340,0.2467,51900,1972372999.9827
09/06/2017,ProShares UltraPro QQQ,TQQQ,37.756666667,37.413366667,0.91759,0.3433,51900,1959571000.0173
09/05/2017,ProShares UltraPro QQQ,TQQQ,37.413333333,38.483333333,-2.78042,-1.07,50400,1885631999.9832
09/01/2017,ProShares UltraPro QQQ,TQQQ,38.483333333,38.503333333,-0.05194,-0.02,51000,1962649999.983
08/31/2017,ProShares UltraPro QQQ,TQQQ,38.503333333,37.450033333,2.81255,1.0533,52050,2004098499.98265
08/30/2017,ProShares UltraPro QQQ,TQQQ,37.45,36.1567,3.57693,1.2933,53400,1999830000
08/29/2017,ProShares UltraPro QQQ,TQQQ,36.156666667,35.716666667,1.23192,0.44,57450,2077200500.01915
08/28/2017,ProShares UltraPro QQQ,TQQQ,35.716666667,35.423366667,0.82798,0.2933,57600,2057280000.0192
08/25/2017,ProShares UltraPro QQQ,TQQQ,35.423333333,35.646633333,-0.62643,-0.2233,54600,1934113999.9818
08/24/2017,ProShares UltraPro QQQ,TQQQ,35.646666667,35.969966667,-0.89881,-0.3233,54900,1957002000.0183
08/23/2017,ProShares UltraPro QQQ,TQQQ,35.97,36.38,-1.12699,-0.41,54450,1958566500
08/22/2017,ProShares UltraPro QQQ,TQQQ,36.38,34.81,4.51020,1.57,54750,1991805000
08/21/2017,ProShares UltraPro QQQ,TQQQ,34.81,34.8967,-0.24845,-0.0867,54450,1895404500
08/18/2017,ProShares UltraPro QQQ,TQQQ,34.896666667,34.996666667,-0.28574,-0.1,54150,1889654500.01805
08/17/2017,ProShares UltraPro QQQ,TQQQ,34.996666667,37.286666667,-6.14161,-2.29,53400,1868822000.0178
08/16/2017,ProShares UltraPro QQQ,TQQQ,37.286666667,37.093366667,0.52112,0.1933,52350,1951957000.01745
08/15/2017,ProShares UltraPro QQQ,TQQQ,37.093333333,37.043333333,0.13498,0.05,52350,1941835999.98255
08/14/2017,ProShares UltraPro QQQ,TQQQ,37.043333333,35.643333333,3.92780,1.4,51900,1922548999.9827
08/11/2017,ProShares UltraPro QQQ,TQQQ,35.643333333,34.863333333,2.23731,0.78,51600,1839195999.9828
08/10/2017,ProShares UltraPro QQQ,TQQQ,34.863333333,37.290033333,-6.50764,-2.4267,51300,1788488999.9829
08/09/2017,ProShares UltraPro QQQ,TQQQ,37.29,37.4333,-0.38281,-0.1433,50250,1873822500
08/08/2017,ProShares UltraPro QQQ,TQQQ,37.433333333,37.590033333,-0.41687,-0.1567,50250,1881024999.98325
08/07/2017,ProShares UltraPro QQQ,TQQQ,37.59,36.94,1.75961,0.65,50850,1911451500
08/04/2017,ProShares UltraPro QQQ,TQQQ,36.94,36.78,0.43502,0.16,50850,1878399000
08/03/2017,ProShares UltraPro QQQ,TQQQ,36.78,37.2,-1.12903,-0.42,50850,1870263000
08/02/2017,ProShares UltraPro QQQ,TQQQ,37.2,36.8533,0.94076,0.3467,51000,1897200000
08/01/2017,ProShares UltraPro QQQ,TQQQ,36.853333333,36.583333333,0.73804,0.27,51900,1912687999.9827
07/31/2017,ProShares UltraPro QQQ,TQQQ,36.583333333,37.126633333,-1.46337,-0.5433,51450,1882212499.98285
07/28/2017,ProShares UltraPro QQQ,TQQQ,37.126666667,37.279966667,-0.41121,-0.1533,51600,1915736000.0172
07/27/2017,ProShares UltraPro QQQ,TQQQ,37.28,37.92,-1.68776,-0.64,51900,1934832000
07/26/2017,ProShares UltraPro QQQ,TQQQ,37.92,37.5533,0.97648,0.3667,56400,2138688000
07/25/2017,ProShares UltraPro QQQ,TQQQ,37.553333333,37.763333333,-0.55609,-0.21,56250,2112374999.98125
07/24/2017,ProShares UltraPro QQQ,TQQQ,37.763333333,37.390033333,0.99839,0.3733,52050,1965581499.98265
07/21/2017,ProShares UltraPro QQQ,TQQQ,37.39,37.39,0.00000,0,52350,1957366500
07/20/2017,ProShares UltraPro QQQ,TQQQ,37.39,37.2967,0.25016,0.0933,53400,1996626000
07/19/2017,ProShares UltraPro QQQ,TQQQ,37.296666667,36.633366667,1.81064,0.6633,53400,1991642000.0178
07/18/2017,ProShares UltraPro QQQ,TQQQ,36.633333333,35.893333333,2.06166,0.74,54900,2011169999.9817
07/17/2017,ProShares UltraPro QQQ,TQQQ,35.893333333,35.870033333,0.06496,0.0233,55650,1997463999.98145
07/14/2017,ProShares UltraPro QQQ,TQQQ,35.87,35.06,2.31033,0.81,55500,1990785000
07/13/2017,ProShares UltraPro QQQ,TQQQ,35.06,34.8067,0.72773,0.2533,57450,2014197000
07/12/2017,ProShares UltraPro QQQ,TQQQ,34.806666667,33.596666667,3.60155,1.21,57450,1999643000.01915
07/11/2017,ProShares UltraPro QQQ,TQQQ,33.596666667,33.323366667,0.82015,0.2733,57900,1945247000.0193
07/10/2017,ProShares UltraPro QQQ,TQQQ,33.323333333,32.676633333,1.97909,0.6467,57900,1929420999.9807
07/07/2017,ProShares UltraPro QQQ,TQQQ,32.676666667,31.686666667,3.12434,0.99,57600,1882176000.0192
07/06/2017,ProShares UltraPro QQQ,TQQQ,31.686666667,32.569966667,-2.71201,-0.8833,57600,1825152000.0192
07/05/2017,ProShares UltraPro QQQ,TQQQ,32.57,31.6767,2.82005,0.8933,57600,1876032000
07/03/2017,ProShares UltraPro QQQ,TQQQ,31.676666667,32.546666667,-2.67308,-0.87,57000,1805570000.019
06/30/2017,ProShares UltraPro QQQ,TQQQ,32.546666667,32.646666667,-0.30631,-0.1,57000,1855160000.019
06/29/2017,ProShares UltraPro QQQ,TQQQ,32.646666667,34.449966667,-5.23455,-1.8033,55650,1816787000.01855
06/28/2017,ProShares UltraPro QQQ,TQQQ,34.45,33.03,4.29912,1.42,55650,1917142500
06/27/2017,ProShares UltraPro QQQ,TQQQ,33.03,34.9567,-5.51168,-1.9267,55500,1833165000
06/26/2017,ProShares UltraPro QQQ,TQQQ,34.956666667,35.429966667,-1.33587,-0.4733,54750,1913877500.01825
06/23/2017,ProShares UltraPro QQQ,TQQQ,35.43,35.0133,1.19012,0.4167,54750,1939792500
06/22/2017,ProShares UltraPro QQQ,TQQQ,35.013333333,35.063333333,-0.14260,-0.05,55200,1932735999.9816
06/21/2017,ProShares UltraPro QQQ,TQQQ,35.063333333,34.070033333,2.91547,0.9933,55200,1935495999.9816
06/20/2017,ProShares UltraPro QQQ,TQQQ,34.07,34.9067,-2.39696,-0.8367,54900,1870443000
06/19/2017,ProShares UltraPro QQQ,TQQQ,34.906666667,33.313366667,4.78276,1.5933,54450,1900668000.01815
06/16/2017,ProShares UltraPro QQQ,TQQQ,33.313333333,33.663333333,-1.03971,-0.35,54000,1798919999.982
06/15/2017,ProShares UltraPro QQQ,TQQQ,33.663333333,34.126633333,-1.35759,-0.4633,54000,1817819999.982
06/14/2017,ProShares UltraPro QQQ,TQQQ,34.126666667,34.573366667,-1.29204,-0.4467,53550,1827483000.01785
06/13/2017,ProShares UltraPro QQQ,TQQQ,34.573333333,33.800033333,2.28787,0.7733,52950,1830657999.98235
06/12/2017,ProShares UltraPro QQQ,TQQQ,33.8,34.4133,-1.78216,-0.6133,51750,1749150000
06/09/2017,ProShares UltraPro QQQ,TQQQ,34.413333333,37.136633333,-7.33319,-2.7233,50400,1734431999.9832
06/08/2017,ProShares UltraPro QQQ,TQQQ,37.136666667,36.996666667,0.37841,0.14,50100,1860547000.0167
06/07/2017,ProShares UltraPro QQQ,TQQQ,36.996666667,36.599966667,1.08388,0.3967,50250,1859082500.01675
06/06/2017,ProShares UltraPro QQQ,TQQQ,36.6,37.01,-1.10781,-0.41,50250,1839150000
06/05/2017,ProShares UltraPro QQQ,TQQQ,37.01,37.0733,-0.17074,-0.0633,49200,1820892000
06/02/2017,ProShares UltraPro QQQ,TQQQ,37.073333333,35.873333333,3.34510,1.2,49050,1818446999.98365
06/01/2017,ProShares UltraPro QQQ,TQQQ,35.873333333,35.373333333,1.41349,0.5,50400,1808015999.9832
05/31/2017,ProShares UltraPro QQQ,TQQQ,35.373333333,35.486633333,-0.31928,-0.1133,50100,1772203999.9833
05/30/2017,ProShares UltraPro QQQ,TQQQ,35.486666667,35.376666667,0.31094,0.11,50100,1777882000.0167
05/26/2017,ProShares UltraPro QQQ,TQQQ,35.376666667,35.183366667,0.54941,0.1933,50100,1772371000.0167
05/25/2017,ProShares UltraPro QQQ,TQQQ,35.183333333,34.323333333,2.50558,0.86,50550,1778517499.98315
05/24/2017,ProShares UltraPro QQQ,TQQQ,34.323333333,33.853333333,1.38834,0.47,50400,1729895999.9832
05/23/2017,ProShares UltraPro QQQ,TQQQ,33.853333333,33.783333333,0.20720,0.07,50100,1696051999.9833
05/22/2017,ProShares UltraPro QQQ,TQQQ,33.783333333,32.950033333,2.52898,0.8333,49050,1657072499.98365
05/19/2017,ProShares UltraPro QQQ,TQQQ,32.95,32.5133,1.34314,0.4367,48450,1596427500
05/18/2017,ProShares UltraPro QQQ,TQQQ,32.513333333,31.733333333,2.45798,0.78,48450,1575270999.98385
05/17/2017,ProShares UltraPro QQQ,TQQQ,31.733333333,34.313333333,-7.51894,-2.58,47400,1504159999.9842
05/16/2017,ProShares UltraPro QQQ,TQQQ,34.313333333,33.906633333,1.19947,0.4067,47550,1631598999.98415
05/15/2017,ProShares UltraPro QQQ,TQQQ,33.906666667,33.586666667,0.95276,0.32,47550,1612262000.01585
05/12/2017,ProShares UltraPro QQQ,TQQQ,33.586666667,33.366666667,0.65934,0.22,47250,1586970000.01575
05/11/2017,ProShares UltraPro QQQ,TQQQ,33.366666667,33.449966667,-0.24903,-0.0833,47700,1591590000.0159
05/10/2017,ProShares UltraPro QQQ,TQQQ,33.45,33.3967,0.15960,0.0533,47700,1595565000
05/09/2017,ProShares UltraPro QQQ,TQQQ,33.396666667,33.053366667,1.03862,0.3433,47250,1577992500.01575
05/08/2017,ProShares UltraPro QQQ,TQQQ,33.053333333,32.830033333,0.68017,0.2233,46950,1551853999.98435
05/05/2017,ProShares UltraPro QQQ,TQQQ,32.83,32.4933,1.03621,0.3367,46650,1531519500
05/04/2017,ProShares UltraPro QQQ,TQQQ,32.493333333,32.473333333,0.06159,0.02,46650,1515813999.98445
05/03/2017,ProShares UltraPro QQQ,TQQQ,32.473333333,32.793333333,-0.97581,-0.32,46650,1514880999.98445
05/02/2017,ProShares UltraPro QQQ,TQQQ,32.793333333,32.546633333,0.75799,0.2467,46650,1529808999.98445
05/01/2017,ProShares UltraPro QQQ,TQQQ,32.546666667,31.763366667,2.46605,0.7833,45900,1493892000.0153
04/28/2017,ProShares UltraPro QQQ,TQQQ,31.763333333,31.560033333,0.64417,0.2033,45450,1443643499.98485
04/27/2017,ProShares UltraPro QQQ,TQQQ,31.56,31.0467,1.65332,0.5133,45750,1443870000
04/26/2017,ProShares UltraPro QQQ,TQQQ,31.046666667,31.176666667,-0.41698,-0.13,45750,1420385000.01525
04/25/2017,ProShares UltraPro QQQ,TQQQ,31.176666667,30.509966667,2.18519,0.6667,45600,1421656000.0152
04/24/2017,ProShares UltraPro QQQ,TQQQ,30.51,29.4433,3.62290,1.0667,46200,1409562000
04/21/2017,ProShares UltraPro QQQ,TQQQ,29.443333333,29.470033333,-0.09060,-0.0267,46200,1360281999.9846
04/20/2017,ProShares UltraPro QQQ,TQQQ,29.47,28.77,2.43309,0.7,46950,1383616500
04/19/2017,ProShares UltraPro QQQ,TQQQ,28.77,28.65,0.41885,0.12,46950,1350751500
04/18/2017,ProShares UltraPro QQQ,TQQQ,28.65,28.7767,-0.44029,-0.1267,46950,1345117500
04/17/2017,ProShares UltraPro QQQ,TQQQ,28.776666667,28.063366667,2.54175,0.7133,46950,1351064500.01565
04/13/2017,ProShares UltraPro QQQ,TQQQ,28.063333333,28.436633333,-1.31274,-0.3733,46800,1313363999.9844
04/12/2017,ProShares UltraPro QQQ,TQQQ,28.436666667,28.783366667,-1.20452,-0.3467,46800,1330836000.0156
04/11/2017,ProShares UltraPro QQQ,TQQQ,28.783333333,29.170033333,-1.32568,-0.3867,46200,1329789999.9846
04/10/2017,ProShares UltraPro QQQ,TQQQ,29.17,29.12,0.17170,0.05,46200,1347654000
04/07/2017,ProShares UltraPro QQQ,TQQQ,29.12,29.1633,-0.14847,-0.0433,46200,1345344000
04/06/2017,ProShares UltraPro QQQ,TQQQ,29.163333333,29.126633333,0.12600,0.0367,46200,1347345999.9846
04/05/2017,ProShares UltraPro QQQ,TQQQ,29.126666667,29.489966667,-1.23194,-0.3633,46200,1345652000.0154
04/04/2017,ProShares UltraPro QQQ,TQQQ,29.49,29.34,0.51125,0.15,46350,1366861500
04/03/2017,ProShares UltraPro QQQ,TQQQ,29.34,29.4,-0.20408,-0.06,46350,1359909000
03/31/2017,ProShares UltraPro QQQ,TQQQ,29.4,29.46,-0.20367,-0.06,45450,1336230000
03/30/2017,ProShares UltraPro QQQ,TQQQ,29.46,29.31,0.51177,0.15,45600,1343376000
03/29/2017,ProShares UltraPro QQQ,TQQQ,29.31,28.94,1.27851,0.37,45600,1336536000
03/28/2017,ProShares UltraPro QQQ,TQQQ,28.94,28.4167,1.84152,0.5233,45600,1319664000
03/27/2017,ProShares UltraPro QQQ,TQQQ,28.416666667,28.256666667,0.56624,0.16,45450,1291537500.01515
03/24/2017,ProShares UltraPro QQQ,TQQQ,28.256666667,28.119966667,0.48613,0.1367,45450,1284265500.01515
03/23/2017,ProShares UltraPro QQQ,TQQQ,28.12,28.32,-0.70621,-0.2,45600,1282272000
03/22/2017,ProShares UltraPro QQQ,TQQQ,28.32,27.78,1.94384,0.54,45600,1291392000
03/21/2017,ProShares UltraPro QQQ,TQQQ,27.78,29.0833,-4.48127,-1.3033,45600,1266768000
03/20/2017,ProShares UltraPro QQQ,TQQQ,29.083333333,29.013333333,0.24127,0.07,45300,1317474999.9849
03/17/2017,ProShares UltraPro QQQ,TQQQ,29.013333333,29.070033333,-0.19505,-0.0567,45300,1314303999.9849
03/16/2017,ProShares UltraPro QQQ,TQQQ,29.07,29.1333,-0.21728,-0.0633,45600,1325592000
03/15/2017,ProShares UltraPro QQQ,TQQQ,29.133333333,28.596633333,1.87679,0.5367,45600,1328479999.9848
03/14/2017,ProShares UltraPro QQQ,TQQQ,28.596666667,28.789966667,-0.67141,-0.1933,45600,1304008000.0152
03/13/2017,ProShares UltraPro QQQ,TQQQ,28.79,28.65,0.48866,0.14,45600,1312824000
03/10/2017,ProShares UltraPro QQQ,TQQQ,28.65,28.3067,1.21279,0.3433,45750,1310737500
03/09/2017,ProShares UltraPro QQQ,TQQQ,28.306666667,28.243366667,0.22412,0.0633,46350,1312014000.01545
03/08/2017,ProShares UltraPro QQQ,TQQQ,28.243333333,28.110033333,0.47421,0.1333,46350,1309078499.98455
03/07/2017,ProShares UltraPro QQQ,TQQQ,28.11,28.2533,-0.50720,-0.1433,46350,1302898500
03/06/2017,ProShares UltraPro QQQ,TQQQ,28.253333333,28.466633333,-0.74930,-0.2133,46350,1309541999.98455
03/03/2017,ProShares UltraPro QQQ,TQQQ,28.466666667,28.306666667,0.56524,0.16,45750,1302350000.01525
03/02/2017,ProShares UltraPro QQQ,TQQQ,28.306666667,28.753366667,-1.55356,-0.4467,45750,1295030000.01525
03/01/2017,ProShares UltraPro QQQ,TQQQ,28.753333333,27.800033333,3.42913,0.9533,45750,1315464999.98475
02/28/2017,ProShares UltraPro QQQ,TQQQ,27.8,28.0733,-0.97352,-0.2733,45750,1271850000
02/27/2017,ProShares UltraPro QQQ,TQQQ,28.073333333,28.000033333,0.26179,0.0733,45750,1284354999.98475
02/24/2017,ProShares UltraPro QQQ,TQQQ,28,27.8267,0.62278,0.1733,45750,1281000000
02/23/2017,ProShares UltraPro QQQ,TQQQ,27.826666667,28.143366667,-1.12531,-0.3167,45750,1273070000.01525
02/22/2017,ProShares UltraPro QQQ,TQQQ,28.143333333,28.120033333,0.08286,0.0233,45450,1279114499.98485
02/21/2017,ProShares UltraPro QQQ,TQQQ,28.12,27.72,1.44300,0.4,45150,1269618000
02/17/2017,ProShares UltraPro QQQ,TQQQ,27.72,27.35,1.35283,0.37,43050,1193346000
02/16/2017,ProShares UltraPro QQQ,TQQQ,27.35,27.3767,-0.09753,-0.0267,43200,1181520000
02/15/2017,ProShares UltraPro QQQ,TQQQ,27.376666667,26.903366667,1.75926,0.4733,43050,1178565500.01435
02/14/2017,ProShares UltraPro QQQ,TQQQ,26.903333333,26.646633333,0.96335,0.2567,43200,1162223999.9856
02/13/2017,ProShares UltraPro QQQ,TQQQ,26.646666667,26.179966667,1.78266,0.4667,42600,1135148000.0142
02/10/2017,ProShares UltraPro QQQ,TQQQ,26.18,25.9633,0.83464,0.2167,42150,1103487000
02/09/2017,ProShares UltraPro QQQ,TQQQ,25.963333333,25.696633333,1.03788,0.2667,42300,1098248999.9859
02/08/2017,ProShares UltraPro QQQ,TQQQ,25.696666667,25.539966667,0.61355,0.1567,42300,1086969000.0141
02/07/2017,ProShares UltraPro QQQ,TQQQ,25.54,25.2733,1.05526,0.2667,42300,1080342000
02/06/2017,ProShares UltraPro QQQ,TQQQ,25.273333333,25.183333333,0.35738,0.09,42300,1069061999.9859
02/03/2017,ProShares UltraPro QQQ,TQQQ,25.183333333,24.966633333,0.86796,0.2167,42300,1065254999.9859
02/02/2017,ProShares UltraPro QQQ,TQQQ,24.966666667,25.043366667,-0.30627,-0.0767,43500,1086050000.0145
02/01/2017,ProShares UltraPro QQQ,TQQQ,25.043333333,24.533333333,2.07880,0.51,43500,1089384999.9855
01/31/2017,ProShares UltraPro QQQ,TQQQ,24.533333333,24.713333333,-0.72835,-0.18,43200,1059839999.9856
01/30/2017,ProShares UltraPro QQQ,TQQQ,24.713333333,25.283333333,-2.25445,-0.57,43350,1071322999.98555
01/27/2017,ProShares UltraPro QQQ,TQQQ,25.283333333,25.116633333,0.66370,0.1667,43350,1096032499.98555
01/26/2017,ProShares UltraPro QQQ,TQQQ,25.116666667,25.039966667,0.30631,0.0767,43500,1092575000.0145
01/25/2017,ProShares UltraPro QQQ,TQQQ,25.04,24.3233,2.94656,0.7167,43500,1089240000
01/24/2017,ProShares UltraPro QQQ,TQQQ,24.323333333,23.826633333,2.08464,0.4967,43500,1058064999.9855
01/23/2017,ProShares UltraPro QQQ,TQQQ,23.826666667,23.793366667,0.13995,0.0333,42750,1018590000.01425
01/20/2017,ProShares UltraPro QQQ,TQQQ,23.793333333,23.626633333,0.70556,0.1667,42150,1002888999.98595
01/19/2017,ProShares UltraPro QQQ,TQQQ,23.626666667,23.693366667,-0.28151,-0.0667,42300,999408000.0141
01/18/2017,ProShares UltraPro QQQ,TQQQ,23.693333333,23.543333333,0.63712,0.15,42300,1002227999.9859
01/17/2017,ProShares UltraPro QQQ,TQQQ,23.543333333,23.756633333,-0.89785,-0.2133,43200,1017071999.9856
01/13/2017,ProShares UltraPro QQQ,TQQQ,23.756666667,23.506666667,1.06353,0.25,43350,1029851500.01445
01/12/2017,ProShares UltraPro QQQ,TQQQ,23.506666667,23.629966667,-0.52180,-0.1233,44100,1036644000.0147
01/11/2017,ProShares UltraPro QQQ,TQQQ,23.63,23.4267,0.86781,0.2033,44100,1042083000
01/10/2017,ProShares UltraPro QQQ,TQQQ,23.426666667,23.284966667,0.60855,0.1417,44100,1033116000.0147
01/09/2017,ProShares UltraPro QQQ,TQQQ,23.285,23.0433,1.04889,0.2417,45000,1047825000
01/06/2017,ProShares UltraPro QQQ,TQQQ,23.043333333,22.471633333,2.54410,0.5717,45300,1043862999.9849
01/05/2017,ProShares UltraPro QQQ,TQQQ,22.471666667,22.101666667,1.67408,0.37,47100,1058415500.0157
01/04/2017,ProShares UltraPro QQQ,TQQQ,22.101666667,21.746666667,1.63243,0.355,47100,1040988500.0157
01/03/2017,ProShares UltraPro QQQ,TQQQ,21.746666667,21.129966667,2.91860,0.6167,47100,1024268000.0157
12/30/2016,ProShares UltraPro QQQ,TQQQ,21.13,21.8517,-3.30272,-0.7217,47100,995223000
12/29/2016,ProShares UltraPro QQQ,TQQQ,21.851666667,21.961666667,-0.50087,-0.11,47100,1029213500.0157
12/28/2016,ProShares UltraPro QQQ,TQQQ,21.961666667,22.498366667,-2.38551,-0.5367,47100,1034394500.0157
12/27/2016,ProShares UltraPro QQQ,TQQQ,22.498333333,22.155033333,1.54954,0.3433,47100,1059671499.9843
12/23/2016,ProShares UltraPro QQQ,TQQQ,22.155,22.0817,0.33195,0.0733,48000,1063440000
12/22/2016,ProShares UltraPro QQQ,TQQQ,22.081666667,22.279966667,-0.89004,-0.1983,47700,1053295500.0159
12/21/2016,ProShares UltraPro QQQ,TQQQ,22.28,22.3517,-0.32078,-0.0717,47700,1062756000
12/20/2016,ProShares UltraPro QQQ,TQQQ,22.351666667,22.098366667,1.14624,0.2533,47700,1066174500.0159
12/19/2016,ProShares UltraPro QQQ,TQQQ,22.098333333,21.833333333,1.21374,0.265,46800,1034201999.9844
12/16/2016,ProShares UltraPro QQQ,TQQQ,21.833333333,22.085033333,-1.13969,-0.2517,46800,1021799999.9844
12/15/2016,ProShares UltraPro QQQ,TQQQ,22.085,21.9233,0.73757,0.1617,50100,1106458500
12/14/2016,ProShares UltraPro QQQ,TQQQ,21.923333333,22.120033333,-0.88924,-0.1967,50100,1098358999.9833
12/13/2016,ProShares UltraPro QQQ,TQQQ,22.12,21.3067,3.81711,0.8133,49800,1101576000
12/12/2016,ProShares UltraPro QQQ,TQQQ,21.306666667,21.594966667,-1.33503,-0.2883,52200,1112208000.0174
12/09/2016,ProShares UltraPro QQQ,TQQQ,21.595,21.1167,2.26503,0.4783,52800,1140216000
12/08/2016,ProShares UltraPro QQQ,TQQQ,21.116666667,21.024966667,0.43615,0.0917,55800,1178310000.0186
12/07/2016,ProShares UltraPro QQQ,TQQQ,21.025,20.225,3.95550,0.8,57300,1204732500
12/06/2016,ProShares UltraPro QQQ,TQQQ,20.225,20.0933,0.65544,0.1317,56100,1134622500
12/05/2016,ProShares UltraPro QQQ,TQQQ,20.093333333,19.615033333,2.43844,0.4783,56100,1127235999.9813
12/02/2016,ProShares UltraPro QQQ,TQQQ,19.615,19.55,0.33248,0.065,55500,1088632500
12/01/2016,ProShares UltraPro QQQ,TQQQ,19.55,20.535,-4.79669,-0.985,55500,1085025000
11/30/2016,ProShares UltraPro QQQ,TQQQ,20.535,21.3483,-3.80967,-0.8133,51600,1059606000
11/29/2016,ProShares UltraPro QQQ,TQQQ,21.348333333,21.136633333,1.00158,0.2117,51300,1095169499.9829
11/28/2016,ProShares UltraPro QQQ,TQQQ,21.136666667,21.298366667,-0.75921,-0.1617,51900,1096993000.0173
11/25/2016,ProShares UltraPro QQQ,TQQQ,21.298333333,21.090033333,0.98767,0.2083,52200,1111772999.9826
11/23/2016,ProShares UltraPro QQQ,TQQQ,21.09,21.3533,-1.23306,-0.2633,52500,1107225000
11/22/2016,ProShares UltraPro QQQ,TQQQ,21.353333333,21.160033333,0.91351,0.1933,52500,1121049999.9825
11/21/2016,ProShares UltraPro QQQ,TQQQ,21.16,20.51,3.16919,0.65,52800,1117248000
11/18/2016,ProShares UltraPro QQQ,TQQQ,20.51,20.75,-1.15663,-0.24,52800,1082928000
11/17/2016,ProShares UltraPro QQQ,TQQQ,20.75,20.3133,2.14982,0.4367,53400,1108050000
11/16/2016,ProShares UltraPro QQQ,TQQQ,20.313333333,19.965033333,1.74455,0.3483,53400,1084731999.9822
11/15/2016,ProShares UltraPro QQQ,TQQQ,19.965,19.1617,4.19222,0.8033,54600,1090089000
11/14/2016,ProShares UltraPro QQQ,TQQQ,19.161666667,19.779966667,-3.12589,-0.6183,54000,1034730000.018
11/11/2016,ProShares UltraPro QQQ,TQQQ,19.78,19.72,0.30426,0.06,52200,1032516000
11/10/2016,ProShares UltraPro QQQ,TQQQ,19.72,20.7283,-4.86436,-1.0083,48900,964308000
11/09/2016,ProShares UltraPro QQQ,TQQQ,20.728333333,20.470033333,1.26184,0.2583,48900,1013615499.9837
11/08/2016,ProShares UltraPro QQQ,TQQQ,20.47,20.0817,1.93360,0.3883,48900,1000983000
11/07/2016,ProShares UltraPro QQQ,TQQQ,20.081666667,18.719966667,7.27405,1.3617,49500,994042500.0165
11/04/2016,ProShares UltraPro QQQ,TQQQ,18.72,18.9467,-1.19651,-0.2267,48600,909792000
11/03/2016,ProShares UltraPro QQQ,TQQQ,18.946666667,19.488366667,-2.77961,-0.5417,48300,915124000.0161
11/02/2016,ProShares UltraPro QQQ,TQQQ,19.488333333,19.991633333,-2.51755,-0.5033,47400,923746999.9842
11/01/2016,ProShares UltraPro QQQ,TQQQ,19.991666667,20.433366667,-2.16166,-0.4417,47400,947605000.0158
10/31/2016,ProShares UltraPro QQQ,TQQQ,20.433333333,20.491633333,-0.28451,-0.0583,46800,956279999.9844
10/28/2016,ProShares UltraPro QQQ,TQQQ,20.491666667,20.889966667,-1.90666,-0.3983,42900,879092500.0143
10/27/2016,ProShares UltraPro QQQ,TQQQ,20.89,21.2083,-1.50083,-0.3183,42900,896181000
10/26/2016,ProShares UltraPro QQQ,TQQQ,21.208333333,21.621633333,-1.91151,-0.4133,42900,909837499.9857
10/25/2016,ProShares UltraPro QQQ,TQQQ,21.621666667,21.869966667,-1.13535,-0.2483,42900,927569500.0143
10/24/2016,ProShares UltraPro QQQ,TQQQ,21.87,21.1133,3.58400,0.7567,43800,957906000
10/21/2016,ProShares UltraPro QQQ,TQQQ,21.113333333,20.866633333,1.18227,0.2467,44700,943765999.9851
10/20/2016,ProShares UltraPro QQQ,TQQQ,20.866666667,20.919966667,-0.25478,-0.0533,46200,964040000.0154
10/19/2016,ProShares UltraPro QQQ,TQQQ,20.92,20.9633,-0.20655,-0.0433,45000,941400000
10/18/2016,ProShares UltraPro QQQ,TQQQ,20.963333333,20.408333333,2.71948,0.555,45300,949638999.9849
10/17/2016,ProShares UltraPro QQQ,TQQQ,20.408333333,20.570033333,-0.78609,-0.1617,45600,930619999.9848
10/14/2016,ProShares UltraPro QQQ,TQQQ,20.57,20.5033,0.32531,0.0667,45600,937992000
10/13/2016,ProShares UltraPro QQQ,TQQQ,20.503333333,20.718333333,-1.03773,-0.215,45600,934951999.9848
10/12/2016,ProShares UltraPro QQQ,TQQQ,20.718333333,20.751633333,-0.16047,-0.0333,46500,963402499.9845
10/11/2016,ProShares UltraPro QQQ,TQQQ,20.751666667,21.708366667,-4.40706,-0.9567,44700,927599500.0149
10/10/2016,ProShares UltraPro QQQ,TQQQ,21.708333333,21.325033333,1.79742,0.3833,44400,963849999.9852
10/07/2016,ProShares UltraPro QQQ,TQQQ,21.325,21.4517,-0.59063,-0.1267,44400,946830000
10/06/2016,ProShares UltraPro QQQ,TQQQ,21.451666667,21.503366667,-0.24043,-0.0517,44400,952454000.0148
10/05/2016,ProShares UltraPro QQQ,TQQQ,21.503333333,21.266633333,1.11301,0.2367,44400,954747999.9852
10/04/2016,ProShares UltraPro QQQ,TQQQ,21.266666667,21.363366667,-0.45264,-0.0967,43800,931480000.0146
10/03/2016,ProShares UltraPro QQQ,TQQQ,21.363333333,21.463333333,-0.46591,-0.1,44100,942122999.9853
09/30/2016,ProShares UltraPro QQQ,TQQQ,21.463333333,20.978333333,2.31191,0.485,43200,927215999.9856
09/29/2016,ProShares UltraPro QQQ,TQQQ,20.978333333,21.466633333,-2.27469,-0.4883,43500,912557499.9855
09/28/2016,ProShares UltraPro QQQ,TQQQ,21.466666667,21.353366667,0.53060,0.1133,43500,933800000.0145
09/27/2016,ProShares UltraPro QQQ,TQQQ,21.353333333,20.715033333,3.08134,0.6383,43200,922463999.9856
09/26/2016,ProShares UltraPro QQQ,TQQQ,20.715,21.2667,-2.59420,-0.5517,44100,913531500
09/23/2016,ProShares UltraPro QQQ,TQQQ,21.266666667,21.698366667,-1.98955,-0.4317,43800,931480000.0146
09/22/2016,ProShares UltraPro QQQ,TQQQ,21.698333333,21.206633333,2.31861,0.4917,44100,956896499.9853
09/21/2016,ProShares UltraPro QQQ,TQQQ,21.206666667,20.586666667,3.01166,0.62,44700,947938000.0149
09/20/2016,ProShares UltraPro QQQ,TQQQ,20.586666667,20.469966667,0.57010,0.1167,45000,926400000.015
09/19/2016,ProShares UltraPro QQQ,TQQQ,20.47,20.755,-1.37316,-0.285,46500,951855000
09/16/2016,ProShares UltraPro QQQ,TQQQ,20.755,20.7817,-0.12848,-0.0267,46500,965107500
09/15/2016,ProShares UltraPro QQQ,TQQQ,20.781666667,19.853366667,4.67578,0.9283,48300,1003754500.0161
09/14/2016,ProShares UltraPro QQQ,TQQQ,19.853333333,19.561633333,1.49118,0.2917,48300,958915999.9839
09/13/2016,ProShares UltraPro QQQ,TQQQ,19.561666667,20.091666667,-2.63791,-0.53,48300,944828500.0161
09/12/2016,ProShares UltraPro QQQ,TQQQ,20.091666667,19.074966667,5.33002,1.0167,48000,964400000.016
09/09/2016,ProShares UltraPro QQQ,TQQQ,19.075,20.655,-7.64948,-1.58,47400,904155000
09/08/2016,ProShares UltraPro QQQ,TQQQ,20.655,21.0217,-1.74439,-0.3667,46200,954261000
09/07/2016,ProShares UltraPro QQQ,TQQQ,21.021666667,20.991666667,0.14291,0.03,46200,971201000.0154
09/06/2016,ProShares UltraPro QQQ,TQQQ,20.991666667,20.598366667,1.90937,0.3933,46200,969815000.0154
09/02/2016,ProShares UltraPro QQQ,TQQQ,20.598333333,20.410033333,0.92259,0.1883,46500,957822499.9845
09/01/2016,ProShares UltraPro QQQ,TQQQ,20.41,20.2483,0.79859,0.1617,47400,967434000
08/31/2016,ProShares UltraPro QQQ,TQQQ,20.248333333,20.313333333,-0.31999,-0.065,48000,971919999.984
08/30/2016,ProShares UltraPro QQQ,TQQQ,20.313333333,20.510033333,-0.95904,-0.1967,47700,968945999.9841
08/29/2016,ProShares UltraPro QQQ,TQQQ,20.51,20.4067,0.50621,0.1033,47100,966021000
08/26/2016,ProShares UltraPro QQQ,TQQQ,20.406666667,20.303366667,0.50878,0.1033,47100,961154000.0157
08/25/2016,ProShares UltraPro QQQ,TQQQ,20.303333333,20.408333333,-0.51450,-0.105,47100,956286999.9843
08/24/2016,ProShares UltraPro QQQ,TQQQ,20.408333333,20.855033333,-2.14193,-0.4467,47100,961232499.9843
08/23/2016,ProShares UltraPro QQQ,TQQQ,20.855,20.725,0.62726,0.13,47100,982270500
08/22/2016,ProShares UltraPro QQQ,TQQQ,20.725,20.695,0.14496,0.03,49500,1025887500
08/19/2016,ProShares UltraPro QQQ,TQQQ,20.695,20.7283,-0.16065,-0.0333,49500,1024402500
08/18/2016,ProShares UltraPro QQQ,TQQQ,20.728333333,20.686633333,0.20158,0.0417,49200,1019833999.9836
08/17/2016,ProShares UltraPro QQQ,TQQQ,20.686666667,20.579966667,0.51847,0.1067,48600,1005372000.0162
08/16/2016,ProShares UltraPro QQQ,TQQQ,20.58,20.9367,-1.70371,-0.3567,48000,987840000
08/15/2016,ProShares UltraPro QQQ,TQQQ,20.936666667,20.673366667,1.27362,0.2633,48000,1004960000.016
08/12/2016,ProShares UltraPro QQQ,TQQQ,20.673333333,20.626633333,0.22641,0.0467,48000,992319999.984
08/11/2016,ProShares UltraPro QQQ,TQQQ,20.626666667,20.371666667,1.25174,0.255,50700,1045772000.0169
08/10/2016,ProShares UltraPro QQQ,TQQQ,20.371666667,20.529966667,-0.77107,-0.1583,50700,1032843500.0169
08/09/2016,ProShares UltraPro QQQ,TQQQ,20.53,20.39,0.68661,0.14,50700,1040871000
08/08/2016,ProShares UltraPro QQQ,TQQQ,20.39,20.475,-0.41514,-0.085,51000,1039890000
08/05/2016,ProShares UltraPro QQQ,TQQQ,20.475,19.8817,2.98415,0.5933,51000,1044225000
08/04/2016,ProShares UltraPro QQQ,TQQQ,19.881666667,19.729966667,0.76888,0.1517,51900,1031858500.0173
08/03/2016,ProShares UltraPro QQQ,TQQQ,19.73,19.5317,1.01527,0.1983,52800,1041744000
08/02/2016,ProShares UltraPro QQQ,TQQQ,19.531666667,19.993366667,-2.30927,-0.4617,52800,1031272000.0176
08/01/2016,ProShares UltraPro QQQ,TQQQ,19.993333333,19.673333333,1.62657,0.32,54300,1085637999.9819
07/29/2016,ProShares UltraPro QQQ,TQQQ,19.673333333,19.565033333,0.55354,0.1083,54600,1074163999.9818
07/28/2016,ProShares UltraPro QQQ,TQQQ,19.565,19.3333,1.19845,0.2317,56400,1103466000
07/27/2016,ProShares UltraPro QQQ,TQQQ,19.333333333,18.960033333,1.96888,0.3733,56400,1090399999.9812
07/26/2016,ProShares UltraPro QQQ,TQQQ,18.96,18.8867,0.38810,0.0733,56400,1069344000
07/25/2016,ProShares UltraPro QQQ,TQQQ,18.886666667,18.889966667,-0.01747,-0.0033,57600,1087872000.0192
07/22/2016,ProShares UltraPro QQQ,TQQQ,18.89,18.6617,1.22336,0.2283,57600,1088064000
07/21/2016,ProShares UltraPro QQQ,TQQQ,18.661666667,18.786666667,-0.66537,-0.125,59700,1114101500.0199
07/20/2016,ProShares UltraPro QQQ,TQQQ,18.786666667,18.151666667,3.49830,0.635,59700,1121564000.0199
07/19/2016,ProShares UltraPro QQQ,TQQQ,18.151666667,18.348366667,-1.07203,-0.1967,59700,1083654500.0199
07/18/2016,ProShares UltraPro QQQ,TQQQ,18.348333333,17.998333333,1.94462,0.35,60300,1106404499.9799
07/15/2016,ProShares UltraPro QQQ,TQQQ,17.998333333,18.078333333,-0.44252,-0.08,60300,1085299499.9799
07/14/2016,ProShares UltraPro QQQ,TQQQ,18.078333333,17.721633333,2.01279,0.3567,62700,1133511499.9791
07/13/2016,ProShares UltraPro QQQ,TQQQ,17.721666667,17.861666667,-0.78380,-0.14,63300,1121781500.0211
07/12/2016,ProShares UltraPro QQQ,TQQQ,17.861666667,17.598366667,1.49616,0.2633,64800,1157436000.0216
07/11/2016,ProShares UltraPro QQQ,TQQQ,17.598333333,17.298333333,1.73427,0.3,67200,1182607999.9776
07/08/2016,ProShares UltraPro QQQ,TQQQ,17.298333333,16.533333333,4.62702,0.765,67200,1162447999.9776
07/07/2016,ProShares UltraPro QQQ,TQQQ,16.533333333,16.371633333,0.98768,0.1617,71100,1175519999.9763
07/06/2016,ProShares UltraPro QQQ,TQQQ,16.371666667,16.001666667,2.31226,0.37,71100,1164025500.0237
07/05/2016,ProShares UltraPro QQQ,TQQQ,16.001666667,16.286666667,-1.74990,-0.285,71100,1137718500.0237
07/01/2016,ProShares UltraPro QQQ,TQQQ,16.286666667,16.066666667,1.36929,0.22,72300,1177526000.0241
06/30/2016,ProShares UltraPro QQQ,TQQQ,16.066666667,15.503366667,3.63340,0.5633,77100,1238740000.0257
06/29/2016,ProShares UltraPro QQQ,TQQQ,15.503333333,14.736633333,5.20268,0.7667,78900,1223212999.9737
06/28/2016,ProShares UltraPro QQQ,TQQQ,14.736666667,13.851666667,6.38912,0.885,78900,1162723000.0263
06/27/2016,ProShares UltraPro QQQ,TQQQ,13.851666667,14.726666667,-5.94160,-0.875,77100,1067963500.0257
06/24/2016,ProShares UltraPro QQQ,TQQQ,14.726666667,16.774966667,-12.21046,-2.0483,69000,1016140000.023
06/23/2016,ProShares UltraPro QQQ,TQQQ,16.775,16.0883,4.26832,0.6867,67500,1132312500
06/22/2016,ProShares UltraPro QQQ,TQQQ,16.088333333,16.186633333,-0.60729,-0.0983,67500,1085962499.9775
06/21/2016,ProShares UltraPro QQQ,TQQQ,16.186666667,16.043366667,0.89320,0.1433,67500,1092600000.0225
06/20/2016,ProShares UltraPro QQQ,TQQQ,16.043333333,15.766633333,1.75497,0.2767,68100,1092550999.9773
06/17/2016,ProShares UltraPro QQQ,TQQQ,15.766666667,16.319966667,-3.39033,-0.5533,67200,1059520000.0224
06/16/2016,ProShares UltraPro QQQ,TQQQ,16.32,16.1583,1.00072,0.1617,65700,1072224000
06/15/2016,ProShares UltraPro QQQ,TQQQ,16.158333333,16.330033333,-1.05144,-0.1717,64800,1047059999.9784
06/14/2016,ProShares UltraPro QQQ,TQQQ,16.33,16.3,0.18405,0.03,64800,1058184000
06/13/2016,ProShares UltraPro QQQ,TQQQ,16.3,16.7317,-2.58013,-0.4317,63900,1041570000
06/10/2016,ProShares UltraPro QQQ,TQQQ,16.731666667,17.328366667,-3.44349,-0.5967,63900,1069153500.0213
06/09/2016,ProShares UltraPro QQQ,TQQQ,17.328333333,17.421633333,-0.53554,-0.0933,63600,1102081999.9788
06/08/2016,ProShares UltraPro QQQ,TQQQ,17.421666667,17.329966667,0.52914,0.0917,63600,1108018000.0212
06/07/2016,ProShares UltraPro QQQ,TQQQ,17.33,17.4533,-0.70646,-0.1233,63600,1102188000
06/06/2016,ProShares UltraPro QQQ,TQQQ,17.453333333,17.295033333,0.91529,0.1583,64800,1130975999.9784
06/03/2016,ProShares UltraPro QQQ,TQQQ,17.295,17.545,-1.42491,-0.25,64800,1120716000
06/02/2016,ProShares UltraPro QQQ,TQQQ,17.545,17.4167,0.73665,0.1283,64800,1136916000
06/01/2016,ProShares UltraPro QQQ,TQQQ,17.416666667,17.461666667,-0.25771,-0.045,64800,1128600000.0216
05/31/2016,ProShares UltraPro QQQ,TQQQ,17.461666667,17.334966667,0.73089,0.1267,66000,1152470000.022
05/27/2016,ProShares UltraPro QQQ,TQQQ,17.335,17.0483,1.68169,0.2867,67200,1164912000
05/26/2016,ProShares UltraPro QQQ,TQQQ,17.048333333,16.916633333,0.77852,0.1317,72000,1227479999.976
05/25/2016,ProShares UltraPro QQQ,TQQQ,16.916666667,16.553366667,2.19472,0.3633,72000,1218000000.024
05/24/2016,ProShares UltraPro QQQ,TQQQ,16.553333333,15.593333333,6.15648,0.96,73200,1211703999.9756
05/23/2016,ProShares UltraPro QQQ,TQQQ,15.593333333,15.678333333,-0.54215,-0.085,75000,1169499999.975
05/20/2016,ProShares UltraPro QQQ,TQQQ,15.678333333,15.180033333,3.28260,0.4983,75000,1175874999.975
05/19/2016,ProShares UltraPro QQQ,TQQQ,15.18,15.4217,-1.56727,-0.2417,76200,1156716000
05/18/2016,ProShares UltraPro QQQ,TQQQ,15.421666667,15.258366667,1.07023,0.1633,75600,1165878000.0252
05/17/2016,ProShares UltraPro QQQ,TQQQ,15.258333333,15.858333333,-3.78350,-0.6,76800,1171839999.9744
05/16/2016,ProShares UltraPro QQQ,TQQQ,15.858333333,15.285033333,3.75073,0.5733,76500,1213162499.9745
05/13/2016,ProShares UltraPro QQQ,TQQQ,15.285,15.4517,-1.07885,-0.1667,76500,1169302500
05/12/2016,ProShares UltraPro QQQ,TQQQ,15.451666667,15.649966667,-1.26710,-0.1983,76500,1182052500.0255
05/11/2016,ProShares UltraPro QQQ,TQQQ,15.65,16.1017,-2.80529,-0.4517,75000,1173750000
05/10/2016,ProShares UltraPro QQQ,TQQQ,16.101666667,15.451666667,4.20667,0.65,75000,1207625000.025
05/09/2016,ProShares UltraPro QQQ,TQQQ,15.451666667,15.336666667,0.74984,0.115,75600,1168146000.0252
05/06/2016,ProShares UltraPro QQQ,TQQQ,15.336666667,15.116666667,1.45535,0.22,75600,1159452000.0252
05/05/2016,ProShares UltraPro QQQ,TQQQ,15.116666667,15.114966667,0.01125,0.0017,75000,1133750000.025
05/04/2016,ProShares UltraPro QQQ,TQQQ,15.115,15.4183,-1.96714,-0.3033,75000,1133625000
05/03/2016,ProShares UltraPro QQQ,TQQQ,15.418333333,15.851633333,-2.73347,-0.4333,75000,1156374999.975
05/02/2016,ProShares UltraPro QQQ,TQQQ,15.851666667,15.424966667,2.76629,0.4267,75000,1188875000.025
04/29/2016,ProShares UltraPro QQQ,TQQQ,15.425,15.6717,-1.57418,-0.2467,75000,1156875000
04/28/2016,ProShares UltraPro QQQ,TQQQ,15.671666667,16.251666667,-3.56886,-0.58,74100,1161270500.0247
04/27/2016,ProShares UltraPro QQQ,TQQQ,16.251666667,16.659966667,-2.45079,-0.4083,74100,1204248500.0247
04/26/2016,ProShares UltraPro QQQ,TQQQ,16.66,16.9,-1.42012,-0.24,74100,1234506000
04/25/2016,ProShares UltraPro QQQ,TQQQ,16.9,16.9033,-0.01952,-0.0033,73200,1237080000
04/22/2016,ProShares UltraPro QQQ,TQQQ,16.903333333,17.683333333,-4.41093,-0.78,72300,1222110999.9759
04/21/2016,ProShares UltraPro QQQ,TQQQ,17.683333333,17.680033333,0.01867,0.0033,72300,1278504999.9759
04/20/2016,ProShares UltraPro QQQ,TQQQ,17.68,17.6433,0.20801,0.0367,72300,1278264000
04/19/2016,ProShares UltraPro QQQ,TQQQ,17.643333333,18.013333333,-2.05403,-0.37,70800,1249147999.9764
04/18/2016,ProShares UltraPro QQQ,TQQQ,18.013333333,17.720033333,1.65519,0.2933,70800,1275343999.9764
04/15/2016,ProShares UltraPro QQQ,TQQQ,17.72,17.8567,-0.76554,-0.1367,70800,1254576000
04/14/2016,ProShares UltraPro QQQ,TQQQ,17.856666667,17.858366667,-0.00952,-0.0017,72600,1296394000.0242
04/13/2016,ProShares UltraPro QQQ,TQQQ,17.858333333,17.188333333,3.89799,0.67,72600,1296514999.9758
04/12/2016,ProShares UltraPro QQQ,TQQQ,17.188333333,16.768333333,2.50472,0.42,74100,1273655499.9753
04/11/2016,ProShares UltraPro QQQ,TQQQ,16.768333333,16.955033333,-1.10115,-0.1867,74100,1242533499.9753
04/08/2016,ProShares UltraPro QQQ,TQQQ,16.955,16.96,-0.02948,-0.005,74100,1256365500
04/07/2016,ProShares UltraPro QQQ,TQQQ,16.96,17.7633,-4.52225,-0.8033,74100,1256736000
04/06/2016,ProShares UltraPro QQQ,TQQQ,17.763333333,16.935033333,4.89104,0.8283,74100,1316262999.9753
04/05/2016,ProShares UltraPro QQQ,TQQQ,16.935,17.4117,-2.73781,-0.4767,74100,1254883500
04/04/2016,ProShares UltraPro QQQ,TQQQ,17.411666667,17.631666667,-1.24775,-0.22,74700,1300651500.0249
04/01/2016,ProShares UltraPro QQQ,TQQQ,17.631666667,17.078366667,3.23977,0.5533,74700,1317085500.0249
03/31/2016,ProShares UltraPro QQQ,TQQQ,17.078333333,17.163333333,-0.49524,-0.085,75900,1296245499.9747
03/30/2016,ProShares UltraPro QQQ,TQQQ,17.163333333,16.901633333,1.54837,0.2617,75900,1302696999.9747
03/29/2016,ProShares UltraPro QQQ,TQQQ,16.901666667,16.133366667,4.76218,0.7683,76800,1298048000.0256
03/28/2016,ProShares UltraPro QQQ,TQQQ,16.133333333,16.216633333,-0.51367,-0.0833,76800,1239039999.9744
03/24/2016,ProShares UltraPro QQQ,TQQQ,16.216666667,16.184966667,0.19586,0.0317,76800,1245440000.0256
03/23/2016,ProShares UltraPro QQQ,TQQQ,16.185,16.58,-2.38239,-0.395,79200,1281852000
03/22/2016,ProShares UltraPro QQQ,TQQQ,16.58,16.465,0.69845,0.115,79200,1313136000
03/21/2016,ProShares UltraPro QQQ,TQQQ,16.465,16.2867,1.09476,0.1783,79200,1304028000
03/18/2016,ProShares UltraPro QQQ,TQQQ,16.286666667,16.171666667,0.71112,0.115,80100,1304562000.0267
03/17/2016,ProShares UltraPro QQQ,TQQQ,16.171666667,16.216666667,-0.27749,-0.045,81900,1324459500.0273
03/16/2016,ProShares UltraPro QQQ,TQQQ,16.216666667,15.808366667,2.58281,0.4083,81900,1328145000.0273
03/15/2016,ProShares UltraPro QQQ,TQQQ,15.808333333,15.811633333,-0.02087,-0.0033,84300,1332642499.9719
03/14/2016,ProShares UltraPro QQQ,TQQQ,15.811666667,15.748366667,0.40195,0.0633,87000,1375615000.029
03/11/2016,ProShares UltraPro QQQ,TQQQ,15.748333333,14.965033333,5.23420,0.7833,87000,1370104999.971
03/10/2016,ProShares UltraPro QQQ,TQQQ,14.965,15.0317,-0.44373,-0.0667,89100,1333381500
03/09/2016,ProShares UltraPro QQQ,TQQQ,15.031666667,14.743366667,1.95546,0.2883,89100,1339321500.0297
03/08/2016,ProShares UltraPro QQQ,TQQQ,14.743333333,15.143333333,-2.64143,-0.4,89100,1313630999.9703
03/07/2016,ProShares UltraPro QQQ,TQQQ,15.143333333,15.416633333,-1.77276,-0.2733,89100,1349270999.9703
03/04/2016,ProShares UltraPro QQQ,TQQQ,15.416666667,15.384966667,0.20605,0.0317,89100,1373625000.0297
03/03/2016,ProShares UltraPro QQQ,TQQQ,15.385,15.4767,-0.59250,-0.0917,92400,1421574000
03/02/2016,ProShares UltraPro QQQ,TQQQ,15.476666667,15.471666667,0.03232,0.005,91800,1420758000.0306
03/01/2016,ProShares UltraPro QQQ,TQQQ,15.471666667,14.133366667,9.46908,1.3383,91800,1420299000.0306
02/29/2016,ProShares UltraPro QQQ,TQQQ,14.133333333,14.483333333,-2.41657,-0.35,95700,1352559999.9681
02/26/2016,ProShares UltraPro QQQ,TQQQ,14.483333333,14.540033333,-0.38996,-0.0567,95700,1386054999.9681
02/25/2016,ProShares UltraPro QQQ,TQQQ,14.54,14.1317,2.88925,0.4083,99900,1452546000
02/24/2016,ProShares UltraPro QQQ,TQQQ,14.131666667,13.754966667,2.73865,0.3767,99900,1411753500.0333
02/23/2016,ProShares UltraPro QQQ,TQQQ,13.755,14.4583,-4.86433,-0.7033,101100,1390630500
02/22/2016,ProShares UltraPro QQQ,TQQQ,14.458333333,13.793333333,4.82117,0.665,101400,1466074999.9662
02/19/2016,ProShares UltraPro QQQ,TQQQ,13.793333333,13.670033333,0.90197,0.1233,101400,1398643999.9662
02/18/2016,ProShares UltraPro QQQ,TQQQ,13.67,14.15,-3.39223,-0.48,102600,1402542000
02/17/2016,ProShares UltraPro QQQ,TQQQ,14.15,13.235,6.91349,0.915,102600,1451790000
02/16/2016,ProShares UltraPro QQQ,TQQQ,13.235,12.42,6.56200,0.815,102600,1357911000
02/12/2016,ProShares UltraPro QQQ,TQQQ,12.42,11.9067,4.31102,0.5133,103500,1285470000
02/11/2016,ProShares UltraPro QQQ,TQQQ,11.906666667,11.936666667,-0.25133,-0.03,105000,1250200000.035
02/10/2016,ProShares UltraPro QQQ,TQQQ,11.936666667,11.773366667,1.38703,0.1633,105000,1253350000.035
02/09/2016,ProShares UltraPro QQQ,TQQQ,11.773333333,11.890033333,-0.98149,-0.1167,105600,1243263999.9648
02/08/2016,ProShares UltraPro QQQ,TQQQ,11.89,12.4833,-4.75275,-0.5933,101400,1205646000
02/05/2016,ProShares UltraPro QQQ,TQQQ,12.483333333,13.920033333,-10.32110,-1.4367,96600,1205889999.9678
02/04/2016,ProShares UltraPro QQQ,TQQQ,13.92,13.9367,-0.11983,-0.0167,96600,1344672000
02/03/2016,ProShares UltraPro QQQ,TQQQ,13.936666667,14.143366667,-1.46146,-0.2067,95100,1325377000.0317
02/02/2016,ProShares UltraPro QQQ,TQQQ,14.143333333,15.130033333,-6.52147,-0.9867,95100,1345030999.9683
02/01/2016,ProShares UltraPro QQQ,TQQQ,15.13,15.0517,0.52021,0.0783,95100,1438863000
01/29/2016,ProShares UltraPro QQQ,TQQQ,15.051666667,14.113366667,6.64831,0.9383,95100,1431413500.0317
01/28/2016,ProShares UltraPro QQQ,TQQQ,14.113333333,13.546633333,4.18333,0.5667,96000,1354879999.968
01/27/2016,ProShares UltraPro QQQ,TQQQ,13.546666667,14.638366667,-7.45780,-1.0917,96000,1300480000.032
01/26/2016,ProShares UltraPro QQQ,TQQQ,14.638333333,14.258333333,2.66511,0.38,95400,1396496999.9682
01/25/2016,ProShares UltraPro QQQ,TQQQ,14.258333333,14.925033333,-4.46699,-0.6667,96600,1377354999.9678
01/22/2016,ProShares UltraPro QQQ,TQQQ,14.925,13.7583,8.47997,1.1667,96600,1441755000
01/21/2016,ProShares UltraPro QQQ,TQQQ,13.758333333,13.696633333,0.45048,0.0617,96600,1329054999.9678
01/20/2016,ProShares UltraPro QQQ,TQQQ,13.696666667,13.808366667,-0.80893,-0.1117,97800,1339534000.0326
01/19/2016,ProShares UltraPro QQQ,TQQQ,13.808333333,13.750033333,0.42400,0.0583,93600,1292459999.9688
01/15/2016,ProShares UltraPro QQQ,TQQQ,13.75,15.155,-9.27087,-1.405,91200,1254000000
01/14/2016,ProShares UltraPro QQQ,TQQQ,15.155,14.2383,6.43827,0.9167,91200,1382136000
01/13/2016,ProShares UltraPro QQQ,TQQQ,14.238333333,15.900033333,-10.45092,-1.6617,91200,1298535999.9696
01/12/2016,ProShares UltraPro QQQ,TQQQ,15.9,15.3617,3.50417,0.5383,89400,1421460000
01/11/2016,ProShares UltraPro QQQ,TQQQ,15.361666667,15.226666667,0.88660,0.135,84900,1304205500.0283
01/08/2016,ProShares UltraPro QQQ,TQQQ,15.226666667,15.606666667,-2.43486,-0.38,84900,1292744000.0283
01/07/2016,ProShares UltraPro QQQ,TQQQ,15.606666667,17.214966667,-9.34245,-1.6083,81600,1273504000.0272
01/06/2016,ProShares UltraPro QQQ,TQQQ,17.215,17.6933,-2.70328,-0.4783,78600,1353099000
01/05/2016,ProShares UltraPro QQQ,TQQQ,17.693333333,17.856633333,-0.91451,-0.1633,76200,1348231999.9746
01/04/2016,ProShares UltraPro QQQ,TQQQ,17.856666667,19.028366667,-6.15765,-1.1717,76200,1360678000.0254
12/31/2015,ProShares UltraPro QQQ,TQQQ,19.028333333,19.778333333,-3.79203,-0.75,71100,1352914499.9763
12/30/2015,ProShares UltraPro QQQ,TQQQ,19.778333333,20.288333333,-2.51376,-0.51,72000,1424039999.976
12/29/2015,ProShares UltraPro QQQ,TQQQ,20.288333333,19.406633333,4.54329,0.8817,75600,1533797999.9748
12/28/2015,ProShares UltraPro QQQ,TQQQ,19.406666667,19.428366667,-0.11169,-0.0217,76800,1490432000.0256
12/24/2015,ProShares UltraPro QQQ,TQQQ,19.428333333,19.453333333,-0.12851,-0.025,78900,1532895499.9737
12/23/2015,ProShares UltraPro QQQ,TQQQ,19.453333333,19.015033333,2.30502,0.4383,78900,1534867999.9737
12/22/2015,ProShares UltraPro QQQ,TQQQ,19.015,18.665,1.87517,0.35,79500,1511692500
12/21/2015,ProShares UltraPro QQQ,TQQQ,18.665,18.1083,3.07428,0.5567,78600,1467069000
12/18/2015,ProShares UltraPro QQQ,TQQQ,18.108333333,19.151633333,-5.44758,-1.0433,74700,1352692499.9751
12/17/2015,ProShares UltraPro QQQ,TQQQ,19.151666667,20.009966667,-4.28936,-0.8583,74700,1430629500.0249
12/16/2015,ProShares UltraPro QQQ,TQQQ,20.01,19.17,4.38185,0.84,74700,1494747000
12/15/2015,ProShares UltraPro QQQ,TQQQ,19.17,18.835,1.77860,0.335,75600,1449252000
12/14/2015,ProShares UltraPro QQQ,TQQQ,18.835,18.4333,2.17921,0.4017,72000,1356120000
12/11/2015,ProShares UltraPro QQQ,TQQQ,18.433333333,19.780033333,-6.80838,-1.3467,69000,1271899999.977
12/10/2015,ProShares UltraPro QQQ,TQQQ,19.78,19.5167,1.34910,0.2633,69000,1364820000
12/09/2015,ProShares UltraPro QQQ,TQQQ,19.516666667,20.466666667,-4.64169,-0.95,69000,1346650000.023
12/08/2015,ProShares UltraPro QQQ,TQQQ,20.466666667,20.453366667,0.06503,0.0133,66600,1363080000.0222
12/07/2015,ProShares UltraPro QQQ,TQQQ,20.453333333,20.750033333,-1.42988,-0.2967,67500,1380599999.9775
12/04/2015,ProShares UltraPro QQQ,TQQQ,20.75,19.3733,7.10617,1.3767,67500,1400625000
12/03/2015,ProShares UltraPro QQQ,TQQQ,19.373333333,20.413333333,-5.09471,-1.04,68400,1325135999.9772
12/02/2015,ProShares UltraPro QQQ,TQQQ,20.413333333,20.810033333,-1.90629,-0.3967,68400,1396271999.9772
12/01/2015,ProShares UltraPro QQQ,TQQQ,20.81,20.145,3.30107,0.665,69600,1448376000
11/30/2015,ProShares UltraPro QQQ,TQQQ,20.145,20.3533,-1.02342,-0.2083,69600,1402092000
11/27/2015,ProShares UltraPro QQQ,TQQQ,20.353333333,20.248333333,0.51856,0.105,69600,1416591999.9768
11/25/2015,ProShares UltraPro QQQ,TQQQ,20.248333333,20.205033333,0.21430,0.0433,69900,1415358499.9767
11/24/2015,ProShares UltraPro QQQ,TQQQ,20.205,20.275,-0.34525,-0.07,69900,1412329500
11/23/2015,ProShares UltraPro QQQ,TQQQ,20.275,20.4283,-0.75043,-0.1533,69900,1417222500
11/20/2015,ProShares UltraPro QQQ,TQQQ,20.428333333,20.030033333,1.98851,0.3983,68400,1397297999.9772
11/19/2015,ProShares UltraPro QQQ,TQQQ,20.03,20.005,0.12497,0.025,69300,1388079000
11/18/2015,ProShares UltraPro QQQ,TQQQ,20.005,18.915,5.76262,1.09,68700,1374343500
11/17/2015,ProShares UltraPro QQQ,TQQQ,18.915,18.8783,0.19440,0.0367,68700,1299460500
11/16/2015,ProShares UltraPro QQQ,TQQQ,18.878333333,18.115033333,4.21363,0.7633,64200,1211988999.9786
11/13/2015,ProShares UltraPro QQQ,TQQQ,18.115,19.2067,-5.68395,-1.0917,59700,1081465500
11/12/2015,ProShares UltraPro QQQ,TQQQ,19.206666667,19.803366667,-3.01312,-0.5967,59100,1135114000.0197
11/11/2015,ProShares UltraPro QQQ,TQQQ,19.803333333,19.865033333,-0.31060,-0.0617,59100,1170376999.9803
11/10/2015,ProShares UltraPro QQQ,TQQQ,19.865,20.0417,-0.88166,-0.1767,59100,1174021500
11/09/2015,ProShares UltraPro QQQ,TQQQ,20.041666667,20.723366667,-3.28952,-0.6817,59100,1184462500.0197
11/06/2015,ProShares UltraPro QQQ,TQQQ,20.723333333,20.668333333,0.26611,0.055,59100,1224748999.9803
11/05/2015,ProShares UltraPro QQQ,TQQQ,20.668333333,20.830033333,-0.77628,-0.1617,60900,1258701499.9797
11/04/2015,ProShares UltraPro QQQ,TQQQ,20.83,20.8367,-0.03215,-0.0067,60900,1268547000
11/03/2015,ProShares UltraPro QQQ,TQQQ,20.836666667,20.636666667,0.96915,0.2,60900,1268953000.0203
11/02/2015,ProShares UltraPro QQQ,TQQQ,20.636666667,19.929966667,3.54592,0.7067,60900,1256773000.0203
10/30/2015,ProShares UltraPro QQQ,TQQQ,19.93,20.215,-1.40984,-0.285,60900,1213737000
10/29/2015,ProShares UltraPro QQQ,TQQQ,20.215,20.3167,-0.50057,-0.1017,60900,1231093500
10/28/2015,ProShares UltraPro QQQ,TQQQ,20.316666667,19.811666667,2.54900,0.505,61500,1249475000.0205
10/27/2015,ProShares UltraPro QQQ,TQQQ,19.811666667,19.704966667,0.54149,0.1067,61500,1218417500.0205
10/26/2015,ProShares UltraPro QQQ,TQQQ,19.705,19.625,0.40764,0.08,61500,1211857500
10/23/2015,ProShares UltraPro QQQ,TQQQ,19.625,18.1583,8.07730,1.4667,61500,1206937500
10/22/2015,ProShares UltraPro QQQ,TQQQ,18.158333333,17.116633333,6.08589,1.0417,69000,1252924999.977
10/21/2015,ProShares UltraPro QQQ,TQQQ,17.116666667,17.409966667,-1.68467,-0.2933,72300,1237535000.0241
10/20/2015,ProShares UltraPro QQQ,TQQQ,17.41,17.695,-1.61062,-0.285,72300,1258743000
10/19/2015,ProShares UltraPro QQQ,TQQQ,17.695,17.42,1.57865,0.275,72900,1289965500
10/16/2015,ProShares UltraPro QQQ,TQQQ,17.42,17.1833,1.37750,0.2367,72900,1269918000
10/15/2015,ProShares UltraPro QQQ,TQQQ,17.183333333,16.378333333,4.91503,0.805,72900,1252664999.9757
10/14/2015,ProShares UltraPro QQQ,TQQQ,16.378333333,16.450033333,-0.43587,-0.0717,73800,1208720999.9754
10/13/2015,ProShares UltraPro QQQ,TQQQ,16.45,16.79,-2.02501,-0.34,75300,1238685000
10/12/2015,ProShares UltraPro QQQ,TQQQ,16.79,16.6483,0.85114,0.1417,75300,1264287000
10/09/2015,ProShares UltraPro QQQ,TQQQ,16.648333333,16.425033333,1.35951,0.2233,74700,1243630499.9751
10/08/2015,ProShares UltraPro QQQ,TQQQ,16.425,16.2383,1.14975,0.1867,78300,1286077500
10/07/2015,ProShares UltraPro QQQ,TQQQ,16.238333333,15.943333333,1.85030,0.295,78300,1271461499.9739
10/06/2015,ProShares UltraPro QQQ,TQQQ,15.943333333,16.218333333,-1.69561,-0.275,78300,1248362999.9739
10/05/2015,ProShares UltraPro QQQ,TQQQ,16.218333333,15.518333333,4.51079,0.7,80100,1299088499.9733
10/02/2015,ProShares UltraPro QQQ,TQQQ,15.518333333,14.733333333,5.32805,0.785,80100,1243018499.9733
10/01/2015,ProShares UltraPro QQQ,TQQQ,14.733333333,14.596633333,0.93652,0.1367,81000,1193399999.973
09/30/2015,ProShares UltraPro QQQ,TQQQ,14.596666667,13.621666667,7.15771,0.975,81000,1182330000.027
09/29/2015,ProShares UltraPro QQQ,TQQQ,13.621666667,13.826666667,-1.48264,-0.205,81300,1107441500.0271
09/28/2015,ProShares UltraPro QQQ,TQQQ,13.826666667,15.128366667,-8.60437,-1.3017,78000,1078480000.026
09/25/2015,ProShares UltraPro QQQ,TQQQ,15.128333333,15.526633333,-2.56527,-0.3983,77400,1170932999.9742
09/24/2015,ProShares UltraPro QQQ,TQQQ,15.526666667,15.664966667,-0.88286,-0.1383,78000,1211080000.026
09/23/2015,ProShares UltraPro QQQ,TQQQ,15.665,15.67,-0.03191,-0.005,78000,1221870000
09/22/2015,ProShares UltraPro QQQ,TQQQ,15.67,16.3767,-4.31528,-0.7067,78000,1222260000
09/21/2015,ProShares UltraPro QQQ,TQQQ,16.376666667,16.239966667,0.84175,0.1367,73500,1203685000.0245
09/18/2015,ProShares UltraPro QQQ,TQQQ,16.24,16.95,-4.18879,-0.71,72900,1183896000
09/17/2015,ProShares UltraPro QQQ,TQQQ,16.95,16.935,0.08857,0.015,72000,1220400000
09/16/2015,ProShares UltraPro QQQ,TQQQ,16.935,16.6683,1.60004,0.2667,72000,1219320000
09/15/2015,ProShares UltraPro QQQ,TQQQ,16.668333333,16.091633333,3.58385,0.5767,73200,1220121999.9756
09/14/2015,ProShares UltraPro QQQ,TQQQ,16.091666667,16.249966667,-0.97416,-0.1583,73200,1177910000.0244
09/11/2015,ProShares UltraPro QQQ,TQQQ,16.25,15.95,1.88088,0.3,73200,1189500000
09/10/2015,ProShares UltraPro QQQ,TQQQ,15.95,15.4833,3.01422,0.4667,73200,1167540000
09/09/2015,ProShares UltraPro QQQ,TQQQ,15.483333333,16.041633333,-3.48032,-0.5583,75900,1175184999.9747
09/08/2015,ProShares UltraPro QQQ,TQQQ,16.041666667,14.783366667,8.51159,1.2583,75900,1217562500.0253
09/04/2015,ProShares UltraPro QQQ,TQQQ,14.783333333,15.325033333,-3.53474,-0.5417,75900,1122054999.9747
09/03/2015,ProShares UltraPro QQQ,TQQQ,15.325,15.5617,-1.52104,-0.2367,75900,1163167500
09/02/2015,ProShares UltraPro QQQ,TQQQ,15.561666667,14.378366667,8.22972,1.1833,75900,1181130500.0253
09/01/2015,ProShares UltraPro QQQ,TQQQ,14.378333333,15.848333333,-9.27542,-1.47,75900,1091315499.9747
08/31/2015,ProShares UltraPro QQQ,TQQQ,15.848333333,16.463333333,-3.73557,-0.615,75900,1202888499.9747
08/28/2015,ProShares UltraPro QQQ,TQQQ,16.463333333,16.418333333,0.27408,0.045,74100,1219932999.9753
08/27/2015,ProShares UltraPro QQQ,TQQQ,16.418333333,15.276633333,7.47351,1.1417,74100,1216598499.9753
08/26/2015,ProShares UltraPro QQQ,TQQQ,15.276666667,13.263366667,15.17940,2.0133,73800,1127418000.0246
08/25/2015,ProShares UltraPro QQQ,TQQQ,13.263333333,13.483333333,-1.63164,-0.22,73200,970875999.9756
08/24/2015,ProShares UltraPro QQQ,TQQQ,13.483333333,15.210033333,-11.35237,-1.7267,73200,986979999.9756
08/21/2015,ProShares UltraPro QQQ,TQQQ,15.21,17.455,-12.86164,-2.245,61500,935415000
08/20/2015,ProShares UltraPro QQQ,TQQQ,17.455,19.05,-8.37270,-1.595,61500,1073482500
08/19/2015,ProShares UltraPro QQQ,TQQQ,19.05,19.4517,-2.06512,-0.4017,57900,1102995000
08/18/2015,ProShares UltraPro QQQ,TQQQ,19.451666667,19.738366667,-1.45250,-0.2867,58800,1143758000.0196
08/17/2015,ProShares UltraPro QQQ,TQQQ,19.738333333,19.280033333,2.37707,0.4583,58800,1160613999.9804
08/14/2015,ProShares UltraPro QQQ,TQQQ,19.28,19.1383,0.74040,0.1417,58800,1133664000
08/13/2015,ProShares UltraPro QQQ,TQQQ,19.138333333,19.245033333,-0.55443,-0.1067,57000,1090884999.981
08/12/2015,ProShares UltraPro QQQ,TQQQ,19.245,19.0633,0.95314,0.1817,57000,1096965000
08/11/2015,ProShares UltraPro QQQ,TQQQ,19.063333333,19.833333333,-3.88235,-0.77,55800,1063733999.9814
08/10/2015,ProShares UltraPro QQQ,TQQQ,19.833333333,19.161633333,3.50544,0.6717,53700,1065049999.9821
08/07/2015,ProShares UltraPro QQQ,TQQQ,19.161666667,19.266666667,-0.54498,-0.105,52200,1000239000.0174
08/06/2015,ProShares UltraPro QQQ,TQQQ,19.266666667,20.204966667,-4.64391,-0.9383,52200,1005720000.0174
08/05/2015,ProShares UltraPro QQQ,TQQQ,20.205,19.7433,2.33851,0.4617,52200,1054701000
08/04/2015,ProShares UltraPro QQQ,TQQQ,19.743333333,19.908333333,-0.82880,-0.165,52500,1036524999.9825
08/03/2015,ProShares UltraPro QQQ,TQQQ,19.908333333,20.025033333,-0.58277,-0.1167,52500,1045187499.9825
07/31/2015,ProShares UltraPro QQQ,TQQQ,20.025,20.1483,-0.61196,-0.1233,52500,1051312500
07/30/2015,ProShares UltraPro QQQ,TQQQ,20.148333333,19.923333333,1.12933,0.225,53400,1075920999.9822
07/29/2015,ProShares UltraPro QQQ,TQQQ,19.923333333,19.648333333,1.39961,0.275,53400,1063905999.9822
07/28/2015,ProShares UltraPro QQQ,TQQQ,19.648333333,19.130033333,2.70935,0.5183,51600,1013853999.9828
07/27/2015,ProShares UltraPro QQQ,TQQQ,19.13,19.625,-2.52229,-0.495,49800,952674000
07/24/2015,ProShares UltraPro QQQ,TQQQ,19.625,20.225,-2.96663,-0.6,49800,977325000
07/23/2015,ProShares UltraPro QQQ,TQQQ,20.225,20.4883,-1.28512,-0.2633,51000,1031475000
07/22/2015,ProShares UltraPro QQQ,TQQQ,20.488333333,21.186633333,-3.29595,-0.6983,51000,1044904999.983
07/21/2015,ProShares UltraPro QQQ,TQQQ,21.186666667,21.258366667,-0.33728,-0.0717,51000,1080520000.017
07/20/2015,ProShares UltraPro QQQ,TQQQ,21.258333333,21.018333333,1.14186,0.24,51000,1084174999.983
07/17/2015,ProShares UltraPro QQQ,TQQQ,21.018333333,20.141633333,4.35268,0.8767,51600,1084545999.9828
07/16/2015,ProShares UltraPro QQQ,TQQQ,20.141666667,19.294966667,4.38819,0.8467,60600,1220585000.0202
07/15/2015,ProShares UltraPro QQQ,TQQQ,19.295,19.235,0.31193,0.06,62700,1209796500
07/14/2015,ProShares UltraPro QQQ,TQQQ,19.235,18.87,1.93429,0.365,64800,1246428000
07/13/2015,ProShares UltraPro QQQ,TQQQ,18.87,17.9633,5.04751,0.9067,66300,1251081000
07/10/2015,ProShares UltraPro QQQ,TQQQ,17.963333333,17.160033333,4.68123,0.8033,66300,1190968999.9779
07/09/2015,ProShares UltraPro QQQ,TQQQ,17.16,17.1567,0.01923,0.0033,66300,1137708000
07/08/2015,ProShares UltraPro QQQ,TQQQ,17.156666667,18.108366667,-5.25558,-0.9517,65400,1122046000.0218
07/07/2015,ProShares UltraPro QQQ,TQQQ,18.108333333,17.983333333,0.69509,0.125,65400,1184284999.9782
07/06/2015,ProShares UltraPro QQQ,TQQQ,17.983333333,18.163333333,-0.99101,-0.18,64500,1159924999.9785
07/02/2015,ProShares UltraPro QQQ,TQQQ,18.163333333,18.115033333,0.26663,0.0483,62400,1133391999.9792
07/01/2015,ProShares UltraPro QQQ,TQQQ,18.115,17.7133,2.26779,0.4017,62400,1130376000
06/30/2015,ProShares UltraPro QQQ,TQQQ,17.713333333,17.511633333,1.15181,0.2017,62400,1105311999.9792
06/29/2015,ProShares UltraPro QQQ,TQQQ,17.511666667,18.823366667,-6.96847,-1.3117,57300,1003418500.0191
06/26/2015,ProShares UltraPro QQQ,TQQQ,18.823333333,19.201633333,-1.97014,-0.3783,52200,982577999.9826
06/25/2015,ProShares UltraPro QQQ,TQQQ,19.201666667,19.336666667,-0.69816,-0.135,53400,1025369000.0178
06/24/2015,ProShares UltraPro QQQ,TQQQ,19.336666667,19.651666667,-1.60292,-0.315,53400,1032578000.0178
06/23/2015,ProShares UltraPro QQQ,TQQQ,19.651666667,19.591666667,0.30625,0.06,53400,1049399000.0178
06/22/2015,ProShares UltraPro QQQ,TQQQ,19.591666667,19.201666667,2.03107,0.39,55500,1087337500.0185
06/19/2015,ProShares UltraPro QQQ,TQQQ,19.201666667,19.443366667,-1.24310,-0.2417,56400,1082974000.0188
06/18/2015,ProShares UltraPro QQQ,TQQQ,19.443333333,18.655033333,4.22567,0.7883,58500,1137434999.9805
06/17/2015,ProShares UltraPro QQQ,TQQQ,18.655,18.495,0.86510,0.16,62700,1169668500
06/16/2015,ProShares UltraPro QQQ,TQQQ,18.495,18.2117,1.55559,0.2833,61800,1142991000
06/15/2015,ProShares UltraPro QQQ,TQQQ,18.211666667,18.473366667,-1.41663,-0.2617,60300,1098163500.0201
06/12/2015,ProShares UltraPro QQQ,TQQQ,18.473333333,18.906633333,-2.29179,-0.4333,60300,1113941999.9799
06/11/2015,ProShares UltraPro QQQ,TQQQ,18.906666667,18.866666667,0.21201,0.04,61200,1157088000.0204
06/10/2015,ProShares UltraPro QQQ,TQQQ,18.866666667,18.149966667,3.94877,0.7167,61200,1154640000.0204
06/09/2015,ProShares UltraPro QQQ,TQQQ,18.15,18.2,-0.27473,-0.05,57600,1045440000
06/08/2015,ProShares UltraPro QQQ,TQQQ,18.2,18.775,-3.06258,-0.575,57300,1042860000
06/05/2015,ProShares UltraPro QQQ,TQQQ,18.775,18.9,-0.66138,-0.125,57300,1075807500
06/04/2015,ProShares UltraPro QQQ,TQQQ,18.9,19.3233,-2.19062,-0.4233,55500,1048950000
06/03/2015,ProShares UltraPro QQQ,TQQQ,19.323333333,19.183333333,0.72980,0.14,54000,1043459999.982
06/02/2015,ProShares UltraPro QQQ,TQQQ,19.183333333,19.351633333,-0.86969,-0.1683,54000,1035899999.982
06/01/2015,ProShares UltraPro QQQ,TQQQ,19.351666667,19.171666667,0.93889,0.18,54000,1044990000.018
05/29/2015,ProShares UltraPro QQQ,TQQQ,19.171666667,19.526666667,-1.81803,-0.355,54000,1035270000.018
05/28/2015,ProShares UltraPro QQQ,TQQQ,19.526666667,19.661666667,-0.68662,-0.135,54900,1072014000.0183
05/27/2015,ProShares UltraPro QQQ,TQQQ,19.661666667,18.743366667,4.89933,0.9183,56100,1103019500.0187
05/26/2015,ProShares UltraPro QQQ,TQQQ,18.743333333,19.443333333,-3.60021,-0.7,56100,1051500999.9813
05/22/2015,ProShares UltraPro QQQ,TQQQ,19.443333333,19.475033333,-0.16277,-0.0317,56700,1102436999.9811
05/21/2015,ProShares UltraPro QQQ,TQQQ,19.475,19.1667,1.60852,0.3083,58200,1133445000
05/20/2015,ProShares UltraPro QQQ,TQQQ,19.166666667,19.148366667,0.09557,0.0183,59400,1138500000.0198
05/19/2015,ProShares UltraPro QQQ,TQQQ,19.148333333,19.231633333,-0.43314,-0.0833,59400,1137410999.9802
05/18/2015,ProShares UltraPro QQQ,TQQQ,19.231666667,18.996666667,1.23706,0.235,59400,1142361000.0198
05/15/2015,ProShares UltraPro QQQ,TQQQ,18.996666667,19.006666667,-0.05261,-0.01,59100,1122703000.0197
05/14/2015,ProShares UltraPro QQQ,TQQQ,19.006666667,18.164966667,4.63364,0.8417,60300,1146102000.0201
05/13/2015,ProShares UltraPro QQQ,TQQQ,18.165,18.0967,0.37742,0.0683,61500,1117147500
05/12/2015,ProShares UltraPro QQQ,TQQQ,18.096666667,18.313366667,-1.18329,-0.2167,61500,1112945000.0205
05/11/2015,ProShares UltraPro QQQ,TQQQ,18.313333333,18.563333333,-1.34674,-0.25,61500,1126269999.9795
05/08/2015,ProShares UltraPro QQQ,TQQQ,18.563333333,17.870033333,3.87968,0.6933,62400,1158351999.9792
05/07/2015,ProShares UltraPro QQQ,TQQQ,17.87,17.575,1.67852,0.295,60900,1088283000
05/06/2015,ProShares UltraPro QQQ,TQQQ,17.575,17.9383,-2.02528,-0.3633,60900,1070317500
05/05/2015,ProShares UltraPro QQQ,TQQQ,17.938333333,18.848333333,-4.82801,-0.91,60900,1092444499.9797
05/04/2015,ProShares UltraPro QQQ,TQQQ,18.848333333,18.805033333,0.23026,0.0433,59400,1119590999.9802
05/01/2015,ProShares UltraPro QQQ,TQQQ,18.805,18.015,4.38523,0.79,58200,1094451000
04/30/2015,ProShares UltraPro QQQ,TQQQ,18.015,18.95,-4.93404,-0.935,58200,1048473000
04/29/2015,ProShares UltraPro QQQ,TQQQ,18.95,19.2967,-1.79668,-0.3467,58200,1102890000
04/28/2015,ProShares UltraPro QQQ,TQQQ,19.296666667,19.419966667,-0.63491,-0.1233,60000,1157800000.02
04/27/2015,ProShares UltraPro QQQ,TQQQ,19.42,19.5733,-0.78321,-0.1533,61200,1188504000
04/24/2015,ProShares UltraPro QQQ,TQQQ,19.573333333,18.820033333,4.00265,0.7533,61200,1197887999.9796
04/23/2015,ProShares UltraPro QQQ,TQQQ,18.82,18.6183,1.08334,0.2017,63900,1202598000
04/22/2015,ProShares UltraPro QQQ,TQQQ,18.618333333,18.313333333,1.66545,0.305,66600,1239980999.9778
04/21/2015,ProShares UltraPro QQQ,TQQQ,18.313333333,18.086633333,1.25341,0.2267,67500,1236149999.9775
04/20/2015,ProShares UltraPro QQQ,TQQQ,18.086666667,17.304966667,4.51720,0.7817,67500,1220850000.0225
04/17/2015,ProShares UltraPro QQQ,TQQQ,17.305,18.1333,-4.56784,-0.8283,68700,1188853500
04/16/2015,ProShares UltraPro QQQ,TQQQ,18.133333333,18.205033333,-0.39385,-0.0717,68700,1245759999.9771
04/15/2015,ProShares UltraPro QQQ,TQQQ,18.205,17.8783,1.82735,0.3267,68700,1250683500
04/14/2015,ProShares UltraPro QQQ,TQQQ,17.878333333,18.021633333,-0.79516,-0.1433,68700,1228241499.9771
04/13/2015,ProShares UltraPro QQQ,TQQQ,18.021666667,18.181666667,-0.88001,-0.16,69900,1259714500.0233
04/10/2015,ProShares UltraPro QQQ,TQQQ,18.181666667,17.961666667,1.22483,0.22,69900,1270898500.0233
04/09/2015,ProShares UltraPro QQQ,TQQQ,17.961666667,17.624966667,1.91036,0.3367,71100,1277074500.0237
04/08/2015,ProShares UltraPro QQQ,TQQQ,17.625,17.2417,2.22310,0.3833,71100,1253137500
04/07/2015,ProShares UltraPro QQQ,TQQQ,17.241666667,17.324966667,-0.48081,-0.0833,71100,1225882500.0237
04/06/2015,ProShares UltraPro QQQ,TQQQ,17.325,16.9167,2.41359,0.4083,70500,1221412500
04/02/2015,ProShares UltraPro QQQ,TQQQ,16.916666667,16.861666667,0.32618,0.055,69000,1167250000.023
04/01/2015,ProShares UltraPro QQQ,TQQQ,16.861666667,17.129966667,-1.56626,-0.2683,69000,1163455000.023
03/31/2015,ProShares UltraPro QQQ,TQQQ,17.13,17.715,-3.30229,-0.585,69000,1181970000
03/30/2015,ProShares UltraPro QQQ,TQQQ,17.715,17.1183,3.48574,0.5967,69000,1222335000
03/27/2015,ProShares UltraPro QQQ,TQQQ,17.118333333,16.910033333,1.23181,0.2083,66600,1140080999.9778
03/26/2015,ProShares UltraPro QQQ,TQQQ,16.91,17.0767,-0.97618,-0.1667,63900,1080549000
03/25/2015,ProShares UltraPro QQQ,TQQQ,17.076666667,18.341666667,-6.89687,-1.265,62400,1065584000.0208
03/24/2015,ProShares UltraPro QQQ,TQQQ,18.341666667,18.524966667,-0.98948,-0.1833,61500,1128012500.0205
03/23/2015,ProShares UltraPro QQQ,TQQQ,18.525,18.69,-0.88283,-0.165,59100,1094827500
03/20/2015,ProShares UltraPro QQQ,TQQQ,18.69,18.2983,2.14064,0.3917,58500,1093365000
03/19/2015,ProShares UltraPro QQQ,TQQQ,18.298333333,18.245033333,0.29213,0.0533,61800,1130836999.9794
03/18/2015,ProShares UltraPro QQQ,TQQQ,18.245,17.68,3.19570,0.565,61800,1127541000
03/17/2015,ProShares UltraPro QQQ,TQQQ,17.68,17.6183,0.35020,0.0617,61800,1092624000
03/16/2015,ProShares UltraPro QQQ,TQQQ,17.618333333,16.963333333,3.86127,0.655,61800,1088812999.9794
03/13/2015,ProShares UltraPro QQQ,TQQQ,16.963333333,17.218333333,-1.48098,-0.255,60900,1033066999.9797
03/12/2015,ProShares UltraPro QQQ,TQQQ,17.218333333,16.856633333,2.14574,0.3617,60900,1048596499.9797
03/11/2015,ProShares UltraPro QQQ,TQQQ,16.856666667,17.138366667,-1.64368,-0.2817,59400,1001286000.0198
03/10/2015,ProShares UltraPro QQQ,TQQQ,17.138333333,18.173333333,-5.69516,-1.035,59400,1018016999.9802
03/09/2015,ProShares UltraPro QQQ,TQQQ,18.173333333,18.003333333,0.94427,0.17,60000,1090399999.98
03/06/2015,ProShares UltraPro QQQ,TQQQ,18.003333333,18.668333333,-3.56218,-0.665,61200,1101803999.9796
03/05/2015,ProShares UltraPro QQQ,TQQQ,18.668333333,18.583333333,0.45740,0.085,61200,1142501999.9796
03/04/2015,ProShares UltraPro QQQ,TQQQ,18.583333333,18.756633333,-0.92394,-0.1733,61200,1137299999.9796
03/03/2015,ProShares UltraPro QQQ,TQQQ,18.756666667,19.064966667,-1.61710,-0.3083,61800,1159162000.0206
03/02/2015,ProShares UltraPro QQQ,TQQQ,19.065,18.5317,2.87777,0.5333,61800,1178217000
02/27/2015,ProShares UltraPro QQQ,TQQQ,18.531666667,18.803366667,-1.44495,-0.2717,63300,1173054500.0211
02/26/2015,ProShares UltraPro QQQ,TQQQ,18.803333333,18.531633333,1.46614,0.2717,63300,1190250999.9789
02/25/2015,ProShares UltraPro QQQ,TQQQ,18.531666667,18.664966667,-0.71417,-0.1333,65100,1206411500.0217
02/24/2015,ProShares UltraPro QQQ,TQQQ,18.665,18.6433,0.11640,0.0217,65100,1215091500
02/23/2015,ProShares UltraPro QQQ,TQQQ,18.643333333,18.565033333,0.42176,0.0783,65100,1213680999.9783
02/20/2015,ProShares UltraPro QQQ,TQQQ,18.565,18.1817,2.10816,0.3833,64500,1197442500
02/19/2015,ProShares UltraPro QQQ,TQQQ,18.181666667,17.926666667,1.42246,0.255,66000,1199990000.022
02/18/2015,ProShares UltraPro QQQ,TQQQ,17.926666667,17.859966667,0.37346,0.0667,67200,1204672000.0224
02/17/2015,ProShares UltraPro QQQ,TQQQ,17.86,17.8167,0.24303,0.0433,67200,1200192000
02/13/2015,ProShares UltraPro QQQ,TQQQ,17.816666667,17.383366667,2.49261,0.4333,68100,1213315000.0227
02/12/2015,ProShares UltraPro QQQ,TQQQ,17.383333333,16.788333333,3.54413,0.595,69900,1215094999.9767
02/11/2015,ProShares UltraPro QQQ,TQQQ,16.788333333,16.598333333,1.14469,0.19,71400,1198686999.9762
02/10/2015,ProShares UltraPro QQQ,TQQQ,16.598333333,15.860033333,4.65510,0.7383,72000,1195079999.976
02/09/2015,ProShares UltraPro QQQ,TQQQ,15.86,16.005,-0.90597,-0.145,72000,1141920000
02/06/2015,ProShares UltraPro QQQ,TQQQ,16.005,16.32,-1.93015,-0.315,72000,1152360000
02/05/2015,ProShares UltraPro QQQ,TQQQ,16.32,15.8983,2.65248,0.4217,73200,1194624000
02/04/2015,ProShares UltraPro QQQ,TQQQ,15.898333333,15.976633333,-0.49009,-0.0783,74100,1178066499.9753
02/03/2015,ProShares UltraPro QQQ,TQQQ,15.976666667,15.524966667,2.90951,0.4517,76200,1217422000.0254
02/02/2015,ProShares UltraPro QQQ,TQQQ,15.525,15.0883,2.89430,0.4367,76200,1183005000
01/30/2015,ProShares UltraPro QQQ,TQQQ,15.088333333,15.455033333,-2.37269,-0.3667,75000,1131624999.975
01/29/2015,ProShares UltraPro QQQ,TQQQ,15.455,15.0083,2.97635,0.4467,75000,1159125000
01/28/2015,ProShares UltraPro QQQ,TQQQ,15.008333333,15.281633333,-1.78842,-0.2733,75000,1125624999.975
01/27/2015,ProShares UltraPro QQQ,TQQQ,15.281666667,16.563366667,-7.73816,-1.2817,75000,1146125000.025
01/26/2015,ProShares UltraPro QQQ,TQQQ,16.563333333,16.595033333,-0.19102,-0.0317,73800,1222373999.9754
01/23/2015,ProShares UltraPro QQQ,TQQQ,16.595,16.505,0.54529,0.09,73800,1224711000
01/22/2015,ProShares UltraPro QQQ,TQQQ,16.505,15.6317,5.58672,0.8733,73800,1218069000
01/21/2015,ProShares UltraPro QQQ,TQQQ,15.631666667,15.401666667,1.49334,0.23,73800,1153617000.0246
01/20/2015,ProShares UltraPro QQQ,TQQQ,15.401666667,15.084966667,2.09944,0.3167,73800,1136643000.0246
01/16/2015,ProShares UltraPro QQQ,TQQQ,15.085,14.5283,3.83183,0.5567,73800,1113273000
01/15/2015,ProShares UltraPro QQQ,TQQQ,14.528333333,15.143333333,-4.06119,-0.615,73800,1072190999.9754
01/14/2015,ProShares UltraPro QQQ,TQQQ,15.143333333,15.371633333,-1.48520,-0.2283,71400,1081233999.9762
01/13/2015,ProShares UltraPro QQQ,TQQQ,15.371666667,15.413366667,-0.27054,-0.0417,71400,1097537000.0238
01/12/2015,ProShares UltraPro QQQ,TQQQ,15.413333333,15.906633333,-3.10122,-0.4933,71400,1100511999.9762
01/09/2015,ProShares UltraPro QQQ,TQQQ,15.906666667,16.219966667,-1.93157,-0.3133,69900,1111876000.0233
01/08/2015,ProShares UltraPro QQQ,TQQQ,16.22,15.33,5.80561,0.89,69600,1128912000
01/07/2015,ProShares UltraPro QQQ,TQQQ,15.33,14.7983,3.59298,0.5317,69600,1066968000
01/06/2015,ProShares UltraPro QQQ,TQQQ,14.798333333,15.356633333,-3.63556,-0.5583,69000,1021084999.977
01/05/2015,ProShares UltraPro QQQ,TQQQ,15.356666667,16.144966667,-4.88264,-0.7883,69300,1064217000.0231
01/02/2015,ProShares UltraPro QQQ,TQQQ,16.145,16.2083,-0.39054,-0.0633,70200,1133379000
12/31/2014,ProShares UltraPro QQQ,TQQQ,16.208333333,16.750033333,-3.23402,-0.5417,72600,1176724999.9758
12/30/2014,ProShares UltraPro QQQ,TQQQ,16.75,17.1117,-2.11376,-0.3617,72600,1216050000
12/29/2014,ProShares UltraPro QQQ,TQQQ,17.111666667,17.128366667,-0.09750,-0.0167,76200,1303909000.0254
12/26/2014,ProShares UltraPro QQQ,TQQQ,17.128333333,16.766633333,2.15726,0.3617,76800,1315455999.9744
12/24/2014,ProShares UltraPro QQQ,TQQQ,16.766666667,16.723366667,0.25892,0.0433,77100,1292710000.0257
12/23/2014,ProShares UltraPro QQQ,TQQQ,16.723333333,16.891633333,-0.99635,-0.1683,77400,1294385999.9742
12/22/2014,ProShares UltraPro QQQ,TQQQ,16.891666667,16.758366667,0.79542,0.1333,75900,1282077500.0253
12/19/2014,ProShares UltraPro QQQ,TQQQ,16.758333333,16.591633333,1.00472,0.1667,76200,1276984999.9746
12/18/2014,ProShares UltraPro QQQ,TQQQ,16.591666667,15.451666667,7.37784,1.14,72600,1204555000.0242
12/17/2014,ProShares UltraPro QQQ,TQQQ,15.451666667,14.641666667,5.53216,0.81,69300,1070800500.0231
12/16/2014,ProShares UltraPro QQQ,TQQQ,14.641666667,15.396666667,-4.90366,-0.755,67500,988312500.0225
12/15/2014,ProShares UltraPro QQQ,TQQQ,15.396666667,15.873366667,-3.00314,-0.4767,65700,1011561000.0219
12/12/2014,ProShares UltraPro QQQ,TQQQ,15.873333333,16.421633333,-3.33889,-0.5483,65700,1042877999.9781
12/11/2014,ProShares UltraPro QQQ,TQQQ,16.421666667,16.173366667,1.53524,0.2483,66600,1093683000.0222
12/10/2014,ProShares UltraPro QQQ,TQQQ,16.173333333,17.000033333,-4.86293,-0.8267,66600,1077143999.9778
12/09/2014,ProShares UltraPro QQQ,TQQQ,17,16.81,1.13028,0.19,66600,1132200000
12/08/2014,ProShares UltraPro QQQ,TQQQ,16.81,17.2083,-2.31458,-0.3983,69000,1159890000
12/05/2014,ProShares UltraPro QQQ,TQQQ,17.208333333,17.213333333,-0.02905,-0.005,69000,1187374999.977
12/04/2014,ProShares UltraPro QQQ,TQQQ,17.213333333,17.226633333,-0.07721,-0.0133,69000,1187719999.977
12/03/2014,ProShares UltraPro QQQ,TQQQ,17.226666667,17.143366667,0.48590,0.0833,69000,1188640000.023
12/02/2014,ProShares UltraPro QQQ,TQQQ,17.143333333,16.930033333,1.25989,0.2133,69000,1182889999.977
12/01/2014,ProShares UltraPro QQQ,TQQQ,16.93,17.5383,-3.46841,-0.6083,69000,1168170000
11/28/2014,ProShares UltraPro QQQ,TQQQ,17.538333333,17.301633333,1.36808,0.2367,67200,1178575999.9776
11/26/2014,ProShares UltraPro QQQ,TQQQ,17.301666667,16.941666667,2.12494,0.36,67200,1162672000.0224
11/25/2014,ProShares UltraPro QQQ,TQQQ,16.941666667,16.896666667,0.26632,0.045,67200,1138480000.0224
11/24/2014,ProShares UltraPro QQQ,TQQQ,16.896666667,16.513366667,2.32115,0.3833,66000,1115180000.022
11/21/2014,ProShares UltraPro QQQ,TQQQ,16.513333333,16.406633333,0.65035,0.1067,64200,1060155999.9786
11/20/2014,ProShares UltraPro QQQ,TQQQ,16.406666667,16.179966667,1.40112,0.2267,65700,1077918000.0219
11/19/2014,ProShares UltraPro QQQ,TQQQ,16.18,16.4083,-1.39137,-0.2283,65700,1063026000
11/18/2014,ProShares UltraPro QQQ,TQQQ,16.408333333,16.055033333,2.20056,0.3533,65700,1078027499.9781
11/17/2014,ProShares UltraPro QQQ,TQQQ,16.055,16.1867,-0.81363,-0.1317,67200,1078896000
11/14/2014,ProShares UltraPro QQQ,TQQQ,16.186666667,16.054966667,0.82031,0.1317,67200,1087744000.0224
11/13/2014,ProShares UltraPro QQQ,TQQQ,16.055,15.85,1.29338,0.205,67800,1088529000
11/12/2014,ProShares UltraPro QQQ,TQQQ,15.85,15.7567,0.59213,0.0933,67800,1074630000
11/11/2014,ProShares UltraPro QQQ,TQQQ,15.756666667,15.629966667,0.81062,0.1267,67800,1068302000.0226
11/10/2014,ProShares UltraPro QQQ,TQQQ,15.63,15.4533,1.14345,0.1767,67800,1059714000
11/07/2014,ProShares UltraPro QQQ,TQQQ,15.453333333,15.491633333,-0.24723,-0.0383,67800,1047735999.9774
11/06/2014,ProShares UltraPro QQQ,TQQQ,15.491666667,15.343366667,0.96654,0.1483,68400,1059630000.0228
11/05/2014,ProShares UltraPro QQQ,TQQQ,15.343333333,15.366633333,-0.15163,-0.0233,68400,1049483999.9772
11/04/2014,ProShares UltraPro QQQ,TQQQ,15.366666667,15.513366667,-0.94564,-0.1467,67500,1037250000.0225
11/03/2014,ProShares UltraPro QQQ,TQQQ,15.513333333,15.390033333,0.80117,0.1233,67200,1042495999.9776
10/31/2014,ProShares UltraPro QQQ,TQQQ,15.39,14.77,4.19770,0.62,67200,1034208000
10/30/2014,ProShares UltraPro QQQ,TQQQ,14.77,14.66,0.75034,0.11,71400,1054578000
10/29/2014,ProShares UltraPro QQQ,TQQQ,14.66,14.8333,-1.16832,-0.1733,72600,1064316000
10/28/2014,ProShares UltraPro QQQ,TQQQ,14.833333333,14.195033333,4.49664,0.6383,72600,1076899999.9758
10/27/2014,ProShares UltraPro QQQ,TQQQ,14.195,14.155,0.28259,0.04,72600,1030557000
10/24/2014,ProShares UltraPro QQQ,TQQQ,14.155,13.8483,2.21471,0.3067,72000,1019160000
10/23/2014,ProShares UltraPro QQQ,TQQQ,13.848333333,13.220033333,4.75264,0.6283,70800,980461999.9764
10/22/2014,ProShares UltraPro QQQ,TQQQ,13.22,13.4417,-1.64934,-0.2217,68400,904248000
10/21/2014,ProShares UltraPro QQQ,TQQQ,13.441666667,12.464966667,7.83556,0.9767,68400,919410000.0228
10/20/2014,ProShares UltraPro QQQ,TQQQ,12.465,11.9517,4.29479,0.5133,67800,845127000
10/17/2014,ProShares UltraPro QQQ,TQQQ,11.951666667,11.493366667,3.98752,0.4583,66900,799566500.0223
10/16/2014,ProShares UltraPro QQQ,TQQQ,11.493333333,11.686633333,-1.65403,-0.1933,67500,775799999.9775
10/15/2014,ProShares UltraPro QQQ,TQQQ,11.686666667,11.914966667,-1.91608,-0.2283,68100,795862000.0227
10/14/2014,ProShares UltraPro QQQ,TQQQ,11.915,11.8933,0.18246,0.0217,66900,797113500
10/13/2014,ProShares UltraPro QQQ,TQQQ,11.893333333,12.503333333,-4.87870,-0.61,66300,788527999.9779
10/10/2014,ProShares UltraPro QQQ,TQQQ,12.503333333,13.508333333,-7.43985,-1.005,63900,798962999.9787
10/09/2014,ProShares UltraPro QQQ,TQQQ,13.508333333,14.268333333,-5.32648,-0.76,63900,863182499.9787
10/08/2014,ProShares UltraPro QQQ,TQQQ,14.268333333,13.431633333,6.22932,0.8367,64500,920307499.9785
10/07/2014,ProShares UltraPro QQQ,TQQQ,13.431666667,14.036666667,-4.31014,-0.605,64500,866342500.0215
10/06/2014,ProShares UltraPro QQQ,TQQQ,14.036666667,14.153366667,-0.82454,-0.1167,63300,888521000.0211
10/03/2014,ProShares UltraPro QQQ,TQQQ,14.153333333,13.726633333,3.10856,0.4267,60300,853445999.9799
10/02/2014,ProShares UltraPro QQQ,TQQQ,13.726666667,13.716666667,0.07290,0.01,66600,914196000.0222
10/01/2014,ProShares UltraPro QQQ,TQQQ,13.716666667,14.408366667,-4.80068,-0.6917,66600,913530000.0222
09/30/2014,ProShares UltraPro QQQ,TQQQ,14.408333333,14.375033333,0.23165,0.0333,57000,821274999.981
09/29/2014,ProShares UltraPro QQQ,TQQQ,14.375,14.4417,-0.46186,-0.0667,57900,832312500
09/26/2014,ProShares UltraPro QQQ,TQQQ,14.441666667,13.961666667,3.43798,0.48,57900,836172500.0193
09/25/2014,ProShares UltraPro QQQ,TQQQ,13.961666667,14.906666667,-6.33945,-0.945,57900,808380500.0193
09/24/2014,ProShares UltraPro QQQ,TQQQ,14.906666667,14.449966667,3.16056,0.4567,57000,849680000.019
09/23/2014,ProShares UltraPro QQQ,TQQQ,14.45,14.5567,-0.73300,-0.1067,57300,827985000
09/22/2014,ProShares UltraPro QQQ,TQQQ,14.556666667,14.983366667,-2.84782,-0.4267,55500,807895000.0185
09/19/2014,ProShares UltraPro QQQ,TQQQ,14.983333333,15.018333333,-0.23305,-0.035,55200,827079999.9816
09/18/2014,ProShares UltraPro QQQ,TQQQ,15.018333333,14.698333333,2.17712,0.32,58200,874066999.9806
09/17/2014,ProShares UltraPro QQQ,TQQQ,14.698333333,14.631633333,0.45586,0.0667,58200,855442999.9806
09/16/2014,ProShares UltraPro QQQ,TQQQ,14.631666667,14.238366667,2.76226,0.3933,54900,803278500.0183
09/15/2014,ProShares UltraPro QQQ,TQQQ,14.238333333,14.665033333,-2.90964,-0.4267,54900,781684499.9817
09/12/2014,ProShares UltraPro QQQ,TQQQ,14.665,14.92,-1.70912,-0.255,54900,805108500
09/11/2014,ProShares UltraPro QQQ,TQQQ,14.92,14.945,-0.16728,-0.025,54900,819108000
09/10/2014,ProShares UltraPro QQQ,TQQQ,14.945,14.5883,2.44511,0.3567,54900,820480500
09/09/2014,ProShares UltraPro QQQ,TQQQ,14.588333333,14.956633333,-2.46245,-0.3683,55200,805275999.9816
09/08/2014,ProShares UltraPro QQQ,TQQQ,14.956666667,14.894966667,0.41423,0.0617,55200,825608000.0184
09/05/2014,ProShares UltraPro QQQ,TQQQ,14.895,14.6417,1.72999,0.2533,55200,822204000
09/04/2014,ProShares UltraPro QQQ,TQQQ,14.641666667,14.693366667,-0.35186,-0.0517,55200,808220000.0184
09/03/2014,ProShares UltraPro QQQ,TQQQ,14.693333333,14.965033333,-1.81557,-0.2717,55200,811071999.9816
09/02/2014,ProShares UltraPro QQQ,TQQQ,14.965,14.8233,0.95593,0.1417,54300,812599500
08/29/2014,ProShares UltraPro QQQ,TQQQ,14.823333333,14.643333333,1.22923,0.18,54300,804906999.9819
08/28/2014,ProShares UltraPro QQQ,TQQQ,14.643333333,14.716633333,-0.49808,-0.0733,54300,795132999.9819
08/27/2014,ProShares UltraPro QQQ,TQQQ,14.716666667,14.703366667,0.09046,0.0133,54300,799115000.0181
08/26/2014,ProShares UltraPro QQQ,TQQQ,14.703333333,14.658333333,0.30699,0.045,54300,798390999.9819
08/25/2014,ProShares UltraPro QQQ,TQQQ,14.658333333,14.500033333,1.09172,0.1583,54300,795947499.9819
08/22/2014,ProShares UltraPro QQQ,TQQQ,14.5,14.4383,0.42734,0.0617,52800,765600000
08/21/2014,ProShares UltraPro QQQ,TQQQ,14.438333333,14.371633333,0.46411,0.0667,52800,762343999.9824
08/20/2014,ProShares UltraPro QQQ,TQQQ,14.371666667,14.368366667,0.02297,0.0033,52800,758824000.0176
08/19/2014,ProShares UltraPro QQQ,TQQQ,14.368333333,14.135033333,1.65051,0.2333,52800,758647999.9824
08/18/2014,ProShares UltraPro QQQ,TQQQ,14.135,13.795,2.46466,0.34,52800,746328000
08/15/2014,ProShares UltraPro QQQ,TQQQ,13.795,13.6067,1.38388,0.1883,52200,720099000
08/14/2014,ProShares UltraPro QQQ,TQQQ,13.606666667,13.403366667,1.51678,0.2033,52200,710268000.0174
08/13/2014,ProShares UltraPro QQQ,TQQQ,13.403333333,12.966633333,3.36787,0.4367,52200,699653999.9826
08/12/2014,ProShares UltraPro QQQ,TQQQ,12.966666667,13.014966667,-0.37111,-0.0483,52200,676860000.0174
08/11/2014,ProShares UltraPro QQQ,TQQQ,13.015,12.7933,1.73294,0.2217,52200,679383000
08/08/2014,ProShares UltraPro QQQ,TQQQ,12.793333333,12.503333333,2.31938,0.29,52200,667811999.9826
08/07/2014,ProShares UltraPro QQQ,TQQQ,12.503333333,12.636633333,-1.05487,-0.1333,52200,652673999.9826
08/06/2014,ProShares UltraPro QQQ,TQQQ,12.636666667,12.644966667,-0.06564,-0.0083,51900,655843000.0173
08/05/2014,ProShares UltraPro QQQ,TQQQ,12.645,12.97,-2.50578,-0.325,51900,656275500
08/04/2014,ProShares UltraPro QQQ,TQQQ,12.97,12.685,2.24675,0.285,49800,645906000
08/01/2014,ProShares UltraPro QQQ,TQQQ,12.685,12.815,-1.01444,-0.13,49800,631713000
07/31/2014,ProShares UltraPro QQQ,TQQQ,12.815,13.675,-6.28885,-0.86,49200,630498000
07/30/2014,ProShares UltraPro QQQ,TQQQ,13.675,13.5017,1.28354,0.1733,47100,644092500
07/29/2014,ProShares UltraPro QQQ,TQQQ,13.501666667,13.583366667,-0.60147,-0.0817,47100,635928500.0157
07/28/2014,ProShares UltraPro QQQ,TQQQ,13.583333333,13.565033333,0.13491,0.0183,45900,623474999.9847
07/25/2014,ProShares UltraPro QQQ,TQQQ,13.565,13.75,-1.34545,-0.185,45900,622633500
07/24/2014,ProShares UltraPro QQQ,TQQQ,13.75,13.7833,-0.24160,-0.0333,45900,631125000
07/23/2014,ProShares UltraPro QQQ,TQQQ,13.783333333,13.531633333,1.86009,0.2517,45900,632654999.9847
07/22/2014,ProShares UltraPro QQQ,TQQQ,13.531666667,13.256666667,2.07443,0.275,45900,621103500.0153
07/21/2014,ProShares UltraPro QQQ,TQQQ,13.256666667,13.314966667,-0.43785,-0.0583,45900,608481000.0153
07/18/2014,ProShares UltraPro QQQ,TQQQ,13.315,12.7083,4.77405,0.6067,45900,611158500
07/17/2014,ProShares UltraPro QQQ,TQQQ,12.708333333,13.256633333,-4.13604,-0.5483,45900,583312499.9847
07/16/2014,ProShares UltraPro QQQ,TQQQ,13.256666667,13.081666667,1.33775,0.175,45900,608481000.0153
07/15/2014,ProShares UltraPro QQQ,TQQQ,13.081666667,13.231666667,-1.13364,-0.15,45900,600448500.0153
07/14/2014,ProShares UltraPro QQQ,TQQQ,13.231666667,12.986666667,1.88655,0.245,45900,607333500.0153
07/11/2014,ProShares UltraPro QQQ,TQQQ,12.986666667,12.744966667,1.89643,0.2417,45900,596088000.0153
07/10/2014,ProShares UltraPro QQQ,TQQQ,12.745,12.8733,-0.99664,-0.1283,45900,584995500
07/09/2014,ProShares UltraPro QQQ,TQQQ,12.873333333,12.590033333,2.25019,0.2833,45300,583161999.9849
07/08/2014,ProShares UltraPro QQQ,TQQQ,12.59,13.0567,-3.57441,-0.4667,45300,570327000
07/07/2014,ProShares UltraPro QQQ,TQQQ,13.056666667,13.179966667,-0.93551,-0.1233,45300,591467000.0151
07/03/2014,ProShares UltraPro QQQ,TQQQ,13.18,12.945,1.81537,0.235,45300,597054000
07/02/2014,ProShares UltraPro QQQ,TQQQ,12.945,12.8883,0.43993,0.0567,45300,586408500
07/01/2014,ProShares UltraPro QQQ,TQQQ,12.888333333,12.455033333,3.47891,0.4333,45300,583841499.9849
06/30/2014,ProShares UltraPro QQQ,TQQQ,12.455,12.4033,0.41682,0.0517,45300,564211500
06/27/2014,ProShares UltraPro QQQ,TQQQ,12.403333333,12.236633333,1.36230,0.1667,44700,554428999.9851
06/26/2014,ProShares UltraPro QQQ,TQQQ,12.236666667,12.236666667,0.00000,0,44700,546979000.0149
06/25/2014,ProShares UltraPro QQQ,TQQQ,12.236666667,11.978366667,2.15639,0.2583,44700,546979000.0149
06/24/2014,ProShares UltraPro QQQ,TQQQ,11.978333333,12.033333333,-0.45706,-0.055,44700,535431499.9851
06/23/2014,ProShares UltraPro QQQ,TQQQ,12.033333333,12.010033333,0.19400,0.0233,45900,552329999.9847
06/20/2014,ProShares UltraPro QQQ,TQQQ,12.01,11.9917,0.15261,0.0183,44100,529641000
06/19/2014,ProShares UltraPro QQQ,TQQQ,11.991666667,12.028366667,-0.30511,-0.0367,44100,528832500.0147
06/18/2014,ProShares UltraPro QQQ,TQQQ,12.028333333,11.811633333,1.83463,0.2167,47100,566534499.9843
06/17/2014,ProShares UltraPro QQQ,TQQQ,11.811666667,11.798366667,0.11273,0.0133,47100,556329500.0157
06/16/2014,ProShares UltraPro QQQ,TQQQ,11.798333333,11.760033333,0.32568,0.0383,47100,555701499.9843
06/13/2014,ProShares UltraPro QQQ,TQQQ,11.76,11.6517,0.92948,0.1083,47100,553896000
06/12/2014,ProShares UltraPro QQQ,TQQQ,11.651666667,11.973366667,-2.68680,-0.3217,48600,566271000.0162
06/11/2014,ProShares UltraPro QQQ,TQQQ,11.973333333,11.995033333,-0.18091,-0.0217,48600,581903999.9838
06/10/2014,ProShares UltraPro QQQ,TQQQ,11.995,11.9467,0.40430,0.0483,48600,582957000
06/09/2014,ProShares UltraPro QQQ,TQQQ,11.946666667,11.938366667,0.06952,0.0083,50100,598528000.0167
06/06/2014,ProShares UltraPro QQQ,TQQQ,11.938333333,11.771633333,1.41612,0.1667,48900,583784499.9837
06/05/2014,ProShares UltraPro QQQ,TQQQ,11.771666667,11.466666667,2.65988,0.305,48900,575634500.0163
06/04/2014,ProShares UltraPro QQQ,TQQQ,11.466666667,11.343366667,1.08698,0.1233,48900,560720000.0163
06/03/2014,ProShares UltraPro QQQ,TQQQ,11.343333333,11.370033333,-0.23483,-0.0267,51300,581912999.9829
06/02/2014,ProShares UltraPro QQQ,TQQQ,11.37,11.4017,-0.27803,-0.0317,51300,583281000
05/30/2014,ProShares UltraPro QQQ,TQQQ,11.401666667,11.391666667,0.08778,0.01,51300,584905500.0171
05/29/2014,ProShares UltraPro QQQ,TQQQ,11.391666667,11.179966667,1.89357,0.2117,51300,584392500.0171
05/28/2014,ProShares UltraPro QQQ,TQQQ,11.18,11.2783,-0.87159,-0.0983,51300,573534000
05/27/2014,ProShares UltraPro QQQ,TQQQ,11.278333333,10.873333333,3.72471,0.405,51300,578578499.9829
05/23/2014,ProShares UltraPro QQQ,TQQQ,10.873333333,10.641633333,2.17730,0.2317,51300,557801999.9829
05/22/2014,ProShares UltraPro QQQ,TQQQ,10.641666667,10.509966667,1.25310,0.1317,53100,565072500.0177
05/21/2014,ProShares UltraPro QQQ,TQQQ,10.51,10.21,2.93830,0.3,54000,567540000
05/20/2014,ProShares UltraPro QQQ,TQQQ,10.21,10.34,-1.25725,-0.13,55500,566655000
05/19/2014,ProShares UltraPro QQQ,TQQQ,10.34,10.1017,2.35901,0.2383,55500,573870000
05/16/2014,ProShares UltraPro QQQ,TQQQ,10.101666667,9.918366667,1.84809,0.1833,57600,581856000.0192
05/15/2014,ProShares UltraPro QQQ,TQQQ,9.918333333,10.156633333,-2.34625,-0.2383,56100,556418499.9813
05/14/2014,ProShares UltraPro QQQ,TQQQ,10.156666667,10.308366667,-1.47162,-0.1517,56100,569789000.0187
05/13/2014,ProShares UltraPro QQQ,TQQQ,10.308333333,10.300033333,0.08058,0.0083,57300,590667499.9809
05/12/2014,ProShares UltraPro QQQ,TQQQ,10.3,9.8267,4.81647,0.4733,57900,596370000
05/09/2014,ProShares UltraPro QQQ,TQQQ,9.826666667,9.701666667,1.28844,0.125,60600,595496000.0202
05/08/2014,ProShares UltraPro QQQ,TQQQ,9.701666667,9.729966667,-0.29085,-0.0283,61800,599563000.0206
05/07/2014,ProShares UltraPro QQQ,TQQQ,9.73,9.815,-0.86602,-0.085,63300,615909000
05/06/2014,ProShares UltraPro QQQ,TQQQ,9.815,10.2267,-4.02574,-0.4117,60300,591844500
05/05/2014,ProShares UltraPro QQQ,TQQQ,10.226666667,10.071666667,1.53897,0.155,60300,616668000.0201
05/02/2014,ProShares UltraPro QQQ,TQQQ,10.071666667,10.128366667,-0.55981,-0.0567,61200,616386000.0204
05/01/2014,ProShares UltraPro QQQ,TQQQ,10.128333333,10.026633333,1.01430,0.1017,61500,622892499.9795
04/30/2014,ProShares UltraPro QQQ,TQQQ,10.026666667,9.959966667,0.66968,0.0667,61500,616640000.0205
04/29/2014,ProShares UltraPro QQQ,TQQQ,9.96,9.7217,2.45122,0.2383,62700,624492000
04/28/2014,ProShares UltraPro QQQ,TQQQ,9.721666667,9.623366667,1.02147,0.0983,64500,627047500.0215
04/25/2014,ProShares UltraPro QQQ,TQQQ,9.623333333,10.113333333,-4.84509,-0.49,64500,620704999.9785
04/24/2014,ProShares UltraPro QQQ,TQQQ,10.113333333,9.831633333,2.86524,0.2817,64500,652309999.9785
04/23/2014,ProShares UltraPro QQQ,TQQQ,9.831666667,10.101666667,-2.67283,-0.27,65100,640041500.0217
04/22/2014,ProShares UltraPro QQQ,TQQQ,10.101666667,9.861666667,2.43367,0.24,67200,678832000.0224
04/21/2014,ProShares UltraPro QQQ,TQQQ,9.861666667,9.654966667,2.14087,0.2067,66600,656787000.0222
04/17/2014,ProShares UltraPro QQQ,TQQQ,9.655,9.6433,0.12133,0.0117,66600,643023000
04/16/2014,ProShares UltraPro QQQ,TQQQ,9.643333333,9.283333333,3.87792,0.36,68400,659603999.9772
04/15/2014,ProShares UltraPro QQQ,TQQQ,9.283333333,9.180033333,1.12527,0.1033,69900,648904999.9767
04/14/2014,ProShares UltraPro QQQ,TQQQ,9.18,8.965,2.39822,0.215,67800,622404000
04/11/2014,ProShares UltraPro QQQ,TQQQ,8.965,9.2933,-3.53265,-0.3283,64800,580932000
04/10/2014,ProShares UltraPro QQQ,TQQQ,9.293333333,10.255033333,-9.37783,-0.9617,64200,596631999.9786
04/09/2014,ProShares UltraPro QQQ,TQQQ,10.255,9.7417,5.26910,0.5133,64200,658371000
04/08/2014,ProShares UltraPro QQQ,TQQQ,9.741666667,9.491666667,2.63389,0.25,64200,625415000.0214
04/07/2014,ProShares UltraPro QQQ,TQQQ,9.491666667,9.756666667,-2.71609,-0.265,64200,609365000.0214
04/04/2014,ProShares UltraPro QQQ,TQQQ,9.756666667,10.614966667,-8.08575,-0.8583,64200,626378000.0214
04/03/2014,ProShares UltraPro QQQ,TQQQ,10.615,10.87,-2.34591,-0.255,58500,620977500
04/02/2014,ProShares UltraPro QQQ,TQQQ,10.87,10.8017,0.63231,0.0683,58500,635895000
04/01/2014,ProShares UltraPro QQQ,TQQQ,10.801666667,10.258366667,5.29616,0.5433,57300,618935500.0191
03/31/2014,ProShares UltraPro QQQ,TQQQ,10.258333333,10.050033333,2.07263,0.2083,57300,587802499.9809
03/28/2014,ProShares UltraPro QQQ,TQQQ,10.05,9.9817,0.68425,0.0683,57300,575865000
03/27/2014,ProShares UltraPro QQQ,TQQQ,9.981666667,10.148366667,-1.64263,-0.1667,57300,571949500.0191
03/26/2014,ProShares UltraPro QQQ,TQQQ,10.148333333,10.558333333,-3.88319,-0.41,57300,581499499.9809
03/25/2014,ProShares UltraPro QQQ,TQQQ,10.558333333,10.451633333,1.02089,0.1067,56400,595489999.9812
03/24/2014,ProShares UltraPro QQQ,TQQQ,10.451666667,10.764966667,-2.91037,-0.3133,54600,570661000.0182
03/21/2014,ProShares UltraPro QQQ,TQQQ,10.765,11.1383,-3.35150,-0.3733,53100,571621500
03/20/2014,ProShares UltraPro QQQ,TQQQ,11.138333333,11.040033333,0.89040,0.0983,53100,591445499.9823
03/19/2014,ProShares UltraPro QQQ,TQQQ,11.04,11.255,-1.91026,-0.215,53100,586224000
03/18/2014,ProShares UltraPro QQQ,TQQQ,11.255,10.8617,3.62098,0.3933,53100,597640500
03/17/2014,ProShares UltraPro QQQ,TQQQ,10.861666667,10.561666667,2.84046,0.3,53100,576754500.0177
03/14/2014,ProShares UltraPro QQQ,TQQQ,10.561666667,10.774966667,-1.97959,-0.2133,51900,548150500.0173
03/13/2014,ProShares UltraPro QQQ,TQQQ,10.775,11.2767,-4.44900,-0.5017,51900,559222500
03/12/2014,ProShares UltraPro QQQ,TQQQ,11.276666667,11.136666667,1.25711,0.14,51900,585259000.0173
03/11/2014,ProShares UltraPro QQQ,TQQQ,11.136666667,11.274966667,-1.22661,-0.1383,51900,577993000.0173
03/10/2014,ProShares UltraPro QQQ,TQQQ,11.275,11.2483,0.23737,0.0267,50700,571642500
03/07/2014,ProShares UltraPro QQQ,TQQQ,11.248333333,11.410033333,-1.41717,-0.1617,50700,570290499.9831
03/06/2014,ProShares UltraPro QQQ,TQQQ,11.41,11.465,-0.47972,-0.055,50700,578487000
03/05/2014,ProShares UltraPro QQQ,TQQQ,11.465,11.395,0.61430,0.07,50700,581275500
03/04/2014,ProShares UltraPro QQQ,TQQQ,11.395,10.9417,4.14287,0.4533,50700,577726500
03/03/2014,ProShares UltraPro QQQ,TQQQ,10.941666667,11.189966667,-2.21895,-0.2483,51600,564590000.0172
02/28/2014,ProShares UltraPro QQQ,TQQQ,11.19,11.2233,-0.29670,-0.0333,51600,577404000
02/27/2014,ProShares UltraPro QQQ,TQQQ,11.223333333,11.015033333,1.89105,0.2083,51600,579123999.9828
02/26/2014,ProShares UltraPro QQQ,TQQQ,11.015,11.0383,-0.21108,-0.0233,51300,565069500
02/25/2014,ProShares UltraPro QQQ,TQQQ,11.038333333,11.098333333,-0.54062,-0.06,51300,566266499.9829
02/24/2014,ProShares UltraPro QQQ,TQQQ,11.098333333,10.895033333,1.86599,0.2033,50400,559355999.9832
02/21/2014,ProShares UltraPro QQQ,TQQQ,10.895,10.9733,-0.71355,-0.0783,50400,549108000
02/20/2014,ProShares UltraPro QQQ,TQQQ,10.973333333,10.806633333,1.54257,0.1667,51900,569515999.9827
02/19/2014,ProShares UltraPro QQQ,TQQQ,10.806666667,11.044966667,-2.15754,-0.2383,51900,560866000.0173
02/18/2014,ProShares UltraPro QQQ,TQQQ,11.045,10.8867,1.45407,0.1583,51900,573235500
02/14/2014,ProShares UltraPro QQQ,TQQQ,10.886666667,10.844966667,0.38451,0.0417,51900,565018000.0173
02/13/2014,ProShares UltraPro QQQ,TQQQ,10.845,10.57,2.60170,0.275,49800,540081000
02/12/2014,ProShares UltraPro QQQ,TQQQ,10.57,10.5183,0.49152,0.0517,49800,526386000
02/11/2014,ProShares UltraPro QQQ,TQQQ,10.518333333,10.176633333,3.35769,0.3417,49800,523812999.9834
02/10/2014,ProShares UltraPro QQQ,TQQQ,10.176666667,10.006666667,1.69887,0.17,49800,506798000.0166
02/07/2014,ProShares UltraPro QQQ,TQQQ,10.006666667,9.486666667,5.48138,0.52,49800,498332000.0166
02/06/2014,ProShares UltraPro QQQ,TQQQ,9.486666667,9.128366667,3.92513,0.3583,49800,472436000.0166
02/05/2014,ProShares UltraPro QQQ,TQQQ,9.128333333,9.236633333,-1.17251,-0.1083,51900,473760499.9827
02/04/2014,ProShares UltraPro QQQ,TQQQ,9.236666667,9.008366667,2.53431,0.2283,51900,479383000.0173
02/03/2014,ProShares UltraPro QQQ,TQQQ,9.008333333,9.680033333,-6.93903,-0.6717,51900,467532499.9827
01/31/2014,ProShares UltraPro QQQ,TQQQ,9.68,9.765,-0.87046,-0.085,51900,502392000
01/30/2014,ProShares UltraPro QQQ,TQQQ,9.765,9.25,5.56757,0.515,52500,512662500
01/29/2014,ProShares UltraPro QQQ,TQQQ,9.25,9.5583,-3.22547,-0.3083,52500,485625000
01/28/2014,ProShares UltraPro QQQ,TQQQ,9.558333333,9.583333333,-0.26087,-0.025,52500,501812499.9825
01/27/2014,ProShares UltraPro QQQ,TQQQ,9.583333333,9.856633333,-2.77275,-0.2733,52500,503124999.9825
01/24/2014,ProShares UltraPro QQQ,TQQQ,9.856666667,10.485866667,-6.00046,-0.6292,54000,532260000.018
01/23/2014,ProShares UltraPro QQQ,TQQQ,10.485833333,10.609133333,-1.16221,-0.1233,54000,566234999.982
01/22/2014,ProShares UltraPro QQQ,TQQQ,10.609166667,10.521666667,0.83162,0.0875,52800,560164000.0176
01/21/2014,ProShares UltraPro QQQ,TQQQ,10.521666667,10.292466667,2.22687,0.2292,52800,555544000.0176
01/17/2014,ProShares UltraPro QQQ,TQQQ,10.2925,10.4708,-1.70283,-0.1783,52800,543444000
01/16/2014,ProShares UltraPro QQQ,TQQQ,10.470833333,10.460033333,0.10325,0.0108,54600,571707499.9818
01/15/2014,ProShares UltraPro QQQ,TQQQ,10.46,10.2108,2.44055,0.2492,54600,571116000
01/14/2014,ProShares UltraPro QQQ,TQQQ,10.210833333,9.652533333,5.78397,0.5583,55800,569764499.9814
01/13/2014,ProShares UltraPro QQQ,TQQQ,9.6525,10.1,-4.43069,-0.4475,55800,538609500
01/10/2014,ProShares UltraPro QQQ,TQQQ,10.1,9.9967,1.03334,0.1033,55800,563580000
01/09/2014,ProShares UltraPro QQQ,TQQQ,9.996666667,10.119166667,-1.21057,-0.1225,55800,557814000.0186
01/08/2014,ProShares UltraPro QQQ,TQQQ,10.119166667,10.039166667,0.79688,0.08,54000,546435000.018
01/07/2014,ProShares UltraPro QQQ,TQQQ,10.039166667,9.781666667,2.63248,0.2575,54000,542115000.018
01/06/2014,ProShares UltraPro QQQ,TQQQ,9.781666667,9.883366667,-1.02900,-0.1017,54000,528210000.018
01/03/2014,ProShares UltraPro QQQ,TQQQ,9.883333333,10.098333333,-2.12906,-0.215,54000,533699999.982
01/02/2014,ProShares UltraPro QQQ,TQQQ,10.098333333,10.339133333,-2.32902,-0.2408,54000,545309999.982
12/31/2013,ProShares UltraPro QQQ,TQQQ,10.339166667,10.149966667,1.86405,0.1892,54000,558315000.018
12/30/2013,ProShares UltraPro QQQ,TQQQ,10.15,10.1858,-0.35147,-0.0358,54000,548100000
12/27/2013,ProShares UltraPro QQQ,TQQQ,10.185833333,10.272533333,-0.84400,-0.0867,54000,550034999.982
12/26/2013,ProShares UltraPro QQQ,TQQQ,10.2725,10.1733,0.97510,0.0992,54000,554715000
12/24/2013,ProShares UltraPro QQQ,TQQQ,10.173333333,10.146633333,0.26314,0.0267,54000,549359999.982
12/23/2013,ProShares UltraPro QQQ,TQQQ,10.146666667,9.828366667,3.23858,0.3183,49200,499216000.0164
12/20/2013,ProShares UltraPro QQQ,TQQQ,9.828333333,9.558333333,2.82476,0.27,46800,459965999.9844
12/19/2013,ProShares UltraPro QQQ,TQQQ,9.558333333,9.647533333,-0.92459,-0.0892,52800,504679999.9824
12/18/2013,ProShares UltraPro QQQ,TQQQ,9.6475,9.3233,3.47731,0.3242,52200,503599500
12/17/2013,ProShares UltraPro QQQ,TQQQ,9.323333333,9.378333333,-0.58646,-0.055,50400,469895999.9832
12/16/2013,ProShares UltraPro QQQ,TQQQ,9.378333333,9.223333333,1.68052,0.155,49800,467040999.9834
12/13/2013,ProShares UltraPro QQQ,TQQQ,9.223333333,9.255833333,-0.35113,-0.0325,49800,459321999.9834
12/12/2013,ProShares UltraPro QQQ,TQQQ,9.255833333,9.327533333,-0.76869,-0.0717,49800,460940499.9834
12/11/2013,ProShares UltraPro QQQ,TQQQ,9.3275,9.7008,-3.84814,-0.3733,49800,464509500
12/10/2013,ProShares UltraPro QQQ,TQQQ,9.700833333,9.718333333,-0.18007,-0.0175,46800,453998999.9844
12/09/2013,ProShares UltraPro QQQ,TQQQ,9.718333333,9.615833333,1.06595,0.1025,46200,448986999.9846
12/06/2013,ProShares UltraPro QQQ,TQQQ,9.615833333,9.404133333,2.25114,0.2117,46200,444251499.9846
12/05/2013,ProShares UltraPro QQQ,TQQQ,9.404166667,9.444166667,-0.42354,-0.04,46200,434472500.0154
12/04/2013,ProShares UltraPro QQQ,TQQQ,9.444166667,9.416666667,0.29204,0.0275,46200,436320500.0154
12/03/2013,ProShares UltraPro QQQ,TQQQ,9.416666667,9.434966667,-0.19396,-0.0183,46200,435050000.0154
12/02/2013,ProShares UltraPro QQQ,TQQQ,9.435,9.4992,-0.67585,-0.0642,45600,430236000
11/29/2013,ProShares UltraPro QQQ,TQQQ,9.499166667,9.350866667,1.58595,0.1483,42600,404664500.0142
11/27/2013,ProShares UltraPro QQQ,TQQQ,9.350833333,9.160033333,2.08296,0.1908,42600,398345499.9858
11/26/2013,ProShares UltraPro QQQ,TQQQ,9.16,9.0108,1.65579,0.1492,42600,390216000
11/25/2013,ProShares UltraPro QQQ,TQQQ,9.010833333,8.962533333,0.53891,0.0483,42600,383861499.9858
11/22/2013,ProShares UltraPro QQQ,TQQQ,8.9625,8.8158,1.66406,0.1467,42600,381802500
11/21/2013,ProShares UltraPro QQQ,TQQQ,8.815833333,8.547533333,3.13892,0.2683,42600,375554499.9858
11/20/2013,ProShares UltraPro QQQ,TQQQ,8.5475,8.6225,-0.86982,-0.075,41400,353866500
11/19/2013,ProShares UltraPro QQQ,TQQQ,8.6225,8.6925,-0.80529,-0.07,41400,356971500
11/18/2013,ProShares UltraPro QQQ,TQQQ,8.6925,8.9558,-2.93999,-0.2633,41400,359869500
11/15/2013,ProShares UltraPro QQQ,TQQQ,8.955833333,8.894133333,0.69372,0.0617,41400,370771499.9862
11/14/2013,ProShares UltraPro QQQ,TQQQ,8.894166667,8.820866667,0.83098,0.0733,43200,384228000.0144
11/13/2013,ProShares UltraPro QQQ,TQQQ,8.820833333,8.512533333,3.62172,0.3083,43800,386352499.9854
11/12/2013,ProShares UltraPro QQQ,TQQQ,8.5125,8.4875,0.29455,0.025,43800,372847500
11/11/2013,ProShares UltraPro QQQ,TQQQ,8.4875,8.5208,-0.39081,-0.0333,43800,371752500
11/08/2013,ProShares UltraPro QQQ,TQQQ,8.520833333,8.184133333,4.11406,0.3367,43200,368099999.9856
11/07/2013,ProShares UltraPro QQQ,TQQQ,8.184166667,8.674966667,-5.65766,-0.4908,43200,353556000.0144
11/06/2013,ProShares UltraPro QQQ,TQQQ,8.675,8.6875,-0.14388,-0.0125,43200,374760000
11/05/2013,ProShares UltraPro QQQ,TQQQ,8.6875,8.6492,0.44282,0.0383,43200,375300000
11/04/2013,ProShares UltraPro QQQ,TQQQ,8.649166667,8.609966667,0.45529,0.0392,43200,373644000.0144
11/01/2013,ProShares UltraPro QQQ,TQQQ,8.61,8.5992,0.12559,0.0108,43200,371952000
10/31/2013,ProShares UltraPro QQQ,TQQQ,8.599166667,8.656666667,-0.66423,-0.0575,43200,371484000.0144
10/30/2013,ProShares UltraPro QQQ,TQQQ,8.656666667,8.699966667,-0.49770,-0.0433,41400,358386000.0138
10/29/2013,ProShares UltraPro QQQ,TQQQ,8.7,8.6425,0.66532,0.0575,41400,360180000
10/28/2013,ProShares UltraPro QQQ,TQQQ,8.6425,8.6408,0.01967,0.0017,40800,352614000
10/25/2013,ProShares UltraPro QQQ,TQQQ,8.640833333,8.475033333,1.95633,0.1658,40800,352545999.9864
10/24/2013,ProShares UltraPro QQQ,TQQQ,8.475,8.3575,1.40592,0.1175,40800,345780000
10/23/2013,ProShares UltraPro QQQ,TQQQ,8.3575,8.5108,-1.80124,-0.1533,39600,330957000
10/22/2013,ProShares UltraPro QQQ,TQQQ,8.510833333,8.470833333,0.47221,0.04,39600,337028999.9868
10/21/2013,ProShares UltraPro QQQ,TQQQ,8.470833333,8.420033333,0.60332,0.0508,44400,376104999.9852
10/18/2013,ProShares UltraPro QQQ,TQQQ,8.42,8.0317,4.83459,0.3883,44400,373848000
10/17/2013,ProShares UltraPro QQQ,TQQQ,8.031666667,7.894166667,1.74179,0.1375,40200,322873000.0134
10/16/2013,ProShares UltraPro QQQ,TQQQ,7.894166667,7.635866667,3.38272,0.2583,39000,307872500.013
10/15/2013,ProShares UltraPro QQQ,TQQQ,7.635833333,7.720033333,-1.09067,-0.0842,39000,297797499.987
10/14/2013,ProShares UltraPro QQQ,TQQQ,7.72,7.5633,2.07185,0.1567,38400,296448000
10/11/2013,ProShares UltraPro QQQ,TQQQ,7.563333333,7.400033333,2.20675,0.1633,43200,326735999.9856
10/10/2013,ProShares UltraPro QQQ,TQQQ,7.4,6.9492,6.48708,0.4508,43200,319680000
10/09/2013,ProShares UltraPro QQQ,TQQQ,6.949166667,7.023366667,-1.05647,-0.0742,39000,271017500.013
10/08/2013,ProShares UltraPro QQQ,TQQQ,7.023333333,7.454133333,-5.77934,-0.4308,38400,269695999.9872
10/07/2013,ProShares UltraPro QQQ,TQQQ,7.454166667,7.645866667,-2.50724,-0.1917,38400,286240000.0128
10/04/2013,ProShares UltraPro QQQ,TQQQ,7.645833333,7.447533333,2.66263,0.1983,39000,298187499.987
10/03/2013,ProShares UltraPro QQQ,TQQQ,7.4475,7.7258,-3.60222,-0.2783,37800,281515500
10/02/2013,ProShares UltraPro QQQ,TQQQ,7.725833333,7.730033333,-0.05433,-0.0042,35400,273494499.9882
10/01/2013,ProShares UltraPro QQQ,TQQQ,7.73,7.4875,3.23873,0.2425,35400,273642000
09/30/2013,ProShares UltraPro QQQ,TQQQ,7.4875,7.5617,-0.98126,-0.0742,35400,265057500
09/27/2013,ProShares UltraPro QQQ,TQQQ,7.561666667,7.588366667,-0.35185,-0.0267,36000,272220000.012
09/26/2013,ProShares UltraPro QQQ,TQQQ,7.588333333,7.419133333,2.28059,0.1692,36000,273179999.988
09/25/2013,ProShares UltraPro QQQ,TQQQ,7.419166667,7.487466667,-0.91219,-0.0683,36000,267090000.012
09/24/2013,ProShares UltraPro QQQ,TQQQ,7.4875,7.4933,-0.07740,-0.0058,39600,296505000
09/23/2013,ProShares UltraPro QQQ,TQQQ,7.493333333,7.531633333,-0.50852,-0.0383,39600,296735999.9868
09/20/2013,ProShares UltraPro QQQ,TQQQ,7.531666667,7.617466667,-1.12636,-0.0858,39600,298254000.0132
09/19/2013,ProShares UltraPro QQQ,TQQQ,7.6175,7.5725,0.59426,0.045,39600,301653000
09/18/2013,ProShares UltraPro QQQ,TQQQ,7.5725,7.3017,3.70873,0.2708,39600,299871000
09/17/2013,ProShares UltraPro QQQ,TQQQ,7.301666667,7.154166667,2.06174,0.1475,39600,289146000.0132
09/16/2013,ProShares UltraPro QQQ,TQQQ,7.154166667,7.215866667,-0.85506,-0.0617,38400,274720000.0128
09/13/2013,ProShares UltraPro QQQ,TQQQ,7.215833333,7.200833333,0.20831,0.015,38400,277087999.9872
09/12/2013,ProShares UltraPro QQQ,TQQQ,7.200833333,7.223333333,-0.31149,-0.0225,36600,263550499.9878
09/11/2013,ProShares UltraPro QQQ,TQQQ,7.223333333,7.258333333,-0.48220,-0.035,36600,264373999.9878
09/10/2013,ProShares UltraPro QQQ,TQQQ,7.258333333,7.156633333,1.42106,0.1017,35400,256944999.9882
09/09/2013,ProShares UltraPro QQQ,TQQQ,7.156666667,6.914166667,3.50729,0.2425,34800,249052000.0116
09/06/2013,ProShares UltraPro QQQ,TQQQ,6.914166667,6.891666667,0.32648,0.0225,34800,240613000.0116
09/05/2013,ProShares UltraPro QQQ,TQQQ,6.891666667,6.856666667,0.51045,0.035,34800,239830000.0116
09/04/2013,ProShares UltraPro QQQ,TQQQ,6.856666667,6.644166667,3.19829,0.2125,35400,242726000.0118
09/03/2013,ProShares UltraPro QQQ,TQQQ,6.644166667,6.530866667,1.73484,0.1133,35400,235203500.0118
08/30/2013,ProShares UltraPro QQQ,TQQQ,6.530833333,6.658333333,-1.91489,-0.1275,34200,223354499.9886
08/29/2013,ProShares UltraPro QQQ,TQQQ,6.658333333,6.523333333,2.06949,0.135,34200,227714999.9886
08/28/2013,ProShares UltraPro QQQ,TQQQ,6.523333333,6.436633333,1.34698,0.0867,35400,230925999.9882
08/27/2013,ProShares UltraPro QQQ,TQQQ,6.436666667,6.865866667,-6.25121,-0.4292,35400,227858000.0118
08/26/2013,ProShares UltraPro QQQ,TQQQ,6.865833333,6.866633333,-0.01165,-0.0008,34800,238930999.9884
08/23/2013,ProShares UltraPro QQQ,TQQQ,6.866666667,6.725866667,2.09341,0.1408,34800,238960000.0116
08/22/2013,ProShares UltraPro QQQ,TQQQ,6.725833333,6.533333333,2.94643,0.1925,34800,234058999.9884
08/21/2013,ProShares UltraPro QQQ,TQQQ,6.533333333,6.605033333,-1.08554,-0.0717,34800,227359999.9884
08/20/2013,ProShares UltraPro QQQ,TQQQ,6.605,6.5192,1.31611,0.0858,34800,229854000
08/19/2013,ProShares UltraPro QQQ,TQQQ,6.519166667,6.547466667,-0.43223,-0.0283,35400,230778500.0118
08/16/2013,ProShares UltraPro QQQ,TQQQ,6.5475,6.5617,-0.21641,-0.0142,35400,231781500
08/15/2013,ProShares UltraPro QQQ,TQQQ,6.561666667,6.913366667,-5.08725,-0.3517,35400,232283000.0118
08/14/2013,ProShares UltraPro QQQ,TQQQ,6.913333333,6.994133333,-1.15525,-0.0808,35400,244731999.9882
08/13/2013,ProShares UltraPro QQQ,TQQQ,6.994166667,6.877466667,1.69685,0.1167,35400,247593500.0118
08/12/2013,ProShares UltraPro QQQ,TQQQ,6.8775,6.8317,0.67040,0.0458,35400,243463500
08/09/2013,ProShares UltraPro QQQ,TQQQ,6.831666667,6.910866667,-1.14602,-0.0792,35400,241841000.0118
08/08/2013,ProShares UltraPro QQQ,TQQQ,6.910833333,6.814133333,1.41911,0.0967,35400,244643499.9882
08/07/2013,ProShares UltraPro QQQ,TQQQ,6.814166667,6.844966667,-0.44997,-0.0308,37200,253487000.0124
08/06/2013,ProShares UltraPro QQQ,TQQQ,6.845,6.9767,-1.88771,-0.1317,37200,254634000
08/05/2013,ProShares UltraPro QQQ,TQQQ,6.976666667,6.967466667,0.13204,0.0092,37200,259532000.0124
08/02/2013,ProShares UltraPro QQQ,TQQQ,6.9675,6.8533,1.66635,0.1142,37200,259191000
08/01/2013,ProShares UltraPro QQQ,TQQQ,6.853333333,6.637533333,3.25121,0.2158,37200,254943999.9876
07/31/2013,ProShares UltraPro QQQ,TQQQ,6.6375,6.6042,0.50422,0.0333,37200,246915000
07/30/2013,ProShares UltraPro QQQ,TQQQ,6.604166667,6.499966667,1.60309,0.1042,37200,245675000.0124
07/29/2013,ProShares UltraPro QQQ,TQQQ,6.5,6.5417,-0.63745,-0.0417,37800,245700000
07/26/2013,ProShares UltraPro QQQ,TQQQ,6.541666667,6.443366667,1.52560,0.0983,37800,247275000.0126
07/25/2013,ProShares UltraPro QQQ,TQQQ,6.443333333,6.320033333,1.95094,0.1233,37800,243557999.9874
07/24/2013,ProShares UltraPro QQQ,TQQQ,6.32,6.2608,0.94557,0.0592,39000,246480000
07/23/2013,ProShares UltraPro QQQ,TQQQ,6.260833333,6.405833333,-2.26356,-0.145,39000,244172499.987
07/22/2013,ProShares UltraPro QQQ,TQQQ,6.405833333,6.346633333,0.93278,0.0592,39000,249827499.987
07/19/2013,ProShares UltraPro QQQ,TQQQ,6.346666667,6.553366667,-3.15410,-0.2067,37200,236096000.0124
07/18/2013,ProShares UltraPro QQQ,TQQQ,6.553333333,6.603333333,-0.75719,-0.05,38400,251647999.9872
07/17/2013,ProShares UltraPro QQQ,TQQQ,6.603333333,6.553333333,0.76297,0.05,37800,249605999.9874
07/16/2013,ProShares UltraPro QQQ,TQQQ,6.553333333,6.575833333,-0.34216,-0.0225,37800,247715999.9874
07/15/2013,ProShares UltraPro QQQ,TQQQ,6.575833333,6.547533333,0.43222,0.0283,37800,248566499.9874
07/12/2013,ProShares UltraPro QQQ,TQQQ,6.5475,6.455,1.43300,0.0925,37800,247495500
07/11/2013,ProShares UltraPro QQQ,TQQQ,6.455,6.0867,6.05090,0.3683,37800,243999000
07/10/2013,ProShares UltraPro QQQ,TQQQ,6.086666667,5.984966667,1.69926,0.1017,39000,237380000.013
07/09/2013,ProShares UltraPro QQQ,TQQQ,5.985,5.8775,1.82901,0.1075,39000,233415000
07/08/2013,ProShares UltraPro QQQ,TQQQ,5.8775,5.8583,0.32774,0.0192,40200,236275500
07/05/2013,ProShares UltraPro QQQ,TQQQ,5.858333333,5.733333333,2.18023,0.125,40200,235504999.9866
07/03/2013,ProShares UltraPro QQQ,TQQQ,5.733333333,5.662533333,1.25032,0.0708,43200,247679999.9856
07/02/2013,ProShares UltraPro QQQ,TQQQ,5.6625,5.6558,0.11846,0.0067,43200,244620000
07/01/2013,ProShares UltraPro QQQ,TQQQ,5.655833333,5.542533333,2.04419,0.1133,43200,244331999.9856
06/28/2013,ProShares UltraPro QQQ,TQQQ,5.5425,5.53,0.22604,0.0125,43200,239436000
06/27/2013,ProShares UltraPro QQQ,TQQQ,5.53,5.4583,1.31360,0.0717,43200,238896000
06/26/2013,ProShares UltraPro QQQ,TQQQ,5.458333333,5.309133333,2.81025,0.1492,43200,235799999.9856
06/25/2013,ProShares UltraPro QQQ,TQQQ,5.309166667,5.203366667,2.03330,0.1058,43200,229356000.0144
06/24/2013,ProShares UltraPro QQQ,TQQQ,5.203333333,5.357533333,-2.87819,-0.1542,41400,215417999.9862
06/21/2013,ProShares UltraPro QQQ,TQQQ,5.3575,5.4358,-1.44045,-0.0783,38400,205728000
06/20/2013,ProShares UltraPro QQQ,TQQQ,5.435833333,5.862533333,-7.27842,-0.4267,37200,202212999.9876
06/19/2013,ProShares UltraPro QQQ,TQQQ,5.8625,6.0725,-3.45821,-0.21,35400,207532500
06/18/2013,ProShares UltraPro QQQ,TQQQ,6.0725,5.9283,2.43240,0.1442,35400,214966500
06/17/2013,ProShares UltraPro QQQ,TQQQ,5.928333333,5.764133333,2.84865,0.1642,35400,209862999.9882
06/14/2013,ProShares UltraPro QQQ,TQQQ,5.764166667,5.874166667,-1.87261,-0.11,35400,204051500.0118
06/13/2013,ProShares UltraPro QQQ,TQQQ,5.874166667,5.664166667,3.70752,0.21,34200,200896500.0114
06/12/2013,ProShares UltraPro QQQ,TQQQ,5.664166667,5.865866667,-3.43854,-0.2017,34200,193714500.0114
06/11/2013,ProShares UltraPro QQQ,TQQQ,5.865833333,6.047533333,-3.00453,-0.1817,34200,200611499.9886
06/10/2013,ProShares UltraPro QQQ,TQQQ,6.0475,6.0467,0.01323,0.0008,34200,206824500
06/07/2013,ProShares UltraPro QQQ,TQQQ,6.046666667,5.800866667,4.23730,0.2458,34200,206796000.0114
06/06/2013,ProShares UltraPro QQQ,TQQQ,5.800833333,5.724133333,1.33994,0.0767,34200,198388499.9886
06/05/2013,ProShares UltraPro QQQ,TQQQ,5.724166667,5.953366667,-3.84992,-0.2292,35400,202635500.0118
06/04/2013,ProShares UltraPro QQQ,TQQQ,5.953333333,6.050833333,-1.61135,-0.0975,35400,210747999.9882
06/03/2013,ProShares UltraPro QQQ,TQQQ,6.050833333,5.999133333,0.86179,0.0517,35400,214199499.9882
05/31/2013,ProShares UltraPro QQQ,TQQQ,5.999166667,6.186666667,-3.03071,-0.1875,35400,212370500.0118
05/30/2013,ProShares UltraPro QQQ,TQQQ,6.186666667,6.087466667,1.62958,0.0992,35400,219008000.0118
05/29/2013,ProShares UltraPro QQQ,TQQQ,6.0875,6.1842,-1.56366,-0.0967,35400,215497500
05/28/2013,ProShares UltraPro QQQ,TQQQ,6.184166667,6.064166667,1.97884,0.12,35400,218919500.0118
05/24/2013,ProShares UltraPro QQQ,TQQQ,6.064166667,6.068366667,-0.06921,-0.0042,35400,214671500.0118
05/23/2013,ProShares UltraPro QQQ,TQQQ,6.068333333,6.117533333,-0.80425,-0.0492,37200,225741999.9876
05/22/2013,ProShares UltraPro QQQ,TQQQ,6.1175,6.2808,-2.59999,-0.1633,37200,227571000
05/21/2013,ProShares UltraPro QQQ,TQQQ,6.280833333,6.254133333,0.42692,0.0267,37200,233646999.9876
05/20/2013,ProShares UltraPro QQQ,TQQQ,6.254166667,6.292466667,-0.60866,-0.0383,37200,232655000.0124
05/17/2013,ProShares UltraPro QQQ,TQQQ,6.2925,6.115,2.90270,0.1775,37200,234081000
05/16/2013,ProShares UltraPro QQQ,TQQQ,6.115,6.1342,-0.31300,-0.0192,37200,227478000
05/15/2013,ProShares UltraPro QQQ,TQQQ,6.134166667,6.094966667,0.64315,0.0392,37200,228191000.0124
05/14/2013,ProShares UltraPro QQQ,TQQQ,6.095,6.0008,1.56979,0.0942,37200,226734000
05/13/2013,ProShares UltraPro QQQ,TQQQ,6.000833333,5.985833333,0.25059,0.015,37200,223230999.9876
05/10/2013,ProShares UltraPro QQQ,TQQQ,5.985833333,5.879133333,1.81489,0.1067,37200,222672999.9876
05/09/2013,ProShares UltraPro QQQ,TQQQ,5.879166667,5.899966667,-0.35254,-0.0208,37200,218705000.0124
05/08/2013,ProShares UltraPro QQQ,TQQQ,5.9,5.8108,1.53507,0.0892,37200,219480000
05/07/2013,ProShares UltraPro QQQ,TQQQ,5.810833333,5.825033333,-0.24378,-0.0142,37200,216162999.9876
05/06/2013,ProShares UltraPro QQQ,TQQQ,5.825,5.76,1.12847,0.065,37200,216690000
05/03/2013,ProShares UltraPro QQQ,TQQQ,5.76,5.5633,3.53567,0.1967,37200,214272000
05/02/2013,ProShares UltraPro QQQ,TQQQ,5.563333333,5.356633333,3.85877,0.2067,39000,216969999.987
05/01/2013,ProShares UltraPro QQQ,TQQQ,5.356666667,5.435866667,-1.45699,-0.0792,39000,208910000.013
04/30/2013,ProShares UltraPro QQQ,TQQQ,5.435833333,5.320033333,2.17668,0.1158,39000,211997499.987
04/29/2013,ProShares UltraPro QQQ,TQQQ,5.32,5.1767,2.76817,0.1433,37200,197904000
04/26/2013,ProShares UltraPro QQQ,TQQQ,5.176666667,5.223366667,-0.89406,-0.0467,37200,192572000.0124
04/25/2013,ProShares UltraPro QQQ,TQQQ,5.223333333,5.144133333,1.53962,0.0792,37200,194307999.9876
04/24/2013,ProShares UltraPro QQQ,TQQQ,5.144166667,5.149166667,-0.09710,-0.005,37200,191363000.0124
04/23/2013,ProShares UltraPro QQQ,TQQQ,5.149166667,5.010866667,2.76000,0.1383,37200,191549000.0124
04/22/2013,ProShares UltraPro QQQ,TQQQ,5.010833333,4.858333333,3.13894,0.1525,39600,198428999.9868
04/19/2013,ProShares UltraPro QQQ,TQQQ,4.858333333,4.662533333,4.19943,0.1958,39600,192389999.9868
04/18/2013,ProShares UltraPro QQQ,TQQQ,4.6625,4.87,-4.26078,-0.2075,39600,184635000
04/17/2013,ProShares UltraPro QQQ,TQQQ,4.87,5.1775,-5.93916,-0.3075,38400,187008000
04/16/2013,ProShares UltraPro QQQ,TQQQ,5.1775,4.9683,4.21070,0.2092,38400,198816000
04/15/2013,ProShares UltraPro QQQ,TQQQ,4.968333333,5.290833333,-6.09545,-0.3225,38400,190783999.9872
04/12/2013,ProShares UltraPro QQQ,TQQQ,5.290833333,5.300833333,-0.18865,-0.01,40200,212691499.9866
04/11/2013,ProShares UltraPro QQQ,TQQQ,5.300833333,5.307533333,-0.12624,-0.0067,40200,213093499.9866
04/10/2013,ProShares UltraPro QQQ,TQQQ,5.3075,5.015,5.83250,0.2925,40200,213361500
04/09/2013,ProShares UltraPro QQQ,TQQQ,5.015,4.9167,1.99931,0.0983,41400,207621000
04/08/2013,ProShares UltraPro QQQ,TQQQ,4.916666667,4.839166667,1.60152,0.0775,41400,203550000.0138
04/05/2013,ProShares UltraPro QQQ,TQQQ,4.839166667,4.964166667,-2.51805,-0.125,41400,200341500.0138
04/04/2013,ProShares UltraPro QQQ,TQQQ,4.964166667,4.960866667,0.06652,0.0033,43800,217430500.0146
04/03/2013,ProShares UltraPro QQQ,TQQQ,4.960833333,5.100033333,-2.72939,-0.1392,43800,217284499.9854
04/02/2013,ProShares UltraPro QQQ,TQQQ,5.1,4.9792,2.42609,0.1208,45000,229500000
04/01/2013,ProShares UltraPro QQQ,TQQQ,4.979166667,5.088366667,-2.14607,-0.1092,45000,224062500.015
03/28/2013,ProShares UltraPro QQQ,TQQQ,5.088333333,5.050033333,0.75841,0.0383,45000,228974999.985
03/27/2013,ProShares UltraPro QQQ,TQQQ,5.05,5.0275,0.44754,0.0225,45000,227250000
03/26/2013,ProShares UltraPro QQQ,TQQQ,5.0275,4.9392,1.78774,0.0883,45000,226237500
03/25/2013,ProShares UltraPro QQQ,TQQQ,4.939166667,4.999966667,-1.21601,-0.0608,45000,222262500.015
03/22/2013,ProShares UltraPro QQQ,TQQQ,5,4.8608,2.86373,0.1392,45000,225000000
03/21/2013,ProShares UltraPro QQQ,TQQQ,4.860833333,5.025833333,-3.28304,-0.165,45000,218737499.985
03/20/2013,ProShares UltraPro QQQ,TQQQ,5.025833333,4.930033333,1.94319,0.0958,45000,226162499.985
03/19/2013,ProShares UltraPro QQQ,TQQQ,4.93,4.9567,-0.53866,-0.0267,45000,221850000
03/18/2013,ProShares UltraPro QQQ,TQQQ,4.956666667,4.991666667,-0.70117,-0.035,45600,226024000.0152
03/15/2013,ProShares UltraPro QQQ,TQQQ,4.991666667,5.034966667,-0.85999,-0.0433,48000,239600000.016
03/14/2013,ProShares UltraPro QQQ,TQQQ,5.035,4.9858,0.98680,0.0492,49200,247722000
03/13/2013,ProShares UltraPro QQQ,TQQQ,4.985833333,5.001633333,-0.31590,-0.0158,49200,245302999.9836
03/12/2013,ProShares UltraPro QQQ,TQQQ,5.001666667,5.058366667,-1.12092,-0.0567,49200,246082000.0164
03/11/2013,ProShares UltraPro QQQ,TQQQ,5.058333333,5.013333333,0.89761,0.045,45600,230659999.9848
03/08/2013,ProShares UltraPro QQQ,TQQQ,5.013333333,4.995833333,0.35029,0.0175,45600,228607999.9848
03/07/2013,ProShares UltraPro QQQ,TQQQ,4.995833333,4.956633333,0.79086,0.0392,45600,227809999.9848
03/06/2013,ProShares UltraPro QQQ,TQQQ,4.956666667,4.993366667,-0.73498,-0.0367,45000,223050000.015
03/05/2013,ProShares UltraPro QQQ,TQQQ,4.993333333,4.784133333,4.37279,0.2092,45000,224699999.985
03/04/2013,ProShares UltraPro QQQ,TQQQ,4.784166667,4.722466667,1.30652,0.0617,50400,241122000.0168
03/01/2013,ProShares UltraPro QQQ,TQQQ,4.7225,4.6692,1.14152,0.0533,50400,238014000
02/28/2013,ProShares UltraPro QQQ,TQQQ,4.669166667,4.690866667,-0.46260,-0.0217,50400,235326000.0168
02/27/2013,ProShares UltraPro QQQ,TQQQ,4.690833333,4.550833333,3.07636,0.14,52200,244861499.9826
02/26/2013,ProShares UltraPro QQQ,TQQQ,4.550833333,4.496633333,1.20535,0.0542,51600,234822999.9828
02/25/2013,ProShares UltraPro QQQ,TQQQ,4.496666667,4.676666667,-3.84890,-0.18,51600,232028000.0172
02/22/2013,ProShares UltraPro QQQ,TQQQ,4.676666667,4.541666667,2.97248,0.135,51600,241316000.0172
02/21/2013,ProShares UltraPro QQQ,TQQQ,4.541666667,4.690866667,-3.18065,-0.1492,51600,234350000.0172
02/20/2013,ProShares UltraPro QQQ,TQQQ,4.690833333,4.916633333,-4.59257,-0.2258,51600,242046999.9828
02/19/2013,ProShares UltraPro QQQ,TQQQ,4.916666667,4.814166667,2.12913,0.1025,54000,265500000.018
02/15/2013,ProShares UltraPro QQQ,TQQQ,4.814166667,4.853366667,-0.80769,-0.0392,55200,265742000.0184
02/14/2013,ProShares UltraPro QQQ,TQQQ,4.853333333,4.860833333,-0.15429,-0.0075,55200,267903999.9816
02/13/2013,ProShares UltraPro QQQ,TQQQ,4.860833333,4.807533333,1.10868,0.0533,55200,268317999.9816
02/12/2013,ProShares UltraPro QQQ,TQQQ,4.8075,4.8683,-1.24890,-0.0608,57000,274027500
02/11/2013,ProShares UltraPro QQQ,TQQQ,4.868333333,4.868333333,0.00000,0,58800,286257999.9804
02/08/2013,ProShares UltraPro QQQ,TQQQ,4.868333333,4.720833333,3.12445,0.1475,60000,292099999.98
02/07/2013,ProShares UltraPro QQQ,TQQQ,4.720833333,4.709133333,0.24845,0.0117,60000,283249999.98
02/06/2013,ProShares UltraPro QQQ,TQQQ,4.709166667,4.757466667,-1.01525,-0.0483,60000,282550000.02
02/05/2013,ProShares UltraPro QQQ,TQQQ,4.7575,4.5525,4.50302,0.205,60000,285450000
02/04/2013,ProShares UltraPro QQQ,TQQQ,4.5525,4.805,-5.25494,-0.2525,61200,278613000
02/01/2013,ProShares UltraPro QQQ,TQQQ,4.805,4.6425,3.50027,0.1625,61200,294066000
01/31/2013,ProShares UltraPro QQQ,TQQQ,4.6425,4.6733,-0.65906,-0.0308,63000,292477500
01/30/2013,ProShares UltraPro QQQ,TQQQ,4.673333333,4.701633333,-0.60192,-0.0283,63000,294419999.979
01/29/2013,ProShares UltraPro QQQ,TQQQ,4.701666667,4.697466667,0.08941,0.0042,64200,301847000.0214
01/28/2013,ProShares UltraPro QQQ,TQQQ,4.6975,4.6675,0.64274,0.03,64200,301579500
01/25/2013,ProShares UltraPro QQQ,TQQQ,4.6675,4.5983,1.50490,0.0692,64200,299653500
01/24/2013,ProShares UltraPro QQQ,TQQQ,4.598333333,4.798333333,-4.16811,-0.2,64200,295212999.9786
01/23/2013,ProShares UltraPro QQQ,TQQQ,4.798333333,4.714133333,1.78612,0.0842,64200,308052999.9786
01/22/2013,ProShares UltraPro QQQ,TQQQ,4.714166667,4.694966667,0.40895,0.0192,64200,302649500.0214
01/18/2013,ProShares UltraPro QQQ,TQQQ,4.695,4.7217,-0.56547,-0.0267,64200,301419000
01/17/2013,ProShares UltraPro QQQ,TQQQ,4.721666667,4.656666667,1.39585,0.065,64200,303131000.0214
01/16/2013,ProShares UltraPro QQQ,TQQQ,4.656666667,4.599166667,1.25023,0.0575,69600,324104000.0232
01/15/2013,ProShares UltraPro QQQ,TQQQ,4.599166667,4.666666667,-1.44643,-0.0675,69600,320102000.0232
01/14/2013,ProShares UltraPro QQQ,TQQQ,4.666666667,4.731666667,-1.37372,-0.065,69600,324800000.0232
01/11/2013,ProShares UltraPro QQQ,TQQQ,4.731666667,4.711666667,0.42448,0.02,69600,329324000.0232
01/10/2013,ProShares UltraPro QQQ,TQQQ,4.711666667,4.628366667,1.79977,0.0833,69600,327932000.0232
01/09/2013,ProShares UltraPro QQQ,TQQQ,4.628333333,4.584133333,0.96420,0.0442,69600,322131999.9768
01/08/2013,ProShares UltraPro QQQ,TQQQ,4.584166667,4.610866667,-0.57907,-0.0267,71400,327309500.0238
01/07/2013,ProShares UltraPro QQQ,TQQQ,4.610833333,4.605833333,0.10856,0.005,71400,329213499.9762
01/04/2013,ProShares UltraPro QQQ,TQQQ,4.605833333,4.651633333,-0.98460,-0.0458,73200,337146999.9756
01/03/2013,ProShares UltraPro QQQ,TQQQ,4.651666667,4.723366667,-1.51799,-0.0717,73800,343293000.0246
01/02/2013,ProShares UltraPro QQQ,TQQQ,4.723333333,4.308333333,9.63250,0.415,73800,348581999.9754
12/31/2012,ProShares UltraPro QQQ,TQQQ,4.308333333,4.054133333,6.27014,0.2542,73800,317954999.9754
12/28/2012,ProShares UltraPro QQQ,TQQQ,4.054166667,4.177466667,-2.95155,-0.1233,73800,299197500.0246
12/27/2012,ProShares UltraPro QQQ,TQQQ,4.1775,4.1975,-0.47647,-0.02,73800,308299500
12/26/2012,ProShares UltraPro QQQ,TQQQ,4.1975,4.2992,-2.36556,-0.1017,73800,309775500
12/24/2012,ProShares UltraPro QQQ,TQQQ,4.299166667,4.332466667,-0.76862,-0.0333,73800,317278500.0246
12/21/2012,ProShares UltraPro QQQ,TQQQ,4.3325,4.4767,-3.22112,-0.1442,72600,314539500
12/20/2012,ProShares UltraPro QQQ,TQQQ,4.476666667,4.464166667,0.28001,0.0125,73800,330378000.0246
12/19/2012,ProShares UltraPro QQQ,TQQQ,4.464166667,4.537466667,-1.61544,-0.0733,73800,329455500.0246
12/18/2012,ProShares UltraPro QQQ,TQQQ,4.5375,4.335,4.67128,0.2025,73800,334867500
12/17/2012,ProShares UltraPro QQQ,TQQQ,4.335,4.1633,4.12413,0.1717,73800,319923000
12/14/2012,ProShares UltraPro QQQ,TQQQ,4.163333333,4.290033333,-2.95336,-0.1267,73800,307253999.9754
12/13/2012,ProShares UltraPro QQQ,TQQQ,4.29,4.3908,-2.29571,-0.1008,73800,316602000
12/12/2012,ProShares UltraPro QQQ,TQQQ,4.390833333,4.421633333,-0.69658,-0.0308,73800,324043499.9754
12/11/2012,ProShares UltraPro QQQ,TQQQ,4.421666667,4.254966667,3.91777,0.1667,73800,326319000.0246
12/10/2012,ProShares UltraPro QQQ,TQQQ,4.255,4.2217,0.78878,0.0333,73800,314019000
12/07/2012,ProShares UltraPro QQQ,TQQQ,4.221666667,4.298366667,-1.78440,-0.0767,71400,301427000.0238
12/06/2012,ProShares UltraPro QQQ,TQQQ,4.298333333,4.210833333,2.07797,0.0875,71400,306900999.9762
12/05/2012,ProShares UltraPro QQQ,TQQQ,4.210833333,4.355033333,-3.31111,-0.1442,69600,293073999.9768
12/04/2012,ProShares UltraPro QQQ,TQQQ,4.355,4.3758,-0.47534,-0.0208,69600,303108000
12/03/2012,ProShares UltraPro QQQ,TQQQ,4.375833333,4.405033333,-0.66288,-0.0292,69600,304557999.9768
11/30/2012,ProShares UltraPro QQQ,TQQQ,4.405,4.4167,-0.26490,-0.0117,69600,306588000
11/29/2012,ProShares UltraPro QQQ,TQQQ,4.416666667,4.343366667,1.68763,0.0733,69600,307400000.0232
11/28/2012,ProShares UltraPro QQQ,TQQQ,4.343333333,4.229133333,2.70032,0.1142,69600,302295999.9768
11/27/2012,ProShares UltraPro QQQ,TQQQ,4.229166667,4.275866667,-1.09218,-0.0467,69600,294350000.0232
11/26/2012,ProShares UltraPro QQQ,TQQQ,4.275833333,4.218333333,1.36310,0.0575,69600,297597999.9768
11/23/2012,ProShares UltraPro QQQ,TQQQ,4.218333333,4.035833333,4.52199,0.1825,69600,293595999.9768
11/21/2012,ProShares UltraPro QQQ,TQQQ,4.035833333,4.009133333,0.66598,0.0267,69600,280893999.9768
11/20/2012,ProShares UltraPro QQQ,TQQQ,4.009166667,4.012466667,-0.08224,-0.0033,69600,279038000.0232
11/19/2012,ProShares UltraPro QQQ,TQQQ,4.0125,3.7392,7.30905,0.2733,67200,269640000
11/16/2012,ProShares UltraPro QQQ,TQQQ,3.739166667,3.695866667,1.17158,0.0433,67200,251272000.0224
11/15/2012,ProShares UltraPro QQQ,TQQQ,3.695833333,3.729133333,-0.89297,-0.0333,64800,239489999.9784
11/14/2012,ProShares UltraPro QQQ,TQQQ,3.729166667,3.864166667,-3.49364,-0.135,64800,241650000.0216
11/13/2012,ProShares UltraPro QQQ,TQQQ,3.864166667,3.950866667,-2.19446,-0.0867,59400,229531500.0198
11/12/2012,ProShares UltraPro QQQ,TQQQ,3.950833333,3.956633333,-0.14659,-0.0058,58200,229938499.9806
11/09/2012,ProShares UltraPro QQQ,TQQQ,3.956666667,3.904166667,1.34472,0.0525,58200,230278000.0194
11/08/2012,ProShares UltraPro QQQ,TQQQ,3.904166667,4.092466667,-4.60114,-0.1883,56400,220195000.0188
11/07/2012,ProShares UltraPro QQQ,TQQQ,4.0925,4.4192,-7.39274,-0.3267,56400,230817000
11/06/2012,ProShares UltraPro QQQ,TQQQ,4.419166667,4.379966667,0.89498,0.0392,56400,249241000.0188
11/05/2012,ProShares UltraPro QQQ,TQQQ,4.38,4.2942,1.99804,0.0858,54600,239148000
11/02/2012,ProShares UltraPro QQQ,TQQQ,4.294166667,4.450866667,-3.52066,-0.1567,53400,229308500.0178
11/01/2012,ProShares UltraPro QQQ,TQQQ,4.450833333,4.259133333,4.50092,0.1917,53400,237674499.9822
10/31/2012,ProShares UltraPro QQQ,TQQQ,4.259166667,4.346666667,-2.01304,-0.0875,52200,222328500.0174
10/26/2012,ProShares UltraPro QQQ,TQQQ,4.346666667,4.306666667,0.92879,0.04,52200,226896000.0174
10/25/2012,ProShares UltraPro QQQ,TQQQ,4.306666667,4.296666667,0.23274,0.01,52200,224808000.0174
10/24/2012,ProShares UltraPro QQQ,TQQQ,4.296666667,4.348366667,-1.18895,-0.0517,52200,224286000.0174
10/23/2012,ProShares UltraPro QQQ,TQQQ,4.348333333,4.490833333,-3.17313,-0.1425,49800,216546999.9834
10/22/2012,ProShares UltraPro QQQ,TQQQ,4.490833333,4.411633333,1.79525,0.0792,49800,223643499.9834
10/19/2012,ProShares UltraPro QQQ,TQQQ,4.411666667,4.754166667,-7.20421,-0.3425,49800,219701000.0166
10/18/2012,ProShares UltraPro QQQ,TQQQ,4.754166667,4.921666667,-3.40332,-0.1675,48000,228200000.016
10/17/2012,ProShares UltraPro QQQ,TQQQ,4.921666667,4.936666667,-0.30385,-0.015,48000,236240000.016
10/16/2012,ProShares UltraPro QQQ,TQQQ,4.936666667,4.737466667,4.20478,0.1992,48000,236960000.016
10/15/2012,ProShares UltraPro QQQ,TQQQ,4.7375,4.6367,2.17396,0.1008,48000,227400000
10/12/2012,ProShares UltraPro QQQ,TQQQ,4.636666667,4.632466667,0.09066,0.0042,46200,214214000.0154
10/11/2012,ProShares UltraPro QQQ,TQQQ,4.6325,4.68,-1.01496,-0.0475,46200,214021500
10/10/2012,ProShares UltraPro QQQ,TQQQ,4.68,4.7492,-1.45709,-0.0692,48000,224640000
10/09/2012,ProShares UltraPro QQQ,TQQQ,4.749166667,4.990866667,-4.84285,-0.2417,48000,227960000.016
10/08/2012,ProShares UltraPro QQQ,TQQQ,4.990833333,5.128333333,-2.68118,-0.1375,47400,236565499.9842
10/05/2012,ProShares UltraPro QQQ,TQQQ,5.128333333,5.220833333,-1.77175,-0.0925,43200,221543999.9856
10/04/2012,ProShares UltraPro QQQ,TQQQ,5.220833333,5.167533333,1.03144,0.0533,43200,225539999.9856
10/03/2012,ProShares UltraPro QQQ,TQQQ,5.1675,5.0617,2.09021,0.1058,43200,223236000
10/02/2012,ProShares UltraPro QQQ,TQQQ,5.061666667,5.031666667,0.59622,0.03,43200,218664000.0144
10/01/2012,ProShares UltraPro QQQ,TQQQ,5.031666667,5.056666667,-0.49440,-0.025,43200,217368000.0144
09/28/2012,ProShares UltraPro QQQ,TQQQ,5.056666667,5.180866667,-2.39728,-0.1242,43200,218448000.0144
09/27/2012,ProShares UltraPro QQQ,TQQQ,5.180833333,4.966633333,4.31278,0.2142,43200,223811999.9856
09/26/2012,ProShares UltraPro QQQ,TQQQ,4.966666667,5.090866667,-2.43966,-0.1242,43200,214560000.0144
09/25/2012,ProShares UltraPro QQQ,TQQQ,5.090833333,5.312533333,-4.17315,-0.2217,43200,219923999.9856
09/24/2012,ProShares UltraPro QQQ,TQQQ,5.3125,5.4125,-1.84758,-0.1,43200,229500000
09/21/2012,ProShares UltraPro QQQ,TQQQ,5.4125,5.4133,-0.01478,-0.0008,43200,233820000
09/20/2012,ProShares UltraPro QQQ,TQQQ,5.413333333,5.426633333,-0.24509,-0.0133,41400,224111999.9862
09/19/2012,ProShares UltraPro QQQ,TQQQ,5.426666667,5.389966667,0.68089,0.0367,41400,224664000.0138
09/18/2012,ProShares UltraPro QQQ,TQQQ,5.39,5.3842,0.10772,0.0058,41400,223146000
09/17/2012,ProShares UltraPro QQQ,TQQQ,5.384166667,5.375866667,0.15439,0.0083,41400,222904500.0138
09/14/2012,ProShares UltraPro QQQ,TQQQ,5.375833333,5.243333333,2.52702,0.1325,41400,222559499.9862
09/13/2012,ProShares UltraPro QQQ,TQQQ,5.243333333,5.029133333,4.25918,0.2142,41400,217073999.9862
09/12/2012,ProShares UltraPro QQQ,TQQQ,5.029166667,4.990866667,0.76740,0.0383,41400,208207500.0138
09/11/2012,ProShares UltraPro QQQ,TQQQ,4.990833333,5.009133333,-0.36533,-0.0183,41400,206620499.9862
09/10/2012,ProShares UltraPro QQQ,TQQQ,5.009166667,5.212466667,-3.90026,-0.2033,39600,198363000.0132
09/07/2012,ProShares UltraPro QQQ,TQQQ,5.2125,5.2375,-0.47733,-0.025,39600,206415000
09/06/2012,ProShares UltraPro QQQ,TQQQ,5.2375,4.905,6.77880,0.3325,43200,226260000
09/05/2012,ProShares UltraPro QQQ,TQQQ,4.905,4.93,-0.50710,-0.025,43200,211896000
09/04/2012,ProShares UltraPro QQQ,TQQQ,4.93,4.9317,-0.03447,-0.0017,43200,212976000
08/31/2012,ProShares UltraPro QQQ,TQQQ,4.931666667,4.834966667,2.00001,0.0967,43200,213048000.0144
08/30/2012,ProShares UltraPro QQQ,TQQQ,4.835,4.9975,-3.25163,-0.1625,43200,208872000
08/29/2012,ProShares UltraPro QQQ,TQQQ,4.9975,4.9908,0.13425,0.0067,43200,215892000
08/28/2012,ProShares UltraPro QQQ,TQQQ,4.990833333,4.990033333,0.01603,0.0008,43200,215603999.9856
08/27/2012,ProShares UltraPro QQQ,TQQQ,4.99,4.9658,0.48733,0.0242,43200,215568000
08/24/2012,ProShares UltraPro QQQ,TQQQ,4.965833333,4.880833333,1.74151,0.085,43200,214523999.9856
08/23/2012,ProShares UltraPro QQQ,TQQQ,4.880833333,4.996633333,-2.31756,-0.1158,43200,210851999.9856
08/22/2012,ProShares UltraPro QQQ,TQQQ,4.996666667,4.937466667,1.19900,0.0592,46800,233844000.0156
08/21/2012,ProShares UltraPro QQQ,TQQQ,4.9375,5.0017,-1.28356,-0.0642,46800,231075000
08/20/2012,ProShares UltraPro QQQ,TQQQ,5.001666667,4.979966667,0.43575,0.0217,45600,228076000.0152
08/17/2012,ProShares UltraPro QQQ,TQQQ,4.98,4.915,1.32248,0.065,45600,227088000
08/16/2012,ProShares UltraPro QQQ,TQQQ,4.915,4.7458,3.56526,0.1692,45000,221175000
08/15/2012,ProShares UltraPro QQQ,TQQQ,4.745833333,4.705833333,0.85001,0.04,45000,213562499.985
08/14/2012,ProShares UltraPro QQQ,TQQQ,4.705833333,4.701633333,0.08933,0.0042,45000,211762499.985
08/13/2012,ProShares UltraPro QQQ,TQQQ,4.701666667,4.672466667,0.62494,0.0292,45000,211575000.015
08/10/2012,ProShares UltraPro QQQ,TQQQ,4.6725,4.655,0.37594,0.0175,45000,210262500
08/09/2012,ProShares UltraPro QQQ,TQQQ,4.655,4.615,0.86674,0.04,45000,209475000
08/08/2012,ProShares UltraPro QQQ,TQQQ,4.615,4.63,-0.32397,-0.015,47400,218751000
08/07/2012,ProShares UltraPro QQQ,TQQQ,4.63,4.5142,2.56524,0.1158,47400,219462000
08/06/2012,ProShares UltraPro QQQ,TQQQ,4.514166667,4.424166667,2.03428,0.09,47400,213971500.0158
08/03/2012,ProShares UltraPro QQQ,TQQQ,4.424166667,4.179166667,5.86241,0.245,47400,209705500.0158
08/02/2012,ProShares UltraPro QQQ,TQQQ,4.179166667,4.224966667,-1.08403,-0.0458,47400,198092500.0158
08/01/2012,ProShares UltraPro QQQ,TQQQ,4.225,4.2608,-0.84022,-0.0358,47400,200265000
07/31/2012,ProShares UltraPro QQQ,TQQQ,4.260833333,4.260033333,0.01878,0.0008,47400,201963499.9842
07/30/2012,ProShares UltraPro QQQ,TQQQ,4.26,4.2833,-0.54397,-0.0233,50400,214704000
07/27/2012,ProShares UltraPro QQQ,TQQQ,4.283333333,3.994133333,7.24062,0.2892,50400,215879999.9832
07/26/2012,ProShares UltraPro QQQ,TQQQ,3.994166667,3.834166667,4.17301,0.16,52800,210892000.0176
07/25/2012,ProShares UltraPro QQQ,TQQQ,3.834166667,3.917466667,-2.12637,-0.0833,52800,202444000.0176
07/24/2012,ProShares UltraPro QQQ,TQQQ,3.9175,4.0217,-2.59094,-0.1042,48600,190390500
07/23/2012,ProShares UltraPro QQQ,TQQQ,4.021666667,4.157466667,-3.26641,-0.1358,48000,193040000.016
07/20/2012,ProShares UltraPro QQQ,TQQQ,4.1575,4.3417,-4.24258,-0.1842,48000,199560000
07/19/2012,ProShares UltraPro QQQ,TQQQ,4.341666667,4.198366667,3.41323,0.1433,48000,208400000.016
07/18/2012,ProShares UltraPro QQQ,TQQQ,4.198333333,4.038333333,3.96203,0.16,53400,224190999.9822
07/17/2012,ProShares UltraPro QQQ,TQQQ,4.038333333,3.971633333,1.67941,0.0667,53400,215646999.9822
07/16/2012,ProShares UltraPro QQQ,TQQQ,3.971666667,4.008366667,-0.91558,-0.0367,52200,207321000.0174
07/13/2012,ProShares UltraPro QQQ,TQQQ,4.008333333,3.830033333,4.65531,0.1783,52200,209234999.9826
07/12/2012,ProShares UltraPro QQQ,TQQQ,3.83,3.9483,-2.99623,-0.1183,52200,199926000
07/11/2012,ProShares UltraPro QQQ,TQQQ,3.948333333,4.015033333,-1.66126,-0.0667,52200,206102999.9826
07/10/2012,ProShares UltraPro QQQ,TQQQ,4.015,4.1333,-2.86212,-0.1183,52200,209583000
07/09/2012,ProShares UltraPro QQQ,TQQQ,4.133333333,4.143333333,-0.24135,-0.01,52200,215759999.9826
07/06/2012,ProShares UltraPro QQQ,TQQQ,4.143333333,4.315033333,-3.97911,-0.1717,52200,216281999.9826
07/05/2012,ProShares UltraPro QQQ,TQQQ,4.315,4.3075,0.17411,0.0075,51600,222654000
07/03/2012,ProShares UltraPro QQQ,TQQQ,4.3075,4.2067,2.39618,0.1008,51600,222267000
07/02/2012,ProShares UltraPro QQQ,TQQQ,4.206666667,4.161666667,1.08130,0.045,47400,199396000.0158
06/29/2012,ProShares UltraPro QQQ,TQQQ,4.161666667,3.804966667,9.37459,0.3567,47400,197263000.0158
06/28/2012,ProShares UltraPro QQQ,TQQQ,3.805,3.9383,-3.38471,-0.1333,47400,180357000
06/27/2012,ProShares UltraPro QQQ,TQQQ,3.938333333,3.866633333,1.85433,0.0717,47400,186676999.9842
06/26/2012,ProShares UltraPro QQQ,TQQQ,3.866666667,3.793366667,1.93232,0.0733,47400,183280000.0158
06/25/2012,ProShares UltraPro QQQ,TQQQ,3.793333333,4.037533333,-6.04825,-0.2442,51600,195735999.9828
06/22/2012,ProShares UltraPro QQQ,TQQQ,4.0375,3.9075,3.32694,0.13,51600,208335000
06/21/2012,ProShares UltraPro QQQ,TQQQ,3.9075,4.2283,-7.58697,-0.3208,51600,201627000
06/20/2012,ProShares UltraPro QQQ,TQQQ,4.228333333,4.215833333,0.29650,0.0125,51600,218181999.9828
06/19/2012,ProShares UltraPro QQQ,TQQQ,4.215833333,4.082533333,3.26513,0.1333,51600,217536999.9828
06/18/2012,ProShares UltraPro QQQ,TQQQ,4.0825,3.9833,2.49040,0.0992,46800,191061000
06/15/2012,ProShares UltraPro QQQ,TQQQ,3.983333333,3.841633333,3.68854,0.1417,51600,205539999.9828
06/14/2012,ProShares UltraPro QQQ,TQQQ,3.841666667,3.785866667,1.47390,0.0558,51600,198230000.0172
06/13/2012,ProShares UltraPro QQQ,TQQQ,3.785833333,3.870833333,-2.19591,-0.085,51600,195348999.9828
06/12/2012,ProShares UltraPro QQQ,TQQQ,3.870833333,3.741633333,3.45304,0.1292,51600,199734999.9828
06/11/2012,ProShares UltraPro QQQ,TQQQ,3.741666667,3.935866667,-4.93411,-0.1942,50400,188580000.0168
06/08/2012,ProShares UltraPro QQQ,TQQQ,3.935833333,3.827533333,2.82950,0.1083,50400,198365999.9832
06/07/2012,ProShares UltraPro QQQ,TQQQ,3.8275,3.8775,-1.28949,-0.05,50400,192906000
06/06/2012,ProShares UltraPro QQQ,TQQQ,3.8775,3.6175,7.18728,0.26,53400,207058500
06/05/2012,ProShares UltraPro QQQ,TQQQ,3.6175,3.5767,1.14072,0.0408,53400,193174500
06/04/2012,ProShares UltraPro QQQ,TQQQ,3.576666667,3.494966667,2.33765,0.0817,51000,182410000.017
06/01/2012,ProShares UltraPro QQQ,TQQQ,3.495,3.7933,-7.86387,-0.2983,51000,178245000
05/31/2012,ProShares UltraPro QQQ,TQQQ,3.793333333,3.850033333,-1.47271,-0.0567,51000,193459999.983
05/30/2012,ProShares UltraPro QQQ,TQQQ,3.85,3.9475,-2.46992,-0.0975,51000,196350000
05/29/2012,ProShares UltraPro QQQ,TQQQ,3.9475,3.8042,3.76689,0.1433,50400,198954000
05/25/2012,ProShares UltraPro QQQ,TQQQ,3.804166667,3.823366667,-0.50218,-0.0192,50400,191730000.0168
05/24/2012,ProShares UltraPro QQQ,TQQQ,3.823333333,3.895833333,-1.86096,-0.0725,50400,192695999.9832
05/23/2012,ProShares UltraPro QQQ,TQQQ,3.895833333,3.860033333,0.92745,0.0358,49200,191674999.9836
05/22/2012,ProShares UltraPro QQQ,TQQQ,3.86,3.8875,-0.70740,-0.0275,49200,189912000
05/21/2012,ProShares UltraPro QQQ,TQQQ,3.8875,3.5967,8.08519,0.2908,48000,186600000
05/18/2012,ProShares UltraPro QQQ,TQQQ,3.596666667,3.732466667,-3.63834,-0.1358,48000,172640000.016
05/17/2012,ProShares UltraPro QQQ,TQQQ,3.7325,3.9758,-6.11952,-0.2433,48000,179160000
05/16/2012,ProShares UltraPro QQQ,TQQQ,3.975833333,4.066633333,-2.23281,-0.0908,48000,190839999.984
05/15/2012,ProShares UltraPro QQQ,TQQQ,4.066666667,4.104166667,-0.91371,-0.0375,48000,195200000.016
05/14/2012,ProShares UltraPro QQQ,TQQQ,4.104166667,4.227466667,-2.91664,-0.1233,48000,197000000.016
05/11/2012,ProShares UltraPro QQQ,TQQQ,4.2275,4.2292,-0.04020,-0.0017,48000,202920000
05/10/2012,ProShares UltraPro QQQ,TQQQ,4.229166667,4.254966667,-0.60635,-0.0258,49200,208075000.0164
05/09/2012,ProShares UltraPro QQQ,TQQQ,4.255,4.2958,-0.94976,-0.0408,48000,204240000
05/08/2012,ProShares UltraPro QQQ,TQQQ,4.295833333,4.342533333,-1.07541,-0.0467,48000,206199999.984
05/07/2012,ProShares UltraPro QQQ,TQQQ,4.3425,4.3358,0.15453,0.0067,48000,208440000
05/04/2012,ProShares UltraPro QQQ,TQQQ,4.335833333,4.682133333,-7.39620,-0.3463,48000,208119999.984
05/03/2012,ProShares UltraPro QQQ,TQQQ,4.682083333,4.837083333,-3.20441,-0.155,46800,219121499.9844
05/02/2012,ProShares UltraPro QQQ,TQQQ,4.837083333,4.795783333,0.86117,0.0413,45600,220570999.9848
05/01/2012,ProShares UltraPro QQQ,TQQQ,4.795833333,4.778733333,0.35784,0.0171,45600,218689999.9848
04/30/2012,ProShares UltraPro QQQ,TQQQ,4.77875,4.87375,-1.94922,-0.095,45600,217911000
04/27/2012,ProShares UltraPro QQQ,TQQQ,4.87375,4.78835,1.78350,0.0854,44400,216394500
04/26/2012,ProShares UltraPro QQQ,TQQQ,4.788333333,4.706633333,1.73585,0.0817,44400,212601999.9852
04/25/2012,ProShares UltraPro QQQ,TQQQ,4.706666667,4.356266667,8.04358,0.3504,44400,208976000.0148
04/24/2012,ProShares UltraPro QQQ,TQQQ,4.35625,4.43045,-1.67477,-0.0742,44400,193417500
04/23/2012,ProShares UltraPro QQQ,TQQQ,4.430416667,4.545416667,-2.53002,-0.115,43200,191394000.0144
04/20/2012,ProShares UltraPro QQQ,TQQQ,4.545416667,4.600816667,-1.20413,-0.0554,43200,196362000.0144
04/19/2012,ProShares UltraPro QQQ,TQQQ,4.600833333,4.755433333,-3.25102,-0.1546,43200,198755999.9856
04/18/2012,ProShares UltraPro QQQ,TQQQ,4.755416667,4.795016667,-0.82586,-0.0396,43200,205434000.0144
04/17/2012,ProShares UltraPro QQQ,TQQQ,4.795,4.5233,6.00668,0.2717,43200,207144000
04/16/2012,ProShares UltraPro QQQ,TQQQ,4.523333333,4.673733333,-3.21798,-0.1504,43200,195407999.9856
04/13/2012,ProShares UltraPro QQQ,TQQQ,4.67375,4.89545,-4.52870,-0.2217,43200,201906000
04/12/2012,ProShares UltraPro QQQ,TQQQ,4.895416667,4.727916667,3.54279,0.1675,43200,211482000.0144
04/11/2012,ProShares UltraPro QQQ,TQQQ,4.727916667,4.660816667,1.43966,0.0671,43200,204246000.0144
04/10/2012,ProShares UltraPro QQQ,TQQQ,4.660833333,4.901233333,-4.90489,-0.2404,45600,212533999.9848
04/09/2012,ProShares UltraPro QQQ,TQQQ,4.90125,5.02295,-2.42288,-0.1217,46800,229378500
04/05/2012,ProShares UltraPro QQQ,TQQQ,5.022916667,4.928716667,1.91125,0.0942,46800,235072500.0156
04/04/2012,ProShares UltraPro QQQ,TQQQ,4.92875,5.13835,-4.07913,-0.2096,46800,230665500
04/03/2012,ProShares UltraPro QQQ,TQQQ,5.138333333,5.145433333,-0.13799,-0.0071,46800,240473999.9844
04/02/2012,ProShares UltraPro QQQ,TQQQ,5.145416667,4.986216667,3.19280,0.1592,46800,240805500.0156
03/30/2012,ProShares UltraPro QQQ,TQQQ,4.98625,5.02295,-0.73065,-0.0367,46800,233356500
03/29/2012,ProShares UltraPro QQQ,TQQQ,5.022916667,5.072516667,-0.97782,-0.0496,46800,235072500.0156
03/28/2012,ProShares UltraPro QQQ,TQQQ,5.0725,5.1346,-1.20944,-0.0621,46800,237393000
03/27/2012,ProShares UltraPro QQQ,TQQQ,5.134583333,5.112083333,0.44013,0.0225,46800,240298499.9844
03/26/2012,ProShares UltraPro QQQ,TQQQ,5.112083333,4.849583333,5.41284,0.2625,46800,239245499.9844
03/23/2012,ProShares UltraPro QQQ,TQQQ,4.849583333,4.864583333,-0.30835,-0.015,46800,226960499.9844
03/22/2012,ProShares UltraPro QQQ,TQQQ,4.864583333,4.894183333,-0.60480,-0.0296,46800,227662499.9844
03/21/2012,ProShares UltraPro QQQ,TQQQ,4.894166667,4.897966667,-0.07758,-0.0038,45600,223174000.0152
03/20/2012,ProShares UltraPro QQQ,TQQQ,4.897916667,4.874616667,0.47799,0.0233,43200,211590000.0144
03/19/2012,ProShares UltraPro QQQ,TQQQ,4.874583333,4.766283333,2.27221,0.1083,43200,210581999.9856
03/16/2012,ProShares UltraPro QQQ,TQQQ,4.76625,4.77705,-0.22608,-0.0108,43200,205902000
03/15/2012,ProShares UltraPro QQQ,TQQQ,4.777083333,4.743283333,0.71259,0.0338,43200,206369999.9856
03/14/2012,ProShares UltraPro QQQ,TQQQ,4.743333333,4.686633333,1.20982,0.0567,43200,204911999.9856
03/13/2012,ProShares UltraPro QQQ,TQQQ,4.686666667,4.432466667,5.73496,0.2542,42000,196840000.014
03/12/2012,ProShares UltraPro QQQ,TQQQ,4.4325,4.4325,0.00000,0,42000,186165000
03/09/2012,ProShares UltraPro QQQ,TQQQ,4.4325,4.3842,1.10168,0.0483,42000,186165000
03/08/2012,ProShares UltraPro QQQ,TQQQ,4.384166667,4.241666667,3.35953,0.1425,42000,184135000.014
03/07/2012,ProShares UltraPro QQQ,TQQQ,4.241666667,4.149566667,2.21951,0.0921,42000,178150000.014
03/06/2012,ProShares UltraPro QQQ,TQQQ,4.149583333,4.277083333,-2.98100,-0.1275,42000,174282499.986
03/05/2012,ProShares UltraPro QQQ,TQQQ,4.277083333,4.411283333,-3.04220,-0.1342,42000,179637499.986
03/02/2012,ProShares UltraPro QQQ,TQQQ,4.41125,4.42165,-0.23521,-0.0104,42000,185272500
03/01/2012,ProShares UltraPro QQQ,TQQQ,4.421666667,4.320866667,2.33287,0.1008,42000,185710000.014
02/29/2012,ProShares UltraPro QQQ,TQQQ,4.320833333,4.370833333,-1.14395,-0.05,42000,181474999.986
02/28/2012,ProShares UltraPro QQQ,TQQQ,4.370833333,4.240833333,3.06544,0.13,40800,178329999.9864
02/27/2012,ProShares UltraPro QQQ,TQQQ,4.240833333,4.228733333,0.28614,0.0121,43200,183203999.9856
02/24/2012,ProShares UltraPro QQQ,TQQQ,4.22875,4.18375,1.07559,0.045,43200,182682000
02/23/2012,ProShares UltraPro QQQ,TQQQ,4.18375,4.11085,1.77336,0.0729,43200,180738000
02/22/2012,ProShares UltraPro QQQ,TQQQ,4.110833333,4.161633333,-1.22067,-0.0508,43200,177587999.9856
02/21/2012,ProShares UltraPro QQQ,TQQQ,4.161666667,4.132066667,0.71635,0.0296,43200,179784000.0144
02/17/2012,ProShares UltraPro QQQ,TQQQ,4.132083333,4.170883333,-0.93026,-0.0388,44400,183464499.9852
02/16/2012,ProShares UltraPro QQQ,TQQQ,4.170833333,4.000433333,4.25954,0.1704,44400,185184999.9852
02/15/2012,ProShares UltraPro QQQ,TQQQ,4.000416667,4.091716667,-2.23134,-0.0913,44400,177618500.0148
02/14/2012,ProShares UltraPro QQQ,TQQQ,4.091666667,4.057066667,0.85283,0.0346,45600,186580000.0152
02/13/2012,ProShares UltraPro QQQ,TQQQ,4.057083333,3.951683333,2.66722,0.1054,45600,185002999.9848
02/10/2012,ProShares UltraPro QQQ,TQQQ,3.951666667,4.030866667,-1.96484,-0.0792,45600,180196000.0152
02/09/2012,ProShares UltraPro QQQ,TQQQ,4.030833333,3.945833333,2.15417,0.085,45600,183805999.9848
02/08/2012,ProShares UltraPro QQQ,TQQQ,3.945833333,3.882933333,1.61991,0.0629,45600,179929999.9848
02/07/2012,ProShares UltraPro QQQ,TQQQ,3.882916667,3.865416667,0.45273,0.0175,45600,177061000.0152
02/06/2012,ProShares UltraPro QQQ,TQQQ,3.865416667,3.869216667,-0.09821,-0.0038,45600,176263000.0152
02/03/2012,ProShares UltraPro QQQ,TQQQ,3.869166667,3.716266667,4.11434,0.1529,45600,176434000.0152
02/02/2012,ProShares UltraPro QQQ,TQQQ,3.71625,3.68245,0.91787,0.0338,45600,169461000
02/01/2012,ProShares UltraPro QQQ,TQQQ,3.6825,3.5942,2.45674,0.0883,48000,176760000
01/31/2012,ProShares UltraPro QQQ,TQQQ,3.594166667,3.582866667,0.31539,0.0113,48000,172520000.016
01/30/2012,ProShares UltraPro QQQ,TQQQ,3.582916667,3.567516667,0.43167,0.0154,48000,171980000.016
01/27/2012,ProShares UltraPro QQQ,TQQQ,3.5675,3.5371,0.85946,0.0304,48000,171240000
01/26/2012,ProShares UltraPro QQQ,TQQQ,3.537083333,3.584183333,-1.31411,-0.0471,48000,169779999.984
01/25/2012,ProShares UltraPro QQQ,TQQQ,3.584166667,3.449966667,3.88989,0.1342,48000,172040000.016
01/24/2012,ProShares UltraPro QQQ,TQQQ,3.45,3.4646,-0.42141,-0.0146,51600,178020000
01/23/2012,ProShares UltraPro QQQ,TQQQ,3.464583333,3.464183333,0.01155,0.0004,51600,178772499.9828
01/20/2012,ProShares UltraPro QQQ,TQQQ,3.464166667,3.483766667,-0.56261,-0.0196,51600,178751000.0172
01/19/2012,ProShares UltraPro QQQ,TQQQ,3.48375,3.41745,1.94004,0.0663,51600,179761500
01/18/2012,ProShares UltraPro QQQ,TQQQ,3.4175,3.2829,4.10003,0.1346,51600,176343000
01/17/2012,ProShares UltraPro QQQ,TQQQ,3.282916667,3.197516667,2.67082,0.0854,51600,169398500.0172
01/13/2012,ProShares UltraPro QQQ,TQQQ,3.1975,3.2383,-1.25992,-0.0408,54000,172665000
01/12/2012,ProShares UltraPro QQQ,TQQQ,3.238333333,3.199133333,1.22533,0.0392,54000,174869999.982
01/11/2012,ProShares UltraPro QQQ,TQQQ,3.199166667,3.179566667,0.61644,0.0196,54000,172755000.018
01/10/2012,ProShares UltraPro QQQ,TQQQ,3.179583333,3.113283333,2.12958,0.0663,54000,171697499.982
01/09/2012,ProShares UltraPro QQQ,TQQQ,3.113333333,3.134633333,-0.67951,-0.0213,54000,168119999.982
01/06/2012,ProShares UltraPro QQQ,TQQQ,3.134583333,3.106283333,0.91106,0.0283,57600,180551999.9808
01/05/2012,ProShares UltraPro QQQ,TQQQ,3.10625,3.03085,2.48775,0.0754,61200,190102500
01/04/2012,ProShares UltraPro QQQ,TQQQ,3.030833333,3.000833333,0.99972,0.03,61200,185486999.9796
01/03/2012,ProShares UltraPro QQQ,TQQQ,3.000833333,2.835433333,5.83332,0.1654,61200,183650999.9796
12/30/2011,ProShares UltraPro QQQ,TQQQ,2.835416667,2.861716667,-0.91903,-0.0263,61200,173527500.0204
12/29/2011,ProShares UltraPro QQQ,TQQQ,2.861666667,2.795866667,2.35347,0.0658,64800,185436000.0216
12/28/2011,ProShares UltraPro QQQ,TQQQ,2.795833333,2.894633333,-3.41321,-0.0988,64800,181169999.9784
12/27/2011,ProShares UltraPro QQQ,TQQQ,2.894583333,2.873783333,0.72378,0.0208,64800,187568999.9784
12/23/2011,ProShares UltraPro QQQ,TQQQ,2.87375,2.79705,2.74217,0.0767,64800,186219000
12/22/2011,ProShares UltraPro QQQ,TQQQ,2.797083333,2.732483333,2.36415,0.0646,64800,181250999.9784
12/21/2011,ProShares UltraPro QQQ,TQQQ,2.7325,2.8558,-4.31753,-0.1233,64800,177066000
12/20/2011,ProShares UltraPro QQQ,TQQQ,2.855833333,2.619533333,9.02069,0.2363,64800,185057999.9784
12/19/2011,ProShares UltraPro QQQ,TQQQ,2.619583333,2.702883333,-3.08189,-0.0833,64800,169748999.9784
12/16/2011,ProShares UltraPro QQQ,TQQQ,2.702916667,2.661616667,1.55169,0.0413,67200,181636000.0224
12/15/2011,ProShares UltraPro QQQ,TQQQ,2.661666667,2.683766667,-0.82347,-0.0221,67200,178864000.0224
12/14/2011,ProShares UltraPro QQQ,TQQQ,2.68375,2.81585,-4.69130,-0.1321,67200,180348000
12/13/2011,ProShares UltraPro QQQ,TQQQ,2.815833333,2.906633333,-3.12389,-0.0908,67200,189223999.9776
12/12/2011,ProShares UltraPro QQQ,TQQQ,2.906666667,3.009966667,-3.43193,-0.1033,67200,195328000.0224
12/09/2011,ProShares UltraPro QQQ,TQQQ,3.01,2.8742,4.72479,0.1358,67200,202272000
12/08/2011,ProShares UltraPro QQQ,TQQQ,2.874166667,3.022466667,-4.90659,-0.1483,67200,193144000.0224
12/07/2011,ProShares UltraPro QQQ,TQQQ,3.0225,3.0258,-0.10906,-0.0033,67200,203112000
12/06/2011,ProShares UltraPro QQQ,TQQQ,3.025833333,3.047533333,-0.71205,-0.0217,67200,203335999.9776
12/05/2011,ProShares UltraPro QQQ,TQQQ,3.0475,2.9517,3.24559,0.0958,67200,204792000
12/02/2011,ProShares UltraPro QQQ,TQQQ,2.951666667,2.979566667,-0.93638,-0.0279,69600,205436000.0232
12/01/2011,ProShares UltraPro QQQ,TQQQ,2.979583333,2.925783333,1.83882,0.0538,69600,207378999.9768
11/30/2011,ProShares UltraPro QQQ,TQQQ,2.925833333,2.627033333,11.37405,0.2988,69600,203637999.9768
11/29/2011,ProShares UltraPro QQQ,TQQQ,2.627083333,2.673383333,-1.73189,-0.0463,69600,182844999.9768
11/28/2011,ProShares UltraPro QQQ,TQQQ,2.673333333,2.425433333,10.22085,0.2479,67200,179647999.9776
11/25/2011,ProShares UltraPro QQQ,TQQQ,2.425416667,2.479216667,-2.17004,-0.0538,64800,157167000.0216
11/23/2011,ProShares UltraPro QQQ,TQQQ,2.479166667,2.658366667,-6.74098,-0.1792,64800,160650000.0216
11/22/2011,ProShares UltraPro QQQ,TQQQ,2.658333333,2.640033333,0.69317,0.0183,64800,172259999.9784
11/21/2011,ProShares UltraPro QQQ,TQQQ,2.64,2.7958,-5.57264,-0.1558,64800,171072000
11/18/2011,ProShares UltraPro QQQ,TQQQ,2.795833333,2.865033333,-2.41533,-0.0692,61200,171104999.9796
11/17/2011,ProShares UltraPro QQQ,TQQQ,2.865,3.0721,-6.74132,-0.2071,61200,175338000
11/16/2011,ProShares UltraPro QQQ,TQQQ,3.072083333,3.241683333,-5.23185,-0.1696,57600,176951999.9808
11/15/2011,ProShares UltraPro QQQ,TQQQ,3.241666667,3.134566667,3.41674,0.1071,57600,186720000.0192
11/14/2011,ProShares UltraPro QQQ,TQQQ,3.134583333,3.193783333,-1.85360,-0.0592,57600,180551999.9808
11/11/2011,ProShares UltraPro QQQ,TQQQ,3.19375,3.02205,5.68157,0.1717,57600,183960000
11/10/2011,ProShares UltraPro QQQ,TQQQ,3.022083333,3.030883333,-0.29034,-0.0088,57600,174071999.9808
11/09/2011,ProShares UltraPro QQQ,TQQQ,3.030833333,3.393733333,-10.69324,-0.3629,57600,174575999.9808
11/08/2011,ProShares UltraPro QQQ,TQQQ,3.39375,3.27415,3.65286,0.1196,55200,187335000
11/07/2011,ProShares UltraPro QQQ,TQQQ,3.274166667,3.213766667,1.87941,0.0604,55200,180734000.0184
11/04/2011,ProShares UltraPro QQQ,TQQQ,3.21375,3.26085,-1.44441,-0.0471,55200,177399000
11/03/2011,ProShares UltraPro QQQ,TQQQ,3.260833333,3.061633333,6.50633,0.1992,55200,179997999.9816
11/02/2011,ProShares UltraPro QQQ,TQQQ,3.061666667,2.984166667,2.59704,0.0775,55200,169004000.0184
11/01/2011,ProShares UltraPro QQQ,TQQQ,2.984166667,3.237966667,-7.83825,-0.2538,55200,164726000.0184
10/31/2011,ProShares UltraPro QQQ,TQQQ,3.237916667,3.414216667,-5.16370,-0.1763,55200,178733000.0184
10/28/2011,ProShares UltraPro QQQ,TQQQ,3.414166667,3.407466667,0.19663,0.0067,55200,188462000.0184
10/27/2011,ProShares UltraPro QQQ,TQQQ,3.4075,3.145,8.34658,0.2625,55200,188094000
10/26/2011,ProShares UltraPro QQQ,TQQQ,3.145,3.1496,-0.14605,-0.0046,55200,173604000
10/25/2011,ProShares UltraPro QQQ,TQQQ,3.149583333,3.354583333,-6.11104,-0.205,55200,173856999.9816
10/24/2011,ProShares UltraPro QQQ,TQQQ,3.354583333,3.157883333,6.22886,0.1967,55200,185172999.9816
10/21/2011,ProShares UltraPro QQQ,TQQQ,3.157916667,3.040816667,3.85094,0.1171,55200,174317000.0184
10/20/2011,ProShares UltraPro QQQ,TQQQ,3.040833333,3.082933333,-1.36558,-0.0421,55200,167853999.9816
10/19/2011,ProShares UltraPro QQQ,TQQQ,3.082916667,3.282916667,-6.09214,-0.2,55200,170177000.0184
10/18/2011,ProShares UltraPro QQQ,TQQQ,3.282916667,3.160016667,3.88922,0.1229,55200,181217000.0184
10/17/2011,ProShares UltraPro QQQ,TQQQ,3.16,3.3175,-4.74755,-0.1575,99600,314736000
10/14/2011,ProShares UltraPro QQQ,TQQQ,3.3175,3.1358,5.79437,0.1817,61200,203031000
10/13/2011,ProShares UltraPro QQQ,TQQQ,3.135833333,3.057533333,2.56089,0.0783,61200,191912999.9796
10/12/2011,ProShares UltraPro QQQ,TQQQ,3.0575,3.0096,1.59157,0.0479,61200,187119000
10/11/2011,ProShares UltraPro QQQ,TQQQ,3.009583333,2.946683333,2.13460,0.0629,61200,184186499.9796
10/10/2011,ProShares UltraPro QQQ,TQQQ,2.946666667,2.670866667,10.32624,0.2758,63600,187408000.0212
10/07/2011,ProShares UltraPro QQQ,TQQQ,2.670833333,2.725833333,-2.01773,-0.055,67200,179479999.9776
10/06/2011,ProShares UltraPro QQQ,TQQQ,2.725833333,2.600033333,4.83840,0.1258,68400,186446999.9772
10/05/2011,ProShares UltraPro QQQ,TQQQ,2.6,2.4179,7.53133,0.1821,68400,177840000
10/04/2011,ProShares UltraPro QQQ,TQQQ,2.417916667,2.272516667,6.39819,0.1454,66000,159582500.022
10/03/2011,ProShares UltraPro QQQ,TQQQ,2.2725,2.4588,-7.57687,-0.1863,62400,141804000
09/30/2011,ProShares UltraPro QQQ,TQQQ,2.45875,2.67255,-7.99985,-0.2138,58800,144574500
09/29/2011,ProShares UltraPro QQQ,TQQQ,2.6725,2.7588,-3.12817,-0.0863,58800,157143000
09/28/2011,ProShares UltraPro QQQ,TQQQ,2.75875,2.88545,-4.39100,-0.1267,58800,162214500
09/27/2011,ProShares UltraPro QQQ,TQQQ,2.885416667,2.811616667,2.62482,0.0738,58800,169662500.0196
09/26/2011,ProShares UltraPro QQQ,TQQQ,2.811666667,2.711266667,3.70307,0.1004,58800,165326000.0196
09/23/2011,ProShares UltraPro QQQ,TQQQ,2.71125,2.63085,3.05605,0.0804,58800,159421500
09/22/2011,ProShares UltraPro QQQ,TQQQ,2.630833333,2.916633333,-9.79897,-0.2858,58800,154692999.9804
09/21/2011,ProShares UltraPro QQQ,TQQQ,2.916666667,3.068366667,-4.94400,-0.1517,61200,178500000.0204
09/20/2011,ProShares UltraPro QQQ,TQQQ,3.068333333,3.120033333,-1.65703,-0.0517,61200,187781999.9796
09/19/2011,ProShares UltraPro QQQ,TQQQ,3.12,3.1096,0.33445,0.0104,61200,190944000
09/16/2011,ProShares UltraPro QQQ,TQQQ,3.109583333,3.032083333,2.55600,0.0775,61200,190306499.9796
09/15/2011,ProShares UltraPro QQQ,TQQQ,3.032083333,2.901283333,4.50835,0.1308,63600,192840499.9788
09/14/2011,ProShares UltraPro QQQ,TQQQ,2.90125,2.78085,4.32961,0.1204,63600,184519500
09/13/2011,ProShares UltraPro QQQ,TQQQ,2.780833333,2.675433333,3.93955,0.1054,63600,176860999.9788
09/12/2011,ProShares UltraPro QQQ,TQQQ,2.675416667,2.574616667,3.91515,0.1008,63600,170156500.0212
09/09/2011,ProShares UltraPro QQQ,TQQQ,2.574583333,2.764583333,-6.87265,-0.19,63600,163743499.9788
09/08/2011,ProShares UltraPro QQQ,TQQQ,2.764583333,2.800383333,-1.27840,-0.0358,63600,175827499.9788
09/07/2011,ProShares UltraPro QQQ,TQQQ,2.800416667,2.597916667,7.79471,0.2025,66000,184827500.022
09/06/2011,ProShares UltraPro QQQ,TQQQ,2.597916667,2.599216667,-0.05002,-0.0013,66000,171462500.022
09/02/2011,ProShares UltraPro QQQ,TQQQ,2.599166667,2.792466667,-6.92220,-0.1933,66000,171545000.022
09/01/2011,ProShares UltraPro QQQ,TQQQ,2.7925,2.8775,-2.95395,-0.085,66000,184305000
08/31/2011,ProShares UltraPro QQQ,TQQQ,2.8775,2.8646,0.45032,0.0129,66000,189915000
08/30/2011,ProShares UltraPro QQQ,TQQQ,2.864583333,2.812483333,1.85246,0.0521,66000,189062499.978
08/29/2011,ProShares UltraPro QQQ,TQQQ,2.8125,2.5896,8.60751,0.2229,66000,185625000
08/26/2011,ProShares UltraPro QQQ,TQQQ,2.589583333,2.405383333,7.65782,0.1842,63600,164697499.9788
08/25/2011,ProShares UltraPro QQQ,TQQQ,2.405416667,2.536216667,-5.15729,-0.1308,63600,152984500.0212
08/24/2011,ProShares UltraPro QQQ,TQQQ,2.53625,2.47995,2.27021,0.0563,63600,161305500
08/23/2011,ProShares UltraPro QQQ,TQQQ,2.48,2.2067,12.38501,0.2733,63600,157728000
08/22/2011,ProShares UltraPro QQQ,TQQQ,2.206666667,2.185866667,0.95157,0.0208,63600,140344000.0212
08/19/2011,ProShares UltraPro QQQ,TQQQ,2.185833333,2.301633333,-5.03121,-0.1158,63600,139018999.9788
08/18/2011,ProShares UltraPro QQQ,TQQQ,2.301666667,2.705866667,-14.93791,-0.4042,63600,146386000.0212
08/17/2011,ProShares UltraPro QQQ,TQQQ,2.705833333,2.753333333,-1.72518,-0.0475,61200,165596999.9796
08/16/2011,ProShares UltraPro QQQ,TQQQ,2.753333333,2.823333333,-2.47934,-0.07,61200,168503999.9796
08/15/2011,ProShares UltraPro QQQ,TQQQ,2.823333333,2.704533333,4.39262,0.1188,61200,172787999.9796
08/12/2011,ProShares UltraPro QQQ,TQQQ,2.704583333,2.649583333,2.07580,0.055,61200,165520499.9796
08/11/2011,ProShares UltraPro QQQ,TQQQ,2.649583333,2.332483333,13.59495,0.3171,61200,162154499.9796
08/10/2011,ProShares UltraPro QQQ,TQQQ,2.3325,2.6558,-12.17336,-0.3233,61200,142749000
08/09/2011,ProShares UltraPro QQQ,TQQQ,2.655833333,2.317033333,14.62215,0.3388,58800,156162999.9804
08/08/2011,ProShares UltraPro QQQ,TQQQ,2.317083333,2.836683333,-18.31717,-0.5196,58800,136244499.9804
08/05/2011,ProShares UltraPro QQQ,TQQQ,2.836666667,2.887066667,-1.74572,-0.0504,49200,139564000.0164
08/04/2011,ProShares UltraPro QQQ,TQQQ,2.887083333,3.344983333,-13.68916,-0.4579,46800,135115499.9844
08/03/2011,ProShares UltraPro QQQ,TQQQ,3.345,3.2554,2.75235,0.0896,42000,140490000
08/02/2011,ProShares UltraPro QQQ,TQQQ,3.255416667,3.530816667,-7.79990,-0.2754,42000,136727500.014
08/01/2011,ProShares UltraPro QQQ,TQQQ,3.530833333,3.570833333,-1.12019,-0.04,39600,139820999.9868
07/29/2011,ProShares UltraPro QQQ,TQQQ,3.570833333,3.612133333,-1.14337,-0.0413,37200,132834999.9876
07/28/2011,ProShares UltraPro QQQ,TQQQ,3.612083333,3.590783333,0.59319,0.0213,37200,134369499.9876
07/27/2011,ProShares UltraPro QQQ,TQQQ,3.590833333,3.890033333,-7.69145,-0.2992,37200,133578999.9876
07/26/2011,ProShares UltraPro QQQ,TQQQ,3.89,3.8646,0.65725,0.0254,37200,144708000
07/25/2011,ProShares UltraPro QQQ,TQQQ,3.864583333,3.890883333,-0.67594,-0.0263,37200,143762499.9876
07/22/2011,ProShares UltraPro QQQ,TQQQ,3.890833333,3.772033333,3.14949,0.1188,37200,144738999.9876
07/21/2011,ProShares UltraPro QQQ,TQQQ,3.772083333,3.695383333,2.07556,0.0767,39600,149374499.9868
07/20/2011,ProShares UltraPro QQQ,TQQQ,3.695416667,3.744616667,-1.31389,-0.0492,39600,146338500.0132
07/19/2011,ProShares UltraPro QQQ,TQQQ,3.744583333,3.502083333,6.92445,0.2425,39600,148285499.9868
07/18/2011,ProShares UltraPro QQQ,TQQQ,3.502083333,3.559583333,-1.61536,-0.0575,39600,138682499.9868
07/15/2011,ProShares UltraPro QQQ,TQQQ,3.559583333,3.419983333,4.08189,0.1396,39600,140959499.9868
07/14/2011,ProShares UltraPro QQQ,TQQQ,3.42,3.5438,-3.49343,-0.1238,39600,135432000
07/13/2011,ProShares UltraPro QQQ,TQQQ,3.54375,3.50495,1.10701,0.0388,39600,140332500
07/12/2011,ProShares UltraPro QQQ,TQQQ,3.505,3.5883,-2.32143,-0.0833,42000,147210000
07/11/2011,ProShares UltraPro QQQ,TQQQ,3.588333333,3.795033333,-5.44659,-0.2067,42000,150709999.986
07/08/2011,ProShares UltraPro QQQ,TQQQ,3.795,3.8283,-0.86984,-0.0333,42000,159390000
07/07/2011,ProShares UltraPro QQQ,TQQQ,3.828333333,3.670033333,4.31331,0.1583,42000,160789999.986
07/06/2011,ProShares UltraPro QQQ,TQQQ,3.67,3.6358,0.94065,0.0342,42000,154140000
07/05/2011,ProShares UltraPro QQQ,TQQQ,3.635833333,3.590033333,1.27575,0.0458,42000,152704999.986
07/01/2011,ProShares UltraPro QQQ,TQQQ,3.59,3.4283,4.71662,0.1617,42000,150780000
06/30/2011,ProShares UltraPro QQQ,TQQQ,3.428333333,3.297033333,3.98237,0.1313,42000,143989999.986
06/29/2011,ProShares UltraPro QQQ,TQQQ,3.297083333,3.259583333,1.15045,0.0375,42000,138477499.986
06/28/2011,ProShares UltraPro QQQ,TQQQ,3.259583333,3.120383333,4.46099,0.1392,42000,136902499.986
06/27/2011,ProShares UltraPro QQQ,TQQQ,3.120416667,2.978716667,4.75708,0.1417,42000,131057500.014
06/24/2011,ProShares UltraPro QQQ,TQQQ,2.97875,3.13835,-5.08547,-0.1596,39600,117958500
06/23/2011,ProShares UltraPro QQQ,TQQQ,3.138333333,3.058733333,2.60238,0.0796,39600,124277999.9868
06/22/2011,ProShares UltraPro QQQ,TQQQ,3.05875,3.12545,-2.13409,-0.0667,39600,121126500
06/21/2011,ProShares UltraPro QQQ,TQQQ,3.125416667,2.935816667,6.45817,0.1896,38400,120016000.0128
06/20/2011,ProShares UltraPro QQQ,TQQQ,2.935833333,2.890833333,1.55664,0.045,38400,112735999.9872
06/17/2011,ProShares UltraPro QQQ,TQQQ,2.890833333,2.918733333,-0.95589,-0.0279,38400,111007999.9872
06/16/2011,ProShares UltraPro QQQ,TQQQ,2.91875,2.95545,-1.24177,-0.0367,37200,108577500
06/15/2011,ProShares UltraPro QQQ,TQQQ,2.955416667,3.127916667,-5.51485,-0.1725,37200,109941500.0124
06/14/2011,ProShares UltraPro QQQ,TQQQ,3.127916667,3.013716667,3.78934,0.1142,37200,116358500.0124
06/13/2011,ProShares UltraPro QQQ,TQQQ,3.01375,3.00875,0.16618,0.005,36000,108495000
06/10/2011,ProShares UltraPro QQQ,TQQQ,3.00875,3.15835,-4.73665,-0.1496,36000,108315000
06/09/2011,ProShares UltraPro QQQ,TQQQ,3.158333333,3.142533333,0.50278,0.0158,36000,113699999.988
06/08/2011,ProShares UltraPro QQQ,TQQQ,3.1425,3.2104,-2.11500,-0.0679,36000,113130000
06/07/2011,ProShares UltraPro QQQ,TQQQ,3.210416667,3.233716667,-0.72053,-0.0233,36000,115575000.012
06/06/2011,ProShares UltraPro QQQ,TQQQ,3.23375,3.31165,-2.35230,-0.0779,34800,112534500
06/03/2011,ProShares UltraPro QQQ,TQQQ,3.311666667,3.465466667,-4.43807,-0.1538,34800,115246000.0116
06/02/2011,ProShares UltraPro QQQ,TQQQ,3.465416667,3.446616667,0.54546,0.0188,34800,120596500.0116
06/01/2011,ProShares UltraPro QQQ,TQQQ,3.446666667,3.676266667,-6.24547,-0.2296,34800,119944000.0116
05/31/2011,ProShares UltraPro QQQ,TQQQ,3.67625,3.51245,4.66341,0.1638,36000,132345000
05/27/2011,ProShares UltraPro QQQ,TQQQ,3.5125,3.4662,1.33576,0.0463,36000,126450000
05/26/2011,ProShares UltraPro QQQ,TQQQ,3.46625,3.40045,1.93504,0.0658,36000,124785000
05/25/2011,ProShares UltraPro QQQ,TQQQ,3.400416667,3.365816667,1.02798,0.0346,36000,122415000.012
05/24/2011,ProShares UltraPro QQQ,TQQQ,3.365833333,3.425433333,-1.73993,-0.0596,36000,121169999.988
05/23/2011,ProShares UltraPro QQQ,TQQQ,3.425416667,3.583316667,-4.40653,-0.1579,37200,127425500.0124
05/20/2011,ProShares UltraPro QQQ,TQQQ,3.583333333,3.668333333,-2.31713,-0.085,37200,133299999.9876
05/19/2011,ProShares UltraPro QQQ,TQQQ,3.668333333,3.636233333,0.88278,0.0321,37200,136461999.9876
05/18/2011,ProShares UltraPro QQQ,TQQQ,3.63625,3.54795,2.48876,0.0883,37200,135268500
05/17/2011,ProShares UltraPro QQQ,TQQQ,3.547916667,3.516616667,0.89006,0.0313,37200,131982500.0124
05/16/2011,ProShares UltraPro QQQ,TQQQ,3.516666667,3.710866667,-5.23328,-0.1942,38400,135040000.0128
05/13/2011,ProShares UltraPro QQQ,TQQQ,3.710833333,3.847933333,-3.56295,-0.1371,38400,142495999.9872
05/12/2011,ProShares UltraPro QQQ,TQQQ,3.847916667,3.778316667,1.84209,0.0696,38400,147760000.0128
05/11/2011,ProShares UltraPro QQQ,TQQQ,3.778333333,3.865833333,-2.26342,-0.0875,38400,145087999.9872
05/10/2011,ProShares UltraPro QQQ,TQQQ,3.865833333,3.769133333,2.56558,0.0967,38400,148447999.9872
05/09/2011,ProShares UltraPro QQQ,TQQQ,3.769166667,3.732466667,0.98326,0.0367,39600,149259000.0132
05/06/2011,ProShares UltraPro QQQ,TQQQ,3.7325,3.6954,1.00395,0.0371,39600,147807000
05/05/2011,ProShares UltraPro QQQ,TQQQ,3.695416667,3.753716667,-1.55313,-0.0583,39600,146338500.0132
05/04/2011,ProShares UltraPro QQQ,TQQQ,3.75375,3.77505,-0.56423,-0.0213,40800,153153000
05/03/2011,ProShares UltraPro QQQ,TQQQ,3.775,3.8296,-1.42574,-0.0546,40800,154020000
05/02/2011,ProShares UltraPro QQQ,TQQQ,3.829583333,3.831283333,-0.04437,-0.0017,40800,156246999.9864
04/29/2011,ProShares UltraPro QQQ,TQQQ,3.83125,3.85755,-0.68178,-0.0263,40800,156315000
04/28/2011,ProShares UltraPro QQQ,TQQQ,3.8575,3.8742,-0.43106,-0.0167,43200,166644000
04/27/2011,ProShares UltraPro QQQ,TQQQ,3.874166667,3.791666667,2.17582,0.0825,43200,167364000.0144
04/26/2011,ProShares UltraPro QQQ,TQQQ,3.791666667,3.733366667,1.56159,0.0583,43200,163800000.0144
04/25/2011,ProShares UltraPro QQQ,TQQQ,3.733333333,3.704133333,0.78831,0.0292,43200,161279999.9856
04/21/2011,ProShares UltraPro QQQ,TQQQ,3.704166667,3.614566667,2.47886,0.0896,56400,208915000.0188
04/20/2011,ProShares UltraPro QQQ,TQQQ,3.614583333,3.389583333,6.63798,0.225,56400,203862499.9812
04/19/2011,ProShares UltraPro QQQ,TQQQ,3.389583333,3.327083333,1.87852,0.0625,55200,187104999.9816
04/18/2011,ProShares UltraPro QQQ,TQQQ,3.327083333,3.394583333,-1.98846,-0.0675,56400,187647499.9812
04/15/2011,ProShares UltraPro QQQ,TQQQ,3.394583333,3.411283333,-0.48955,-0.0167,57600,195527999.9808
04/14/2011,ProShares UltraPro QQQ,TQQQ,3.41125,3.43455,-0.67840,-0.0233,57600,196488000
04/13/2011,ProShares UltraPro QQQ,TQQQ,3.434583333,3.354583333,2.38480,0.08,57600,197831999.9808
04/12/2011,ProShares UltraPro QQQ,TQQQ,3.354583333,3.426683333,-2.10408,-0.0721,57600,193223999.9808
04/11/2011,ProShares UltraPro QQQ,TQQQ,3.426666667,3.456266667,-0.85642,-0.0296,57600,197376000.0192
04/08/2011,ProShares UltraPro QQQ,TQQQ,3.45625,3.50915,-1.50749,-0.0529,57600,199080000
04/07/2011,ProShares UltraPro QQQ,TQQQ,3.509166667,3.507066667,0.05988,0.0021,57600,202128000.0192
04/06/2011,ProShares UltraPro QQQ,TQQQ,3.507083333,3.487083333,0.57355,0.02,57600,202007999.9808
04/05/2011,ProShares UltraPro QQQ,TQQQ,3.487083333,3.517883333,-0.87553,-0.0308,57600,200855999.9808
04/04/2011,ProShares UltraPro QQQ,TQQQ,3.517916667,3.555416667,-1.05473,-0.0375,57600,202632000.0192
04/01/2011,ProShares UltraPro QQQ,TQQQ,3.555416667,3.538716667,0.47192,0.0167,57600,204792000.0192
03/31/2011,ProShares UltraPro QQQ,TQQQ,3.53875,3.52705,0.33172,0.0117,57600,203832000
03/30/2011,ProShares UltraPro QQQ,TQQQ,3.527083333,3.477483333,1.42632,0.0496,57600,203159999.9808
03/29/2011,ProShares UltraPro QQQ,TQQQ,3.4775,3.3787,2.92420,0.0988,57600,200304000
03/28/2011,ProShares UltraPro QQQ,TQQQ,3.37875,3.43795,-1.72196,-0.0592,57600,194616000
03/25/2011,ProShares UltraPro QQQ,TQQQ,3.437916667,3.419116667,0.54985,0.0188,50400,173271000.0168
03/24/2011,ProShares UltraPro QQQ,TQQQ,3.419166667,3.241266667,5.48859,0.1779,50400,172326000.0168
03/23/2011,ProShares UltraPro QQQ,TQQQ,3.24125,3.18835,1.65917,0.0529,50400,163359000
03/22/2011,ProShares UltraPro QQQ,TQQQ,3.188333333,3.207933333,-0.61099,-0.0196,49200,156865999.9836
03/21/2011,ProShares UltraPro QQQ,TQQQ,3.207916667,3.037516667,5.60985,0.1704,49200,157829500.0164
03/18/2011,ProShares UltraPro QQQ,TQQQ,3.0375,3.0546,-0.55981,-0.0171,49200,149445000
03/17/2011,ProShares UltraPro QQQ,TQQQ,3.054583333,2.964983333,3.02194,0.0896,46800,142954499.9844
03/16/2011,ProShares UltraPro QQQ,TQQQ,2.965,3.2063,-7.52581,-0.2413,46800,138762000
03/15/2011,ProShares UltraPro QQQ,TQQQ,3.20625,3.34255,-4.07773,-0.1363,42000,134662500
03/14/2011,ProShares UltraPro QQQ,TQQQ,3.3425,3.3792,-1.08606,-0.0367,42000,140385000
03/11/2011,ProShares UltraPro QQQ,TQQQ,3.379166667,3.314166667,1.96128,0.065,42000,141925000.014
03/10/2011,ProShares UltraPro QQQ,TQQQ,3.314166667,3.487066667,-4.95832,-0.1729,42000,139195000.014
03/09/2011,ProShares UltraPro QQQ,TQQQ,3.487083333,3.554583333,-1.89896,-0.0675,45600,159010999.9848
03/08/2011,ProShares UltraPro QQQ,TQQQ,3.554583333,3.512083333,1.21011,0.0425,44400,157823499.9852
03/07/2011,ProShares UltraPro QQQ,TQQQ,3.512083333,3.660883333,-4.06459,-0.1488,42000,147507499.986
03/04/2011,ProShares UltraPro QQQ,TQQQ,3.660833333,3.716633333,-1.50136,-0.0558,42000,153754999.986
03/03/2011,ProShares UltraPro QQQ,TQQQ,3.716666667,3.512866667,5.80153,0.2038,42000,156100000.014
03/02/2011,ProShares UltraPro QQQ,TQQQ,3.512916667,3.461216667,1.49369,0.0517,42000,147542500.014
03/01/2011,ProShares UltraPro QQQ,TQQQ,3.46125,3.62705,-4.57121,-0.1658,42000,145372500
02/28/2011,ProShares UltraPro QQQ,TQQQ,3.627083333,3.605383333,0.60188,0.0217,40800,147984999.9864
02/25/2011,ProShares UltraPro QQQ,TQQQ,3.605416667,3.457516667,4.27764,0.1479,40800,147101000.0136
02/24/2011,ProShares UltraPro QQQ,TQQQ,3.4575,3.4033,1.59257,0.0542,40800,141066000
02/23/2011,ProShares UltraPro QQQ,TQQQ,3.403333333,3.500033333,-2.76283,-0.0967,40800.05,138856163.346399984
02/22/2011,ProShares UltraPro QQQ,TQQQ,3.5,3.8353,-8.74247,-0.3353,40800.05,142800168
02/18/2011,ProShares UltraPro QQQ,TQQQ,3.83525,3.85985,-0.63733,-0.0246,40800.05,156478384.092
02/17/2011,ProShares UltraPro QQQ,TQQQ,3.859833333,3.860933333,-0.02849,-0.0011,40800.05,157481385.258399984
02/16/2011,ProShares UltraPro QQQ,TQQQ,3.860833333,3.784733333,2.01071,0.0761,40800.05,157522185.306399984
02/15/2011,ProShares UltraPro QQQ,TQQQ,3.784833333,3.799633333,-0.38951,-0.0148,40800.05,154421381.658399984
02/14/2011,ProShares UltraPro QQQ,TQQQ,3.799583333,3.769583333,0.79584,0.03,40800.05,155023182.366399984
02/11/2011,ProShares UltraPro QQQ,TQQQ,3.769583333,3.699283333,1.90037,0.0703,40800.05,153799180.926399984
02/10/2011,ProShares UltraPro QQQ,TQQQ,3.699416667,3.682516667,0.45893,0.0169,40800.05,150936377.585600016
02/09/2011,ProShares UltraPro QQQ,TQQQ,3.6825,3.6961,-0.36796,-0.0136,40800.05,150246176.76
02/08/2011,ProShares UltraPro QQQ,TQQQ,3.696083333,3.628283333,1.86865,0.0678,40800.05,150800377.398399984
02/07/2011,ProShares UltraPro QQQ,TQQQ,3.628333333,3.577233333,1.42848,0.0511,40800.05,148036174.146399984
02/04/2011,ProShares UltraPro QQQ,TQQQ,3.577333333,3.509133333,1.94350,0.0682,40800.05,145955371.698399984
02/03/2011,ProShares UltraPro QQQ,TQQQ,3.509166667,3.498366667,0.30872,0.0108,40800.05,143174168.453600016
02/02/2011,ProShares UltraPro QQQ,TQQQ,3.498333333,3.516233333,-0.50907,-0.0179,40800.05,142732167.906399984
02/01/2011,ProShares UltraPro QQQ,TQQQ,3.51625,3.32835,5.64544,0.1879,40800.05,143463168.78
01/31/2011,ProShares UltraPro QQQ,TQQQ,3.328333333,3.279133333,1.50040,0.0492,40800.05,135796159.746399984
01/28/2011,ProShares UltraPro QQQ,TQQQ,3.279166667,3.551066667,-7.65685,-0.2719,40800.05,133790157.413600016
01/27/2011,ProShares UltraPro QQQ,TQQQ,3.551083333,3.479983333,2.04311,0.0711,40800.05,144884370.438399984
01/26/2011,ProShares UltraPro QQQ,TQQQ,3.48,3.4342,1.33364,0.0458,43200.05,150336167.04
01/25/2011,ProShares UltraPro QQQ,TQQQ,3.434166667,3.418366667,0.46221,0.0158,43200.05,148356164.854400016
01/24/2011,ProShares UltraPro QQQ,TQQQ,3.418333333,3.279733333,4.22595,0.1386,43200.05,147672164.065599984
01/21/2011,ProShares UltraPro QQQ,TQQQ,3.279833333,3.358433333,-2.34038,-0.0786,40800.05,133817357.418399984
01/20/2011,ProShares UltraPro QQQ,TQQQ,3.358333333,3.435433333,-2.24426,-0.0771,40800.05,137020161.186399984
01/19/2011,ProShares UltraPro QQQ,TQQQ,3.435416667,3.552316667,-3.29081,-0.1169,40800.05,140165164.913600016
01/18/2011,ProShares UltraPro QQQ,TQQQ,3.552333333,3.527933333,0.69162,0.0244,40800.05,144935370.498399984
01/14/2011,ProShares UltraPro QQQ,TQQQ,3.527916667,3.447616667,2.32915,0.0803,40800.05,143939169.353600016
01/13/2011,ProShares UltraPro QQQ,TQQQ,3.44775,3.44455,0.09290,0.0032,40800.05,140668365.492
01/12/2011,ProShares UltraPro QQQ,TQQQ,3.444583333,3.373483333,2.10761,0.0711,40800.05,140539165.326399984
01/11/2011,ProShares UltraPro QQQ,TQQQ,3.373583333,3.354983333,0.55440,0.0186,40800.05,137642361.918399984
01/10/2011,ProShares UltraPro QQQ,TQQQ,3.355,3.3212,1.01770,0.0338,40800.05,136884161.04
01/07/2011,ProShares UltraPro QQQ,TQQQ,3.32125,3.32545,-0.12630,-0.0042,40800.05,135507159.42
01/06/2011,ProShares UltraPro QQQ,TQQQ,3.325416667,3.294316667,0.94405,0.0311,40800.05,135677159.633600016
01/05/2011,ProShares UltraPro QQQ,TQQQ,3.294416667,3.213616667,2.51430,0.0808,40800.05,134412358.145600016
01/04/2011,ProShares UltraPro QQQ,TQQQ,3.213583333,3.225483333,-0.36894,-0.0119,40800.05,131114354.238399984
01/03/2011,ProShares UltraPro QQQ,TQQQ,3.225416667,3.074116667,4.92174,0.1513,40800.05,131597154.833600016
12/31/2010,ProShares UltraPro QQQ,TQQQ,3.074166667,3.107366667,-1.06843,-0.0332,40800.05,125426147.573600016
12/30/2010,ProShares UltraPro QQQ,TQQQ,3.107333333,3.132333333,-0.79813,-0.025,40800.05,126779349.138399984
12/29/2010,ProShares UltraPro QQQ,TQQQ,3.132333333,3.114833333,0.56183,0.0175,40800.05,127799350.338399984
12/28/2010,ProShares UltraPro QQQ,TQQQ,3.114833333,3.125233333,-0.33278,-0.0104,40800.05,127085349.498399984
12/27/2010,ProShares UltraPro QQQ,TQQQ,3.12525,3.12715,-0.06076,-0.0019,40800.05,127510350.012
12/23/2010,ProShares UltraPro QQQ,TQQQ,3.127083333,3.151083333,-0.76164,-0.024,40800.05,127585150.086399984
12/22/2010,ProShares UltraPro QQQ,TQQQ,3.151083333,3.145783333,0.16848,0.0053,40800.05,128564351.238399984
12/21/2010,ProShares UltraPro QQQ,TQQQ,3.145833333,3.097533333,1.55931,0.0483,40800.05,128350150.986399984
12/20/2010,ProShares UltraPro QQQ,TQQQ,3.0975,3.0787,0.61065,0.0188,40800.05,126378148.68
12/17/2010,ProShares UltraPro QQQ,TQQQ,3.07875,3.07725,0.04874,0.0015,40800.05,125613147.78
12/16/2010,ProShares UltraPro QQQ,TQQQ,3.077333333,3.013333333,2.12389,0.064,43200.05,132940947.697599984
12/15/2010,ProShares UltraPro QQQ,TQQQ,3.013333333,3.054833333,-1.35850,-0.0415,43200.05,130176144.625599984
12/14/2010,ProShares UltraPro QQQ,TQQQ,3.054833333,3.034033333,0.68556,0.0208,43200.05,131968946.617599984
12/13/2010,ProShares UltraPro QQQ,TQQQ,3.034,3.0672,-1.08242,-0.0332,43200.05,131068945.632
12/10/2010,ProShares UltraPro QQQ,TQQQ,3.067083333,3.010583333,1.87671,0.0565,43200.05,132498147.205599984
12/09/2010,ProShares UltraPro QQQ,TQQQ,3.010666667,3.006266667,0.14636,0.0044,43200.05,130060944.526400016
12/08/2010,ProShares UltraPro QQQ,TQQQ,3.00625,2.96045,1.54706,0.0458,43200.05,129870144.3
12/07/2010,ProShares UltraPro QQQ,TQQQ,2.960416667,2.962316667,-0.06414,-0.0019,43200.05,127890142.114400016
12/06/2010,ProShares UltraPro QQQ,TQQQ,2.962333333,2.968133333,-0.19541,-0.0058,43200.05,127972942.177599984
12/03/2010,ProShares UltraPro QQQ,TQQQ,2.968166667,2.944366667,0.80832,0.0238,43200.05,128224942.486400016
12/02/2010,ProShares UltraPro QQQ,TQQQ,2.944416667,2.855416667,3.11688,0.089,43200.05,127198941.346400016
12/01/2010,ProShares UltraPro QQQ,TQQQ,2.855416667,2.681616667,6.48116,0.1738,43200.05,123354137.074400016
11/30/2010,ProShares UltraPro QQQ,TQQQ,2.681666667,2.787966667,-3.81281,-0.1063,43200.05,115848128.734400016
11/29/2010,ProShares UltraPro QQQ,TQQQ,2.787916667,2.824816667,-1.30628,-0.0369,43200.05,120438133.834400016
11/26/2010,ProShares UltraPro QQQ,TQQQ,2.824833333,2.851133333,-0.92244,-0.0263,43200.05,122032935.577599984
11/24/2010,ProShares UltraPro QQQ,TQQQ,2.851083333,2.684383333,6.20999,0.1667,43200.05,123166936.837599984
11/23/2010,ProShares UltraPro QQQ,TQQQ,2.684416667,2.819216667,-4.78147,-0.1348,43200.05,115966928.866400016
11/22/2010,ProShares UltraPro QQQ,TQQQ,2.819166667,2.756366667,2.27836,0.0628,40800.05,115022135.333600016
11/19/2010,ProShares UltraPro QQQ,TQQQ,2.7565,2.75,0.23636,0.0065,38400.05,105849732.312
11/18/2010,ProShares UltraPro QQQ,TQQQ,2.75,2.6202,4.95382,0.1298,38400.05,105600132
11/17/2010,ProShares UltraPro QQQ,TQQQ,2.62025,2.59545,0.95552,0.0248,38400.05,100617725.772
11/16/2010,ProShares UltraPro QQQ,TQQQ,2.595416667,2.738216667,-5.21507,-0.1428,38400.05,99664124.592800016
11/15/2010,ProShares UltraPro QQQ,TQQQ,2.738166667,2.763866667,-0.92986,-0.0257,38400.05,105145731.444800016
11/12/2010,ProShares UltraPro QQQ,TQQQ,2.76375,2.90525,-4.87049,-0.1415,38400.05,106128132.66
11/11/2010,ProShares UltraPro QQQ,TQQQ,2.90525,2.96445,-1.99700,-0.0592,38400.05,111561739.452
11/10/2010,ProShares UltraPro QQQ,TQQQ,2.964416667,2.920416667,1.50663,0.044,38400.05,113833742.304800016
11/09/2010,ProShares UltraPro QQQ,TQQQ,2.920416667,2.969016667,-1.63691,-0.0486,38400.05,112144140.192800016
11/08/2010,ProShares UltraPro QQQ,TQQQ,2.969,2.9592,0.33117,0.0098,38400.05,114009742.512
11/05/2010,ProShares UltraPro QQQ,TQQQ,2.959166667,2.963566667,-0.14847,-0.0044,36000.05,106530142.052000016
11/04/2010,ProShares UltraPro QQQ,TQQQ,2.963583333,2.847783333,4.06632,0.1158,36000.05,106689142.239999984
11/03/2010,ProShares UltraPro QQQ,TQQQ,2.84775,2.82025,0.97509,0.0275,33600.05,95684536.692
11/02/2010,ProShares UltraPro QQQ,TQQQ,2.82025,2.73105,3.26614,0.0892,33600.05,94760535.372
11/01/2010,ProShares UltraPro QQQ,TQQQ,2.731083333,2.716083333,0.55227,0.015,36000.05,98319131.079999984
10/29/2010,ProShares UltraPro QQQ,TQQQ,2.716083333,2.736483333,-0.74548,-0.0204,36000.05,97779130.359999984
10/28/2010,ProShares UltraPro QQQ,TQQQ,2.7365,2.7217,0.54378,0.0148,36000.05,98514131.352
10/27/2010,ProShares UltraPro QQQ,TQQQ,2.721666667,2.695366667,0.97575,0.0263,36000.05,97980130.652000016
10/26/2010,ProShares UltraPro QQQ,TQQQ,2.695416667,2.674616667,0.77768,0.0208,36000.05,97035129.392000016
10/25/2010,ProShares UltraPro QQQ,TQQQ,2.674583333,2.639583333,1.32597,0.035,36000.05,96285128.367999984
10/22/2010,ProShares UltraPro QQQ,TQQQ,2.639583333,2.587283333,2.02143,0.0523,36000.05,95025126.687999984
10/21/2010,ProShares UltraPro QQQ,TQQQ,2.587333333,2.571233333,0.62616,0.0161,33600.05,86934524.180799984
10/20/2010,ProShares UltraPro QQQ,TQQQ,2.57125,2.51335,2.30370,0.0579,33600.05,86394123.42
10/19/2010,ProShares UltraPro QQQ,TQQQ,2.513333333,2.642933333,-4.90364,-0.1296,33600.05,84448120.628799984
10/18/2010,ProShares UltraPro QQQ,TQQQ,2.642916667,2.618916667,0.91641,0.024,33600.05,88802126.871200016
10/15/2010,ProShares UltraPro QQQ,TQQQ,2.619,2.4633,6.32079,0.1557,33600.05,87998525.712
10/14/2010,ProShares UltraPro QQQ,TQQQ,2.463333333,2.473733333,-0.42042,-0.0104,36000.05,88680118.227999984
10/13/2010,ProShares UltraPro QQQ,TQQQ,2.47375,2.41795,2.30774,0.0558,36000.05,89055118.74
10/12/2010,ProShares UltraPro QQQ,TQQQ,2.417916667,2.366816667,2.15902,0.0511,36000.05,87045116.072000016
10/11/2010,ProShares UltraPro QQQ,TQQQ,2.366916667,2.366916667,0.00000,0,36000.05,85209113.624000016
10/08/2010,ProShares UltraPro QQQ,TQQQ,2.366916667,2.314116667,2.28165,0.0528,36000.05,85209113.624000016
10/07/2010,ProShares UltraPro QQQ,TQQQ,2.314166667,2.296366667,0.77514,0.0178,36000.05,83310111.092000016
10/06/2010,ProShares UltraPro QQQ,TQQQ,2.2965,2.3597,-2.67831,-0.0632,36000.05,82674110.232
10/05/2010,ProShares UltraPro QQQ,TQQQ,2.359583333,2.195583333,7.46954,0.164,36000.05,84945113.247999984
10/04/2010,ProShares UltraPro QQQ,TQQQ,2.195666667,2.267766667,-3.17934,-0.0721,36000.05,79044105.404000016
10/01/2010,ProShares UltraPro QQQ,TQQQ,2.26775,2.27315,-0.23756,-0.0054,36000.05,81639108.852
09/30/2010,ProShares UltraPro QQQ,TQQQ,2.273166667,2.310466667,-1.61439,-0.0373,36000.05,81834109.124000016
09/29/2010,ProShares UltraPro QQQ,TQQQ,2.310416667,2.322516667,-0.52099,-0.0121,36000.05,83175110.912000016
09/28/2010,ProShares UltraPro QQQ,TQQQ,2.3225,2.3181,0.18981,0.0044,36000.05,83610111.48
09/27/2010,ProShares UltraPro QQQ,TQQQ,2.318166667,2.362766667,-1.88762,-0.0446,36000.05,83454111.284000016
09/24/2010,ProShares UltraPro QQQ,TQQQ,2.36275,2.22275,6.29850,0.14,36000.05,85059113.412
09/23/2010,ProShares UltraPro QQQ,TQQQ,2.22275,2.22485,-0.09439,-0.0021,36000.05,80019106.692
09/22/2010,ProShares UltraPro QQQ,TQQQ,2.224833333,2.246133333,-0.94830,-0.0213,36000.05,80094106.779999984
09/21/2010,ProShares UltraPro QQQ,TQQQ,2.246083333,2.247383333,-0.05785,-0.0013,36000.05,80859107.799999984
09/20/2010,ProShares UltraPro QQQ,TQQQ,2.247333333,2.137033333,5.16136,0.1103,36000.05,80904107.859999984
09/17/2010,ProShares UltraPro QQQ,TQQQ,2.137083333,2.112483333,1.16451,0.0246,36000.05,76935102.567999984
09/16/2010,ProShares UltraPro QQQ,TQQQ,2.1125,2.0854,1.29951,0.0271,36000.05,76050101.4
09/15/2010,ProShares UltraPro QQQ,TQQQ,2.085416667,2.050016667,1.72682,0.0354,36000.05,75075100.112000016
09/14/2010,ProShares UltraPro QQQ,TQQQ,2.05,2.0281,1.07983,0.0219,36000.05,73800098.4
09/13/2010,ProShares UltraPro QQQ,TQQQ,2.028166667,1.938566667,4.62197,0.0896,36000.05,73014097.364000016
09/10/2010,ProShares UltraPro QQQ,TQQQ,1.938583333,1.919783333,0.97928,0.0188,36000.05,69789093.039999984
09/09/2010,ProShares UltraPro QQQ,TQQQ,1.919833333,1.900833333,0.99956,0.019,36000.05,69114092.139999984
09/08/2010,ProShares UltraPro QQQ,TQQQ,1.900833333,1.831433333,3.78938,0.0694,36000.05,68430091.227999984
09/07/2010,ProShares UltraPro QQQ,TQQQ,1.8315,1.8728,-2.20525,-0.0413,36000.05,65934087.912
09/03/2010,ProShares UltraPro QQQ,TQQQ,1.87275,1.78585,4.86603,0.0869,36000.05,67419089.892
09/02/2010,ProShares UltraPro QQQ,TQQQ,1.785833333,1.727533333,3.37475,0.0583,38400.05,68576085.707199984
09/01/2010,ProShares UltraPro QQQ,TQQQ,1.7275,1.586,8.92182,0.1415,38400.05,66336082.92
08/31/2010,ProShares UltraPro QQQ,TQQQ,1.586083333,1.598883333,-0.80056,-0.0128,38400.05,60905676.119199984
08/30/2010,ProShares UltraPro QQQ,TQQQ,1.59875,1.65295,-3.27899,-0.0542,38400.05,61392076.74
08/27/2010,ProShares UltraPro QQQ,TQQQ,1.652916667,1.592116667,3.81882,0.0608,38400.05,63472079.352800016
08/26/2010,ProShares UltraPro QQQ,TQQQ,1.592083333,1.652383333,-3.64927,-0.0603,38400.05,61136076.407199984
08/25/2010,ProShares UltraPro QQQ,TQQQ,1.652333333,1.608733333,2.71021,0.0436,38400.05,63449679.299199984
08/24/2010,ProShares UltraPro QQQ,TQQQ,1.60875,1.70205,-5.48163,-0.0933,38400.05,61776077.22
08/23/2010,ProShares UltraPro QQQ,TQQQ,1.702083333,1.752783333,-2.89254,-0.0507,40800.05,69445081.686399984
08/20/2010,ProShares UltraPro QQQ,TQQQ,1.75275,1.74485,0.45276,0.0079,40800.05,71512284.132
08/19/2010,ProShares UltraPro QQQ,TQQQ,1.744833333,1.827333333,-4.51478,-0.0825,40800.05,71189283.738399984
08/18/2010,ProShares UltraPro QQQ,TQQQ,1.827333333,1.810833333,0.91118,0.0165,40800.05,74555287.698399984
08/17/2010,ProShares UltraPro QQQ,TQQQ,1.810833333,1.741033333,4.00911,0.0698,40800.05,73882086.906399984
08/16/2010,ProShares UltraPro QQQ,TQQQ,1.741083333,1.733583333,0.43263,0.0075,40800.05,71036283.558399984
08/13/2010,ProShares UltraPro QQQ,TQQQ,1.733583333,1.772183333,-2.17810,-0.0386,40800.05,70730283.198399984
08/12/2010,ProShares UltraPro QQQ,TQQQ,1.772083333,1.811283333,-2.16421,-0.0392,40800.05,72301085.046399984
08/11/2010,ProShares UltraPro QQQ,TQQQ,1.81125,1.97955,-8.50193,-0.1683,40800.05,73899086.94
08/10/2010,ProShares UltraPro QQQ,TQQQ,1.979583333,2.029883333,-2.47797,-0.0503,40800.05,80767095.006399984
08/09/2010,ProShares UltraPro QQQ,TQQQ,2.029833333,1.991233333,1.93850,0.0386,40800.05,82817297.418399984
08/06/2010,ProShares UltraPro QQQ,TQQQ,1.99125,1.99815,-0.34532,-0.0069,40800.05,81243095.58
08/05/2010,ProShares UltraPro QQQ,TQQQ,1.998166667,2.011466667,-0.66121,-0.0133,40800.05,81525295.925600016
08/04/2010,ProShares UltraPro QQQ,TQQQ,2.0115,1.9562,2.82691,0.0553,40800.05,82069296.552
08/03/2010,ProShares UltraPro QQQ,TQQQ,1.95625,1.97905,-1.15207,-0.0228,40800.05,79815093.9
08/02/2010,ProShares UltraPro QQQ,TQQQ,1.979,1.8732,5.64809,0.1058,40800.05,80743294.992
07/30/2010,ProShares UltraPro QQQ,TQQQ,1.873166667,1.861666667,0.61773,0.0115,40800.05,76425289.925600016
07/29/2010,ProShares UltraPro QQQ,TQQQ,1.861666667,1.899466667,-1.99003,-0.0378,40800.05,75956089.373600016
07/28/2010,ProShares UltraPro QQQ,TQQQ,1.899416667,1.949016667,-2.54487,-0.0496,43200.05,82054891.186400016
07/27/2010,ProShares UltraPro QQQ,TQQQ,1.949,1.954,-0.25589,-0.005,43200.05,84196893.552
07/26/2010,ProShares UltraPro QQQ,TQQQ,1.954,1.9086,2.37871,0.0454,43200.05,84412893.792
07/23/2010,ProShares UltraPro QQQ,TQQQ,1.908583333,1.871483333,1.98238,0.0371,43200.05,82450891.597599984
07/22/2010,ProShares UltraPro QQQ,TQQQ,1.8715,1.74,7.55747,0.1315,43200.05,80848889.832
07/21/2010,ProShares UltraPro QQQ,TQQQ,1.74,1.8094,-3.83553,-0.0694,43200.05,75168083.52
07/20/2010,ProShares UltraPro QQQ,TQQQ,1.809416667,1.747716667,3.53032,0.0617,43200.05,78166886.866400016
07/19/2010,ProShares UltraPro QQQ,TQQQ,1.74775,1.70335,2.60663,0.0444,43200.05,75502883.892
07/16/2010,ProShares UltraPro QQQ,TQQQ,1.703333333,1.861633333,-8.50329,-0.1583,43200.05,73584081.745599984
07/15/2010,ProShares UltraPro QQQ,TQQQ,1.861666667,1.853366667,0.44783,0.0083,43200.05,80424089.374400016
07/14/2010,ProShares UltraPro QQQ,TQQQ,1.853333333,1.828533333,1.35628,0.0248,40800.05,75616088.946399984
07/13/2010,ProShares UltraPro QQQ,TQQQ,1.828583333,1.759183333,3.94501,0.0694,40800.05,74606287.758399984
07/12/2010,ProShares UltraPro QQQ,TQQQ,1.759166667,1.741266667,1.02799,0.0179,38400.05,67552084.452800016
07/09/2010,ProShares UltraPro QQQ,TQQQ,1.74125,1.69435,2.76802,0.0469,38400.05,66864083.58
07/08/2010,ProShares UltraPro QQQ,TQQQ,1.694416667,1.670416667,1.43677,0.024,38400.05,65065681.344800016
07/07/2010,ProShares UltraPro QQQ,TQQQ,1.670416667,1.525116667,9.52714,0.1453,38400.05,64144080.192800016
07/06/2010,ProShares UltraPro QQQ,TQQQ,1.52525,1.50895,1.08022,0.0163,38400.05,58569673.212
07/02/2010,ProShares UltraPro QQQ,TQQQ,1.509,1.5244,-1.01023,-0.0154,36000.05,54324072.432
07/01/2010,ProShares UltraPro QQQ,TQQQ,1.524416667,1.537316667,-0.83912,-0.0129,36000.05,54879073.184000016
06/30/2010,ProShares UltraPro QQQ,TQQQ,1.537333333,1.605633333,-4.25377,-0.0683,36000.05,55344073.779999984
06/29/2010,ProShares UltraPro QQQ,TQQQ,1.605666667,1.819466667,-11.75070,-0.2138,38400.05,61657677.084800016
06/28/2010,ProShares UltraPro QQQ,TQQQ,1.819416667,1.828016667,-0.47046,-0.0086,33600.05,61132487.343200016
06/25/2010,ProShares UltraPro QQQ,TQQQ,1.827916667,1.845716667,-0.96440,-0.0178,33600.05,61418087.751200016
06/24/2010,ProShares UltraPro QQQ,TQQQ,1.845666667,1.938166667,-4.77255,-0.0925,33600.05,62014488.603200016
06/23/2010,ProShares UltraPro QQQ,TQQQ,1.938166667,1.957566667,-0.99103,-0.0194,31200.05,60470893.042400016
06/22/2010,ProShares UltraPro QQQ,TQQQ,1.9575,2.0061,-2.42261,-0.0486,31200.05,61074093.96
06/21/2010,ProShares UltraPro QQQ,TQQQ,2.006083333,2.063183333,-2.76757,-0.0571,31200.05,62589896.281599984
06/18/2010,ProShares UltraPro QQQ,TQQQ,2.063166667,2.054366667,0.42836,0.0088,28800.05,59419299.041600016
06/17/2010,ProShares UltraPro QQQ,TQQQ,2.054416667,2.037116667,0.84924,0.0173,28800.05,59167298.621600016
06/16/2010,ProShares UltraPro QQQ,TQQQ,2.037083333,2.012283333,1.23243,0.0248,28800.05,58668097.770399984
06/15/2010,ProShares UltraPro QQQ,TQQQ,2.012333333,1.856033333,8.42118,0.1563,28800.05,57955296.582399984
06/14/2010,ProShares UltraPro QQQ,TQQQ,1.856083333,1.860683333,-0.24722,-0.0046,28800.05,53455289.082399984
06/11/2010,ProShares UltraPro QQQ,TQQQ,1.860666667,1.810366667,2.77844,0.0503,26400.05,49121689.320800016
06/10/2010,ProShares UltraPro QQQ,TQQQ,1.810416667,1.666616667,8.62826,0.1438,26400.05,47795086.908800016
06/09/2010,ProShares UltraPro QQQ,TQQQ,1.666666667,1.714166667,-2.77103,-0.0475,26400.05,44000080.008800016
06/08/2010,ProShares UltraPro QQQ,TQQQ,1.714166667,1.721466667,-0.42406,-0.0073,26400.05,45254082.288800016
06/07/2010,ProShares UltraPro QQQ,TQQQ,1.7215,1.823,-5.56775,-0.1015,26400.05,45447682.632
06/04/2010,ProShares UltraPro QQQ,TQQQ,1.822916667,2.026916667,-10.06455,-0.204,24000.05,43750087.508000016
06/03/2010,ProShares UltraPro QQQ,TQQQ,2.026916667,1.976216667,2.56551,0.0507,24000.05,48646097.300000016
06/02/2010,ProShares UltraPro QQQ,TQQQ,1.97625,1.84045,7.37863,0.1358,24000.05,47430094.86
06/01/2010,ProShares UltraPro QQQ,TQQQ,1.840416667,1.894216667,-2.84022,-0.0538,24000.05,44170088.348000016
05/28/2010,ProShares UltraPro QQQ,TQQQ,1.894166667,1.926266667,-1.66644,-0.0321,24000.05,45460090.928000016
05/27/2010,ProShares UltraPro QQQ,TQQQ,1.92625,1.73415,11.07747,0.1921,24000.05,46230092.46
05/26/2010,ProShares UltraPro QQQ,TQQQ,1.734166667,1.789466667,-3.09031,-0.0553,24000.05,41620083.248000016
05/25/2010,ProShares UltraPro QQQ,TQQQ,1.789416667,1.787916667,0.08390,0.0015,24000.05,42946085.900000016
05/24/2010,ProShares UltraPro QQQ,TQQQ,1.787916667,1.810416667,-1.24281,-0.0225,24000.05,42910085.828000016
05/21/2010,ProShares UltraPro QQQ,TQQQ,1.810416667,1.745016667,3.74782,0.0654,19200.05,34760086.906400016
05/20/2010,ProShares UltraPro QQQ,TQQQ,1.745,1.9763,-11.70369,-0.2313,19200.05,33504083.76
05/19/2010,ProShares UltraPro QQQ,TQQQ,1.97625,2.02045,-2.18763,-0.0442,19200.05,37944094.86
05/18/2010,ProShares UltraPro QQQ,TQQQ,2.020416667,2.113216667,-4.39141,-0.0928,19200.05,38792096.986400016
05/17/2010,ProShares UltraPro QQQ,TQQQ,2.113166667,2.085866667,1.30881,0.0273,19200.05,40572901.438400016
05/14/2010,ProShares UltraPro QQQ,TQQQ,2.085833333,2.216633333,-5.90084,-0.1308,16800.05,35042100.114399984
05/13/2010,ProShares UltraPro QQQ,TQQQ,2.216666667,2.323366667,-4.59247,-0.1067,16800.05,37240106.405600016
05/12/2010,ProShares UltraPro QQQ,TQQQ,2.323333333,2.203033333,5.46065,0.1203,16800.05,39032111.514399984
05/11/2010,ProShares UltraPro QQQ,TQQQ,2.203166667,2.210666667,-0.33926,-0.0075,16800.05,37013305.757600016
05/10/2010,ProShares UltraPro QQQ,TQQQ,2.210666667,1.919966667,15.14089,0.2907,16800.05,37139306.117600016
05/07/2010,ProShares UltraPro QQQ,TQQQ,1.92,2.0654,-7.03980,-0.1454,16800.05,32256092.16
05/06/2010,ProShares UltraPro QQQ,TQQQ,2.065416667,2.292316667,-9.89828,-0.2269,16800.05,34699099.145600016
05/05/2010,ProShares UltraPro QQQ,TQQQ,2.292333333,2.329033333,-1.57576,-0.0367,16800.05,38511310.026399984
05/04/2010,ProShares UltraPro QQQ,TQQQ,2.329,2.5657,-9.22555,-0.2367,16800.05,39127311.792
05/03/2010,ProShares UltraPro QQQ,TQQQ,2.565666667,2.453566667,4.56886,0.1121,16800.05,43103323.157600016
04/30/2010,ProShares UltraPro QQQ,TQQQ,2.453583333,2.615083333,-6.17571,-0.1615,16800.05,41220317.766399984
04/29/2010,ProShares UltraPro QQQ,TQQQ,2.615,2.4842,5.26528,0.1308,16800.05,43932125.52
04/28/2010,ProShares UltraPro QQQ,TQQQ,2.484166667,2.479166667,0.20168,0.005,16800.05,41734119.245600016
04/27/2010,ProShares UltraPro QQQ,TQQQ,2.479166667,2.644966667,-6.26851,-0.1658,16800.05,41650119.005600016
04/26/2010,ProShares UltraPro QQQ,TQQQ,2.645,2.669,-0.89921,-0.024,16800.05,44436126.96
04/23/2010,ProShares UltraPro QQQ,TQQQ,2.669,2.6304,1.46746,0.0386,16800.05,44839328.112
04/22/2010,ProShares UltraPro QQQ,TQQQ,2.630416667,2.589616667,1.57552,0.0408,16800.05,44191126.265600016
04/21/2010,ProShares UltraPro QQQ,TQQQ,2.589583333,2.548083333,1.62868,0.0415,16800.05,43505124.294399984
04/20/2010,ProShares UltraPro QQQ,TQQQ,2.548166667,2.510866667,1.48554,0.0373,19200.05,48924922.318400016
04/19/2010,ProShares UltraPro QQQ,TQQQ,2.510833333,2.508933333,0.07573,0.0019,19200.05,48208120.513599984
04/16/2010,ProShares UltraPro QQQ,TQQQ,2.509,2.6076,-3.78125,-0.0986,14400.05,36129720.432
04/15/2010,ProShares UltraPro QQQ,TQQQ,2.6075,2.5706,1.43546,0.0369,14400.05,37548125.16
04/14/2010,ProShares UltraPro QQQ,TQQQ,2.570666667,2.478166667,3.73260,0.0925,14400.05,37017723.396800016
04/13/2010,ProShares UltraPro QQQ,TQQQ,2.478166667,2.446666667,1.28747,0.0315,14400.05,35685718.956800016
04/12/2010,ProShares UltraPro QQQ,TQQQ,2.446666667,2.442066667,0.18837,0.0046,14400.05,35232117.444800016
04/09/2010,ProShares UltraPro QQQ,TQQQ,2.442083333,2.392683333,2.06463,0.0494,14400.05,35166117.215199984
04/08/2010,ProShares UltraPro QQQ,TQQQ,2.39275,2.38065,0.50826,0.0121,14400.05,34455714.852
04/07/2010,ProShares UltraPro QQQ,TQQQ,2.380666667,2.397366667,-0.69660,-0.0167,14400.05,34281714.276800016
04/06/2010,ProShares UltraPro QQQ,TQQQ,2.397333333,2.382333333,0.62963,0.015,14400.05,34521715.067199984
04/05/2010,ProShares UltraPro QQQ,TQQQ,2.382333333,2.316933333,2.82270,0.0654,14400.05,34305714.347199984
04/01/2010,ProShares UltraPro QQQ,TQQQ,2.316916667,2.313316667,0.15562,0.0036,14400.05,33363711.216800016
03/31/2010,ProShares UltraPro QQQ,TQQQ,2.313333333,2.347333333,-1.44845,-0.034,14400.05,33312111.035199984
03/30/2010,ProShares UltraPro QQQ,TQQQ,2.347333333,2.323533333,1.02430,0.0238,14400.05,33801712.667199984
03/29/2010,ProShares UltraPro QQQ,TQQQ,2.323583333,2.293283333,1.32125,0.0303,16800.05,39036311.526399984
03/26/2010,ProShares UltraPro QQQ,TQQQ,2.293333333,2.281433333,0.52160,0.0119,16800.05,38528110.074399984
03/25/2010,ProShares UltraPro QQQ,TQQQ,2.2815,2.2913,-0.42770,-0.0098,16800.05,38329309.512
03/24/2010,ProShares UltraPro QQQ,TQQQ,2.29125,2.33125,-1.71582,-0.04,12000.05,27495109.98
03/23/2010,ProShares UltraPro QQQ,TQQQ,2.33125,2.28335,2.09779,0.0479,12000.05,27975111.9
03/22/2010,ProShares UltraPro QQQ,TQQQ,2.283333333,2.283333333,0.00000,0,12000.05,27400109.595999984
03/19/2010,ProShares UltraPro QQQ,TQQQ,2.224166667,2.264466667,-1.77967,-0.0403,12000.05,26690106.764000016
03/18/2010,ProShares UltraPro QQQ,TQQQ,2.264416667,2.238116667,1.17510,0.0263,12000.05,27173108.696000016
03/17/2010,ProShares UltraPro QQQ,TQQQ,2.238166667,2.224366667,0.62040,0.0138,12000.05,26858107.436000016
03/16/2010,ProShares UltraPro QQQ,TQQQ,2.224416667,2.183116667,1.89179,0.0413,12000.05,26693106.776000016
03/15/2010,ProShares UltraPro QQQ,TQQQ,2.183166667,2.198166667,-0.68239,-0.015,12000.05,26198104.796000016
03/12/2010,ProShares UltraPro QQQ,TQQQ,2.198166667,2.196066667,0.09563,0.0021,12000.05,26378105.516000016
03/11/2010,ProShares UltraPro QQQ,TQQQ,2.196083333,2.173783333,1.02586,0.0223,12000.05,26353105.407999984
03/10/2010,ProShares UltraPro QQQ,TQQQ,2.17375,2.12045,2.51362,0.0533,12000.05,26085104.34
03/09/2010,ProShares UltraPro QQQ,TQQQ,2.120416667,2.085416667,1.67832,0.035,12000.05,25445101.784000016
03/08/2010,ProShares UltraPro QQQ,TQQQ,2.085416667,2.085416667,0.00000,0,12000.05,25025100.104000016
03/05/2010,ProShares UltraPro QQQ,TQQQ,2.077333333,1.985233333,4.63925,0.0921,12000.05,24928099.707999984
03/04/2010,ProShares UltraPro QQQ,TQQQ,1.98525,1.95985,1.29602,0.0254,12000.05,23823095.292
03/03/2010,ProShares UltraPro QQQ,TQQQ,1.959833333,1.958133333,0.08682,0.0017,12000.05,23518094.067999984
03/02/2010,ProShares UltraPro QQQ,TQQQ,1.958166667,1.942866667,0.78750,0.0153,12000.05,23498093.996000016
03/01/2010,ProShares UltraPro QQQ,TQQQ,1.942916667,1.942916667,0.00000,0,12000.05,23315093.264000016
02/26/2010,ProShares UltraPro QQQ,TQQQ,1.858333333,1.840833333,0.95066,0.0175,12000.05,22300089.195999984
02/25/2010,ProShares UltraPro QQQ,TQQQ,1.840833333,1.839533333,0.07067,0.0013,12000.05,22090088.355999984
02/24/2010,ProShares UltraPro QQQ,TQQQ,1.839583333,1.782883333,3.18024,0.0567,12000.05,22075088.295999984
02/23/2010,ProShares UltraPro QQQ,TQQQ,1.782916667,1.856116667,-3.94372,-0.0732,12000.05,21395085.584000016
02/22/2010,ProShares UltraPro QQQ,TQQQ,1.856083333,1.872983333,-0.90230,-0.0169,4800.05,8909289.090399984
02/19/2010,ProShares UltraPro QQQ,TQQQ,1.872916667,1.873216667,-0.01602,-0.0003,4800.05,8990089.901600016
02/18/2010,ProShares UltraPro QQQ,TQQQ,1.873166667,1.834866667,2.08735,0.0383,4800.05,8991289.913600016
02/17/2010,ProShares UltraPro QQQ,TQQQ,1.834833333,1.807533333,1.51035,0.0273,4800.05,8807288.070399984
02/16/2010,ProShares UltraPro QQQ,TQQQ,1.8075,1.8075,0.00000,0,4800.05,8676086.76
02/12/2010,ProShares UltraPro QQQ,TQQQ,1.739416667,1.729616667,0.56660,0.0098,4800.05,8349283.493600016
02/11/2010,ProShares UltraPro QQQ,TQQQ,1.729583333,1.655583333,4.46972,0.074,4800.05,8302083.018399984
02/10/2010,ProShares UltraPro QQQ,TQQQ,1.655666667,1.666766667,-0.66596,-0.0111,4800.05,7947279.473600016
02/09/2010,ProShares UltraPro QQQ,TQQQ,1.666666667,1.666666667,0.00000,0,4800.05,8000080.001600016
