Date,ProShares Name,Ticker,NAV,Prior NAV,NAV Change (%),NAV Change ($),Shares Outstanding (000),Assets Under Management
03/31/2016,ProShares UltraPro S&P500,UPRO,63.3,63.7,-0.62794,-0.4,12400,784920000
03/30/2016,ProShares UltraPro S&P500,UPRO,63.7,62.87,1.32018,0.83,12400,789880000
03/29/2016,ProShares UltraPro S&P500,UPRO,62.87,61.21,2.71198,1.66,12900,811023000
03/28/2016,ProShares UltraPro S&P500,UPRO,61.21,61.12,0.14725,0.09,12900,789609000
03/24/2016,ProShares UltraPro S&P500,UPRO,61.12,61.19,-0.11440,-0.07,12850,785392000
03/23/2016,ProShares UltraPro S&P500,UPRO,61.19,62.39,-1.92339,-1.2,13150,804648500
03/22/2016,ProShares UltraPro S&P500,UPRO,62.39,62.54,-0.23985,-0.15,13150,820428500
03/21/2016,ProShares UltraPro S&P500,UPRO,62.54,62.36,0.28865,0.18,13400,838036000
03/18/2016,ProShares UltraPro S&P500,UPRO,62.36,61.55,1.31600,0.81,13300,829388000
03/17/2016,ProShares UltraPro S&P500,UPRO,61.55,60.36,1.97150,1.19,13600,837080000
03/16/2016,ProShares UltraPro S&P500,UPRO,60.36,59.36,1.68464,1,13600,820896000
03/15/2016,ProShares UltraPro S&P500,UPRO,59.36,59.69,-0.55286,-0.33,13600,807296000
03/14/2016,ProShares UltraPro S&P500,UPRO,59.69,59.91,-0.36722,-0.22,14850,886396500
03/11/2016,ProShares UltraPro S&P500,UPRO,59.91,57.06,4.99474,2.85,14850,889663500
03/10/2016,ProShares UltraPro S&P500,UPRO,57.06,57.03,0.05260,0.03,16400,935784000
03/09/2016,ProShares UltraPro S&P500,UPRO,57.03,56.15,1.56723,0.88,16400,935292000
03/08/2016,ProShares UltraPro S&P500,UPRO,56.15,58.08,-3.32300,-1.93,16400,920860000
03/07/2016,ProShares UltraPro S&P500,UPRO,58.08,57.92,0.27624,0.16,16400,952512000
03/04/2016,ProShares UltraPro S&P500,UPRO,57.92,57.35,0.99390,0.57,16000,926720000
03/03/2016,ProShares UltraPro S&P500,UPRO,57.35,56.74,1.07508,0.61,16300,934805000
03/02/2016,ProShares UltraPro S&P500,UPRO,56.74,56.03,1.26718,0.71,16300,924862000
03/01/2016,ProShares UltraPro S&P500,UPRO,56.03,52.29,7.15242,3.74,16600,930098000
02/29/2016,ProShares UltraPro S&P500,UPRO,52.29,53.59,-2.42583,-1.3,16600,868014000
02/26/2016,ProShares UltraPro S&P500,UPRO,53.59,53.88,-0.53823,-0.29,16600,889594000
02/25/2016,ProShares UltraPro S&P500,UPRO,53.88,52.07,3.47609,1.81,17100,921348000
02/24/2016,ProShares UltraPro S&P500,UPRO,52.07,51.38,1.34293,0.69,16750,872172500
02/23/2016,ProShares UltraPro S&P500,UPRO,51.38,53.37,-3.72869,-1.99,16750,860615000
02/22/2016,ProShares UltraPro S&P500,UPRO,53.37,51.16,4.31978,2.21,16750,893947500
02/19/2016,ProShares UltraPro S&P500,UPRO,51.16,51.14,0.03911,0.02,16750,856930000
02/18/2016,ProShares UltraPro S&P500,UPRO,51.14,51.86,-1.38835,-0.72,17600,900064000
02/17/2016,ProShares UltraPro S&P500,UPRO,51.86,49.41,4.95851,2.45,17600,912736000
02/16/2016,ProShares UltraPro S&P500,UPRO,49.41,47.04,5.03827,2.37,18100,894321000
02/12/2016,ProShares UltraPro S&P500,UPRO,47.04,44.43,5.87441,2.61,18100,851424000
02/11/2016,ProShares UltraPro S&P500,UPRO,44.43,46.11,-3.64346,-1.68,18100,804183000
02/10/2016,ProShares UltraPro S&P500,UPRO,46.11,46.1,0.02169,0.01,18100,834591000
02/09/2016,ProShares UltraPro S&P500,UPRO,46.1,46.16,-0.12998,-0.06,18100,834410000
02/08/2016,ProShares UltraPro S&P500,UPRO,46.16,48.2,-4.23237,-2.04,17200,793952000
02/05/2016,ProShares UltraPro S&P500,UPRO,48.2,51.03,-5.54576,-2.83,17200,829040000
02/04/2016,ProShares UltraPro S&P500,UPRO,51.03,50.77,0.51211,0.26,17200,877716000
02/03/2016,ProShares UltraPro S&P500,UPRO,50.77,49.97,1.60096,0.8,17200,873244000
02/02/2016,ProShares UltraPro S&P500,UPRO,49.97,52.95,-5.62795,-2.98,17200,859484000
02/01/2016,ProShares UltraPro S&P500,UPRO,52.95,53.02,-0.13203,-0.07,17200,910740000
01/29/2016,ProShares UltraPro S&P500,UPRO,53.02,49.35,7.43668,3.67,17000,901340000
01/28/2016,ProShares UltraPro S&P500,UPRO,49.35,48.54,1.66873,0.81,17700,873495000
01/27/2016,ProShares UltraPro S&P500,UPRO,48.54,50.17,-3.24895,-1.63,17700,859158000
01/26/2016,ProShares UltraPro S&P500,UPRO,50.17,48.14,4.21687,2.03,17700,888009000
01/25/2016,ProShares UltraPro S&P500,UPRO,48.14,50.51,-4.69214,-2.37,17400,837636000
01/22/2016,ProShares UltraPro S&P500,UPRO,50.51,47.61,6.09116,2.9,17400,878874000
01/21/2016,ProShares UltraPro S&P500,UPRO,47.61,46.88,1.55717,0.73,18350,873643500
01/20/2016,ProShares UltraPro S&P500,UPRO,46.88,48.57,-3.47951,-1.69,18350,860248000
01/19/2016,ProShares UltraPro S&P500,UPRO,48.57,48.5,0.14433,0.07,17950,871831500
01/15/2016,ProShares UltraPro S&P500,UPRO,48.5,51.86,-6.47898,-3.36,17950,870575000
01/14/2016,ProShares UltraPro S&P500,UPRO,51.86,49.39,5.00101,2.47,17950,930887000
01/13/2016,ProShares UltraPro S&P500,UPRO,49.39,53.38,-7.47471,-3.99,17950,886550500
01/12/2016,ProShares UltraPro S&P500,UPRO,53.38,52.16,2.33896,1.22,17950,958171000
01/11/2016,ProShares UltraPro S&P500,UPRO,52.16,52.03,0.24986,0.13,17650,920624000
01/08/2016,ProShares UltraPro S&P500,UPRO,52.03,53.78,-3.25400,-1.75,17250,897517500
01/07/2016,ProShares UltraPro S&P500,UPRO,53.78,57.9,-7.11572,-4.12,17250,927705000
01/06/2016,ProShares UltraPro S&P500,UPRO,57.9,60.21,-3.83657,-2.31,17250,998775000
01/05/2016,ProShares UltraPro S&P500,UPRO,60.21,59.86,0.58470,0.35,16300,981423000
01/04/2016,ProShares UltraPro S&P500,UPRO,59.86,62.7,-4.52951,-2.84,16300,975718000
12/31/2015,ProShares UltraPro S&P500,UPRO,62.7,64.53,-2.83589,-1.83,15700,984390000
12/30/2015,ProShares UltraPro S&P500,UPRO,64.53,65.94,-2.13831,-1.41,16450,1061518500
12/29/2015,ProShares UltraPro S&P500,UPRO,65.94,63.87,3.24096,2.07,16450,1084713000
12/28/2015,ProShares UltraPro S&P500,UPRO,63.87,64.3,-0.66874,-0.43,16650,1063435500
12/24/2015,ProShares UltraPro S&P500,UPRO,64.3,64.62,-0.49520,-0.32,17350,1115605000
12/23/2015,ProShares UltraPro S&P500,UPRO,64.62,62.29,3.74057,2.33,17500,1130850000
12/22/2015,ProShares UltraPro S&P500,UPRO,62.29,60.8,2.45066,1.49,18150,1130563500
12/21/2015,ProShares UltraPro S&P500,UPRO,60.8,59.4,2.35690,1.4,18150,1103520000
12/18/2015,ProShares UltraPro S&P500,UPRO,59.4,62.76,-5.35373,-3.36,16950,1006830000
12/17/2015,ProShares UltraPro S&P500,UPRO,62.76,65.7,-4.47489,-2.94,16950,1063782000
12/16/2015,ProShares UltraPro S&P500,UPRO,65.7,62.95,4.36855,2.75,16900,1110330000
12/15/2015,ProShares UltraPro S&P500,UPRO,62.95,61.01,3.17981,1.94,16850,1060707500
12/14/2015,ProShares UltraPro S&P500,UPRO,61.01,60.14,1.44662,0.87,16150,985311500
12/11/2015,ProShares UltraPro S&P500,UPRO,60.14,63.84,-5.79574,-3.7,15650,941191000
12/10/2015,ProShares UltraPro S&P500,UPRO,63.84,63.4,0.69401,0.44,15650,999096000
12/09/2015,ProShares UltraPro S&P500,UPRO,63.4,64.9,-2.31125,-1.5,15650,992210000
12/08/2015,ProShares UltraPro S&P500,UPRO,64.9,66.17,-1.91930,-1.27,15900,1031910000
12/07/2015,ProShares UltraPro S&P500,UPRO,66.17,67.58,-2.08642,-1.41,16300,1078571000
12/04/2015,ProShares UltraPro S&P500,UPRO,67.58,63.67,6.14104,3.91,16300,1101554000
12/03/2015,ProShares UltraPro S&P500,UPRO,63.67,66.53,-4.29881,-2.86,16300,1037821000
12/02/2015,ProShares UltraPro S&P500,UPRO,66.53,68.76,-3.24316,-2.23,16300,1084439000
12/01/2015,ProShares UltraPro S&P500,UPRO,68.76,66.62,3.21225,2.14,16300,1120788000
11/30/2015,ProShares UltraPro S&P500,UPRO,66.62,67.55,-1.37676,-0.93,16300,1085906000
11/27/2015,ProShares UltraPro S&P500,UPRO,67.55,67.39,0.23742,0.16,16300,1101065000
11/25/2015,ProShares UltraPro S&P500,UPRO,67.39,67.4,-0.01484,-0.01,16300,1098457000
11/24/2015,ProShares UltraPro S&P500,UPRO,67.4,67.15,0.37230,0.25,16300,1098620000
11/23/2015,ProShares UltraPro S&P500,UPRO,67.15,67.4,-0.37092,-0.25,16300,1094545000
11/20/2015,ProShares UltraPro S&P500,UPRO,67.4,66.61,1.18601,0.79,16300,1098620000
11/19/2015,ProShares UltraPro S&P500,UPRO,66.61,66.83,-0.32919,-0.22,16300,1085743000
11/18/2015,ProShares UltraPro S&P500,UPRO,66.83,63.73,4.86427,3.1,15600,1042548000
11/17/2015,ProShares UltraPro S&P500,UPRO,63.73,63.95,-0.34402,-0.22,15600,994188000
11/16/2015,ProShares UltraPro S&P500,UPRO,63.95,61.19,4.51054,2.76,14500,927275000
11/13/2015,ProShares UltraPro S&P500,UPRO,61.19,63.32,-3.36387,-2.13,14500,887255000
11/12/2015,ProShares UltraPro S&P500,UPRO,63.32,66.06,-4.14774,-2.74,14500,918140000
11/11/2015,ProShares UltraPro S&P500,UPRO,66.06,66.71,-0.97437,-0.65,14250,941355000
11/10/2015,ProShares UltraPro S&P500,UPRO,66.71,66.36,0.52743,0.35,14250,950617500
11/09/2015,ProShares UltraPro S&P500,UPRO,66.36,68.34,-2.89728,-1.98,14250,945630000
11/06/2015,ProShares UltraPro S&P500,UPRO,68.34,68.39,-0.07311,-0.05,14250,973845000
11/05/2015,ProShares UltraPro S&P500,UPRO,68.39,68.59,-0.29159,-0.2,14650,1001913500
11/04/2015,ProShares UltraPro S&P500,UPRO,68.59,69.26,-0.96737,-0.67,14650,1004843500
11/03/2015,ProShares UltraPro S&P500,UPRO,69.26,68.69,0.82982,0.57,14650,1014659000
11/02/2015,ProShares UltraPro S&P500,UPRO,68.69,66.33,3.55797,2.36,14650,1006308500
10/30/2015,ProShares UltraPro S&P500,UPRO,66.33,67.31,-1.45595,-0.98,14650,971734500
10/29/2015,ProShares UltraPro S&P500,UPRO,67.31,67.38,-0.10389,-0.07,14200,955802000
10/28/2015,ProShares UltraPro S&P500,UPRO,67.38,65.06,3.56594,2.32,13650,919737000
10/27/2015,ProShares UltraPro S&P500,UPRO,65.06,65.56,-0.76266,-0.5,13650,888069000
10/26/2015,ProShares UltraPro S&P500,UPRO,65.56,65.95,-0.59136,-0.39,13650,894894000
10/23/2015,ProShares UltraPro S&P500,UPRO,65.95,63.84,3.30514,2.11,13650,900217500
10/22/2015,ProShares UltraPro S&P500,UPRO,63.84,60.8,5.00000,3.04,13650,871416000
10/21/2015,ProShares UltraPro S&P500,UPRO,60.8,61.87,-1.72943,-1.07,14850,902880000
10/20/2015,ProShares UltraPro S&P500,UPRO,61.87,62.13,-0.41848,-0.26,14850,918769500
10/19/2015,ProShares UltraPro S&P500,UPRO,62.13,62.08,0.08054,0.05,14850,922630500
10/16/2015,ProShares UltraPro S&P500,UPRO,62.08,61.25,1.35510,0.83,14850,921888000
10/15/2015,ProShares UltraPro S&P500,UPRO,61.25,58.62,4.48652,2.63,15850,970812500
10/14/2015,ProShares UltraPro S&P500,UPRO,58.62,59.46,-1.41271,-0.84,15850,929127000
10/13/2015,ProShares UltraPro S&P500,UPRO,59.46,60.68,-2.01055,-1.22,15850,942441000
10/12/2015,ProShares UltraPro S&P500,UPRO,60.68,60.46,0.36388,0.22,15850,961778000
10/09/2015,ProShares UltraPro S&P500,UPRO,60.46,60.33,0.21548,0.13,15850,958291000
10/08/2015,ProShares UltraPro S&P500,UPRO,60.33,58.77,2.65442,1.56,15850,956230500
10/07/2015,ProShares UltraPro S&P500,UPRO,58.77,57.33,2.51177,1.44,15850,931504500
10/06/2015,ProShares UltraPro S&P500,UPRO,57.33,57.96,-1.08696,-0.63,15850,908680500
10/05/2015,ProShares UltraPro S&P500,UPRO,57.96,54.94,5.49691,3.02,17300,1002708000
10/02/2015,ProShares UltraPro S&P500,UPRO,54.94,52.66,4.32966,2.28,17300,950462000
10/01/2015,ProShares UltraPro S&P500,UPRO,52.66,52.34,0.61139,0.32,18300,963678000
09/30/2015,ProShares UltraPro S&P500,UPRO,52.34,49.51,5.71602,2.83,18300,957822000
09/29/2015,ProShares UltraPro S&P500,UPRO,49.51,49.32,0.38524,0.19,18300,906033000
09/28/2015,ProShares UltraPro S&P500,UPRO,49.32,53.39,-7.62315,-4.07,17900,882828000
09/25/2015,ProShares UltraPro S&P500,UPRO,53.39,53.47,-0.14962,-0.08,16100,859579000
09/24/2015,ProShares UltraPro S&P500,UPRO,53.47,54.01,-0.99981,-0.54,16100,860867000
09/23/2015,ProShares UltraPro S&P500,UPRO,54.01,54.34,-0.60729,-0.33,16100,869561000
09/22/2015,ProShares UltraPro S&P500,UPRO,54.34,56.43,-3.70370,-2.09,16100,874874000
09/21/2015,ProShares UltraPro S&P500,UPRO,56.43,55.67,1.36519,0.76,16100,908523000
09/18/2015,ProShares UltraPro S&P500,UPRO,55.67,58.51,-4.85387,-2.84,15950,887936500
09/17/2015,ProShares UltraPro S&P500,UPRO,58.51,58.94,-0.72956,-0.43,15950,933234500
09/16/2015,ProShares UltraPro S&P500,UPRO,58.94,57.44,2.61142,1.5,15950,940093000
09/15/2015,ProShares UltraPro S&P500,UPRO,57.44,55.31,3.85102,2.13,15950,916168000
09/14/2015,ProShares UltraPro S&P500,UPRO,55.31,55.99,-1.21450,-0.68,15950,882194500
09/11/2015,ProShares UltraPro S&P500,UPRO,55.99,55.2,1.43116,0.79,15950,893040500
09/10/2015,ProShares UltraPro S&P500,UPRO,55.2,54.33,1.60133,0.87,16300,899760000
09/09/2015,ProShares UltraPro S&P500,UPRO,54.33,56.69,-4.16299,-2.36,16850,915460500
09/08/2015,ProShares UltraPro S&P500,UPRO,56.69,52.7,7.57116,3.99,16850,955226500
09/04/2015,ProShares UltraPro S&P500,UPRO,52.7,55.23,-4.58084,-2.53,16550,872185000
09/03/2015,ProShares UltraPro S&P500,UPRO,55.23,55.04,0.34520,0.19,16550,914056500
09/02/2015,ProShares UltraPro S&P500,UPRO,55.04,52.15,5.54171,2.89,16100,886144000
09/01/2015,ProShares UltraPro S&P500,UPRO,52.15,57.23,-8.87646,-5.08,16100,839615000
08/31/2015,ProShares UltraPro S&P500,UPRO,57.23,58.69,-2.48765,-1.46,16500,944295000
08/28/2015,ProShares UltraPro S&P500,UPRO,58.69,58.57,0.20488,0.12,16400,962516000
08/27/2015,ProShares UltraPro S&P500,UPRO,58.57,54.58,7.31037,3.99,16400,960548000
08/26/2015,ProShares UltraPro S&P500,UPRO,54.58,48.86,11.70692,5.72,16400,895112000
08/25/2015,ProShares UltraPro S&P500,UPRO,48.86,50.91,-4.02671,-2.05,16400,801304000
08/24/2015,ProShares UltraPro S&P500,UPRO,50.91,57.75,-11.84416,-6.84,14950,761104500
08/21/2015,ProShares UltraPro S&P500,UPRO,57.75,63.82,-9.51113,-6.07,13250,765187500
08/20/2015,ProShares UltraPro S&P500,UPRO,63.82,68.14,-6.33989,-4.32,12600,804132000
08/19/2015,ProShares UltraPro S&P500,UPRO,68.14,69.86,-2.46207,-1.72,12600,858564000
08/18/2015,ProShares UltraPro S&P500,UPRO,69.86,70.39,-0.75295,-0.53,13000,908180000
08/17/2015,ProShares UltraPro S&P500,UPRO,70.39,69.27,1.61686,1.12,13000,915070000
08/14/2015,ProShares UltraPro S&P500,UPRO,69.27,68.47,1.16839,0.8,12550,869338500
08/13/2015,ProShares UltraPro S&P500,UPRO,68.47,68.71,-0.34929,-0.24,12550,859298500
08/12/2015,ProShares UltraPro S&P500,UPRO,68.71,68.47,0.35052,0.24,12550,862310500
08/11/2015,ProShares UltraPro S&P500,UPRO,68.47,70.46,-2.82430,-1.99,12550,859298500
08/10/2015,ProShares UltraPro S&P500,UPRO,70.46,67.85,3.84672,2.61,11950,841997000
08/07/2015,ProShares UltraPro S&P500,UPRO,67.85,68.44,-0.86207,-0.59,11950,810807500
08/06/2015,ProShares UltraPro S&P500,UPRO,68.44,70.01,-2.24254,-1.57,11950,817858000
08/05/2015,ProShares UltraPro S&P500,UPRO,70.01,69.29,1.03911,0.72,11950,836619500
08/04/2015,ProShares UltraPro S&P500,UPRO,69.29,69.76,-0.67374,-0.47,11950,828015500
08/03/2015,ProShares UltraPro S&P500,UPRO,69.76,70.35,-0.83866,-0.59,11950,833632000
07/31/2015,ProShares UltraPro S&P500,UPRO,70.35,70.83,-0.67768,-0.48,11950,840682500
07/30/2015,ProShares UltraPro S&P500,UPRO,70.83,70.81,0.02824,0.02,12050,853501500
07/29/2015,ProShares UltraPro S&P500,UPRO,70.81,69.28,2.20843,1.53,12050,853260500
07/28/2015,ProShares UltraPro S&P500,UPRO,69.28,66.8,3.71257,2.48,11400,789792000
07/27/2015,ProShares UltraPro S&P500,UPRO,66.8,67.99,-1.75026,-1.19,11100,741480000
07/24/2015,ProShares UltraPro S&P500,UPRO,67.99,70.24,-3.20330,-2.25,11100,754689000
07/23/2015,ProShares UltraPro S&P500,UPRO,70.24,71.45,-1.69349,-1.21,11100,779664000
07/22/2015,ProShares UltraPro S&P500,UPRO,71.45,71.95,-0.69493,-0.5,11100,793095000
07/21/2015,ProShares UltraPro S&P500,UPRO,71.95,72.88,-1.27607,-0.93,11100,798645000
07/20/2015,ProShares UltraPro S&P500,UPRO,72.88,72.71,0.23381,0.17,12000,874560000
07/17/2015,ProShares UltraPro S&P500,UPRO,72.71,72.48,0.31733,0.23,12000,872520000
07/16/2015,ProShares UltraPro S&P500,UPRO,72.48,70.77,2.41628,1.71,12100,877008000
07/15/2015,ProShares UltraPro S&P500,UPRO,70.77,70.93,-0.22557,-0.16,13000,920010000
07/14/2015,ProShares UltraPro S&P500,UPRO,70.93,70,1.32857,0.93,13000,922090000
07/13/2015,ProShares UltraPro S&P500,UPRO,70,67.74,3.33629,2.26,13900,973000000
07/10/2015,ProShares UltraPro S&P500,UPRO,67.74,65.33,3.68896,2.41,13900,941586000
07/09/2015,ProShares UltraPro S&P500,UPRO,65.33,64.89,0.67807,0.44,13300,868889000
07/08/2015,ProShares UltraPro S&P500,UPRO,64.89,68.25,-4.92308,-3.36,13300,863037000
07/07/2015,ProShares UltraPro S&P500,UPRO,68.25,67.03,1.82008,1.22,13300,907725000
07/06/2015,ProShares UltraPro S&P500,UPRO,67.03,67.81,-1.15027,-0.78,13300,891499000
07/02/2015,ProShares UltraPro S&P500,UPRO,67.81,67.88,-0.10312,-0.07,13300,901873000
07/01/2015,ProShares UltraPro S&P500,UPRO,67.88,66.45,2.15199,1.43,13300,902804000
06/30/2015,ProShares UltraPro S&P500,UPRO,66.45,65.93,0.78872,0.52,13300,883785000
06/29/2015,ProShares UltraPro S&P500,UPRO,65.93,70.32,-6.24289,-4.39,12050,794456500
06/26/2015,ProShares UltraPro S&P500,UPRO,70.32,70.37,-0.07105,-0.05,11250,791100000
06/25/2015,ProShares UltraPro S&P500,UPRO,70.37,71,-0.88732,-0.63,11250,791662500
06/24/2015,ProShares UltraPro S&P500,UPRO,71,72.62,-2.23079,-1.62,11250,798750000
06/23/2015,ProShares UltraPro S&P500,UPRO,72.62,72.47,0.20698,0.15,11250,816975000
06/22/2015,ProShares UltraPro S&P500,UPRO,72.47,71.17,1.82661,1.3,11250,815287500
06/19/2015,ProShares UltraPro S&P500,UPRO,71.17,72.33,-1.60376,-1.16,11550,822013500
06/18/2015,ProShares UltraPro S&P500,UPRO,72.33,70.22,3.00484,2.11,12100,875193000
06/17/2015,ProShares UltraPro S&P500,UPRO,70.22,69.81,0.58731,0.41,12700,891794000
06/16/2015,ProShares UltraPro S&P500,UPRO,69.81,68.64,1.70455,1.17,12700,886587000
06/15/2015,ProShares UltraPro S&P500,UPRO,68.64,69.61,-1.39348,-0.97,12700,871728000
06/12/2015,ProShares UltraPro S&P500,UPRO,69.61,71.09,-2.08187,-1.48,12700,884047000
06/11/2015,ProShares UltraPro S&P500,UPRO,71.09,70.66,0.60855,0.43,12700,902843000
06/10/2015,ProShares UltraPro S&P500,UPRO,70.66,68.19,3.62223,2.47,12700,897382000
06/09/2015,ProShares UltraPro S&P500,UPRO,68.19,68.11,0.11746,0.08,12700,866013000
06/08/2015,ProShares UltraPro S&P500,UPRO,68.11,69.43,-1.90120,-1.32,12450,847969500
06/05/2015,ProShares UltraPro S&P500,UPRO,69.43,69.73,-0.43023,-0.3,11150,774144500
06/04/2015,ProShares UltraPro S&P500,UPRO,69.73,71.58,-2.58452,-1.85,11150,777489500
06/03/2015,ProShares UltraPro S&P500,UPRO,71.58,71.1,0.67511,0.48,11150,798117000
06/02/2015,ProShares UltraPro S&P500,UPRO,71.1,71.3,-0.28050,-0.2,11150,792765000
06/01/2015,ProShares UltraPro S&P500,UPRO,71.3,70.85,0.63514,0.45,11150,794995000
05/29/2015,ProShares UltraPro S&P500,UPRO,70.85,72.22,-1.89698,-1.37,11300,800605000
05/28/2015,ProShares UltraPro S&P500,UPRO,72.22,72.46,-0.33122,-0.24,11300,816086000
05/27/2015,ProShares UltraPro S&P500,UPRO,72.46,70.5,2.78014,1.96,11300,818798000
05/26/2015,ProShares UltraPro S&P500,UPRO,70.5,72.75,-3.09278,-2.25,11300,796650000
05/22/2015,ProShares UltraPro S&P500,UPRO,72.75,73.24,-0.66903,-0.49,10700,778425000
05/21/2015,ProShares UltraPro S&P500,UPRO,73.24,72.7,0.74278,0.54,10700,783668000
05/20/2015,ProShares UltraPro S&P500,UPRO,72.7,72.895,-0.26751,-0.195,10700,777890000
05/19/2015,ProShares UltraPro S&P500,UPRO,72.895,72.995,-0.13700,-0.1,10700,779976500
05/18/2015,ProShares UltraPro S&P500,UPRO,72.995,72.33,0.91940,0.665,10700,781046500
05/15/2015,ProShares UltraPro S&P500,UPRO,72.33,72.14,0.26338,0.19,10700,773931000
05/14/2015,ProShares UltraPro S&P500,UPRO,72.14,69.865,3.25628,2.275,11100,800754000
05/13/2015,ProShares UltraPro S&P500,UPRO,69.865,69.89,-0.03577,-0.025,11100,775501500
05/12/2015,ProShares UltraPro S&P500,UPRO,69.89,70.505,-0.87228,-0.615,11100,775779000
05/11/2015,ProShares UltraPro S&P500,UPRO,70.505,71.565,-1.48117,-1.06,11100,782605500
05/08/2015,ProShares UltraPro S&P500,UPRO,71.565,68.79,4.03402,2.775,12200,873093000
05/07/2015,ProShares UltraPro S&P500,UPRO,68.79,67.975,1.19897,0.815,11700,804843000
05/06/2015,ProShares UltraPro S&P500,UPRO,67.975,68.825,-1.23502,-0.85,11700,795307500
05/05/2015,ProShares UltraPro S&P500,UPRO,68.825,71.345,-3.53213,-2.52,11700,805252500
05/04/2015,ProShares UltraPro S&P500,UPRO,71.345,70.725,0.87663,0.62,11700,834736500
05/01/2015,ProShares UltraPro S&P500,UPRO,70.725,68.485,3.27079,2.24,11700,827482500
04/30/2015,ProShares UltraPro S&P500,UPRO,68.485,70.625,-3.03009,-2.14,12300,842365500
04/29/2015,ProShares UltraPro S&P500,UPRO,70.625,71.425,-1.12006,-0.8,12300,868687500
04/28/2015,ProShares UltraPro S&P500,UPRO,71.425,70.815,0.86140,0.61,12300,878527500
04/27/2015,ProShares UltraPro S&P500,UPRO,70.815,71.715,-1.25497,-0.9,12300,871024500
04/24/2015,ProShares UltraPro S&P500,UPRO,71.715,71.24,0.66676,0.475,12300,882094500
04/23/2015,ProShares UltraPro S&P500,UPRO,71.24,70.72,0.73529,0.52,13000,926120000
04/22/2015,ProShares UltraPro S&P500,UPRO,70.72,69.66,1.52168,1.06,13000,919360000
04/21/2015,ProShares UltraPro S&P500,UPRO,69.66,69.97,-0.44305,-0.31,13000,905580000
04/20/2015,ProShares UltraPro S&P500,UPRO,69.97,68.085,2.76860,1.885,13000,909610000
04/17/2015,ProShares UltraPro S&P500,UPRO,68.085,70.48,-3.39813,-2.395,13800,939573000
04/16/2015,ProShares UltraPro S&P500,UPRO,70.48,70.645,-0.23356,-0.165,13800,972624000
04/15/2015,ProShares UltraPro S&P500,UPRO,70.645,69.58,1.53061,1.065,13800,974901000
04/14/2015,ProShares UltraPro S&P500,UPRO,69.58,69.24,0.49105,0.34,13800,960204000
04/13/2015,ProShares UltraPro S&P500,UPRO,69.24,70.195,-1.36050,-0.955,13800,955512000
04/10/2015,ProShares UltraPro S&P500,UPRO,70.195,69.12,1.55527,1.075,13800,968691000
04/09/2015,ProShares UltraPro S&P500,UPRO,69.12,68.21,1.33412,0.91,13800,953856000
04/08/2015,ProShares UltraPro S&P500,UPRO,68.21,67.595,0.90983,0.615,13800,941298000
04/07/2015,ProShares UltraPro S&P500,UPRO,67.595,68.02,-0.62482,-0.425,13800,932811000
04/06/2015,ProShares UltraPro S&P500,UPRO,68.02,66.7,1.97901,1.32,13800,938676000
04/02/2015,ProShares UltraPro S&P500,UPRO,66.7,66.005,1.05295,0.695,14600,973820000
04/01/2015,ProShares UltraPro S&P500,UPRO,66.005,66.775,-1.15313,-0.77,14600,963673000
03/31/2015,ProShares UltraPro S&P500,UPRO,66.775,68.575,-2.62486,-1.8,14200,948205000
03/30/2015,ProShares UltraPro S&P500,UPRO,68.575,66.135,3.68942,2.44,14200,973765000
03/27/2015,ProShares UltraPro S&P500,UPRO,66.135,65.635,0.76179,0.5,14100,932503500
03/26/2015,ProShares UltraPro S&P500,UPRO,65.635,66.105,-0.71099,-0.47,14100,925453500
03/25/2015,ProShares UltraPro S&P500,UPRO,66.105,69.195,-4.46564,-3.09,14100,932080500
03/24/2015,ProShares UltraPro S&P500,UPRO,69.195,70.48,-1.82321,-1.285,14100,975649500
03/23/2015,ProShares UltraPro S&P500,UPRO,70.48,70.86,-0.53627,-0.38,14100,993768000
03/20/2015,ProShares UltraPro S&P500,UPRO,70.86,68.995,2.70309,1.865,14300,1013298000
03/19/2015,ProShares UltraPro S&P500,UPRO,68.995,70.02,-1.46387,-1.025,14800,1021126000
03/18/2015,ProShares UltraPro S&P500,UPRO,70.02,67.56,3.64121,2.46,14800,1036296000
03/17/2015,ProShares UltraPro S&P500,UPRO,67.56,68.245,-1.00374,-0.685,14800,999888000
03/16/2015,ProShares UltraPro S&P500,UPRO,68.245,65.585,4.05581,2.66,14800,1010026000
03/13/2015,ProShares UltraPro S&P500,UPRO,65.585,66.805,-1.82621,-1.22,14800,970658000
03/12/2015,ProShares UltraPro S&P500,UPRO,66.805,64.325,3.85542,2.48,14800,988714000
03/11/2015,ProShares UltraPro S&P500,UPRO,64.325,64.68,-0.54886,-0.355,14400,926280000
03/10/2015,ProShares UltraPro S&P500,UPRO,64.68,68.135,-5.07082,-3.455,14400,931392000
03/09/2015,ProShares UltraPro S&P500,UPRO,68.135,67.325,1.20312,0.81,13900,947076500
03/06/2015,ProShares UltraPro S&P500,UPRO,67.325,70.29,-4.21824,-2.965,13900,935817500
03/05/2015,ProShares UltraPro S&P500,UPRO,70.29,70.035,0.36410,0.255,13900,977031000
03/04/2015,ProShares UltraPro S&P500,UPRO,70.035,70.935,-1.26877,-0.9,13900,973486500
03/03/2015,ProShares UltraPro S&P500,UPRO,70.935,71.91,-1.35586,-0.975,13900,985996500
03/02/2015,ProShares UltraPro S&P500,UPRO,71.91,70.61,1.84110,1.3,13900,999549000
02/27/2015,ProShares UltraPro S&P500,UPRO,70.61,71.245,-0.89129,-0.635,13900,981479000
02/26/2015,ProShares UltraPro S&P500,UPRO,71.245,71.53,-0.39843,-0.285,13900,990305500
02/25/2015,ProShares UltraPro S&P500,UPRO,71.53,71.67,-0.19534,-0.14,14500,1037185000
02/24/2015,ProShares UltraPro S&P500,UPRO,71.67,71.075,0.83714,0.595,14500,1039215000
02/23/2015,ProShares UltraPro S&P500,UPRO,71.075,71.15,-0.10541,-0.075,14500,1030587500
02/20/2015,ProShares UltraPro S&P500,UPRO,71.15,69.84,1.87572,1.31,14500,1031675000
02/19/2015,ProShares UltraPro S&P500,UPRO,69.84,70.035,-0.27843,-0.195,15100,1054584000
02/18/2015,ProShares UltraPro S&P500,UPRO,70.035,70.1,-0.09272,-0.065,15100,1057528500
02/17/2015,ProShares UltraPro S&P500,UPRO,70.1,69.74,0.51620,0.36,15100,1058510000
02/13/2015,ProShares UltraPro S&P500,UPRO,69.74,68.885,1.24120,0.855,15100,1053074000
02/12/2015,ProShares UltraPro S&P500,UPRO,68.885,66.905,2.95942,1.98,15600,1074606000
02/11/2015,ProShares UltraPro S&P500,UPRO,66.905,66.85,0.08227,0.055,15900,1063789500
02/10/2015,ProShares UltraPro S&P500,UPRO,66.85,64.77,3.21136,2.08,15900,1062915000
02/09/2015,ProShares UltraPro S&P500,UPRO,64.77,65.605,-1.27277,-0.835,15900,1029843000
02/06/2015,ProShares UltraPro S&P500,UPRO,65.605,66.235,-0.95116,-0.63,15900,1043119500
02/05/2015,ProShares UltraPro S&P500,UPRO,66.235,64.22,3.13765,2.015,16300,1079630500
02/04/2015,ProShares UltraPro S&P500,UPRO,64.22,64.975,-1.16199,-0.755,16300,1046786000
02/03/2015,ProShares UltraPro S&P500,UPRO,64.975,62.275,4.33561,2.7,16300,1059092500
02/02/2015,ProShares UltraPro S&P500,UPRO,62.275,59.95,3.87823,2.325,16700,1039992500
01/30/2015,ProShares UltraPro S&P500,UPRO,59.95,62.385,-3.90318,-2.435,16700,1001165000
01/29/2015,ProShares UltraPro S&P500,UPRO,62.385,60.64,2.87764,1.745,16700,1041829500
01/28/2015,ProShares UltraPro S&P500,UPRO,60.64,63.185,-4.02785,-2.545,16700,1012688000
01/27/2015,ProShares UltraPro S&P500,UPRO,63.185,65.835,-4.02521,-2.65,16700,1055189500
01/26/2015,ProShares UltraPro S&P500,UPRO,65.835,65.34,0.75758,0.495,16700,1099444500
01/23/2015,ProShares UltraPro S&P500,UPRO,65.34,66.435,-1.64823,-1.095,16500,1078110000
01/22/2015,ProShares UltraPro S&P500,UPRO,66.435,63.53,4.57264,2.905,16500,1096177500
01/21/2015,ProShares UltraPro S&P500,UPRO,63.53,62.625,1.44511,0.905,16500,1048245000
01/20/2015,ProShares UltraPro S&P500,UPRO,62.625,62.335,0.46523,0.29,16500,1033312500
01/16/2015,ProShares UltraPro S&P500,UPRO,62.335,59.925,4.02169,2.41,16300,1016060500
01/15/2015,ProShares UltraPro S&P500,UPRO,59.925,61.635,-2.77440,-1.71,16300,976777500
01/14/2015,ProShares UltraPro S&P500,UPRO,61.635,62.735,-1.75341,-1.1,16300,1004650500
01/13/2015,ProShares UltraPro S&P500,UPRO,62.735,63.205,-0.74361,-0.47,15700,984939500
01/12/2015,ProShares UltraPro S&P500,UPRO,63.205,64.785,-2.43884,-1.58,16700,1055523500
01/09/2015,ProShares UltraPro S&P500,UPRO,64.785,66.465,-2.52765,-1.68,16400,1062474000
01/08/2015,ProShares UltraPro S&P500,UPRO,66.465,63.08,5.36620,3.385,16400,1090026000
01/07/2015,ProShares UltraPro S&P500,UPRO,63.08,60.9,3.57964,2.18,16000,1009280000
01/06/2015,ProShares UltraPro S&P500,UPRO,60.9,62.58,-2.68456,-1.68,16000,974400000
01/05/2015,ProShares UltraPro S&P500,UPRO,62.58,66.2,-5.46828,-3.62,16000,1001280000
01/02/2015,ProShares UltraPro S&P500,UPRO,66.2,66.25,-0.07547,-0.05,16400,1085680000
12/31/2014,ProShares UltraPro S&P500,UPRO,66.25,68.37,-3.10078,-2.12,16400,1086500000
12/30/2014,ProShares UltraPro S&P500,UPRO,68.37,69.375,-1.44865,-1.005,16600,1134942000
12/29/2014,ProShares UltraPro S&P500,UPRO,69.375,69.17,0.29637,0.205,16900,1172437500
12/26/2014,ProShares UltraPro S&P500,UPRO,69.17,68.5,0.97810,0.67,16900,1168973000
12/24/2014,ProShares UltraPro S&P500,UPRO,68.5,68.525,-0.03648,-0.025,16700,1143950000
12/23/2014,ProShares UltraPro S&P500,UPRO,68.525,68.165,0.52813,0.36,16700,1144367500
12/22/2014,ProShares UltraPro S&P500,UPRO,68.165,67.45,1.06004,0.715,16700,1138355500
12/19/2014,ProShares UltraPro S&P500,UPRO,67.45,66.54,1.36760,0.91,16100,1085945000
12/18/2014,ProShares UltraPro S&P500,UPRO,66.54,62.04,7.25338,4.5,15700,1044678000
12/17/2014,ProShares UltraPro S&P500,UPRO,62.04,58.47,6.10570,3.57,15300,949212000
12/16/2014,ProShares UltraPro S&P500,UPRO,58.47,59.995,-2.54188,-1.525,15300,894591000
12/15/2014,ProShares UltraPro S&P500,UPRO,59.995,61.165,-1.91286,-1.17,14700,881926500
12/12/2014,ProShares UltraPro S&P500,UPRO,61.165,64.295,-4.86819,-3.13,14700,899125500
12/11/2014,ProShares UltraPro S&P500,UPRO,64.295,63.38,1.44367,0.915,14700,945136500
12/10/2014,ProShares UltraPro S&P500,UPRO,63.38,66.64,-4.89196,-3.26,14700,931686000
12/09/2014,ProShares UltraPro S&P500,UPRO,66.64,66.695,-0.08246,-0.055,14400,959616000
12/08/2014,ProShares UltraPro S&P500,UPRO,66.695,68.155,-2.14218,-1.46,14400,960408000
12/05/2014,ProShares UltraPro S&P500,UPRO,68.155,67.815,0.50136,0.34,14400,981432000
12/04/2014,ProShares UltraPro S&P500,UPRO,67.815,68.055,-0.35266,-0.24,14400,976536000
12/03/2014,ProShares UltraPro S&P500,UPRO,68.055,67.25,1.19703,0.805,14400,979992000
12/02/2014,ProShares UltraPro S&P500,UPRO,67.25,65.98,1.92483,1.27,14400,968400000
12/01/2014,ProShares UltraPro S&P500,UPRO,65.98,67.36,-2.04869,-1.38,14400,950112000
11/28/2014,ProShares UltraPro S&P500,UPRO,67.36,67.865,-0.74412,-0.505,14400,969984000
11/26/2014,ProShares UltraPro S&P500,UPRO,67.865,67.27,0.88450,0.595,14400,977256000
11/25/2014,ProShares UltraPro S&P500,UPRO,67.27,67.48,-0.31120,-0.21,14400,968688000
11/24/2014,ProShares UltraPro S&P500,UPRO,67.48,66.91,0.85189,0.57,13800,931224000
11/21/2014,ProShares UltraPro S&P500,UPRO,66.91,65.855,1.60200,1.055,13800,923358000
11/20/2014,ProShares UltraPro S&P500,UPRO,65.855,65.465,0.59574,0.39,14500,954897500
11/19/2014,ProShares UltraPro S&P500,UPRO,65.465,65.76,-0.44860,-0.295,14500,949242500
11/18/2014,ProShares UltraPro S&P500,UPRO,65.76,64.72,1.60692,1.04,14500,953520000
11/17/2014,ProShares UltraPro S&P500,UPRO,64.72,64.575,0.22455,0.145,14500,938440000
11/14/2014,ProShares UltraPro S&P500,UPRO,64.575,64.515,0.09300,0.06,14500,936337500
11/13/2014,ProShares UltraPro S&P500,UPRO,64.515,64.39,0.19413,0.125,15100,974176500
11/12/2014,ProShares UltraPro S&P500,UPRO,64.39,64.485,-0.14732,-0.095,15100,972289000
11/11/2014,ProShares UltraPro S&P500,UPRO,64.485,64.35,0.20979,0.135,15100,973723500
11/10/2014,ProShares UltraPro S&P500,UPRO,64.35,63.75,0.94118,0.6,15100,971685000
11/07/2014,ProShares UltraPro S&P500,UPRO,63.75,63.64,0.17285,0.11,15100,962625000
11/06/2014,ProShares UltraPro S&P500,UPRO,63.64,62.875,1.21670,0.765,15100,960964000
11/05/2014,ProShares UltraPro S&P500,UPRO,62.875,61.755,1.81362,1.12,15100,949412500
11/04/2014,ProShares UltraPro S&P500,UPRO,61.755,62.31,-0.89071,-0.555,15100,932500500
11/03/2014,ProShares UltraPro S&P500,UPRO,62.31,62.31,0.00000,0,15000,934650000
10/31/2014,ProShares UltraPro S&P500,UPRO,62.31,60.21,3.48779,2.1,15000,934650000
10/30/2014,ProShares UltraPro S&P500,UPRO,60.21,59.09,1.89541,1.12,15400,927234000
10/29/2014,ProShares UltraPro S&P500,UPRO,59.09,59.335,-0.41291,-0.245,15400,909986000
10/28/2014,ProShares UltraPro S&P500,UPRO,59.335,57.31,3.53341,2.025,15400,913759000
10/27/2014,ProShares UltraPro S&P500,UPRO,57.31,57.565,-0.44298,-0.255,15400,882574000
10/24/2014,ProShares UltraPro S&P500,UPRO,57.565,56.345,2.16523,1.22,14800,851962000
10/23/2014,ProShares UltraPro S&P500,UPRO,56.345,54.375,3.62299,1.97,15500,873347500
10/22/2014,ProShares UltraPro S&P500,UPRO,54.375,55.575,-2.15924,-1.2,15500,842812500
10/21/2014,ProShares UltraPro S&P500,UPRO,55.575,52.485,5.88740,3.09,14700,816952500
10/20/2014,ProShares UltraPro S&P500,UPRO,52.485,51.06,2.79083,1.425,14500,761032500
10/17/2014,ProShares UltraPro S&P500,UPRO,51.06,49.21,3.75940,1.85,14500,740370000
10/16/2014,ProShares UltraPro S&P500,UPRO,49.21,49.24,-0.06093,-0.03,14500,713545000
10/15/2014,ProShares UltraPro S&P500,UPRO,49.24,50.43,-2.35971,-1.19,14500,713980000
10/14/2014,ProShares UltraPro S&P500,UPRO,50.43,50.175,0.50822,0.255,15400,776622000
10/13/2014,ProShares UltraPro S&P500,UPRO,50.175,52.78,-4.93558,-2.605,15400,772695000
10/10/2014,ProShares UltraPro S&P500,UPRO,52.78,54.635,-3.39526,-1.855,13600,717808000
10/09/2014,ProShares UltraPro S&P500,UPRO,54.635,58.205,-6.13349,-3.57,13600,743036000
10/08/2014,ProShares UltraPro S&P500,UPRO,58.205,55.295,5.26268,2.91,13600,791588000
10/07/2014,ProShares UltraPro S&P500,UPRO,55.295,57.935,-4.55683,-2.64,13600,752012000
10/06/2014,ProShares UltraPro S&P500,UPRO,57.935,58.19,-0.43822,-0.255,13600,787916000
10/03/2014,ProShares UltraPro S&P500,UPRO,58.19,56.325,3.31114,1.865,13600,791384000
10/02/2014,ProShares UltraPro S&P500,UPRO,56.325,56.305,0.03552,0.02,16600,934995000
10/01/2014,ProShares UltraPro S&P500,UPRO,56.305,58.645,-3.99011,-2.34,16100,906510500
09/30/2014,ProShares UltraPro S&P500,UPRO,58.645,59.11,-0.78667,-0.465,13100,768249500
09/29/2014,ProShares UltraPro S&P500,UPRO,59.11,59.535,-0.71387,-0.425,13100,774341000
09/26/2014,ProShares UltraPro S&P500,UPRO,59.535,58.055,2.54931,1.48,12800,762048000
09/25/2014,ProShares UltraPro S&P500,UPRO,58.055,61.025,-4.86686,-2.97,12800,743104000
09/24/2014,ProShares UltraPro S&P500,UPRO,61.025,59.66,2.28797,1.365,13200,805530000
09/23/2014,ProShares UltraPro S&P500,UPRO,59.66,60.7,-1.71334,-1.04,12800,763648000
09/22/2014,ProShares UltraPro S&P500,UPRO,60.7,62.19,-2.39588,-1.49,12400,752680000
09/19/2014,ProShares UltraPro S&P500,UPRO,62.19,62.305,-0.18458,-0.115,12400,771156000
09/18/2014,ProShares UltraPro S&P500,UPRO,62.305,61.37,1.52355,0.935,12900,803734500
09/17/2014,ProShares UltraPro S&P500,UPRO,61.37,61.14,0.37619,0.23,12900,791673000
09/16/2014,ProShares UltraPro S&P500,UPRO,61.14,59.8,2.24080,1.34,16900,1033266000
09/15/2014,ProShares UltraPro S&P500,UPRO,59.8,59.935,-0.22524,-0.135,16900,1010620000
09/12/2014,ProShares UltraPro S&P500,UPRO,59.935,61.025,-1.78615,-1.09,12900,773161500
09/11/2014,ProShares UltraPro S&P500,UPRO,61.025,60.82,0.33706,0.205,13000,793325000
09/10/2014,ProShares UltraPro S&P500,UPRO,60.82,60.15,1.11388,0.67,13000,790660000
09/09/2014,ProShares UltraPro S&P500,UPRO,60.15,61.35,-1.95599,-1.2,13500,812025000
09/08/2014,ProShares UltraPro S&P500,UPRO,61.35,61.895,-0.88052,-0.545,13400,822090000
09/05/2014,ProShares UltraPro S&P500,UPRO,61.895,60.975,1.50882,0.92,13400,829393000
09/04/2014,ProShares UltraPro S&P500,UPRO,60.975,61.255,-0.45711,-0.28,13400,817065000
09/03/2014,ProShares UltraPro S&P500,UPRO,61.255,61.37,-0.18739,-0.115,13400,820817000
09/02/2014,ProShares UltraPro S&P500,UPRO,61.37,61.47,-0.16268,-0.1,13400,822358000
08/29/2014,ProShares UltraPro S&P500,UPRO,61.47,60.86,1.00230,0.61,13400,823698000
08/28/2014,ProShares UltraPro S&P500,UPRO,60.86,61.135,-0.44982,-0.275,13600,827696000
08/27/2014,ProShares UltraPro S&P500,UPRO,61.135,61.105,0.04910,0.03,13600,831436000
08/26/2014,ProShares UltraPro S&P500,UPRO,61.105,60.92,0.30368,0.185,13600,831028000
08/25/2014,ProShares UltraPro S&P500,UPRO,60.92,60.055,1.44035,0.865,13600,828512000
08/22/2014,ProShares UltraPro S&P500,UPRO,60.055,60.395,-0.56296,-0.34,13300,798731500
08/21/2014,ProShares UltraPro S&P500,UPRO,60.395,59.865,0.88533,0.53,13900,839490500
08/20/2014,ProShares UltraPro S&P500,UPRO,59.865,59.42,0.74891,0.445,16900,1011718500
08/19/2014,ProShares UltraPro S&P500,UPRO,59.42,58.51,1.55529,0.91,16900,1004198000
08/18/2014,ProShares UltraPro S&P500,UPRO,58.51,57.05,2.55916,1.46,13900,813289000
08/15/2014,ProShares UltraPro S&P500,UPRO,57.05,57.045,0.00877,0.005,13600,775880000
08/14/2014,ProShares UltraPro S&P500,UPRO,57.045,56.305,1.31427,0.74,13600,775812000
08/13/2014,ProShares UltraPro S&P500,UPRO,56.305,55.16,2.07578,1.145,13600,765748000
08/12/2014,ProShares UltraPro S&P500,UPRO,55.16,55.42,-0.46914,-0.26,13600,750176000
08/11/2014,ProShares UltraPro S&P500,UPRO,55.42,54.945,0.86450,0.475,13600,753712000
08/08/2014,ProShares UltraPro S&P500,UPRO,54.945,53.105,3.46483,1.84,13200,725274000
08/07/2014,ProShares UltraPro S&P500,UPRO,53.105,53.97,-1.60274,-0.865,13200,700986000
08/06/2014,ProShares UltraPro S&P500,UPRO,53.97,53.925,0.08345,0.045,13200,712404000
08/05/2014,ProShares UltraPro S&P500,UPRO,53.925,55.53,-2.89033,-1.605,12500,674062500
08/04/2014,ProShares UltraPro S&P500,UPRO,55.53,54.36,2.15232,1.17,12400,688572000
08/01/2014,ProShares UltraPro S&P500,UPRO,54.36,54.835,-0.86624,-0.475,12400,674064000
07/31/2014,ProShares UltraPro S&P500,UPRO,54.835,58.33,-5.99177,-3.495,12400,679954000
07/30/2014,ProShares UltraPro S&P500,UPRO,58.33,58.295,0.06004,0.035,11400,664962000
07/29/2014,ProShares UltraPro S&P500,UPRO,58.295,59.09,-1.34541,-0.795,11400,664563000
07/28/2014,ProShares UltraPro S&P500,UPRO,59.09,59.045,0.07621,0.045,11300,667717000
07/25/2014,ProShares UltraPro S&P500,UPRO,59.045,59.915,-1.45206,-0.87,11300,667208500
07/24/2014,ProShares UltraPro S&P500,UPRO,59.915,59.835,0.13370,0.08,11300,677039500
07/23/2014,ProShares UltraPro S&P500,UPRO,59.835,59.515,0.53768,0.32,11300,676135500
07/22/2014,ProShares UltraPro S&P500,UPRO,59.515,58.645,1.48350,0.87,11300,672519500
07/21/2014,ProShares UltraPro S&P500,UPRO,58.645,59.055,-0.69427,-0.41,11300,662688500
07/18/2014,ProShares UltraPro S&P500,UPRO,59.055,57.295,3.07182,1.76,11300,667321500
07/17/2014,ProShares UltraPro S&P500,UPRO,57.295,59.385,-3.51941,-2.09,11300,647433500
07/16/2014,ProShares UltraPro S&P500,UPRO,59.385,58.64,1.27046,0.745,11300,671050500
07/15/2014,ProShares UltraPro S&P500,UPRO,58.64,58.98,-0.57647,-0.34,11300,662632000
07/14/2014,ProShares UltraPro S&P500,UPRO,58.98,58.14,1.44479,0.84,11300,666474000
07/11/2014,ProShares UltraPro S&P500,UPRO,58.14,57.875,0.45788,0.265,10900,633726000
07/10/2014,ProShares UltraPro S&P500,UPRO,57.875,58.6,-1.23720,-0.725,10900,630837500
07/09/2014,ProShares UltraPro S&P500,UPRO,58.6,57.795,1.39285,0.805,10900,638740000
07/08/2014,ProShares UltraPro S&P500,UPRO,57.795,58.99,-2.02577,-1.195,10900,629965500
07/07/2014,ProShares UltraPro S&P500,UPRO,58.99,59.685,-1.16445,-0.695,10900,642991000
07/03/2014,ProShares UltraPro S&P500,UPRO,59.685,58.73,1.62609,0.955,10900,650566500
07/02/2014,ProShares UltraPro S&P500,UPRO,58.73,58.605,0.21329,0.125,10900,640157000
07/01/2014,ProShares UltraPro S&P500,UPRO,58.605,57.425,2.05485,1.18,10900,638794500
06/30/2014,ProShares UltraPro S&P500,UPRO,57.425,57.495,-0.12175,-0.07,10900,625932500
06/27/2014,ProShares UltraPro S&P500,UPRO,57.495,57.16,0.58607,0.335,10900,626695500
06/26/2014,ProShares UltraPro S&P500,UPRO,57.16,57.33,-0.29653,-0.17,10900,623044000
06/25/2014,ProShares UltraPro S&P500,UPRO,57.33,56.545,1.38827,0.785,10900,624897000
06/24/2014,ProShares UltraPro S&P500,UPRO,56.545,57.64,-1.89972,-1.095,10900,616340500
06/23/2014,ProShares UltraPro S&P500,UPRO,57.64,57.675,-0.06068,-0.035,10900,628276000
06/20/2014,ProShares UltraPro S&P500,UPRO,57.675,57.375,0.52288,0.3,10900,628657500
06/19/2014,ProShares UltraPro S&P500,UPRO,57.375,57.14,0.41127,0.235,10900,625387500
06/18/2014,ProShares UltraPro S&P500,UPRO,57.14,55.86,2.29144,1.28,10900,622826000
06/17/2014,ProShares UltraPro S&P500,UPRO,55.86,55.49,0.66679,0.37,10900,608874000
06/16/2014,ProShares UltraPro S&P500,UPRO,55.49,55.355,0.24388,0.135,10900,604841000
06/13/2014,ProShares UltraPro S&P500,UPRO,55.355,54.84,0.93910,0.515,10900,603369500
06/12/2014,ProShares UltraPro S&P500,UPRO,54.84,55.995,-2.06268,-1.155,10900,597756000
06/11/2014,ProShares UltraPro S&P500,UPRO,55.995,56.58,-1.03393,-0.585,10900,610345500
06/10/2014,ProShares UltraPro S&P500,UPRO,56.58,56.62,-0.07065,-0.04,10900,616722000
06/09/2014,ProShares UltraPro S&P500,UPRO,56.62,56.46,0.28339,0.16,10700,605834000
06/06/2014,ProShares UltraPro S&P500,UPRO,56.46,55.665,1.42819,0.795,10700,604122000
06/05/2014,ProShares UltraPro S&P500,UPRO,55.665,54.585,1.97857,1.08,10700,595615500
06/04/2014,ProShares UltraPro S&P500,UPRO,54.585,54.255,0.60824,0.33,10500,573142500
06/03/2014,ProShares UltraPro S&P500,UPRO,54.255,54.315,-0.11047,-0.06,10500,569677500
06/02/2014,ProShares UltraPro S&P500,UPRO,54.315,54.185,0.23992,0.13,10500,570307500
05/30/2014,ProShares UltraPro S&P500,UPRO,54.185,53.895,0.53808,0.29,10500,568942500
05/29/2014,ProShares UltraPro S&P500,UPRO,53.895,53.025,1.64074,0.87,10500,565897500
05/28/2014,ProShares UltraPro S&P500,UPRO,53.025,53.18,-0.29146,-0.155,10500,556762500
05/27/2014,ProShares UltraPro S&P500,UPRO,53.18,52.25,1.77990,0.93,10500,558390000
05/23/2014,ProShares UltraPro S&P500,UPRO,52.25,51.595,1.26950,0.655,10500,548625000
05/22/2014,ProShares UltraPro S&P500,UPRO,51.595,51.215,0.74197,0.38,10500,541747500
05/21/2014,ProShares UltraPro S&P500,UPRO,51.215,49.98,2.47099,1.235,11000,563365000
05/20/2014,ProShares UltraPro S&P500,UPRO,49.98,50.97,-1.94232,-0.99,11000,549780000
05/19/2014,ProShares UltraPro S&P500,UPRO,50.97,50.39,1.15102,0.58,11000,560670000
05/16/2014,ProShares UltraPro S&P500,UPRO,50.39,49.835,1.11368,0.555,11500,579485000
05/15/2014,ProShares UltraPro S&P500,UPRO,49.835,51.24,-2.74200,-1.405,11500,573102500
05/14/2014,ProShares UltraPro S&P500,UPRO,51.24,51.955,-1.37619,-0.715,11500,589260000
05/13/2014,ProShares UltraPro S&P500,UPRO,51.955,51.85,0.20251,0.105,11500,597482500
05/12/2014,ProShares UltraPro S&P500,UPRO,51.85,50.39,2.89740,1.46,11000,570350000
05/09/2014,ProShares UltraPro S&P500,UPRO,50.39,50.135,0.50863,0.255,11000,554290000
05/08/2014,ProShares UltraPro S&P500,UPRO,50.135,50.31,-0.34784,-0.175,11000,551485000
05/07/2014,ProShares UltraPro S&P500,UPRO,50.31,49.42,1.80089,0.89,11300,568503000
05/06/2014,ProShares UltraPro S&P500,UPRO,49.42,50.78,-2.67822,-1.36,11300,558446000
05/05/2014,ProShares UltraPro S&P500,UPRO,50.78,50.495,0.56441,0.285,11300,573814000
05/02/2014,ProShares UltraPro S&P500,UPRO,50.495,50.7,-0.40434,-0.205,11100,560494500
05/01/2014,ProShares UltraPro S&P500,UPRO,50.7,50.72,-0.03943,-0.02,11100,562770000
04/30/2014,ProShares UltraPro S&P500,UPRO,50.72,50.26,0.91524,0.46,11100,562992000
04/29/2014,ProShares UltraPro S&P500,UPRO,50.26,49.56,1.41243,0.7,11100,557886000
04/28/2014,ProShares UltraPro S&P500,UPRO,49.56,49.08,0.97800,0.48,11800,584808000
04/25/2014,ProShares UltraPro S&P500,UPRO,49.08,50.305,-2.43515,-1.225,12100,593868000
04/24/2014,ProShares UltraPro S&P500,UPRO,50.305,50.04,0.52958,0.265,12400,623782000
04/23/2014,ProShares UltraPro S&P500,UPRO,50.04,50.365,-0.64529,-0.325,12400,620496000
04/22/2014,ProShares UltraPro S&P500,UPRO,50.365,49.75,1.23618,0.615,13000,654745000
04/21/2014,ProShares UltraPro S&P500,UPRO,49.75,49.2,1.11789,0.55,13000,646750000
04/17/2014,ProShares UltraPro S&P500,UPRO,49.2,48.995,0.41841,0.205,13000,639600000
04/16/2014,ProShares UltraPro S&P500,UPRO,48.995,47.5,3.14737,1.495,13000,636935000
04/15/2014,ProShares UltraPro S&P500,UPRO,47.5,46.56,2.01890,0.94,13000,617500000
04/14/2014,ProShares UltraPro S&P500,UPRO,46.56,45.445,2.45352,1.115,13000,605280000
04/11/2014,ProShares UltraPro S&P500,UPRO,45.445,46.765,-2.82262,-1.32,12600,572607000
04/10/2014,ProShares UltraPro S&P500,UPRO,46.765,49.895,-6.27317,-3.13,12600,589239000
04/09/2014,ProShares UltraPro S&P500,UPRO,49.895,48.31,3.28089,1.585,12600,628677000
04/08/2014,ProShares UltraPro S&P500,UPRO,48.31,47.725,1.22577,0.585,12600,608706000
04/07/2014,ProShares UltraPro S&P500,UPRO,47.725,49.33,-3.25360,-1.605,12600,601335000
04/04/2014,ProShares UltraPro S&P500,UPRO,49.33,51.245,-3.73695,-1.915,12100,596893000
04/03/2014,ProShares UltraPro S&P500,UPRO,51.245,51.42,-0.34033,-0.175,12100,620064500
04/02/2014,ProShares UltraPro S&P500,UPRO,51.42,50.96,0.90267,0.46,12100,622182000
04/01/2014,ProShares UltraPro S&P500,UPRO,50.96,49.905,2.11402,1.055,12100,616616000
03/31/2014,ProShares UltraPro S&P500,UPRO,49.905,48.74,2.39023,1.165,12100,603850500
03/28/2014,ProShares UltraPro S&P500,UPRO,48.74,48.07,1.39380,0.67,13000,633620000
03/27/2014,ProShares UltraPro S&P500,UPRO,48.07,48.325,-0.52768,-0.255,13000,624910000
03/26/2014,ProShares UltraPro S&P500,UPRO,48.325,49.37,-2.11667,-1.045,13000,628225000
03/25/2014,ProShares UltraPro S&P500,UPRO,49.37,48.705,1.36536,0.665,13000,641810000
03/24/2014,ProShares UltraPro S&P500,UPRO,48.705,49.425,-1.45675,-0.72,13000,633165000
03/21/2014,ProShares UltraPro S&P500,UPRO,49.425,49.88,-0.91219,-0.455,13200,652410000
03/20/2014,ProShares UltraPro S&P500,UPRO,49.88,49,1.79592,0.88,14000,698320000
03/19/2014,ProShares UltraPro S&P500,UPRO,49,49.915,-1.83312,-0.915,14000,686000000
03/18/2014,ProShares UltraPro S&P500,UPRO,49.915,48.855,2.16969,1.06,14000,698810000
03/17/2014,ProShares UltraPro S&P500,UPRO,48.855,47.49,2.87429,1.365,14000,683970000
03/14/2014,ProShares UltraPro S&P500,UPRO,47.49,47.905,-0.86630,-0.415,13300,631617000
03/13/2014,ProShares UltraPro S&P500,UPRO,47.905,49.62,-3.45627,-1.715,13300,637136500
03/12/2014,ProShares UltraPro S&P500,UPRO,49.62,49.545,0.15138,0.075,13300,659946000
03/11/2014,ProShares UltraPro S&P500,UPRO,49.545,50.315,-1.53036,-0.77,13300,658948500
03/10/2014,ProShares UltraPro S&P500,UPRO,50.315,50.375,-0.11911,-0.06,13200,664158000
03/07/2014,ProShares UltraPro S&P500,UPRO,50.375,50.295,0.15906,0.08,12800,644800000
03/06/2014,ProShares UltraPro S&P500,UPRO,50.295,50,0.59000,0.295,12800,643776000
03/05/2014,ProShares UltraPro S&P500,UPRO,50,49.98,0.04002,0.02,12800,640000000
03/04/2014,ProShares UltraPro S&P500,UPRO,49.98,47.805,4.54973,2.175,12400,619752000
03/03/2014,ProShares UltraPro S&P500,UPRO,47.805,48.89,-2.21927,-1.085,13200,631026000
02/28/2014,ProShares UltraPro S&P500,UPRO,48.89,48.49,0.82491,0.4,13200,645348000
02/27/2014,ProShares UltraPro S&P500,UPRO,48.49,47.755,1.53911,0.735,13200,640068000
02/26/2014,ProShares UltraPro S&P500,UPRO,47.755,47.735,0.04190,0.02,13700,654243500
02/25/2014,ProShares UltraPro S&P500,UPRO,47.735,47.9,-0.34447,-0.165,13700,653969500
02/24/2014,ProShares UltraPro S&P500,UPRO,47.9,47.06,1.78496,0.84,13700,656230000
02/21/2014,ProShares UltraPro S&P500,UPRO,47.06,47.28,-0.46531,-0.22,13700,644722000
02/20/2014,ProShares UltraPro S&P500,UPRO,47.28,46.435,1.81975,0.845,14200,671376000
02/19/2014,ProShares UltraPro S&P500,UPRO,46.435,47.365,-1.96348,-0.93,14200,659377000
02/18/2014,ProShares UltraPro S&P500,UPRO,47.365,47.185,0.38148,0.18,14200,672583000
02/14/2014,ProShares UltraPro S&P500,UPRO,47.185,46.475,1.52770,0.71,14200,670027000
02/13/2014,ProShares UltraPro S&P500,UPRO,46.475,45.73,1.62913,0.745,14200,659945000
02/12/2014,ProShares UltraPro S&P500,UPRO,45.73,45.66,0.15331,0.07,14200,649366000
02/11/2014,ProShares UltraPro S&P500,UPRO,45.66,44.2,3.30317,1.46,13900,634674000
02/10/2014,ProShares UltraPro S&P500,UPRO,44.2,44,0.45455,0.2,13900,614380000
02/07/2014,ProShares UltraPro S&P500,UPRO,44,42.35,3.89610,1.65,13900,611600000
02/06/2014,ProShares UltraPro S&P500,UPRO,42.35,40.755,3.91363,1.595,14400,609840000
02/05/2014,ProShares UltraPro S&P500,UPRO,40.755,40.93,-0.42756,-0.175,14400,586872000
02/04/2014,ProShares UltraPro S&P500,UPRO,40.93,40.055,2.18450,0.875,13900,568927000
02/03/2014,ProShares UltraPro S&P500,UPRO,40.055,42.985,-6.81633,-2.93,14100,564775500
01/31/2014,ProShares UltraPro S&P500,UPRO,42.985,43.805,-1.87193,-0.82,14300,614685500
01/30/2014,ProShares UltraPro S&P500,UPRO,43.805,42.385,3.35024,1.42,14300,626411500
01/29/2014,ProShares UltraPro S&P500,UPRO,42.385,43.72,-3.05352,-1.335,14300,606105500
01/28/2014,ProShares UltraPro S&P500,UPRO,43.72,42.93,1.84020,0.79,14300,625196000
01/27/2014,ProShares UltraPro S&P500,UPRO,42.93,43.555,-1.43497,-0.625,14100,605313000
01/24/2014,ProShares UltraPro S&P500,UPRO,43.555,46.53,-6.39372,-2.975,14100,614125500
01/23/2014,ProShares UltraPro S&P500,UPRO,46.53,47.75,-2.55497,-1.22,14100,656073000
01/22/2014,ProShares UltraPro S&P500,UPRO,47.75,47.66,0.18884,0.09,14100,673275000
01/21/2014,ProShares UltraPro S&P500,UPRO,47.66,47.26,0.84638,0.4,13800,657708000
01/17/2014,ProShares UltraPro S&P500,UPRO,47.26,47.835,-1.20205,-0.575,13800,652188000
01/16/2014,ProShares UltraPro S&P500,UPRO,47.835,48.05,-0.44745,-0.215,13800,660123000
01/15/2014,ProShares UltraPro S&P500,UPRO,48.05,47.31,1.56415,0.74,13800,663090000
01/14/2014,ProShares UltraPro S&P500,UPRO,47.31,45.795,3.30822,1.515,13800,652878000
01/13/2014,ProShares UltraPro S&P500,UPRO,45.795,47.66,-3.91313,-1.865,13800,631971000
01/10/2014,ProShares UltraPro S&P500,UPRO,47.66,47.305,0.75045,0.355,13800,657708000
01/09/2014,ProShares UltraPro S&P500,UPRO,47.305,47.235,0.14820,0.07,13800,652809000
01/08/2014,ProShares UltraPro S&P500,UPRO,47.235,47.195,0.08475,0.04,13800,651843000
01/07/2014,ProShares UltraPro S&P500,UPRO,47.195,46.37,1.77917,0.825,13800,651291000
01/06/2014,ProShares UltraPro S&P500,UPRO,46.37,46.75,-0.81283,-0.38,13800,639906000
01/03/2014,ProShares UltraPro S&P500,UPRO,46.75,46.79,-0.08549,-0.04,13800,645150000
01/02/2014,ProShares UltraPro S&P500,UPRO,46.79,48.115,-2.75382,-1.325,14200,664418000
12/31/2013,ProShares UltraPro S&P500,UPRO,48.115,47.5,1.29474,0.615,14200,683233000
12/30/2013,ProShares UltraPro S&P500,UPRO,47.5,47.525,-0.05260,-0.025,14200,674500000
12/27/2013,ProShares UltraPro S&P500,UPRO,47.525,47.54,-0.03155,-0.015,14200,674855000
12/26/2013,ProShares UltraPro S&P500,UPRO,47.54,46.855,1.46196,0.685,14200,675068000
12/24/2013,ProShares UltraPro S&P500,UPRO,46.855,46.51,0.74178,0.345,14200,665341000
12/23/2013,ProShares UltraPro S&P500,UPRO,46.51,45.78,1.59458,0.73,13800,641838000
12/20/2013,ProShares UltraPro S&P500,UPRO,45.78,45.045,1.63170,0.735,13800,631764000
12/19/2013,ProShares UltraPro S&P500,UPRO,45.045,45.165,-0.26569,-0.12,13800,621621000
12/18/2013,ProShares UltraPro S&P500,UPRO,45.165,42.94,5.18165,2.225,13300,600694500
12/17/2013,ProShares UltraPro S&P500,UPRO,42.94,43.4,-1.05991,-0.46,13300,571102000
12/16/2013,ProShares UltraPro S&P500,UPRO,43.4,42.605,1.86598,0.795,13300,577220000
12/13/2013,ProShares UltraPro S&P500,UPRO,42.605,42.625,-0.04692,-0.02,13300,566646500
12/12/2013,ProShares UltraPro S&P500,UPRO,42.625,43.06,-1.01022,-0.435,14300,609537500
12/11/2013,ProShares UltraPro S&P500,UPRO,43.06,44.57,-3.38793,-1.51,14300,615758000
12/10/2013,ProShares UltraPro S&P500,UPRO,44.57,45.035,-1.03253,-0.465,13700,610609000
12/09/2013,ProShares UltraPro S&P500,UPRO,45.035,44.735,0.67062,0.3,13700,616979500
12/06/2013,ProShares UltraPro S&P500,UPRO,44.735,43.31,3.29023,1.425,13700,612869500
12/05/2013,ProShares UltraPro S&P500,UPRO,43.31,43.825,-1.17513,-0.515,13700,593347000
12/04/2013,ProShares UltraPro S&P500,UPRO,43.825,43.965,-0.31844,-0.14,14300,626697500
12/03/2013,ProShares UltraPro S&P500,UPRO,43.965,44.445,-1.07999,-0.48,14300,628699500
12/02/2013,ProShares UltraPro S&P500,UPRO,44.445,44.8,-0.79241,-0.355,13600,604452000
11/29/2013,ProShares UltraPro S&P500,UPRO,44.8,44.895,-0.21160,-0.095,13600,609280000
11/27/2013,ProShares UltraPro S&P500,UPRO,44.895,44.545,0.78572,0.35,13600,610572000
11/26/2013,ProShares UltraPro S&P500,UPRO,44.545,44.575,-0.06730,-0.03,13600,605812000
11/25/2013,ProShares UltraPro S&P500,UPRO,44.575,44.68,-0.23500,-0.105,13600,606220000
11/22/2013,ProShares UltraPro S&P500,UPRO,44.68,44.05,1.43019,0.63,13600,607648000
11/21/2013,ProShares UltraPro S&P500,UPRO,44.05,42.995,2.45377,1.055,13600,599080000
11/20/2013,ProShares UltraPro S&P500,UPRO,42.995,43.41,-0.95600,-0.415,13300,571833500
11/19/2013,ProShares UltraPro S&P500,UPRO,43.41,43.725,-0.72041,-0.315,13300,577353000
11/18/2013,ProShares UltraPro S&P500,UPRO,43.725,44.19,-1.05227,-0.465,13300,581542500
11/15/2013,ProShares UltraPro S&P500,UPRO,44.19,43.62,1.30674,0.57,13300,587727000
11/14/2013,ProShares UltraPro S&P500,UPRO,43.62,42.925,1.61910,0.695,13300,580146000
11/13/2013,ProShares UltraPro S&P500,UPRO,42.925,41.935,2.36080,0.99,13300,570902500
11/12/2013,ProShares UltraPro S&P500,UPRO,41.935,42.19,-0.60441,-0.255,13300,557735500
11/11/2013,ProShares UltraPro S&P500,UPRO,42.19,42.175,0.03557,0.015,13300,561127000
11/08/2013,ProShares UltraPro S&P500,UPRO,42.175,40.55,4.00740,1.625,13300,560927500
11/07/2013,ProShares UltraPro S&P500,UPRO,40.55,42.145,-3.78455,-1.595,13300,539315000
11/06/2013,ProShares UltraPro S&P500,UPRO,42.145,41.53,1.48086,0.615,13300,560528500
11/05/2013,ProShares UltraPro S&P500,UPRO,41.53,41.92,-0.93034,-0.39,13300,552349000
11/04/2013,ProShares UltraPro S&P500,UPRO,41.92,41.435,1.17051,0.485,13300,557536000
11/01/2013,ProShares UltraPro S&P500,UPRO,41.435,41.13,0.74155,0.305,13300,551085500
10/31/2013,ProShares UltraPro S&P500,UPRO,41.13,41.57,-1.05846,-0.44,13300,547029000
10/30/2013,ProShares UltraPro S&P500,UPRO,41.57,42.2,-1.49289,-0.63,13300,552881000
10/29/2013,ProShares UltraPro S&P500,UPRO,42.2,41.51,1.66225,0.69,13300,561260000
10/28/2013,ProShares UltraPro S&P500,UPRO,41.51,41.315,0.47198,0.195,13300,552083000
10/25/2013,ProShares UltraPro S&P500,UPRO,41.315,40.815,1.22504,0.5,13300,549489500
10/24/2013,ProShares UltraPro S&P500,UPRO,40.815,40.4,1.02723,0.415,13300,542839500
10/23/2013,ProShares UltraPro S&P500,UPRO,40.4,40.95,-1.34310,-0.55,13300,537320000
10/22/2013,ProShares UltraPro S&P500,UPRO,40.95,40.295,1.62551,0.655,16800,687960000
10/21/2013,ProShares UltraPro S&P500,UPRO,40.295,40.26,0.08693,0.035,16800,676956000
10/18/2013,ProShares UltraPro S&P500,UPRO,40.26,39.5,1.92405,0.76,13300,535458000
10/17/2013,ProShares UltraPro S&P500,UPRO,39.5,38.695,2.08037,0.805,14600,576700000
10/16/2013,ProShares UltraPro S&P500,UPRO,38.695,37.16,4.13079,1.535,14600,564947000
10/15/2013,ProShares UltraPro S&P500,UPRO,37.16,38.01,-2.23625,-0.85,18600,691176000
10/14/2013,ProShares UltraPro S&P500,UPRO,38.01,37.54,1.25200,0.47,19100,725991000
10/11/2013,ProShares UltraPro S&P500,UPRO,37.54,36.845,1.88628,0.695,14100,529314000
10/10/2013,ProShares UltraPro S&P500,UPRO,36.845,34.56,6.61169,2.285,14100,519514500
10/09/2013,ProShares UltraPro S&P500,UPRO,34.56,34.5,0.17391,0.06,13600,470016000
10/08/2013,ProShares UltraPro S&P500,UPRO,34.5,35.77,-3.55046,-1.27,13600,469200000
10/07/2013,ProShares UltraPro S&P500,UPRO,35.77,36.725,-2.60041,-0.955,12600,450702000
10/04/2013,ProShares UltraPro S&P500,UPRO,36.725,35.935,2.19841,0.79,12600,462735000
10/03/2013,ProShares UltraPro S&P500,UPRO,35.935,36.92,-2.66793,-0.985,12100,434813500
10/02/2013,ProShares UltraPro S&P500,UPRO,36.92,37.05,-0.35088,-0.13,12100,446732000
10/01/2013,ProShares UltraPro S&P500,UPRO,37.05,36.195,2.36220,0.855,12100,448305000
09/30/2013,ProShares UltraPro S&P500,UPRO,36.195,36.805,-1.65738,-0.61,12100,437959500
09/27/2013,ProShares UltraPro S&P500,UPRO,36.805,37.28,-1.27414,-0.475,12100,445340500
09/26/2013,ProShares UltraPro S&P500,UPRO,37.28,36.885,1.07090,0.395,12100,451088000
09/25/2013,ProShares UltraPro S&P500,UPRO,36.885,37.21,-0.87342,-0.325,11600,427866000
09/24/2013,ProShares UltraPro S&P500,UPRO,37.21,37.475,-0.70714,-0.265,11600,431636000
09/23/2013,ProShares UltraPro S&P500,UPRO,37.475,37.975,-1.31666,-0.5,11600,434710000
09/20/2013,ProShares UltraPro S&P500,UPRO,37.975,38.855,-2.26483,-0.88,11600,440510000
09/19/2013,ProShares UltraPro S&P500,UPRO,38.855,39.07,-0.55029,-0.215,12100,470145500
09/18/2013,ProShares UltraPro S&P500,UPRO,39.07,37.7,3.63395,1.37,12800,500096000
09/17/2013,ProShares UltraPro S&P500,UPRO,37.7,37.24,1.23523,0.46,12800,482560000
09/16/2013,ProShares UltraPro S&P500,UPRO,37.24,36.59,1.77644,0.65,12800,476672000
09/13/2013,ProShares UltraPro S&P500,UPRO,36.59,36.35,0.66025,0.24,12800,468352000
09/12/2013,ProShares UltraPro S&P500,UPRO,36.35,36.63,-0.76440,-0.28,12800,465280000
09/11/2013,ProShares UltraPro S&P500,UPRO,36.63,36.29,0.93690,0.34,13200,483516000
09/10/2013,ProShares UltraPro S&P500,UPRO,36.29,35.525,2.15341,0.765,13200,479028000
09/09/2013,ProShares UltraPro S&P500,UPRO,35.525,34.5,2.97101,1.025,13200,468930000
09/06/2013,ProShares UltraPro S&P500,UPRO,34.5,34.44,0.17422,0.06,13200,455400000
09/05/2013,ProShares UltraPro S&P500,UPRO,34.44,34.365,0.21825,0.075,13200,454608000
09/04/2013,ProShares UltraPro S&P500,UPRO,34.365,33.51,2.55148,0.855,13200,453618000
09/03/2013,ProShares UltraPro S&P500,UPRO,33.51,33.08,1.29988,0.43,13200,442332000
08/30/2013,ProShares UltraPro S&P500,UPRO,33.08,33.41,-0.98773,-0.33,13200,436656000
08/29/2013,ProShares UltraPro S&P500,UPRO,33.41,33.215,0.58708,0.195,13300,444353000
08/28/2013,ProShares UltraPro S&P500,UPRO,33.215,32.885,1.00350,0.33,13500,448402500
08/27/2013,ProShares UltraPro S&P500,UPRO,32.885,34.55,-4.81910,-1.665,13500,443947500
08/26/2013,ProShares UltraPro S&P500,UPRO,34.55,34.98,-1.22927,-0.43,13500,466425000
08/23/2013,ProShares UltraPro S&P500,UPRO,34.98,34.58,1.15674,0.4,13500,472230000
08/22/2013,ProShares UltraPro S&P500,UPRO,34.58,33.69,2.64173,0.89,13500,466830000
08/21/2013,ProShares UltraPro S&P500,UPRO,33.69,34.305,-1.79274,-0.615,13500,454815000
08/20/2013,ProShares UltraPro S&P500,UPRO,34.305,33.855,1.32920,0.45,12800,439104000
08/19/2013,ProShares UltraPro S&P500,UPRO,33.855,34.51,-1.89800,-0.655,13000,440115000
08/16/2013,ProShares UltraPro S&P500,UPRO,34.51,34.805,-0.84758,-0.295,12800,441728000
08/15/2013,ProShares UltraPro S&P500,UPRO,34.805,36.38,-4.32930,-1.575,12800,445504000
08/14/2013,ProShares UltraPro S&P500,UPRO,36.38,36.97,-1.59589,-0.59,12800,465664000
08/13/2013,ProShares UltraPro S&P500,UPRO,36.97,36.615,0.96955,0.355,12800,473216000
08/12/2013,ProShares UltraPro S&P500,UPRO,36.615,36.745,-0.35379,-0.13,13000,475995000
08/09/2013,ProShares UltraPro S&P500,UPRO,36.745,37.1,-0.95687,-0.355,13000,477685000
08/08/2013,ProShares UltraPro S&P500,UPRO,37.1,36.675,1.15883,0.425,13400,497140000
08/07/2013,ProShares UltraPro S&P500,UPRO,36.675,37.05,-1.01215,-0.375,13400,491445000
08/06/2013,ProShares UltraPro S&P500,UPRO,37.05,37.73,-1.80228,-0.68,13400,496470000
08/05/2013,ProShares UltraPro S&P500,UPRO,37.73,37.86,-0.34337,-0.13,13400,505582000
08/02/2013,ProShares UltraPro S&P500,UPRO,37.86,37.67,0.50438,0.19,13400,507324000
08/01/2013,ProShares UltraPro S&P500,UPRO,37.67,36.34,3.65988,1.33,14000,527380000
07/31/2013,ProShares UltraPro S&P500,UPRO,36.34,36.32,0.05507,0.02,14200,516028000
07/30/2013,ProShares UltraPro S&P500,UPRO,36.32,36.28,0.11025,0.04,14300,519376000
07/29/2013,ProShares UltraPro S&P500,UPRO,36.28,36.675,-1.07703,-0.395,14300,518804000
07/26/2013,ProShares UltraPro S&P500,UPRO,36.675,36.57,0.28712,0.105,14300,524452500
07/25/2013,ProShares UltraPro S&P500,UPRO,36.57,36.31,0.71606,0.26,13700,501009000
07/24/2013,ProShares UltraPro S&P500,UPRO,36.31,36.72,-1.11656,-0.41,13700,497447000
07/23/2013,ProShares UltraPro S&P500,UPRO,36.72,36.935,-0.58210,-0.215,13700,503064000
07/22/2013,ProShares UltraPro S&P500,UPRO,36.935,36.74,0.53076,0.195,13600,502316000
07/19/2013,ProShares UltraPro S&P500,UPRO,36.74,36.54,0.54735,0.2,13600,499664000
07/18/2013,ProShares UltraPro S&P500,UPRO,36.54,35.965,1.59878,0.575,14100,515214000
07/17/2013,ProShares UltraPro S&P500,UPRO,35.965,35.67,0.82703,0.295,14100,507106500
07/16/2013,ProShares UltraPro S&P500,UPRO,35.67,36.1,-1.19114,-0.43,14100,502947000
07/15/2013,ProShares UltraPro S&P500,UPRO,36.1,35.795,0.85207,0.305,14000,505400000
07/12/2013,ProShares UltraPro S&P500,UPRO,35.795,35.64,0.43490,0.155,14000,501130000
07/11/2013,ProShares UltraPro S&P500,UPRO,35.64,34.225,4.13440,1.415,14000,498960000
07/10/2013,ProShares UltraPro S&P500,UPRO,34.225,34.175,0.14631,0.05,14000,479150000
07/09/2013,ProShares UltraPro S&P500,UPRO,34.175,33.465,2.12162,0.71,14000,478450000
07/08/2013,ProShares UltraPro S&P500,UPRO,33.465,32.925,1.64009,0.54,14000,468510000
07/05/2013,ProShares UltraPro S&P500,UPRO,32.925,31.91,3.18082,1.015,14000,460950000
07/03/2013,ProShares UltraPro S&P500,UPRO,31.91,31.835,0.23559,0.075,14000,446740000
07/02/2013,ProShares UltraPro S&P500,UPRO,31.835,31.93,-0.29753,-0.095,14000,445690000
07/01/2013,ProShares UltraPro S&P500,UPRO,31.93,31.26,2.14331,0.67,14000,447020000
06/28/2013,ProShares UltraPro S&P500,UPRO,31.26,31.805,-1.71357,-0.545,14000,437640000
06/27/2013,ProShares UltraPro S&P500,UPRO,31.805,31.23,1.84118,0.575,14000,445270000
06/26/2013,ProShares UltraPro S&P500,UPRO,31.23,30.365,2.84867,0.865,13600,424728000
06/25/2013,ProShares UltraPro S&P500,UPRO,30.365,29.47,3.03699,0.895,13600,412964000
06/24/2013,ProShares UltraPro S&P500,UPRO,29.47,30.63,-3.78714,-1.16,13600,400792000
06/21/2013,ProShares UltraPro S&P500,UPRO,30.63,30.33,0.98912,0.3,12800,392064000
06/20/2013,ProShares UltraPro S&P500,UPRO,30.33,32.845,-7.65718,-2.515,13100,397323000
06/19/2013,ProShares UltraPro S&P500,UPRO,32.845,34.225,-4.03214,-1.38,12400,407278000
06/18/2013,ProShares UltraPro S&P500,UPRO,34.225,33.47,2.25575,0.755,12400,424390000
06/17/2013,ProShares UltraPro S&P500,UPRO,33.47,32.7,2.35474,0.77,12400,415028000
06/14/2013,ProShares UltraPro S&P500,UPRO,32.7,33.32,-1.86074,-0.62,12400,405480000
06/13/2013,ProShares UltraPro S&P500,UPRO,33.32,31.875,4.53333,1.445,12400,413168000
06/12/2013,ProShares UltraPro S&P500,UPRO,31.875,32.69,-2.49312,-0.815,12400,395250000
06/11/2013,ProShares UltraPro S&P500,UPRO,32.69,33.72,-3.05457,-1.03,12400,405356000
06/10/2013,ProShares UltraPro S&P500,UPRO,33.72,33.74,-0.05928,-0.02,12400,418128000
06/07/2013,ProShares UltraPro S&P500,UPRO,33.74,32.4675,3.91930,1.2725,12400,418376000
06/06/2013,ProShares UltraPro S&P500,UPRO,32.4675,31.63,2.64780,0.8375,12400,402597000
06/05/2013,ProShares UltraPro S&P500,UPRO,31.63,33.02,-4.20957,-1.39,12400,392212000
06/04/2013,ProShares UltraPro S&P500,UPRO,33.02,33.55,-1.57973,-0.53,12400,409448000
06/03/2013,ProShares UltraPro S&P500,UPRO,33.55,32.9125,1.93695,0.6375,12400,416020000
05/31/2013,ProShares UltraPro S&P500,UPRO,32.9125,34.4775,-4.53919,-1.565,10800,355455000
05/30/2013,ProShares UltraPro S&P500,UPRO,34.4775,34.08,1.16637,0.3975,10800,372357000
05/29/2013,ProShares UltraPro S&P500,UPRO,34.08,34.7775,-2.00561,-0.6975,10800,368064000
05/28/2013,ProShares UltraPro S&P500,UPRO,34.7775,34.155,1.82257,0.6225,10800,375597000
05/24/2013,ProShares UltraPro S&P500,UPRO,34.155,34.225,-0.20453,-0.07,10600,362043000
05/23/2013,ProShares UltraPro S&P500,UPRO,34.225,34.515,-0.84021,-0.29,10600,362785000
05/22/2013,ProShares UltraPro S&P500,UPRO,34.515,35.33,-2.30682,-0.815,10600,365859000
05/21/2013,ProShares UltraPro S&P500,UPRO,35.33,35.1925,0.39071,0.1375,10600,374498000
05/20/2013,ProShares UltraPro S&P500,UPRO,35.1925,35.23,-0.10644,-0.0375,10600,373040500
05/17/2013,ProShares UltraPro S&P500,UPRO,35.23,34.2,3.01170,1.03,10600,373438000
05/16/2013,ProShares UltraPro S&P500,UPRO,34.2,34.71,-1.46932,-0.51,10600,362520000
05/15/2013,ProShares UltraPro S&P500,UPRO,34.71,34.1675,1.58777,0.5425,10600,367926000
05/14/2013,ProShares UltraPro S&P500,UPRO,34.1675,33.125,3.14717,1.0425,10600,362175500
05/13/2013,ProShares UltraPro S&P500,UPRO,33.125,33.0775,0.14360,0.0475,10600,351125000
05/10/2013,ProShares UltraPro S&P500,UPRO,33.0775,32.73,1.06172,0.3475,10600,350621500
05/09/2013,ProShares UltraPro S&P500,UPRO,32.73,33.0125,-0.85574,-0.2825,10600,346938000
05/08/2013,ProShares UltraPro S&P500,UPRO,33.0125,32.58,1.32750,0.4325,10600,349932500
05/07/2013,ProShares UltraPro S&P500,UPRO,32.58,32.0775,1.56652,0.5025,10600,345348000
05/06/2013,ProShares UltraPro S&P500,UPRO,32.0775,31.845,0.73010,0.2325,10600,340021500
05/03/2013,ProShares UltraPro S&P500,UPRO,31.845,30.89,3.09162,0.955,10600,337557000
05/02/2013,ProShares UltraPro S&P500,UPRO,30.89,30.07,2.72697,0.82,11200,345968000
05/01/2013,ProShares UltraPro S&P500,UPRO,30.07,30.8925,-2.66246,-0.8225,11200,336784000
04/30/2013,ProShares UltraPro S&P500,UPRO,30.8925,30.67,0.72546,0.2225,11200,345996000
04/29/2013,ProShares UltraPro S&P500,UPRO,30.67,30.055,2.04625,0.615,11200,343504000
04/26/2013,ProShares UltraPro S&P500,UPRO,30.055,30.24,-0.61177,-0.185,11200,336616000
04/25/2013,ProShares UltraPro S&P500,UPRO,30.24,29.855,1.28957,0.385,11200,338688000
04/24/2013,ProShares UltraPro S&P500,UPRO,29.855,29.82,0.11737,0.035,11200,334376000
04/23/2013,ProShares UltraPro S&P500,UPRO,29.82,28.925,3.09421,0.895,11200,333984000
04/22/2013,ProShares UltraPro S&P500,UPRO,28.925,28.5275,1.39339,0.3975,11200,323960000
04/19/2013,ProShares UltraPro S&P500,UPRO,28.5275,27.8,2.61691,0.7275,11200,319508000
04/18/2013,ProShares UltraPro S&P500,UPRO,27.8,28.325,-1.85349,-0.525,12000,333600000
04/17/2013,ProShares UltraPro S&P500,UPRO,28.325,29.6475,-4.46075,-1.3225,12000,339900000
04/16/2013,ProShares UltraPro S&P500,UPRO,29.6475,28.415,4.33750,1.2325,11200,332052000
04/15/2013,ProShares UltraPro S&P500,UPRO,28.415,30.5125,-6.87423,-2.0975,10000,284150000
04/12/2013,ProShares UltraPro S&P500,UPRO,30.5125,30.77,-0.83685,-0.2575,9800,299022500
04/11/2013,ProShares UltraPro S&P500,UPRO,30.77,30.4675,0.99286,0.3025,9800,301546000
04/10/2013,ProShares UltraPro S&P500,UPRO,30.4675,29.37,3.73681,1.0975,9800,298581500
04/09/2013,ProShares UltraPro S&P500,UPRO,29.37,29.0675,1.04068,0.3025,11200,328944000
04/08/2013,ProShares UltraPro S&P500,UPRO,29.0675,28.5025,1.98228,0.565,11200,325556000
04/05/2013,ProShares UltraPro S&P500,UPRO,28.5025,28.8775,-1.29859,-0.375,11200,319228000
04/04/2013,ProShares UltraPro S&P500,UPRO,28.8775,28.5075,1.29790,0.37,11200,323428000
04/03/2013,ProShares UltraPro S&P500,UPRO,28.5075,29.44,-3.16746,-0.9325,11800,336388500
04/02/2013,ProShares UltraPro S&P500,UPRO,29.44,29.0025,1.50849,0.4375,11800,347392000
04/01/2013,ProShares UltraPro S&P500,UPRO,29.0025,29.33,-1.11660,-0.3275,11800,342229500
03/28/2013,ProShares UltraPro S&P500,UPRO,29.33,29.06,0.92911,0.27,11800,346094000
03/27/2013,ProShares UltraPro S&P500,UPRO,29.06,29.0775,-0.06018,-0.0175,11800,342908000
03/26/2013,ProShares UltraPro S&P500,UPRO,29.0775,28.445,2.22359,0.6325,11800,343114500
03/25/2013,ProShares UltraPro S&P500,UPRO,28.445,28.74,-1.02644,-0.295,11800,335651000
03/22/2013,ProShares UltraPro S&P500,UPRO,28.74,28.085,2.33221,0.655,11400,327636000
03/21/2013,ProShares UltraPro S&P500,UPRO,28.085,28.8025,-2.49110,-0.7175,11400,320169000
03/20/2013,ProShares UltraPro S&P500,UPRO,28.8025,28.245,1.97380,0.5575,11400,328348500
03/19/2013,ProShares UltraPro S&P500,UPRO,28.245,28.445,-0.70311,-0.2,11400,321993000
03/18/2013,ProShares UltraPro S&P500,UPRO,28.445,28.945,-1.72741,-0.5,11400,324273000
03/15/2013,ProShares UltraPro S&P500,UPRO,28.945,29.055,-0.37859,-0.11,11400,329973000
03/14/2013,ProShares UltraPro S&P500,UPRO,29.055,28.5725,1.68869,0.4825,11400,331227000
03/13/2013,ProShares UltraPro S&P500,UPRO,28.5725,28.455,0.41293,0.1175,11200,320012000
03/12/2013,ProShares UltraPro S&P500,UPRO,28.455,28.665,-0.73260,-0.21,11200,318696000
03/11/2013,ProShares UltraPro S&P500,UPRO,28.665,28.36,1.07546,0.305,10600,303849000
03/08/2013,ProShares UltraPro S&P500,UPRO,28.36,28.0075,1.25859,0.3525,10600,300616000
03/07/2013,ProShares UltraPro S&P500,UPRO,28.0075,27.8425,0.59262,0.165,10200,285676500
03/06/2013,ProShares UltraPro S&P500,UPRO,27.8425,27.73,0.40570,0.1125,10200,283993500
03/05/2013,ProShares UltraPro S&P500,UPRO,27.73,26.9825,2.77031,0.7475,10200,282846000
03/04/2013,ProShares UltraPro S&P500,UPRO,26.9825,26.585,1.49520,0.3975,11400,307600500
03/01/2013,ProShares UltraPro S&P500,UPRO,26.585,26.3325,0.95889,0.2525,11400,303069000
02/28/2013,ProShares UltraPro S&P500,UPRO,26.3325,26.4775,-0.54763,-0.145,11400,300190500
02/27/2013,ProShares UltraPro S&P500,UPRO,26.4775,25.505,3.81298,0.9725,11400,301843500
02/26/2013,ProShares UltraPro S&P500,UPRO,25.505,25.0125,1.96902,0.4925,11400,290757000
02/25/2013,ProShares UltraPro S&P500,UPRO,25.0125,26.5,-5.61321,-1.4875,11400,285142500
02/22/2013,ProShares UltraPro S&P500,UPRO,26.5,25.765,2.85271,0.735,11400,302100000
02/21/2013,ProShares UltraPro S&P500,UPRO,25.765,26.2275,-1.76342,-0.4625,11400,293721000
02/20/2013,ProShares UltraPro S&P500,UPRO,26.2275,27.255,-3.76995,-1.0275,11400,298993500
02/19/2013,ProShares UltraPro S&P500,UPRO,27.255,26.6925,2.10733,0.5625,11400,310707000
02/15/2013,ProShares UltraPro S&P500,UPRO,26.6925,26.77,-0.28950,-0.0775,11800,314971500
02/14/2013,ProShares UltraPro S&P500,UPRO,26.77,26.695,0.28095,0.075,11800,315886000
02/13/2013,ProShares UltraPro S&P500,UPRO,26.695,26.615,0.30058,0.08,11800,315001000
02/12/2013,ProShares UltraPro S&P500,UPRO,26.615,26.4925,0.46240,0.1225,11800,314057000
02/11/2013,ProShares UltraPro S&P500,UPRO,26.4925,26.52,-0.10370,-0.0275,11800,312611500
02/08/2013,ProShares UltraPro S&P500,UPRO,26.52,26.085,1.66763,0.435,11800,312936000
02/07/2013,ProShares UltraPro S&P500,UPRO,26.085,26.1975,-0.42943,-0.1125,11800,307803000
02/06/2013,ProShares UltraPro S&P500,UPRO,26.1975,26.1475,0.19122,0.05,11800,309130500
02/05/2013,ProShares UltraPro S&P500,UPRO,26.1475,25.355,3.12562,0.7925,11800,308540500
02/04/2013,ProShares UltraPro S&P500,UPRO,25.355,26.2675,-3.47387,-0.9125,11800,299189000
02/01/2013,ProShares UltraPro S&P500,UPRO,26.2675,25.4775,3.10078,0.79,11800,309956500
01/31/2013,ProShares UltraPro S&P500,UPRO,25.4775,25.6725,-0.75957,-0.195,11800,300634500
01/30/2013,ProShares UltraPro S&P500,UPRO,25.6725,25.9675,-1.13604,-0.295,11800,302935500
01/29/2013,ProShares UltraPro S&P500,UPRO,25.9675,25.6325,1.30693,0.335,11800,306416500
01/28/2013,ProShares UltraPro S&P500,UPRO,25.6325,25.745,-0.43698,-0.1125,11800,302463500
01/25/2013,ProShares UltraPro S&P500,UPRO,25.745,25.3275,1.64841,0.4175,11800,303791000
01/24/2013,ProShares UltraPro S&P500,UPRO,25.3275,25.3125,0.05926,0.015,12400,314061000
01/23/2013,ProShares UltraPro S&P500,UPRO,25.3125,25.185,0.50625,0.1275,12400,313875000
01/22/2013,ProShares UltraPro S&P500,UPRO,25.185,24.82,1.47059,0.365,15000,377775000
01/18/2013,ProShares UltraPro S&P500,UPRO,24.82,24.615,0.83283,0.205,15000,372300000
01/17/2013,ProShares UltraPro S&P500,UPRO,24.615,24.18,1.79901,0.435,15200,374148000
01/16/2013,ProShares UltraPro S&P500,UPRO,24.18,24.1775,0.01034,0.0025,15200,367536000
01/15/2013,ProShares UltraPro S&P500,UPRO,24.1775,24.1175,0.24878,0.06,15200,367498000
01/14/2013,ProShares UltraPro S&P500,UPRO,24.1175,24.18,-0.25848,-0.0625,15200,366586000
01/11/2013,ProShares UltraPro S&P500,UPRO,24.18,24.1775,0.01034,0.0025,15200,367536000
01/10/2013,ProShares UltraPro S&P500,UPRO,24.1775,23.6475,2.24125,0.53,16200,391675500
01/09/2013,ProShares UltraPro S&P500,UPRO,23.6475,23.44,0.88524,0.2075,16200,383089500
01/08/2013,ProShares UltraPro S&P500,UPRO,23.44,23.64,-0.84602,-0.2,16200,379728000
01/07/2013,ProShares UltraPro S&P500,UPRO,23.64,23.885,-1.02575,-0.245,16400,387696000
01/04/2013,ProShares UltraPro S&P500,UPRO,23.885,23.5425,1.45482,0.3425,16400,391714000
01/03/2013,ProShares UltraPro S&P500,UPRO,23.5425,23.72,-0.74831,-0.1775,17400,409639500
01/02/2013,ProShares UltraPro S&P500,UPRO,23.72,22.0375,7.63471,1.6825,18800,445936000
12/31/2012,ProShares UltraPro S&P500,UPRO,22.0375,20.915,5.36696,1.1225,18800,414305000
12/28/2012,ProShares UltraPro S&P500,UPRO,20.915,21.6675,-3.47294,-0.7525,16600,347189000
12/27/2012,ProShares UltraPro S&P500,UPRO,21.6675,21.7275,-0.27615,-0.06,17200,372681000
12/26/2012,ProShares UltraPro S&P500,UPRO,21.7275,22.045,-1.44024,-0.3175,17200,373713000
12/24/2012,ProShares UltraPro S&P500,UPRO,22.045,22.2075,-0.73173,-0.1625,17200,379174000
12/21/2012,ProShares UltraPro S&P500,UPRO,22.2075,22.8475,-2.80118,-0.64,17200,381969000
12/20/2012,ProShares UltraPro S&P500,UPRO,22.8475,22.47,1.68002,0.3775,17200,392977000
12/19/2012,ProShares UltraPro S&P500,UPRO,22.47,22.9875,-2.25122,-0.5175,16600,373002000
12/18/2012,ProShares UltraPro S&P500,UPRO,22.9875,22.2225,3.44246,0.765,16600,381592500
12/17/2012,ProShares UltraPro S&P500,UPRO,22.2225,21.455,3.57725,0.7675,16200,360004500
12/14/2012,ProShares UltraPro S&P500,UPRO,21.455,21.725,-1.24281,-0.27,16000,343280000
12/13/2012,ProShares UltraPro S&P500,UPRO,21.725,22.125,-1.80791,-0.4,16400,356290000
12/12/2012,ProShares UltraPro S&P500,UPRO,22.125,22.0825,0.19246,0.0425,16400,362850000
12/11/2012,ProShares UltraPro S&P500,UPRO,22.0825,21.6575,1.96237,0.425,16400,362153000
12/10/2012,ProShares UltraPro S&P500,UPRO,21.6575,21.6325,0.11557,0.025,16400,355183000
12/07/2012,ProShares UltraPro S&P500,UPRO,21.6325,21.44,0.89785,0.1925,16400,354773000
12/06/2012,ProShares UltraPro S&P500,UPRO,21.44,21.215,1.06057,0.225,16400,351616000
12/05/2012,ProShares UltraPro S&P500,UPRO,21.215,21.0975,0.55694,0.1175,16400,347926000
12/04/2012,ProShares UltraPro S&P500,UPRO,21.0975,21.2075,-0.51868,-0.11,16400,345999000
12/03/2012,ProShares UltraPro S&P500,UPRO,21.2075,21.51,-1.40632,-0.3025,16400,347803000
11/30/2012,ProShares UltraPro S&P500,UPRO,21.51,21.5075,0.01162,0.0025,16400,352764000
11/29/2012,ProShares UltraPro S&P500,UPRO,21.5075,21.2225,1.34291,0.285,16400,352723000
11/28/2012,ProShares UltraPro S&P500,UPRO,21.2225,20.72,2.42519,0.5025,16400,348049000
11/27/2012,ProShares UltraPro S&P500,UPRO,20.72,21.045,-1.54431,-0.325,17600,364672000
11/26/2012,ProShares UltraPro S&P500,UPRO,21.045,21.1725,-0.60220,-0.1275,17600,370392000
11/23/2012,ProShares UltraPro S&P500,UPRO,21.1725,20.37,3.93962,0.8025,17600,372636000
11/21/2012,ProShares UltraPro S&P500,UPRO,20.37,20.23,0.69204,0.14,17600,358512000
11/20/2012,ProShares UltraPro S&P500,UPRO,20.23,20.185,0.22294,0.045,17600,356048000
11/19/2012,ProShares UltraPro S&P500,UPRO,20.185,19.0475,5.97191,1.1375,17400,351219000
11/16/2012,ProShares UltraPro S&P500,UPRO,19.0475,18.77,1.47842,0.2775,16400,312379000
11/15/2012,ProShares UltraPro S&P500,UPRO,18.77,18.86,-0.47720,-0.09,16400,307828000
11/14/2012,ProShares UltraPro S&P500,UPRO,18.86,19.6575,-4.05698,-0.7975,16400,309304000
11/13/2012,ProShares UltraPro S&P500,UPRO,19.6575,19.875,-1.09434,-0.2175,15200,298794000
11/12/2012,ProShares UltraPro S&P500,UPRO,19.875,19.865,0.05034,0.01,15200,302100000
11/09/2012,ProShares UltraPro S&P500,UPRO,19.865,19.7675,0.49323,0.0975,15200,301948000
11/08/2012,ProShares UltraPro S&P500,UPRO,19.7675,20.5175,-3.65542,-0.75,15200,300466000
11/07/2012,ProShares UltraPro S&P500,UPRO,20.5175,22.0275,-6.85507,-1.51,14200,291348500
11/06/2012,ProShares UltraPro S&P500,UPRO,22.0275,21.525,2.33449,0.5025,14200,312790500
11/05/2012,ProShares UltraPro S&P500,UPRO,21.525,21.38,0.67820,0.145,14200,305655000
11/02/2012,ProShares UltraPro S&P500,UPRO,21.38,21.9975,-2.80714,-0.6175,14200,303596000
11/01/2012,ProShares UltraPro S&P500,UPRO,21.9975,21.2925,3.31103,0.705,14200,312364500
10/31/2012,ProShares UltraPro S&P500,UPRO,21.2925,21.2825,0.04699,0.01,14200,302353500
10/26/2012,ProShares UltraPro S&P500,UPRO,21.2825,21.3325,-0.23438,-0.05,14200,302211500
10/25/2012,ProShares UltraPro S&P500,UPRO,21.3325,21.1425,0.89866,0.19,14200,302921500
10/24/2012,ProShares UltraPro S&P500,UPRO,21.1425,21.3375,-0.91388,-0.195,13400,283309500
10/23/2012,ProShares UltraPro S&P500,UPRO,21.3375,22.305,-4.33759,-0.9675,13400,285922500
10/22/2012,ProShares UltraPro S&P500,UPRO,22.305,22.2775,0.12344,0.0275,12400,276582000
10/19/2012,ProShares UltraPro S&P500,UPRO,22.2775,23.45,-5.00000,-1.1725,12400,276241000
10/18/2012,ProShares UltraPro S&P500,UPRO,23.45,23.62,-0.71973,-0.17,13600,318920000
10/17/2012,ProShares UltraPro S&P500,UPRO,23.62,23.325,1.26474,0.295,13600,321232000
10/16/2012,ProShares UltraPro S&P500,UPRO,23.325,22.6275,3.08253,0.6975,13600,317220000
10/15/2012,ProShares UltraPro S&P500,UPRO,22.6275,22.0925,2.42164,0.535,13600,307734000
10/12/2012,ProShares UltraPro S&P500,UPRO,22.0925,22.295,-0.90828,-0.2025,13000,287202500
10/11/2012,ProShares UltraPro S&P500,UPRO,22.295,22.2725,0.10102,0.0225,13000,289835000
10/10/2012,ProShares UltraPro S&P500,UPRO,22.2725,22.69,-1.84002,-0.4175,13000,289542500
10/09/2012,ProShares UltraPro S&P500,UPRO,22.69,23.3825,-2.96162,-0.6925,13000,294970000
10/08/2012,ProShares UltraPro S&P500,UPRO,23.3825,23.63,-1.04740,-0.2475,13000,303972500
10/05/2012,ProShares UltraPro S&P500,UPRO,23.63,23.6325,-0.01058,-0.0025,13000,307190000
10/04/2012,ProShares UltraPro S&P500,UPRO,23.6325,23.13,2.17250,0.5025,13200,311949000
10/03/2012,ProShares UltraPro S&P500,UPRO,23.13,22.8675,1.14792,0.2625,13200,305316000
10/02/2012,ProShares UltraPro S&P500,UPRO,22.8675,22.8025,0.28506,0.065,13200,301851000
10/01/2012,ProShares UltraPro S&P500,UPRO,22.8025,22.62,0.80681,0.1825,13200,300993000
09/28/2012,ProShares UltraPro S&P500,UPRO,22.62,22.935,-1.37345,-0.315,13200,298584000
09/27/2012,ProShares UltraPro S&P500,UPRO,22.935,22.2875,2.90522,0.6475,13400,307329000
09/26/2012,ProShares UltraPro S&P500,UPRO,22.2875,22.6675,-1.67641,-0.38,13400,298652500
09/25/2012,ProShares UltraPro S&P500,UPRO,22.6675,23.395,-3.10964,-0.7275,13400,303744500
09/24/2012,ProShares UltraPro S&P500,UPRO,23.395,23.55,-0.65817,-0.155,13200,308814000
09/21/2012,ProShares UltraPro S&P500,UPRO,23.55,23.5625,-0.05305,-0.0125,13200,310860000
09/20/2012,ProShares UltraPro S&P500,UPRO,23.5625,23.59,-0.11657,-0.0275,12800,301600000
09/19/2012,ProShares UltraPro S&P500,UPRO,23.59,23.51,0.34028,0.08,12800,301952000
09/18/2012,ProShares UltraPro S&P500,UPRO,23.51,23.5975,-0.37080,-0.0875,11200,263312000
09/17/2012,ProShares UltraPro S&P500,UPRO,23.5975,23.8175,-0.92369,-0.22,10800,254853000
09/14/2012,ProShares UltraPro S&P500,UPRO,23.8175,23.5375,1.18959,0.28,10800,257229000
09/13/2012,ProShares UltraPro S&P500,UPRO,23.5375,22.4325,4.92589,1.105,9200,216545000
09/12/2012,ProShares UltraPro S&P500,UPRO,22.4325,22.2725,0.71837,0.16,9200,206379000
09/11/2012,ProShares UltraPro S&P500,UPRO,22.2725,22.07,0.91754,0.2025,9200,204907000
09/10/2012,ProShares UltraPro S&P500,UPRO,22.07,22.48,-1.82384,-0.41,9200,203044000
09/07/2012,ProShares UltraPro S&P500,UPRO,22.48,22.2075,1.22706,0.2725,9200,206816000
09/06/2012,ProShares UltraPro S&P500,UPRO,22.2075,20.9175,6.16708,1.29,9200,204309000
09/05/2012,ProShares UltraPro S&P500,UPRO,20.9175,20.97,-0.25036,-0.0525,9200,192441000
09/04/2012,ProShares UltraPro S&P500,UPRO,20.97,21.045,-0.35638,-0.075,9200,192924000
08/31/2012,ProShares UltraPro S&P500,UPRO,21.045,20.73,1.51954,0.315,8600,180987000
08/30/2012,ProShares UltraPro S&P500,UPRO,20.73,21.2175,-2.29763,-0.4875,10000,207300000
08/29/2012,ProShares UltraPro S&P500,UPRO,21.2175,21.155,0.29544,0.0625,10000,212175000
08/28/2012,ProShares UltraPro S&P500,UPRO,21.155,21.2025,-0.22403,-0.0475,10000,211550000
08/27/2012,ProShares UltraPro S&P500,UPRO,21.2025,21.2325,-0.14129,-0.03,10000,212025000
08/24/2012,ProShares UltraPro S&P500,UPRO,21.2325,20.825,1.95678,0.4075,10000,212325000
08/23/2012,ProShares UltraPro S&P500,UPRO,20.825,21.34,-2.41331,-0.515,10000,208250000
08/22/2012,ProShares UltraPro S&P500,UPRO,21.34,21.325,0.07034,0.015,10000,213400000
08/21/2012,ProShares UltraPro S&P500,UPRO,21.325,21.5475,-1.03260,-0.2225,10000,213250000
08/20/2012,ProShares UltraPro S&P500,UPRO,21.5475,21.55,-0.01160,-0.0025,9800,211165500
08/17/2012,ProShares UltraPro S&P500,UPRO,21.55,21.4325,0.54823,0.1175,9800,211190000
08/16/2012,ProShares UltraPro S&P500,UPRO,21.4325,20.98,2.15682,0.4525,9800,210038500
08/15/2012,ProShares UltraPro S&P500,UPRO,20.98,20.89,0.43083,0.09,9800,205604000
08/14/2012,ProShares UltraPro S&P500,UPRO,20.89,20.89,0.00000,0,9800,204722000
08/13/2012,ProShares UltraPro S&P500,UPRO,20.89,20.955,-0.31019,-0.065,9800,204722000
08/10/2012,ProShares UltraPro S&P500,UPRO,20.955,20.8175,0.66050,0.1375,9800,205359000
08/09/2012,ProShares UltraPro S&P500,UPRO,20.8175,20.7675,0.24076,0.05,9600,199848000
08/08/2012,ProShares UltraPro S&P500,UPRO,20.7675,20.71,0.27764,0.0575,9600,199368000
08/07/2012,ProShares UltraPro S&P500,UPRO,20.71,20.3975,1.53205,0.3125,9600,198816000
08/06/2012,ProShares UltraPro S&P500,UPRO,20.3975,20.2575,0.69110,0.14,11200,228452000
08/03/2012,ProShares UltraPro S&P500,UPRO,20.2575,19.155,5.75568,1.1025,11200,226884000
08/02/2012,ProShares UltraPro S&P500,UPRO,19.155,19.585,-2.19556,-0.43,11200,214536000
08/01/2012,ProShares UltraPro S&P500,UPRO,19.585,19.7525,-0.84799,-0.1675,11200,219352000
07/31/2012,ProShares UltraPro S&P500,UPRO,19.7525,20.02,-1.33616,-0.2675,12800,252832000
07/30/2012,ProShares UltraPro S&P500,UPRO,20.02,20.0475,-0.13717,-0.0275,12800,256256000
07/27/2012,ProShares UltraPro S&P500,UPRO,20.0475,18.96,5.73576,1.0875,12800,256608000
07/26/2012,ProShares UltraPro S&P500,UPRO,18.96,18.0625,4.96886,0.8975,12800,242688000
07/25/2012,ProShares UltraPro S&P500,UPRO,18.0625,18.08,-0.09679,-0.0175,12800,231200000
07/24/2012,ProShares UltraPro S&P500,UPRO,18.08,18.5825,-2.70416,-0.5025,12800,231424000
07/23/2012,ProShares UltraPro S&P500,UPRO,18.5825,19.1025,-2.72216,-0.52,12200,226706500
07/20/2012,ProShares UltraPro S&P500,UPRO,19.1025,19.69,-2.98375,-0.5875,12200,233050500
07/19/2012,ProShares UltraPro S&P500,UPRO,19.69,19.5275,0.83216,0.1625,14200,279598000
07/18/2012,ProShares UltraPro S&P500,UPRO,19.5275,19.135,2.05122,0.3925,14200,277290500
07/17/2012,ProShares UltraPro S&P500,UPRO,19.135,18.72,2.21688,0.415,14200,271717000
07/16/2012,ProShares UltraPro S&P500,UPRO,18.72,18.85,-0.68966,-0.13,14200,265824000
07/13/2012,ProShares UltraPro S&P500,UPRO,18.85,17.965,4.92625,0.885,14200,267670000
07/12/2012,ProShares UltraPro S&P500,UPRO,17.965,18.2375,-1.49417,-0.2725,14200,255103000
07/11/2012,ProShares UltraPro S&P500,UPRO,18.2375,18.2325,0.02742,0.005,14200,258972500
07/10/2012,ProShares UltraPro S&P500,UPRO,18.2325,18.69,-2.44783,-0.4575,13200,240669000
07/09/2012,ProShares UltraPro S&P500,UPRO,18.69,18.7825,-0.49248,-0.0925,13200,246708000
07/06/2012,ProShares UltraPro S&P500,UPRO,18.7825,19.315,-2.75692,-0.5325,13200,247929000
07/05/2012,ProShares UltraPro S&P500,UPRO,19.315,19.5875,-1.39119,-0.2725,14600,281999000
07/03/2012,ProShares UltraPro S&P500,UPRO,19.5875,19.2125,1.95185,0.375,14600,285977500
07/02/2012,ProShares UltraPro S&P500,UPRO,19.2125,19.0775,0.70764,0.135,14600,280502500
06/29/2012,ProShares UltraPro S&P500,UPRO,19.0775,17.745,7.50916,1.3325,14200,270900500
06/28/2012,ProShares UltraPro S&P500,UPRO,17.745,17.86,-0.64390,-0.115,14200,251979000
06/27/2012,ProShares UltraPro S&P500,UPRO,17.86,17.38,2.76180,0.48,14200,253612000
06/26/2012,ProShares UltraPro S&P500,UPRO,17.38,17.135,1.42982,0.245,13600,236368000
06/25/2012,ProShares UltraPro S&P500,UPRO,17.135,17.995,-4.77911,-0.86,13600,233036000
06/22/2012,ProShares UltraPro S&P500,UPRO,17.995,17.615,2.15725,0.38,12600,226737000
06/21/2012,ProShares UltraPro S&P500,UPRO,17.615,18.87,-6.65077,-1.255,12600,221949000
06/20/2012,ProShares UltraPro S&P500,UPRO,18.87,18.97,-0.52715,-0.1,12600,237762000
06/19/2012,ProShares UltraPro S&P500,UPRO,18.97,18.4275,2.94397,0.5425,14000,265580000
06/18/2012,ProShares UltraPro S&P500,UPRO,18.4275,18.345,0.44971,0.0825,14000,257985000
06/15/2012,ProShares UltraPro S&P500,UPRO,18.345,17.7975,3.07627,0.5475,14000,256830000
06/14/2012,ProShares UltraPro S&P500,UPRO,17.7975,17.2375,3.24873,0.56,15400,274081500
06/13/2012,ProShares UltraPro S&P500,UPRO,17.2375,17.59,-2.00398,-0.3525,15400,265457500
06/12/2012,ProShares UltraPro S&P500,UPRO,17.59,17,3.47059,0.59,15400,270886000
06/11/2012,ProShares UltraPro S&P500,UPRO,17,17.665,-3.76451,-0.665,15400,261800000
06/08/2012,ProShares UltraPro S&P500,UPRO,17.665,17.245,2.43549,0.42,15400,272041000
06/07/2012,ProShares UltraPro S&P500,UPRO,17.245,17.25,-0.02899,-0.005,15400,265573000
06/06/2012,ProShares UltraPro S&P500,UPRO,17.25,16.12,7.00993,1.13,15400,265650000
06/05/2012,ProShares UltraPro S&P500,UPRO,16.12,15.845,1.73556,0.275,16800,270816000
06/04/2012,ProShares UltraPro S&P500,UPRO,15.845,15.8425,0.01578,0.0025,16200,256689000
06/01/2012,ProShares UltraPro S&P500,UPRO,15.8425,17.1075,-7.39442,-1.265,17200,272491000
05/31/2012,ProShares UltraPro S&P500,UPRO,17.1075,17.22,-0.65331,-0.1125,16000,273720000
05/30/2012,ProShares UltraPro S&P500,UPRO,17.22,17.9825,-4.24023,-0.7625,15600,268632000
05/29/2012,ProShares UltraPro S&P500,UPRO,17.9825,17.395,3.37741,0.5875,15600,280527000
05/25/2012,ProShares UltraPro S&P500,UPRO,17.395,17.5125,-0.67095,-0.1175,15600,271362000
05/24/2012,ProShares UltraPro S&P500,UPRO,17.5125,17.4325,0.45891,0.08,15600,273195000
05/23/2012,ProShares UltraPro S&P500,UPRO,17.4325,17.345,0.50447,0.0875,15200,264974000
05/22/2012,ProShares UltraPro S&P500,UPRO,17.345,17.3175,0.15880,0.0275,16800,291396000
05/21/2012,ProShares UltraPro S&P500,UPRO,17.3175,16.525,4.79576,0.7925,15600,270153000
05/18/2012,ProShares UltraPro S&P500,UPRO,16.525,16.9,-2.21893,-0.375,15000,247875000
05/17/2012,ProShares UltraPro S&P500,UPRO,16.9,17.695,-4.49279,-0.795,15400,260260000
05/16/2012,ProShares UltraPro S&P500,UPRO,17.695,17.9125,-1.21424,-0.2175,14400,254808000
05/15/2012,ProShares UltraPro S&P500,UPRO,17.9125,18.22,-1.68771,-0.3075,14400,257940000
05/14/2012,ProShares UltraPro S&P500,UPRO,18.22,18.8425,-3.30370,-0.6225,13400,244148000
05/11/2012,ProShares UltraPro S&P500,UPRO,18.8425,19.03,-0.98529,-0.1875,13000,244952500
05/10/2012,ProShares UltraPro S&P500,UPRO,19.03,18.8725,0.83455,0.1575,13000,247390000
05/09/2012,ProShares UltraPro S&P500,UPRO,18.8725,19.245,-1.93557,-0.3725,13400,252891500
05/08/2012,ProShares UltraPro S&P500,UPRO,19.245,19.4875,-1.24439,-0.2425,12800,246336000
05/07/2012,ProShares UltraPro S&P500,UPRO,19.4875,19.4675,0.10274,0.02,12800,249440000
05/04/2012,ProShares UltraPro S&P500,UPRO,19.4675,20.46,-4.85093,-0.9925,12400,241397000
05/03/2012,ProShares UltraPro S&P500,UPRO,20.46,20.93,-2.24558,-0.47,11800,241428000
05/02/2012,ProShares UltraPro S&P500,UPRO,20.93,21.0875,-0.74689,-0.1575,12800,267904000
05/01/2012,ProShares UltraPro S&P500,UPRO,21.0875,20.73,1.72455,0.3575,12800,269920000
04/30/2012,ProShares UltraPro S&P500,UPRO,20.73,20.9775,-1.17984,-0.2475,12800,265344000
04/27/2012,ProShares UltraPro S&P500,UPRO,20.9775,20.8275,0.72020,0.15,12400,260121000
04/26/2012,ProShares UltraPro S&P500,UPRO,20.8275,20.4175,2.00808,0.41,12400,258261000
04/25/2012,ProShares UltraPro S&P500,UPRO,20.4175,19.6075,4.13107,0.81,12800,261344000
04/24/2012,ProShares UltraPro S&P500,UPRO,19.6075,19.395,1.09564,0.2125,12200,239211500
04/23/2012,ProShares UltraPro S&P500,UPRO,19.395,19.8975,-2.52544,-0.5025,11600,224982000
04/20/2012,ProShares UltraPro S&P500,UPRO,19.8975,19.8275,0.35305,0.07,11600,230811000
04/19/2012,ProShares UltraPro S&P500,UPRO,19.8275,20.185,-1.77112,-0.3575,13000,257757500
04/18/2012,ProShares UltraPro S&P500,UPRO,20.185,20.435,-1.22339,-0.25,12800,258368000
04/17/2012,ProShares UltraPro S&P500,UPRO,20.435,19.5275,4.64729,0.9075,12800,261568000
04/16/2012,ProShares UltraPro S&P500,UPRO,19.5275,19.56,-0.16616,-0.0325,12800,249952000
04/13/2012,ProShares UltraPro S&P500,UPRO,19.56,20.32,-3.74016,-0.76,12800,250368000
04/12/2012,ProShares UltraPro S&P500,UPRO,20.32,19.515,4.12503,0.805,12800,260096000
04/11/2012,ProShares UltraPro S&P500,UPRO,19.515,19.08,2.27987,0.435,13600,265404000
04/10/2012,ProShares UltraPro S&P500,UPRO,19.08,20.1125,-5.13362,-1.0325,13600,259488000
04/09/2012,ProShares UltraPro S&P500,UPRO,20.1125,20.82,-3.39817,-0.7075,13000,261462500
04/05/2012,ProShares UltraPro S&P500,UPRO,20.82,20.84,-0.09597,-0.02,13000,270660000
04/04/2012,ProShares UltraPro S&P500,UPRO,20.84,21.4975,-3.05850,-0.6575,12600,262584000
04/03/2012,ProShares UltraPro S&P500,UPRO,21.4975,21.745,-1.13819,-0.2475,12600,270868500
04/02/2012,ProShares UltraPro S&P500,UPRO,21.745,21.265,2.25723,0.48,12800,278336000
03/30/2012,ProShares UltraPro S&P500,UPRO,21.265,21.03,1.11745,0.235,12800,272192000
03/29/2012,ProShares UltraPro S&P500,UPRO,21.03,21.135,-0.49681,-0.105,12800,269184000
03/28/2012,ProShares UltraPro S&P500,UPRO,21.135,21.4375,-1.41108,-0.3025,12800,270528000
03/27/2012,ProShares UltraPro S&P500,UPRO,21.4375,21.6175,-0.83266,-0.18,12800,274400000
03/26/2012,ProShares UltraPro S&P500,UPRO,21.6175,20.755,4.15563,0.8625,12800,276704000
03/23/2012,ProShares UltraPro S&P500,UPRO,20.755,20.56,0.94844,0.195,12800,265664000
03/22/2012,ProShares UltraPro S&P500,UPRO,20.56,21.015,-2.16512,-0.455,12800,263168000
03/21/2012,ProShares UltraPro S&P500,UPRO,21.015,21.1325,-0.55602,-0.1175,12800,268992000
03/20/2012,ProShares UltraPro S&P500,UPRO,21.1325,21.325,-0.90270,-0.1925,12800,270496000
03/19/2012,ProShares UltraPro S&P500,UPRO,21.325,21.075,1.18624,0.25,12800,272960000
03/16/2012,ProShares UltraPro S&P500,UPRO,21.075,21.0025,0.34520,0.0725,12800,269760000
03/15/2012,ProShares UltraPro S&P500,UPRO,21.0025,20.635,1.78095,0.3675,13400,281433500
03/14/2012,ProShares UltraPro S&P500,UPRO,20.635,20.71,-0.36214,-0.075,13400,276509000
03/13/2012,ProShares UltraPro S&P500,UPRO,20.71,19.6225,5.54211,1.0875,13400,277514000
03/12/2012,ProShares UltraPro S&P500,UPRO,19.6225,19.6125,0.05099,0.01,14000,274715000
03/09/2012,ProShares UltraPro S&P500,UPRO,19.6125,19.4,1.09536,0.2125,14000,274575000
03/08/2012,ProShares UltraPro S&P500,UPRO,19.4,18.8425,2.95874,0.5575,14000,271600000
03/07/2012,ProShares UltraPro S&P500,UPRO,18.8425,18.445,2.15506,0.3975,14000,263795000
03/06/2012,ProShares UltraPro S&P500,UPRO,18.445,19.335,-4.60305,-0.89,14000,258230000
03/05/2012,ProShares UltraPro S&P500,UPRO,19.335,19.56,-1.15031,-0.225,14000,270690000
03/02/2012,ProShares UltraPro S&P500,UPRO,19.56,19.7525,-0.97456,-0.1925,14000,273840000
03/01/2012,ProShares UltraPro S&P500,UPRO,19.7525,19.39,1.86952,0.3625,14000,276535000
02/29/2012,ProShares UltraPro S&P500,UPRO,19.39,19.665,-1.39842,-0.275,14000,271460000
02/28/2012,ProShares UltraPro S&P500,UPRO,19.665,19.46,1.05344,0.205,14000,275310000
02/27/2012,ProShares UltraPro S&P500,UPRO,19.46,19.3775,0.42575,0.0825,14000,272440000
02/24/2012,ProShares UltraPro S&P500,UPRO,19.3775,19.2725,0.54482,0.105,14600,282911500
02/23/2012,ProShares UltraPro S&P500,UPRO,19.2725,19.02,1.32755,0.2525,14600,281378500
02/22/2012,ProShares UltraPro S&P500,UPRO,19.02,19.21,-0.98907,-0.19,14600,277692000
02/21/2012,ProShares UltraPro S&P500,UPRO,19.21,19.1725,0.19559,0.0375,14600,280466000
02/17/2012,ProShares UltraPro S&P500,UPRO,19.1725,19.035,0.72235,0.1375,15000,287587500
02/16/2012,ProShares UltraPro S&P500,UPRO,19.035,18.42,3.33876,0.615,15000,285525000
02/15/2012,ProShares UltraPro S&P500,UPRO,18.42,18.705,-1.52366,-0.285,15800,291036000
02/14/2012,ProShares UltraPro S&P500,UPRO,18.705,18.75,-0.24000,-0.045,15800,295539000
02/13/2012,ProShares UltraPro S&P500,UPRO,18.75,18.365,2.09638,0.385,15800,296250000
02/10/2012,ProShares UltraPro S&P500,UPRO,18.365,18.7525,-2.06639,-0.3875,15800,290167000
02/09/2012,ProShares UltraPro S&P500,UPRO,18.7525,18.67,0.44189,0.0825,16200,303790500
02/08/2012,ProShares UltraPro S&P500,UPRO,18.67,18.53,0.75553,0.14,16200,302454000
02/07/2012,ProShares UltraPro S&P500,UPRO,18.53,18.4175,0.61083,0.1125,16200,300186000
02/06/2012,ProShares UltraPro S&P500,UPRO,18.4175,18.4425,-0.13556,-0.025,16800,309414000
02/03/2012,ProShares UltraPro S&P500,UPRO,18.4425,17.665,4.40136,0.7775,16800,309834000
02/02/2012,ProShares UltraPro S&P500,UPRO,17.665,17.6025,0.35506,0.0625,16800,296772000
02/01/2012,ProShares UltraPro S&P500,UPRO,17.6025,17.1325,2.74332,0.47,17600,309804000
01/31/2012,ProShares UltraPro S&P500,UPRO,17.1325,17.16,-0.16026,-0.0275,17600,301532000
01/30/2012,ProShares UltraPro S&P500,UPRO,17.16,17.2925,-0.76623,-0.1325,17600,302016000
01/27/2012,ProShares UltraPro S&P500,UPRO,17.2925,17.3725,-0.46050,-0.08,17600,304348000
01/26/2012,ProShares UltraPro S&P500,UPRO,17.3725,17.6725,-1.69755,-0.3,17600,305756000
01/25/2012,ProShares UltraPro S&P500,UPRO,17.6725,17.225,2.59797,0.4475,17600,311036000
01/24/2012,ProShares UltraPro S&P500,UPRO,17.225,17.28,-0.31829,-0.055,17600,303160000
01/23/2012,ProShares UltraPro S&P500,UPRO,17.28,17.255,0.14489,0.025,17600,304128000
01/20/2012,ProShares UltraPro S&P500,UPRO,17.255,17.2225,0.18871,0.0325,17600,303688000
01/19/2012,ProShares UltraPro S&P500,UPRO,17.2225,16.9675,1.50287,0.255,18800,323783000
01/18/2012,ProShares UltraPro S&P500,UPRO,16.9675,16.4125,3.38157,0.555,19600,332563000
01/17/2012,ProShares UltraPro S&P500,UPRO,16.4125,16.2475,1.01554,0.165,19600,321685000
01/13/2012,ProShares UltraPro S&P500,UPRO,16.2475,16.4875,-1.45565,-0.24,19600,318451000
01/12/2012,ProShares UltraPro S&P500,UPRO,16.4875,16.375,0.68702,0.1125,21000,346237500
01/11/2012,ProShares UltraPro S&P500,UPRO,16.375,16.355,0.12229,0.02,21000,343875000
01/10/2012,ProShares UltraPro S&P500,UPRO,16.355,15.93,2.66792,0.425,21000,343455000
01/09/2012,ProShares UltraPro S&P500,UPRO,15.93,15.825,0.66351,0.105,21000,334530000
01/06/2012,ProShares UltraPro S&P500,UPRO,15.825,15.93,-0.65913,-0.105,21000,332325000
01/05/2012,ProShares UltraPro S&P500,UPRO,15.93,15.79,0.88664,0.14,21000,334530000
01/04/2012,ProShares UltraPro S&P500,UPRO,15.79,15.7725,0.11095,0.0175,22000,347380000
01/03/2012,ProShares UltraPro S&P500,UPRO,15.7725,15.0725,4.64422,0.7,22800,359613000
12/30/2011,ProShares UltraPro S&P500,UPRO,15.0725,15.2675,-1.27722,-0.195,22800,343653000
12/29/2011,ProShares UltraPro S&P500,UPRO,15.2675,14.795,3.19365,0.4725,22800,348099000
12/28/2011,ProShares UltraPro S&P500,UPRO,14.795,15.3625,-3.69406,-0.5675,24000,355080000
12/27/2011,ProShares UltraPro S&P500,UPRO,15.3625,15.355,0.04884,0.0075,24000,368700000
12/23/2011,ProShares UltraPro S&P500,UPRO,15.355,14.9525,2.69186,0.4025,24600,377733000
12/22/2011,ProShares UltraPro S&P500,UPRO,14.9525,14.5775,2.57246,0.375,25200,376803000
12/21/2011,ProShares UltraPro S&P500,UPRO,14.5775,14.495,0.56916,0.0825,25200,367353000
12/20/2011,ProShares UltraPro S&P500,UPRO,14.495,13.2975,9.00545,1.1975,24400,353678000
12/19/2011,ProShares UltraPro S&P500,UPRO,13.2975,13.7825,-3.51896,-0.485,23800,316480500
12/16/2011,ProShares UltraPro S&P500,UPRO,13.7825,13.655,0.93372,0.1275,23800,328023500
12/15/2011,ProShares UltraPro S&P500,UPRO,13.655,13.52,0.99852,0.135,23800,324989000
12/14/2011,ProShares UltraPro S&P500,UPRO,13.52,13.9925,-3.37681,-0.4725,22000,297440000
12/13/2011,ProShares UltraPro S&P500,UPRO,13.9925,14.3625,-2.57615,-0.37,22800,319029000
12/12/2011,ProShares UltraPro S&P500,UPRO,14.3625,15.035,-4.47290,-0.6725,22800,327465000
12/09/2011,ProShares UltraPro S&P500,UPRO,15.035,14.3125,5.04803,0.7225,22800,342798000
12/08/2011,ProShares UltraPro S&P500,UPRO,14.3125,15.28,-6.33181,-0.9675,22800,326325000
12/07/2011,ProShares UltraPro S&P500,UPRO,15.28,15.175,0.69193,0.105,22000,336160000
12/06/2011,ProShares UltraPro S&P500,UPRO,15.175,15.1275,0.31400,0.0475,22000,333850000
12/05/2011,ProShares UltraPro S&P500,UPRO,15.1275,14.67,3.11861,0.4575,22000,332805000
12/02/2011,ProShares UltraPro S&P500,UPRO,14.67,14.6825,-0.08514,-0.0125,24200,355014000
12/01/2011,ProShares UltraPro S&P500,UPRO,14.6825,14.7625,-0.54191,-0.08,24200,355316500
11/30/2011,ProShares UltraPro S&P500,UPRO,14.7625,13.0625,13.01435,1.7,25200,372015000
11/29/2011,ProShares UltraPro S&P500,UPRO,13.0625,12.965,0.75202,0.0975,27200,355300000
11/28/2011,ProShares UltraPro S&P500,UPRO,12.965,11.915,8.81242,1.05,27200,352648000
11/25/2011,ProShares UltraPro S&P500,UPRO,11.915,12.0075,-0.77035,-0.0925,27200,324088000
11/23/2011,ProShares UltraPro S&P500,UPRO,12.0075,12.8575,-6.61093,-0.85,27200,326604000
11/22/2011,ProShares UltraPro S&P500,UPRO,12.8575,13.0175,-1.22911,-0.16,25000,321437500
11/21/2011,ProShares UltraPro S&P500,UPRO,13.0175,13.7925,-5.61900,-0.775,25000,325437500
11/18/2011,ProShares UltraPro S&P500,UPRO,13.7925,13.81,-0.12672,-0.0175,23000,317227500
11/17/2011,ProShares UltraPro S&P500,UPRO,13.81,14.5375,-5.00430,-0.7275,23000,317630000
11/16/2011,ProShares UltraPro S&P500,UPRO,14.5375,15.29,-4.92152,-0.7525,21600,314010000
11/15/2011,ProShares UltraPro S&P500,UPRO,15.29,15.0625,1.51037,0.2275,20800,318032000
11/14/2011,ProShares UltraPro S&P500,UPRO,15.0625,15.505,-2.85392,-0.4425,20800,313300000
11/11/2011,ProShares UltraPro S&P500,UPRO,15.505,14.65,5.83618,0.855,20800,322504000
11/10/2011,ProShares UltraPro S&P500,UPRO,14.65,14.2725,2.64495,0.3775,20800,304720000
11/09/2011,ProShares UltraPro S&P500,UPRO,14.2725,16.0375,-11.00546,-1.765,20800,296868000
11/08/2011,ProShares UltraPro S&P500,UPRO,16.0375,15.465,3.70191,0.5725,20400,327165000
11/07/2011,ProShares UltraPro S&P500,UPRO,15.465,15.1775,1.89425,0.2875,20400,315486000
11/04/2011,ProShares UltraPro S&P500,UPRO,15.1775,15.4675,-1.87490,-0.29,20400,309621000
11/03/2011,ProShares UltraPro S&P500,UPRO,15.4675,14.635,5.68842,0.8325,20400,315537000
11/02/2011,ProShares UltraPro S&P500,UPRO,14.635,13.96,4.83524,0.675,20400,298554000
11/01/2011,ProShares UltraPro S&P500,UPRO,13.96,15.235,-8.36889,-1.275,19600,273616000
10/31/2011,ProShares UltraPro S&P500,UPRO,15.235,16.46,-7.44228,-1.225,19600,298606000
10/28/2011,ProShares UltraPro S&P500,UPRO,16.46,16.44,0.12165,0.02,19600,322616000
10/27/2011,ProShares UltraPro S&P500,UPRO,16.44,14.905,10.29856,1.535,20200,332088000
10/26/2011,ProShares UltraPro S&P500,UPRO,14.905,14.45,3.14879,0.455,20200,301081000
10/25/2011,ProShares UltraPro S&P500,UPRO,14.45,15.375,-6.01626,-0.925,20200,291890000
10/24/2011,ProShares UltraPro S&P500,UPRO,15.375,14.805,3.85005,0.57,20800,319800000
10/21/2011,ProShares UltraPro S&P500,UPRO,14.805,14.0125,5.65566,0.7925,20800,307944000
10/20/2011,ProShares UltraPro S&P500,UPRO,14.0125,13.825,1.35624,0.1875,20800,291460000
10/19/2011,ProShares UltraPro S&P500,UPRO,13.825,14.365,-3.75914,-0.54,20800,287560000
10/18/2011,ProShares UltraPro S&P500,UPRO,14.365,13.5375,6.11265,0.8275,20800,298792000
10/17/2011,ProShares UltraPro S&P500,UPRO,13.5375,14.3725,-5.80971,-0.835,20800,281580000
10/14/2011,ProShares UltraPro S&P500,UPRO,14.3725,13.66,5.21596,0.7125,21600,310446000
10/13/2011,ProShares UltraPro S&P500,UPRO,13.66,13.78,-0.87083,-0.12,22000,300520000
10/12/2011,ProShares UltraPro S&P500,UPRO,13.78,13.3825,2.97030,0.3975,23200,319696000
10/11/2011,ProShares UltraPro S&P500,UPRO,13.3825,13.36,0.16841,0.0225,24000,321180000
10/10/2011,ProShares UltraPro S&P500,UPRO,13.36,12.12,10.23102,1.24,24800,331328000
10/07/2011,ProShares UltraPro S&P500,UPRO,12.12,12.4225,-2.43510,-0.3025,26200,317544000
10/06/2011,ProShares UltraPro S&P500,UPRO,12.4225,11.7725,5.52134,0.65,26800,332923000
10/05/2011,ProShares UltraPro S&P500,UPRO,11.7725,11.1575,5.51199,0.615,29000,341402500
10/04/2011,ProShares UltraPro S&P500,UPRO,11.1575,10.45,6.77033,0.7075,30600,341419500
10/03/2011,ProShares UltraPro S&P500,UPRO,10.45,11.4275,-8.55393,-0.9775,30600,319770000
09/30/2011,ProShares UltraPro S&P500,UPRO,11.4275,12.3525,-7.48836,-0.925,25800,294829500
09/29/2011,ProShares UltraPro S&P500,UPRO,12.3525,12.0575,2.44661,0.295,25800,318694500
09/28/2011,ProShares UltraPro S&P500,UPRO,12.0575,12.85,-6.16732,-0.7925,25800,311083500
09/27/2011,ProShares UltraPro S&P500,UPRO,12.85,12.4475,3.23358,0.4025,26200,336670000
09/26/2011,ProShares UltraPro S&P500,UPRO,12.4475,11.63,7.02923,0.8175,26200,326124500
09/23/2011,ProShares UltraPro S&P500,UPRO,11.63,11.42,1.83888,0.21,26200,304706000
09/22/2011,ProShares UltraPro S&P500,UPRO,11.42,12.6275,-9.56246,-1.2075,26200,299204000
09/21/2011,ProShares UltraPro S&P500,UPRO,12.6275,13.865,-8.92535,-1.2375,22600,285381500
09/20/2011,ProShares UltraPro S&P500,UPRO,13.865,13.93,-0.46662,-0.065,22600,313349000
09/19/2011,ProShares UltraPro S&P500,UPRO,13.93,14.355,-2.96064,-0.425,22600,314818000
09/16/2011,ProShares UltraPro S&P500,UPRO,14.355,14.1125,1.71833,0.2425,22600,324423000
09/15/2011,ProShares UltraPro S&P500,UPRO,14.1125,13.4125,5.21901,0.7,23400,330232500
09/14/2011,ProShares UltraPro S&P500,UPRO,13.4125,12.8925,4.03335,0.52,24600,329947500
09/13/2011,ProShares UltraPro S&P500,UPRO,12.8925,12.5375,2.83151,0.355,25600,330048000
09/12/2011,ProShares UltraPro S&P500,UPRO,12.5375,12.28,2.09691,0.2575,25600,320960000
09/09/2011,ProShares UltraPro S&P500,UPRO,12.28,13.35,-8.01498,-1.07,25000,307000000
09/08/2011,ProShares UltraPro S&P500,UPRO,13.35,13.7875,-3.17316,-0.4375,24000,320400000
09/07/2011,ProShares UltraPro S&P500,UPRO,13.7875,12.69,8.64854,1.0975,24000,330900000
09/06/2011,ProShares UltraPro S&P500,UPRO,12.69,12.98,-2.23421,-0.29,23800,302022000
09/02/2011,ProShares UltraPro S&P500,UPRO,12.98,14.045,-7.58277,-1.065,23000,298540000
09/01/2011,ProShares UltraPro S&P500,UPRO,14.045,14.56,-3.53709,-0.515,23000,323035000
08/31/2011,ProShares UltraPro S&P500,UPRO,14.56,14.3425,1.51647,0.2175,24400,355264000
08/30/2011,ProShares UltraPro S&P500,UPRO,14.3425,14.235,0.75518,0.1075,25400,364299500
08/29/2011,ProShares UltraPro S&P500,UPRO,14.235,13.1175,8.51915,1.1175,25400,361569000
08/26/2011,ProShares UltraPro S&P500,UPRO,13.1175,12.545,4.56357,0.5725,25400,333184500
08/25/2011,ProShares UltraPro S&P500,UPRO,12.545,13.1575,-4.65514,-0.6125,26400,331188000
08/24/2011,ProShares UltraPro S&P500,UPRO,13.1575,12.655,3.97076,0.5025,26400,347358000
08/23/2011,ProShares UltraPro S&P500,UPRO,12.655,11.475,10.28322,1.18,27600,349278000
08/22/2011,ProShares UltraPro S&P500,UPRO,11.475,11.4675,0.06540,0.0075,27600,316710000
08/19/2011,ProShares UltraPro S&P500,UPRO,11.4675,12.01,-4.51707,-0.5425,27600,316503000
08/18/2011,ProShares UltraPro S&P500,UPRO,12.01,13.86,-13.34776,-1.85,26400,317064000
08/17/2011,ProShares UltraPro S&P500,UPRO,13.86,13.81,0.36206,0.05,26400,365904000
08/16/2011,ProShares UltraPro S&P500,UPRO,13.81,14.22,-2.88326,-0.41,26400,364584000
08/15/2011,ProShares UltraPro S&P500,UPRO,14.22,13.345,6.55676,0.875,27400,389628000
08/12/2011,ProShares UltraPro S&P500,UPRO,13.345,13.1375,1.57945,0.2075,28600,381667000
08/11/2011,ProShares UltraPro S&P500,UPRO,13.1375,11.53,13.94189,1.6075,29800,391497500
08/10/2011,ProShares UltraPro S&P500,UPRO,11.53,13.2775,-13.16136,-1.7475,29600,341288000
08/09/2011,ProShares UltraPro S&P500,UPRO,13.2775,11.625,14.21505,1.6525,28400,377081000
08/08/2011,ProShares UltraPro S&P500,UPRO,11.625,14.52,-19.93802,-2.895,28400,330150000
08/05/2011,ProShares UltraPro S&P500,UPRO,14.52,14.5475,-0.18904,-0.0275,26600,386232000
08/04/2011,ProShares UltraPro S&P500,UPRO,14.5475,16.9825,-14.33829,-2.435,25600,372416000
08/03/2011,ProShares UltraPro S&P500,UPRO,16.9825,16.7125,1.61556,0.27,23600,400787000
08/02/2011,ProShares UltraPro S&P500,UPRO,16.7125,18.1025,-7.67850,-1.39,22800,381045000
08/01/2011,ProShares UltraPro S&P500,UPRO,18.1025,18.3325,-1.25460,-0.23,20400,369291000
07/29/2011,ProShares UltraPro S&P500,UPRO,18.3325,18.6975,-1.95213,-0.365,16200,296986500
07/28/2011,ProShares UltraPro S&P500,UPRO,18.6975,18.875,-0.94040,-0.1775,15000,280462500
07/27/2011,ProShares UltraPro S&P500,UPRO,18.875,20.1,-6.09453,-1.225,14400,271800000
07/26/2011,ProShares UltraPro S&P500,UPRO,20.1,20.35,-1.22850,-0.25,14400,289440000
07/25/2011,ProShares UltraPro S&P500,UPRO,20.35,20.7,-1.69082,-0.35,14400,293040000
07/22/2011,ProShares UltraPro S&P500,UPRO,20.7,20.645,0.26641,0.055,14400,298080000
07/21/2011,ProShares UltraPro S&P500,UPRO,20.645,19.8325,4.09681,0.8125,14400,297288000
07/20/2011,ProShares UltraPro S&P500,UPRO,19.8325,19.8675,-0.17617,-0.035,15600,309387000
07/19/2011,ProShares UltraPro S&P500,UPRO,19.8675,18.94,4.89704,0.9275,15600,309933000
07/18/2011,ProShares UltraPro S&P500,UPRO,18.94,19.4175,-2.45912,-0.4775,15600,295464000
07/15/2011,ProShares UltraPro S&P500,UPRO,19.4175,19.0975,1.67561,0.32,14800,287379000
07/14/2011,ProShares UltraPro S&P500,UPRO,19.0975,19.49,-2.01385,-0.3925,14800,282643000
07/13/2011,ProShares UltraPro S&P500,UPRO,19.49,19.305,0.95830,0.185,13600,265064000
07/12/2011,ProShares UltraPro S&P500,UPRO,19.305,19.565,-1.32890,-0.26,13600,262548000
07/11/2011,ProShares UltraPro S&P500,UPRO,19.565,20.6925,-5.44883,-1.1275,13600,266084000
07/08/2011,ProShares UltraPro S&P500,UPRO,20.6925,21.1375,-2.10526,-0.445,13600,281418000
07/07/2011,ProShares UltraPro S&P500,UPRO,21.1375,20.4925,3.14749,0.645,13600,287470000
07/06/2011,ProShares UltraPro S&P500,UPRO,20.4925,20.4075,0.41651,0.085,13600,278698000
07/05/2011,ProShares UltraPro S&P500,UPRO,20.4075,20.49,-0.40264,-0.0825,14000,285705000
07/01/2011,ProShares UltraPro S&P500,UPRO,20.49,19.63,4.38105,0.86,14000,286860000
06/30/2011,ProShares UltraPro S&P500,UPRO,19.63,19.06,2.99056,0.57,14000,274820000
06/29/2011,ProShares UltraPro S&P500,UPRO,19.06,18.59,2.52824,0.47,14800,282088000
06/28/2011,ProShares UltraPro S&P500,UPRO,18.59,17.8825,3.95638,0.7075,14800,275132000
06/27/2011,ProShares UltraPro S&P500,UPRO,17.8825,17.405,2.74346,0.4775,14800,264661000
06/24/2011,ProShares UltraPro S&P500,UPRO,17.405,18.0425,-3.53332,-0.6375,14800,257594000
06/23/2011,ProShares UltraPro S&P500,UPRO,18.0425,18.1975,-0.85177,-0.155,14800,267029000
06/22/2011,ProShares UltraPro S&P500,UPRO,18.1975,18.5525,-1.91349,-0.355,14800,269323000
06/21/2011,ProShares UltraPro S&P500,UPRO,18.5525,17.83,4.05216,0.7225,14800,274577000
06/20/2011,ProShares UltraPro S&P500,UPRO,17.83,17.55,1.59544,0.28,14800,263884000
06/17/2011,ProShares UltraPro S&P500,UPRO,17.55,17.39,0.92007,0.16,14000,245700000
06/16/2011,ProShares UltraPro S&P500,UPRO,17.39,17.29,0.57837,0.1,14000,243460000
06/15/2011,ProShares UltraPro S&P500,UPRO,17.29,18.2475,-5.24729,-0.9575,14000,242060000
06/14/2011,ProShares UltraPro S&P500,UPRO,18.2475,17.58,3.79693,0.6675,14000,255465000
06/13/2011,ProShares UltraPro S&P500,UPRO,17.58,17.5275,0.29953,0.0525,14000,246120000
06/10/2011,ProShares UltraPro S&P500,UPRO,17.5275,18.295,-4.19514,-0.7675,15400,269923500
06/09/2011,ProShares UltraPro S&P500,UPRO,18.295,17.9,2.20670,0.395,15400,281743000
06/08/2011,ProShares UltraPro S&P500,UPRO,17.9,18.1175,-1.20050,-0.2175,15400,275660000
06/07/2011,ProShares UltraPro S&P500,UPRO,18.1175,18.1675,-0.27522,-0.05,14600,264515500
06/06/2011,ProShares UltraPro S&P500,UPRO,18.1675,18.775,-3.23569,-0.6075,14600,265245500
06/03/2011,ProShares UltraPro S&P500,UPRO,18.775,19.3375,-2.90886,-0.5625,13800,259095000
06/02/2011,ProShares UltraPro S&P500,UPRO,19.3375,19.4075,-0.36069,-0.07,13000,251387500
06/01/2011,ProShares UltraPro S&P500,UPRO,19.4075,20.8275,-6.81791,-1.42,13000,252297500
05/31/2011,ProShares UltraPro S&P500,UPRO,20.8275,20.1875,3.17028,0.64,13000,270757500
05/27/2011,ProShares UltraPro S&P500,UPRO,20.1875,19.935,1.26662,0.2525,13600,274550000
05/26/2011,ProShares UltraPro S&P500,UPRO,19.935,19.685,1.27000,0.25,13600,271116000
05/25/2011,ProShares UltraPro S&P500,UPRO,19.685,19.4975,0.96166,0.1875,13600,267716000
05/24/2011,ProShares UltraPro S&P500,UPRO,19.4975,19.545,-0.24303,-0.0475,13200,257367000
05/23/2011,ProShares UltraPro S&P500,UPRO,19.545,20.2725,-3.58861,-0.7275,13200,257994000
05/20/2011,ProShares UltraPro S&P500,UPRO,20.2725,20.7525,-2.31297,-0.48,13200,267597000
05/19/2011,ProShares UltraPro S&P500,UPRO,20.7525,20.6125,0.67920,0.14,13800,286384500
05/18/2011,ProShares UltraPro S&P500,UPRO,20.6125,20.075,2.67746,0.5375,13800,284452500
05/17/2011,ProShares UltraPro S&P500,UPRO,20.075,20.0825,-0.03735,-0.0075,13600,273020000
05/16/2011,ProShares UltraPro S&P500,UPRO,20.0825,20.46,-1.84506,-0.3775,13600,273122000
05/13/2011,ProShares UltraPro S&P500,UPRO,20.46,20.9675,-2.42041,-0.5075,13600,278256000
05/12/2011,ProShares UltraPro S&P500,UPRO,20.9675,20.66,1.48838,0.3075,13600,285158000
05/11/2011,ProShares UltraPro S&P500,UPRO,20.66,21.3375,-3.17516,-0.6775,13600,280976000
05/10/2011,ProShares UltraPro S&P500,UPRO,21.3375,20.8275,2.44869,0.51,13600,290190000
05/09/2011,ProShares UltraPro S&P500,UPRO,20.8275,20.555,1.32571,0.2725,13600,283254000
05/06/2011,ProShares UltraPro S&P500,UPRO,20.555,20.3125,1.19385,0.2425,13600,279548000
05/05/2011,ProShares UltraPro S&P500,UPRO,20.3125,20.88,-2.71791,-0.5675,13600,276250000
05/04/2011,ProShares UltraPro S&P500,UPRO,20.88,21.3075,-2.00634,-0.4275,14000,292320000
05/03/2011,ProShares UltraPro S&P500,UPRO,21.3075,21.5275,-1.02195,-0.22,14000,298305000
05/02/2011,ProShares UltraPro S&P500,UPRO,21.5275,21.645,-0.54285,-0.1175,14000,301385000
04/29/2011,ProShares UltraPro S&P500,UPRO,21.645,21.495,0.69784,0.15,14000,303030000
04/28/2011,ProShares UltraPro S&P500,UPRO,21.495,21.265,1.08159,0.23,14600,313827000
04/27/2011,ProShares UltraPro S&P500,UPRO,21.265,20.8675,1.90488,0.3975,14600,310469000
04/26/2011,ProShares UltraPro S&P500,UPRO,20.8675,20.32,2.69439,0.5475,14600,304665500
04/25/2011,ProShares UltraPro S&P500,UPRO,20.32,20.415,-0.46534,-0.095,15000,304800000
04/21/2011,ProShares UltraPro S&P500,UPRO,20.415,20.1025,1.55453,0.3125,15000,306225000
04/20/2011,ProShares UltraPro S&P500,UPRO,20.1025,19.315,4.07714,0.7875,15600,313599000
04/19/2011,ProShares UltraPro S&P500,UPRO,19.315,18.99,1.71143,0.325,16400,316766000
04/18/2011,ProShares UltraPro S&P500,UPRO,18.99,19.6425,-3.32188,-0.6525,16200,307638000
04/15/2011,ProShares UltraPro S&P500,UPRO,19.6425,19.415,1.17177,0.2275,16200,318208500
04/14/2011,ProShares UltraPro S&P500,UPRO,19.415,19.405,0.05153,0.01,16200,314523000
04/13/2011,ProShares UltraPro S&P500,UPRO,19.405,19.395,0.05156,0.01,16200,314361000
04/12/2011,ProShares UltraPro S&P500,UPRO,19.395,19.855,-2.31680,-0.46,16200,314199000
04/11/2011,ProShares UltraPro S&P500,UPRO,19.855,20.025,-0.84894,-0.17,16200,321651000
04/08/2011,ProShares UltraPro S&P500,UPRO,20.025,20.2675,-1.19650,-0.2425,16200,324405000
04/07/2011,ProShares UltraPro S&P500,UPRO,20.2675,20.365,-0.47876,-0.0975,16200,328333500
04/06/2011,ProShares UltraPro S&P500,UPRO,20.365,20.205,0.79188,0.16,16200,329913000
04/05/2011,ProShares UltraPro S&P500,UPRO,20.205,20.2175,-0.06183,-0.0125,15600,315198000
04/04/2011,ProShares UltraPro S&P500,UPRO,20.2175,20.19,0.13621,0.0275,15200,307306000
04/01/2011,ProShares UltraPro S&P500,UPRO,20.19,19.8975,1.47003,0.2925,15200,306888000
03/31/2011,ProShares UltraPro S&P500,UPRO,19.8975,20.005,-0.53737,-0.1075,15200,302442000
03/30/2011,ProShares UltraPro S&P500,UPRO,20.005,19.6075,2.02729,0.3975,15200,304076000
03/29/2011,ProShares UltraPro S&P500,UPRO,19.6075,19.1925,2.16230,0.415,15200,298034000
03/28/2011,ProShares UltraPro S&P500,UPRO,19.1925,19.35,-0.81395,-0.1575,15200,291726000
03/25/2011,ProShares UltraPro S&P500,UPRO,19.35,19.1725,0.92581,0.1775,14400,278640000
03/24/2011,ProShares UltraPro S&P500,UPRO,19.1725,18.65,2.80161,0.5225,14400,276084000
03/23/2011,ProShares UltraPro S&P500,UPRO,18.65,18.49,0.86533,0.16,14400,268560000
03/22/2011,ProShares UltraPro S&P500,UPRO,18.49,18.6825,-1.03038,-0.1925,13600,251464000
03/21/2011,ProShares UltraPro S&P500,UPRO,18.6825,17.8775,4.50287,0.805,13600,254082000
03/18/2011,ProShares UltraPro S&P500,UPRO,17.8775,17.6525,1.27461,0.225,13600,243134000
03/17/2011,ProShares UltraPro S&P500,UPRO,17.6525,16.97,4.02180,0.6825,13600,240074000
03/16/2011,ProShares UltraPro S&P500,UPRO,16.97,18.0225,-5.83992,-1.0525,13600,230792000
03/15/2011,ProShares UltraPro S&P500,UPRO,18.0225,18.6525,-3.37756,-0.63,12600,227083500
03/14/2011,ProShares UltraPro S&P500,UPRO,18.6525,18.995,-1.80311,-0.3425,12600,235021500
03/11/2011,ProShares UltraPro S&P500,UPRO,18.995,18.585,2.20608,0.41,12600,239337000
03/10/2011,ProShares UltraPro S&P500,UPRO,18.585,19.7025,-5.67187,-1.1175,12600,234171000
03/09/2011,ProShares UltraPro S&P500,UPRO,19.7025,19.775,-0.36662,-0.0725,12200,240370500
03/08/2011,ProShares UltraPro S&P500,UPRO,19.775,19.25,2.72727,0.525,12200,241255000
03/07/2011,ProShares UltraPro S&P500,UPRO,19.25,19.745,-2.50696,-0.495,12200,234850000
03/04/2011,ProShares UltraPro S&P500,UPRO,19.745,20.1925,-2.21617,-0.4475,12200,240889000
03/03/2011,ProShares UltraPro S&P500,UPRO,20.1925,19.2,5.16927,0.9925,12200,246348500
03/02/2011,ProShares UltraPro S&P500,UPRO,19.2,19.0975,0.53672,0.1025,12200,234240000
03/01/2011,ProShares UltraPro S&P500,UPRO,19.0975,20.0525,-4.76250,-0.955,13600,259726000
02/28/2011,ProShares UltraPro S&P500,UPRO,20.0525,19.72,1.68611,0.3325,13200,264693000
02/25/2011,ProShares UltraPro S&P500,UPRO,19.72,19.1007,3.24229,0.6193,13200,260304000
02/24/2011,ProShares UltraPro S&P500,UPRO,19.10075,19.14575,-0.23504,-0.045,13200,252129900
02/23/2011,ProShares UltraPro S&P500,UPRO,19.14575,19.50255,-1.82950,-0.3568,12600.01,241236679.749
02/22/2011,ProShares UltraPro S&P500,UPRO,19.5025,20.7843,-6.16716,-1.2818,12600.01,245731734.03
02/18/2011,ProShares UltraPro S&P500,UPRO,20.78425,20.66245,0.58948,0.1218,12600.01,261881799.411
02/17/2011,ProShares UltraPro S&P500,UPRO,20.6625,20.4682,0.94928,0.1943,12600.01,260347747.95
02/16/2011,ProShares UltraPro S&P500,UPRO,20.46825,20.08495,1.90839,0.3833,12600.01,257900195.619
02/15/2011,ProShares UltraPro S&P500,UPRO,20.085,20.2743,-0.93369,-0.1893,12600.01,253071241.02
02/14/2011,ProShares UltraPro S&P500,UPRO,20.27425,20.12245,0.75438,0.1518,12600.01,255455793.291
02/11/2011,ProShares UltraPro S&P500,UPRO,20.1225,19.7875,1.69299,0.335,12000.01,241470241.47
02/10/2011,ProShares UltraPro S&P500,UPRO,19.7875,19.7407,0.23707,0.0468,12000.01,237450237.45
02/09/2011,ProShares UltraPro S&P500,UPRO,19.74075,19.89825,-0.79153,-0.1575,12000.01,236889236.889
02/08/2011,ProShares UltraPro S&P500,UPRO,19.89825,19.63395,1.34614,0.2643,12000.01,238779238.779
02/07/2011,ProShares UltraPro S&P500,UPRO,19.63425,19.27425,1.86778,0.36,12000.01,235611235.611
02/04/2011,ProShares UltraPro S&P500,UPRO,19.27425,19.10995,0.85976,0.1643,12000.01,231291231.291
02/03/2011,ProShares UltraPro S&P500,UPRO,19.11,18.9692,0.74226,0.1408,12000.01,229320229.32
02/02/2011,ProShares UltraPro S&P500,UPRO,18.96925,19.11605,-0.76794,-0.1468,12000.01,227631227.631
02/01/2011,ProShares UltraPro S&P500,UPRO,19.11575,18.20645,4.99438,0.9093,12000.01,229389229.389
01/31/2011,ProShares UltraPro S&P500,UPRO,18.20675,17.79925,2.28942,0.4075,12000.01,218481218.481
01/28/2011,ProShares UltraPro S&P500,UPRO,17.79925,18.80675,-5.35712,-1.0075,12000.01,213591213.591
01/27/2011,ProShares UltraPro S&P500,UPRO,18.80675,18.67845,0.68689,0.1283,12000.01,225681225.681
01/26/2011,ProShares UltraPro S&P500,UPRO,18.67825,18.44395,1.27034,0.2343,12000.01,224139224.139
01/25/2011,ProShares UltraPro S&P500,UPRO,18.44425,18.43095,0.07216,0.0133,12000.01,221331221.331
01/24/2011,ProShares UltraPro S&P500,UPRO,18.43075,18.11575,1.73882,0.315,12000.01,221169221.169
01/21/2011,ProShares UltraPro S&P500,UPRO,18.11575,17.98495,0.72727,0.1308,12000.01,217389217.389
01/20/2011,ProShares UltraPro S&P500,UPRO,17.985,18.0558,-0.39212,-0.0708,12000.01,215820215.82
01/19/2011,ProShares UltraPro S&P500,UPRO,18.05575,18.61405,-2.99935,-0.5583,12000.01,216669216.669
01/18/2011,ProShares UltraPro S&P500,UPRO,18.61425,18.53425,0.43163,0.08,12000.01,223371223.371
01/14/2011,ProShares UltraPro S&P500,UPRO,18.53425,18.13245,2.21592,0.4018,12000.01,222411222.411
01/13/2011,ProShares UltraPro S&P500,UPRO,18.1325,18.2275,-0.52119,-0.095,12000.01,217590217.59
01/12/2011,ProShares UltraPro S&P500,UPRO,18.2275,17.7442,2.72371,0.4833,12000.01,218730218.73
01/11/2011,ProShares UltraPro S&P500,UPRO,17.74425,17.54995,1.10713,0.1943,12000.01,212931212.931
01/10/2011,ProShares UltraPro S&P500,UPRO,17.55,17.6233,-0.41593,-0.0733,12000.01,210600210.6
01/07/2011,ProShares UltraPro S&P500,UPRO,17.62325,17.72325,-0.56423,-0.1,12000.01,211479211.479
01/06/2011,ProShares UltraPro S&P500,UPRO,17.72325,17.81755,-0.52925,-0.0943,12000.01,212679212.679
01/05/2011,ProShares UltraPro S&P500,UPRO,17.8175,17.5475,1.53868,0.27,12000.01,213810213.81
01/04/2011,ProShares UltraPro S&P500,UPRO,17.5475,17.6158,-0.38772,-0.0683,12000.01,210570210.57
01/03/2011,ProShares UltraPro S&P500,UPRO,17.61575,17.04075,3.37426,0.575,12000.01,211389211.389
12/31/2010,ProShares UltraPro S&P500,UPRO,17.04075,17.05005,-0.05455,-0.0093,12000.01,204489204.489
12/30/2010,ProShares UltraPro S&P500,UPRO,17.05,17.1275,-0.45249,-0.0775,12000.01,204600204.6
12/29/2010,ProShares UltraPro S&P500,UPRO,17.1275,17.0682,0.34743,0.0593,12000.01,205530205.53
12/28/2010,ProShares UltraPro S&P500,UPRO,17.06825,17.02825,0.23490,0.04,12000.01,204819204.819
12/27/2010,ProShares UltraPro S&P500,UPRO,17.02825,16.99895,0.17236,0.0293,12000.01,204339204.339
12/23/2010,ProShares UltraPro S&P500,UPRO,16.99925,17.08105,-0.47889,-0.0818,12000.01,203991203.991
12/22/2010,ProShares UltraPro S&P500,UPRO,17.08075,16.90245,1.05488,0.1783,12000.01,204969204.969
12/21/2010,ProShares UltraPro S&P500,UPRO,16.9025,16.5975,1.83763,0.305,12000.01,202830202.83
12/20/2010,ProShares UltraPro S&P500,UPRO,16.5975,16.4732,0.75456,0.1243,12600.01,209128699.17
12/17/2010,ProShares UltraPro S&P500,UPRO,16.47325,16.43075,0.25866,0.0425,12600.01,207563147.679
12/16/2010,ProShares UltraPro S&P500,UPRO,16.43075,16.13145,1.85538,0.2993,12600.01,207027647.169
12/15/2010,ProShares UltraPro S&P500,UPRO,16.13175,16.38255,-1.53090,-0.2508,13800.01,222618343.581
12/14/2010,ProShares UltraPro S&P500,UPRO,16.3825,16.3382,0.27114,0.0443,13800.01,226078696.59
12/13/2010,ProShares UltraPro S&P500,UPRO,16.33825,16.32895,0.05695,0.0093,13800.01,225468046.059
12/10/2010,ProShares UltraPro S&P500,UPRO,16.32925,16.04175,1.79220,0.2875,13800.01,225343845.951
12/09/2010,ProShares UltraPro S&P500,UPRO,16.04175,15.85495,1.17818,0.1868,14400.01,231001392.501
12/08/2010,ProShares UltraPro S&P500,UPRO,15.855,15.6707,1.17608,0.1843,14400.01,228312190.26
12/07/2010,ProShares UltraPro S&P500,UPRO,15.67075,15.64645,0.15531,0.0243,15600.01,244463888.049
12/06/2010,ProShares UltraPro S&P500,UPRO,15.64675,15.70755,-0.38708,-0.0608,15600.01,244089487.761
12/03/2010,ProShares UltraPro S&P500,UPRO,15.7075,15.5842,0.79119,0.1233,15600.01,245037188.49
12/02/2010,ProShares UltraPro S&P500,UPRO,15.58425,15.00745,3.84342,0.5768,15600.01,243114487.011
12/01/2010,ProShares UltraPro S&P500,UPRO,15.0075,14.0892,6.51776,0.9183,15600.01,234117180.09
11/30/2010,ProShares UltraPro S&P500,UPRO,14.08925,14.34925,-1.81194,-0.26,15600.01,219792469.071
11/29/2010,ProShares UltraPro S&P500,UPRO,14.34925,14.39855,-0.34240,-0.0493,15600.01,223848472.191
11/26/2010,ProShares UltraPro S&P500,UPRO,14.39825,14.71825,-2.17417,-0.32,15600.01,224612872.779
11/24/2010,ProShares UltraPro S&P500,UPRO,14.71825,14.08645,4.48516,0.6318,15600.01,229604876.619
11/23/2010,ProShares UltraPro S&P500,UPRO,14.08675,14.71755,-4.28604,-0.6308,15600.01,219753469.041
11/22/2010,ProShares UltraPro S&P500,UPRO,14.7175,14.7858,-0.46193,-0.0683,13800.01,203101676.61
11/19/2010,ProShares UltraPro S&P500,UPRO,14.78575,14.67325,0.76670,0.1125,13800.01,204043527.429
11/18/2010,ProShares UltraPro S&P500,UPRO,14.67325,14.02745,4.60383,0.6458,13800.01,202491026.079
11/17/2010,ProShares UltraPro S&P500,UPRO,14.0275,14.0125,0.10705,0.015,13800.01,193579668.33
11/16/2010,ProShares UltraPro S&P500,UPRO,14.0125,14.7158,-4.77922,-0.7033,13800.01,193372668.15
11/15/2010,ProShares UltraPro S&P500,UPRO,14.71575,14.77005,-0.36764,-0.0543,12000.01,176589176.589
11/12/2010,ProShares UltraPro S&P500,UPRO,14.77,15.3108,-3.53215,-0.5408,12000.01,177240177.24
11/11/2010,ProShares UltraPro S&P500,UPRO,15.31075,15.50655,-1.26269,-0.1958,12000.01,183729183.729
11/10/2010,ProShares UltraPro S&P500,UPRO,15.50675,15.29925,1.35628,0.2075,12000.01,186081186.081
11/09/2010,ProShares UltraPro S&P500,UPRO,15.29925,15.66425,-2.33015,-0.365,12000.01,183591183.591
11/08/2010,ProShares UltraPro S&P500,UPRO,15.66425,15.75925,-0.60282,-0.095,12000.01,187971187.971
11/05/2010,ProShares UltraPro S&P500,UPRO,15.75925,15.57425,1.18786,0.185,12000.01,189111189.111
11/04/2010,ProShares UltraPro S&P500,UPRO,15.57425,14.71595,5.83245,0.8583,12000.01,186891186.891
11/03/2010,ProShares UltraPro S&P500,UPRO,14.71575,14.54895,1.14647,0.1668,12000.01,176589176.589
11/02/2010,ProShares UltraPro S&P500,UPRO,14.54925,14.21995,2.31576,0.3293,12600.01,183320724.591
11/01/2010,ProShares UltraPro S&P500,UPRO,14.22,14.1817,0.27007,0.0383,12600.01,179172170.64
10/29/2010,ProShares UltraPro S&P500,UPRO,14.18175,14.20175,-0.14083,-0.02,12600.01,178690220.181
10/28/2010,ProShares UltraPro S&P500,UPRO,14.20175,14.15175,0.35331,0.05,14400.01,204505370.421
10/27/2010,ProShares UltraPro S&P500,UPRO,14.15175,14.26255,-0.77686,-0.1108,12600.01,178312219.821
10/26/2010,ProShares UltraPro S&P500,UPRO,14.2625,14.2625,0.00000,0,12600.01,179707671.15
10/25/2010,ProShares UltraPro S&P500,UPRO,14.2625,14.1717,0.64071,0.0908,12600.01,179707671.15
10/22/2010,ProShares UltraPro S&P500,UPRO,14.17175,14.07175,0.71064,0.1,12600.01,178564220.061
10/21/2010,ProShares UltraPro S&P500,UPRO,14.07175,13.99495,0.54877,0.0768,12600.01,177304218.861
10/20/2010,ProShares UltraPro S&P500,UPRO,13.995,13.5625,3.18894,0.4325,13200.01,184734167.94
10/19/2010,ProShares UltraPro S&P500,UPRO,13.5625,14.2418,-4.76976,-0.6793,13200.01,179025162.75
10/18/2010,ProShares UltraPro S&P500,UPRO,14.24175,13.93995,2.16500,0.3018,13200.01,187991270.901
10/15/2010,ProShares UltraPro S&P500,UPRO,13.94,13.8567,0.60115,0.0833,13200.01,184008167.28
10/14/2010,ProShares UltraPro S&P500,UPRO,13.85675,14.01005,-1.09421,-0.1533,13200.01,182909266.281
10/13/2010,ProShares UltraPro S&P500,UPRO,14.01,13.7142,2.15689,0.2958,13200.01,184932168.12
10/12/2010,ProShares UltraPro S&P500,UPRO,13.71425,13.55995,1.13791,0.1543,13200.01,181028264.571
10/11/2010,ProShares UltraPro S&P500,UPRO,13.56,13.5542,0.04279,0.0058,13200.01,178992162.72
10/08/2010,ProShares UltraPro S&P500,UPRO,13.55425,13.31095,1.82782,0.2433,13200.01,178916262.651
10/07/2010,ProShares UltraPro S&P500,UPRO,13.31075,13.37655,-0.49191,-0.0658,13200.01,175702059.729
10/06/2010,ProShares UltraPro S&P500,UPRO,13.37675,13.38505,-0.06201,-0.0083,13200.01,176573260.521
10/05/2010,ProShares UltraPro S&P500,UPRO,13.385,12.5982,6.24534,0.7868,13200.01,176682160.62
10/04/2010,ProShares UltraPro S&P500,UPRO,12.59825,12.90655,-2.38871,-0.3083,13200.01,166297051.179
10/01/2010,ProShares UltraPro S&P500,UPRO,12.90675,12.73845,1.32120,0.1683,13200.01,170369254.881
09/30/2010,ProShares UltraPro S&P500,UPRO,12.73825,12.85655,-0.92015,-0.1183,13800.01,175788002.859
09/29/2010,ProShares UltraPro S&P500,UPRO,12.85675,12.95505,-0.75878,-0.0983,14400.01,185137354.281
09/28/2010,ProShares UltraPro S&P500,UPRO,12.955,12.7642,1.49481,0.1908,14400.01,186552155.46
09/27/2010,ProShares UltraPro S&P500,UPRO,12.76425,12.98425,-1.69436,-0.22,14400.01,183805353.171
09/24/2010,ProShares UltraPro S&P500,UPRO,12.98425,12.20925,6.34765,0.775,14400.01,186973355.811
09/23/2010,ProShares UltraPro S&P500,UPRO,12.20925,12.52255,-2.50189,-0.3133,14400.01,175813346.511
09/22/2010,ProShares UltraPro S&P500,UPRO,12.5225,12.7025,-1.41704,-0.18,14400.01,180324150.27
09/21/2010,ProShares UltraPro S&P500,UPRO,12.7025,12.8118,-0.85312,-0.1093,14400.01,182916152.43
09/20/2010,ProShares UltraPro S&P500,UPRO,12.81175,12.25175,4.57078,0.56,14400.01,184489353.741
09/17/2010,ProShares UltraPro S&P500,UPRO,12.25175,12.22345,0.23152,0.0283,14400.01,176425347.021
09/16/2010,ProShares UltraPro S&P500,UPRO,12.22325,12.23155,-0.06786,-0.0083,14400.01,176014946.679
09/15/2010,ProShares UltraPro S&P500,UPRO,12.23175,12.10175,1.07422,0.13,16200.01,198154496.781
09/14/2010,ProShares UltraPro S&P500,UPRO,12.10175,12.12855,-0.22097,-0.0268,16200.01,196048495.221
09/13/2010,ProShares UltraPro S&P500,UPRO,12.12825,11.72645,3.42644,0.4018,16800.01,203754745.539
09/10/2010,ProShares UltraPro S&P500,UPRO,11.72675,11.55675,1.47100,0.17,16800.01,197009540.721
09/09/2010,ProShares UltraPro S&P500,UPRO,11.55675,11.39095,1.45554,0.1658,16800.01,194153538.681
09/08/2010,ProShares UltraPro S&P500,UPRO,11.39075,11.16895,1.98586,0.2218,16800.01,191364736.689
09/07/2010,ProShares UltraPro S&P500,UPRO,11.16925,11.56675,-3.43657,-0.3975,17400.01,194345084.031
09/03/2010,ProShares UltraPro S&P500,UPRO,11.56675,11.12495,3.97125,0.4418,18600.01,215141688.801
09/02/2010,ProShares UltraPro S&P500,UPRO,11.125,10.8275,2.74763,0.2975,18600.01,206925133.5
09/01/2010,ProShares UltraPro S&P500,UPRO,10.8275,9.9457,8.86614,0.8818,18600.01,201391629.93
08/31/2010,ProShares UltraPro S&P500,UPRO,9.94575,9.93325,0.12584,0.0125,18600.01,184991069.349
08/30/2010,ProShares UltraPro S&P500,UPRO,9.93325,10.38655,-4.36430,-0.4533,18600.01,184758569.199
08/27/2010,ProShares UltraPro S&P500,UPRO,10.38675,9.88925,5.03072,0.4975,19800.01,205657774.641
08/26/2010,ProShares UltraPro S&P500,UPRO,9.88925,10.12005,-2.28062,-0.2308,19800.01,195807268.671
08/25/2010,ProShares UltraPro S&P500,UPRO,10.12,10.0192,1.00607,0.1008,19800.01,200376121.44
08/24/2010,ProShares UltraPro S&P500,UPRO,10.01925,10.47505,-4.35129,-0.4558,19800.01,198381270.231
08/23/2010,ProShares UltraPro S&P500,UPRO,10.475,10.6043,-1.21932,-0.1293,19800.01,207405125.7
08/20/2010,ProShares UltraPro S&P500,UPRO,10.60425,10.72255,-1.10328,-0.1183,19800.01,209964277.251
08/19/2010,ProShares UltraPro S&P500,UPRO,10.7225,11.2968,-5.08374,-0.5743,19800.01,212305628.67
08/18/2010,ProShares UltraPro S&P500,UPRO,11.29675,11.24345,0.47405,0.0533,19800.01,223675785.561
08/17/2010,ProShares UltraPro S&P500,UPRO,11.24325,10.83825,3.73677,0.405,19800.01,222616484.919
08/16/2010,ProShares UltraPro S&P500,UPRO,10.83825,10.83395,0.03969,0.0043,19800.01,214597480.059
08/13/2010,ProShares UltraPro S&P500,UPRO,10.83425,10.96425,-1.18567,-0.13,19800.01,214518280.011
08/12/2010,ProShares UltraPro S&P500,UPRO,10.96425,11.14175,-1.59311,-0.1775,19800.01,217092281.571
08/11/2010,ProShares UltraPro S&P500,UPRO,11.14175,12.15425,-8.33042,-1.0125,19800.01,220606783.701
08/10/2010,ProShares UltraPro S&P500,UPRO,12.15425,12.37105,-1.75248,-0.2168,19800.01,240654295.851
08/09/2010,ProShares UltraPro S&P500,UPRO,12.37075,12.17145,1.63744,0.1993,19800.01,244940998.449
08/06/2010,ProShares UltraPro S&P500,UPRO,12.17175,12.30755,-1.10339,-0.1358,19800.01,241000796.061
08/05/2010,ProShares UltraPro S&P500,UPRO,12.3075,12.3533,-0.37075,-0.0458,19800.01,243688647.69
08/04/2010,ProShares UltraPro S&P500,UPRO,12.35325,12.11895,1.93334,0.2343,19800.01,244594498.239
08/03/2010,ProShares UltraPro S&P500,UPRO,12.11925,12.29675,-1.44347,-0.1775,19800.01,239961295.431
08/02/2010,ProShares UltraPro S&P500,UPRO,12.29675,11.53495,6.60428,0.7618,19800.01,243475797.561
07/30/2010,ProShares UltraPro S&P500,UPRO,11.535,11.5325,0.02168,0.0025,19800.01,228393138.42
07/29/2010,ProShares UltraPro S&P500,UPRO,11.5325,11.6768,-1.23578,-0.1443,20400.01,235263138.39
07/28/2010,ProShares UltraPro S&P500,UPRO,11.67675,11.92005,-2.04110,-0.2433,20400.01,238205840.121
07/27/2010,ProShares UltraPro S&P500,UPRO,11.92,11.9568,-0.30777,-0.0368,20400.01,243168143.04
07/26/2010,ProShares UltraPro S&P500,UPRO,11.95675,11.57095,3.33421,0.3858,20400.01,243917843.481
07/23/2010,ProShares UltraPro S&P500,UPRO,11.57075,11.29075,2.47991,0.28,20400.01,236043438.849
07/22/2010,ProShares UltraPro S&P500,UPRO,11.29075,10.57745,6.74359,0.7133,20400.01,230331435.489
07/21/2010,ProShares UltraPro S&P500,UPRO,10.5775,10.9975,-3.81905,-0.42,20400.01,215781126.93
07/20/2010,ProShares UltraPro S&P500,UPRO,10.9975,10.6367,3.39203,0.3608,21000.01,230947631.97
07/19/2010,ProShares UltraPro S&P500,UPRO,10.63675,10.44745,1.81193,0.1893,21000.01,223371877.641
07/16/2010,ProShares UltraPro S&P500,UPRO,10.4475,11.4293,-8.59020,-0.9818,21000.01,219397625.37
07/15/2010,ProShares UltraPro S&P500,UPRO,11.42925,11.39425,0.30717,0.035,21000.01,240014387.151
07/14/2010,ProShares UltraPro S&P500,UPRO,11.39425,11.39925,-0.04386,-0.005,21000.01,239279386.731
07/13/2010,ProShares UltraPro S&P500,UPRO,11.39925,10.89595,4.61915,0.5033,21000.01,239384386.791
07/12/2010,ProShares UltraPro S&P500,UPRO,10.89575,10.87145,0.22352,0.0243,21000.01,228810880.749
07/09/2010,ProShares UltraPro S&P500,UPRO,10.87175,10.64095,2.16898,0.2308,21000.01,228306880.461
07/08/2010,ProShares UltraPro S&P500,UPRO,10.64075,10.34895,2.81961,0.2918,21000.01,223455877.689
07/07/2010,ProShares UltraPro S&P500,UPRO,10.34925,9.44845,9.53384,0.9008,21000.01,217334374.191
07/06/2010,ProShares UltraPro S&P500,UPRO,9.44825,9.29645,1.63288,0.1518,21000.01,198413363.379
07/02/2010,ProShares UltraPro S&P500,UPRO,9.29675,9.43105,-1.42402,-0.1343,21000.01,195231861.561
07/01/2010,ProShares UltraPro S&P500,UPRO,9.43075,9.52155,-0.95363,-0.0908,21000.01,198045863.169
06/30/2010,ProShares UltraPro S&P500,UPRO,9.52175,9.81925,-3.02976,-0.2975,19800.01,188530764.261
06/29/2010,ProShares UltraPro S&P500,UPRO,9.81925,10.82505,-9.29141,-1.0058,19800.01,194421267.831
06/28/2010,ProShares UltraPro S&P500,UPRO,10.825,10.8943,-0.63611,-0.0693,18600.01,201345129.9
06/25/2010,ProShares UltraPro S&P500,UPRO,10.89425,10.79745,0.89651,0.0968,18600.01,202633180.731
06/24/2010,ProShares UltraPro S&P500,UPRO,10.7975,11.3693,-5.02933,-0.5718,17400.01,187876629.57
06/23/2010,ProShares UltraPro S&P500,UPRO,11.36925,11.47505,-0.92200,-0.1058,16200.01,184181986.431
06/22/2010,ProShares UltraPro S&P500,UPRO,11.475,12.0658,-4.89648,-0.5908,16200.01,185895137.7
06/21/2010,ProShares UltraPro S&P500,UPRO,12.06575,12.20325,-1.12675,-0.1375,16200.01,195465294.789
06/18/2010,ProShares UltraPro S&P500,UPRO,12.20325,12.15825,0.37012,0.045,16200.01,197692796.439
06/17/2010,ProShares UltraPro S&P500,UPRO,12.15825,12.10645,0.42787,0.0518,16200.01,196963795.899
06/16/2010,ProShares UltraPro S&P500,UPRO,12.10675,12.12755,-0.17151,-0.0208,16200.01,196129495.281
06/15/2010,ProShares UltraPro S&P500,UPRO,12.1275,11.3307,7.03222,0.7968,16200.01,196465645.53
06/14/2010,ProShares UltraPro S&P500,UPRO,11.33075,11.39155,-0.53373,-0.0608,16200.01,183558285.969
06/11/2010,ProShares UltraPro S&P500,UPRO,11.39175,11.23345,1.40918,0.1583,16200.01,184546486.701
06/10/2010,ProShares UltraPro S&P500,UPRO,11.23325,10.31895,8.86040,0.9143,16200.01,181978784.799
06/09/2010,ProShares UltraPro S&P500,UPRO,10.31925,10.50505,-1.76867,-0.1858,16200.01,167171973.831
06/08/2010,ProShares UltraPro S&P500,UPRO,10.505,10.1675,3.31940,0.3375,16200.01,170181126.06
06/07/2010,ProShares UltraPro S&P500,UPRO,10.1675,10.5983,-4.06480,-0.4308,15000.01,152512622.01
06/04/2010,ProShares UltraPro S&P500,UPRO,10.59825,11.81655,-10.31012,-1.2183,14400.01,152614927.179
06/03/2010,ProShares UltraPro S&P500,UPRO,11.81675,11.67425,1.22064,0.1425,13200.01,155981241.801
06/02/2010,ProShares UltraPro S&P500,UPRO,11.67425,10.82995,7.79597,0.8443,13200.01,154100240.091
06/01/2010,ProShares UltraPro S&P500,UPRO,10.83,11.4193,-5.16056,-0.5893,12000.01,129960129.96
05/28/2010,ProShares UltraPro S&P500,UPRO,11.41925,11.85925,-3.71018,-0.44,12000.01,137031137.031
05/27/2010,ProShares UltraPro S&P500,UPRO,11.85925,10.78245,9.98660,1.0768,12000.01,142311142.311
05/26/2010,ProShares UltraPro S&P500,UPRO,10.7825,10.9658,-1.67156,-0.1833,12000.01,129390129.39
05/25/2010,ProShares UltraPro S&P500,UPRO,10.96575,10.95325,0.11412,0.0125,12000.01,131589131.589
05/24/2010,ProShares UltraPro S&P500,UPRO,10.95325,11.39405,-3.86869,-0.4408,12000.01,131439131.439
05/21/2010,ProShares UltraPro S&P500,UPRO,11.39425,10.90245,4.51091,0.4918,12000.01,136731136.731
05/20/2010,ProShares UltraPro S&P500,UPRO,10.9025,12.3418,-11.66199,-1.4393,10200.01,111205630.83
05/19/2010,ProShares UltraPro S&P500,UPRO,12.34175,12.53255,-1.52244,-0.1908,10200.01,125885998.101
05/18/2010,ProShares UltraPro S&P500,UPRO,12.5325,13.0833,-4.20995,-0.5508,9600.01,120312150.39
05/17/2010,ProShares UltraPro S&P500,UPRO,13.08325,13.03575,0.36438,0.0475,9600.01,125599356.999
05/14/2010,ProShares UltraPro S&P500,UPRO,13.03575,13.81405,-5.63412,-0.7783,9600.01,125143356.429
05/13/2010,ProShares UltraPro S&P500,UPRO,13.81425,14.33605,-3.63978,-0.5218,9600.01,132616965.771
05/12/2010,ProShares UltraPro S&P500,UPRO,14.33575,13.75495,4.22248,0.5808,9600.01,137623372.029
05/11/2010,ProShares UltraPro S&P500,UPRO,13.755,13.8893,-0.96693,-0.1343,9600.01,132048165.06
05/10/2010,ProShares UltraPro S&P500,UPRO,13.88925,12.27175,13.18068,1.6175,9600.01,133336966.671
05/07/2010,ProShares UltraPro S&P500,UPRO,12.27175,12.85755,-4.55608,-0.5858,9600.01,117808947.261
05/06/2010,ProShares UltraPro S&P500,UPRO,12.8575,14.2433,-9.72949,-1.3858,9600.01,123432154.29
05/05/2010,ProShares UltraPro S&P500,UPRO,14.24325,14.51405,-1.86578,-0.2708,9000.01,128189420.919
05/04/2010,ProShares UltraPro S&P500,UPRO,14.51425,15.63255,-7.15366,-1.1183,9000.01,130628424.171
05/03/2010,ProShares UltraPro S&P500,UPRO,15.6325,15.0407,3.93466,0.5918,9000.01,140692687.59
04/30/2010,ProShares UltraPro S&P500,UPRO,15.04075,15.83075,-4.99029,-0.79,9000.01,135366930.489
04/29/2010,ProShares UltraPro S&P500,UPRO,15.83075,15.23995,3.87665,0.5908,9000.01,142476939.969
04/28/2010,ProShares UltraPro S&P500,UPRO,15.24,14.9382,2.02032,0.3018,9000.01,137160182.88
04/27/2010,ProShares UltraPro S&P500,UPRO,14.93825,16.06905,-7.03713,-1.1308,9000.01,134444429.259
04/26/2010,ProShares UltraPro S&P500,UPRO,16.06925,16.27675,-1.27482,-0.2075,9000.01,144623442.831
04/23/2010,ProShares UltraPro S&P500,UPRO,16.27675,15.93995,2.11293,0.3368,9000.01,146490945.321
04/22/2010,ProShares UltraPro S&P500,UPRO,15.94,15.8267,0.71588,0.1133,9000.01,143460191.28
04/21/2010,ProShares UltraPro S&P500,UPRO,15.82675,15.88105,-0.34192,-0.0543,9000.01,142440939.921
04/20/2010,ProShares UltraPro S&P500,UPRO,15.88075,15.50395,2.43035,0.3768,9000.01,142926940.569
04/19/2010,ProShares UltraPro S&P500,UPRO,15.50425,15.29845,1.34523,0.2058,9000.01,139538436.051
04/16/2010,ProShares UltraPro S&P500,UPRO,15.29825,16.07575,-4.83648,-0.7775,9000.01,137684433.579
04/15/2010,ProShares UltraPro S&P500,UPRO,16.07575,16.03395,0.26070,0.0418,9000.01,144681942.909
04/14/2010,ProShares UltraPro S&P500,UPRO,16.03425,15.51745,3.33044,0.5168,9000.01,144308442.411
04/13/2010,ProShares UltraPro S&P500,UPRO,15.5175,15.4832,0.22153,0.0343,9000.01,139657686.21
04/12/2010,ProShares UltraPro S&P500,UPRO,15.48325,15.40145,0.53112,0.0818,9000.01,139349435.799
04/09/2010,ProShares UltraPro S&P500,UPRO,15.40175,15.10095,1.99193,0.3008,9000.01,138615934.821
04/08/2010,ProShares UltraPro S&P500,UPRO,15.10075,14.94995,1.00870,0.1508,9000.01,135906931.209
04/07/2010,ProShares UltraPro S&P500,UPRO,14.95,15.1968,-1.62403,-0.2468,9000.01,134550179.4
04/06/2010,ProShares UltraPro S&P500,UPRO,15.19675,15.11925,0.51259,0.0775,9000.01,136770932.361
04/05/2010,ProShares UltraPro S&P500,UPRO,15.11925,14.76745,2.38227,0.3518,9000.01,136073431.431
04/01/2010,ProShares UltraPro S&P500,UPRO,14.7675,14.4457,2.22765,0.3218,9000.01,132907677.21
03/31/2010,ProShares UltraPro S&P500,UPRO,14.44575,14.59075,-0.99378,-0.145,9000.01,130011923.349
03/30/2010,ProShares UltraPro S&P500,UPRO,14.59075,14.58495,0.03977,0.0058,9000.01,131316925.089
03/29/2010,ProShares UltraPro S&P500,UPRO,14.585,14.3325,1.76173,0.2525,9000.01,131265175.02
03/26/2010,ProShares UltraPro S&P500,UPRO,14.3325,14.3032,0.20485,0.0293,9000.01,128992671.99
03/25/2010,ProShares UltraPro S&P500,UPRO,14.30325,14.37755,-0.51678,-0.0743,9000.01,128729421.639
03/24/2010,ProShares UltraPro S&P500,UPRO,14.3775,14.6233,-1.68088,-0.2458,9000.01,129397672.53
03/23/2010,ProShares UltraPro S&P500,UPRO,14.62325,14.30995,2.18939,0.3133,9000.01,131609425.479
03/22/2010,ProShares UltraPro S&P500,UPRO,14.31,14.0942,1.53113,0.2158,9000.01,128790171.72
03/19/2010,ProShares UltraPro S&P500,UPRO,14.09425,14.31255,-1.52523,-0.2183,9000.01,126848419.131
03/18/2010,ProShares UltraPro S&P500,UPRO,14.3125,14.33,-0.12212,-0.0175,9000.01,128812671.75
03/17/2010,ProShares UltraPro S&P500,UPRO,14.33,14.0825,1.75750,0.2475,9000.01,128970171.96
03/16/2010,ProShares UltraPro S&P500,UPRO,14.0825,13.7607,2.33854,0.3218,9000.01,126742668.99
03/15/2010,ProShares UltraPro S&P500,UPRO,13.76075,13.74145,0.14045,0.0193,9000.01,123846915.129
03/12/2010,ProShares UltraPro S&P500,UPRO,13.74175,13.75175,-0.07272,-0.01,9000.01,123675914.901
03/11/2010,ProShares UltraPro S&P500,UPRO,13.75175,13.57345,1.31359,0.1783,9000.01,123765915.021
03/10/2010,ProShares UltraPro S&P500,UPRO,13.57325,13.38825,1.38181,0.185,9000.01,122159412.879
03/09/2010,ProShares UltraPro S&P500,UPRO,13.38825,13.31895,0.52031,0.0693,9000.01,120494410.659
03/08/2010,ProShares UltraPro S&P500,UPRO,13.31925,13.32175,-0.01877,-0.0025,9000.01,119873409.831
03/05/2010,ProShares UltraPro S&P500,UPRO,13.32175,12.78095,4.23130,0.5408,9000.01,119895909.861
03/04/2010,ProShares UltraPro S&P500,UPRO,12.78075,12.64245,1.09393,0.1383,9000.01,115026903.369
03/03/2010,ProShares UltraPro S&P500,UPRO,12.6425,12.6175,0.19814,0.025,9000.01,113782651.71
03/02/2010,ProShares UltraPro S&P500,UPRO,12.6175,12.5307,0.69270,0.0868,9000.01,113557651.41
03/01/2010,ProShares UltraPro S&P500,UPRO,12.53075,12.15895,3.05783,0.3718,9000.01,112776900.369
02/26/2010,ProShares UltraPro S&P500,UPRO,12.15925,12.11175,0.39218,0.0475,9000.01,109433395.911
02/25/2010,ProShares UltraPro S&P500,UPRO,12.11175,12.17605,-0.52809,-0.0643,9000.01,109005895.341
02/24/2010,ProShares UltraPro S&P500,UPRO,12.17575,11.82645,2.95355,0.3493,9000.01,109581896.109
02/23/2010,ProShares UltraPro S&P500,UPRO,11.82675,12.27255,-3.63250,-0.4458,9000.01,106440891.921
02/22/2010,ProShares UltraPro S&P500,UPRO,12.2725,12.31,-0.30463,-0.0375,9000.01,110452647.27
02/19/2010,ProShares UltraPro S&P500,UPRO,12.31,12.2257,0.68953,0.0843,9000.01,110790147.72
02/18/2010,ProShares UltraPro S&P500,UPRO,12.22575,11.98825,1.98111,0.2375,9000.01,110031896.709
02/17/2010,ProShares UltraPro S&P500,UPRO,11.98825,11.82995,1.33813,0.1583,9000.01,107894393.859
02/16/2010,ProShares UltraPro S&P500,UPRO,11.83,11.2282,5.35972,0.6018,9000.01,106470141.96
02/12/2010,ProShares UltraPro S&P500,UPRO,11.22825,11.30905,-0.71447,-0.0808,9000.01,101054384.739
02/11/2010,ProShares UltraPro S&P500,UPRO,11.30925,10.98345,2.96628,0.3258,9000.01,101783385.711
02/10/2010,ProShares UltraPro S&P500,UPRO,10.98325,11.05075,-0.61082,-0.0675,9000.01,98849381.799
02/09/2010,ProShares UltraPro S&P500,UPRO,11.05075,10.63395,3.91952,0.4168,9000.01,99456882.609
02/08/2010,ProShares UltraPro S&P500,UPRO,10.63425,10.91355,-2.55920,-0.2793,9000.01,95708377.611
02/05/2010,ProShares UltraPro S&P500,UPRO,10.91325,10.81895,0.87162,0.0943,9000.01,98219380.959
02/04/2010,ProShares UltraPro S&P500,UPRO,10.81925,11.93425,-9.34286,-1.115,9000.01,97373379.831
02/03/2010,ProShares UltraPro S&P500,UPRO,11.93425,12.12255,-1.55330,-0.1883,9000.01,107408393.211
02/02/2010,ProShares UltraPro S&P500,UPRO,12.1225,11.6682,3.89349,0.4543,9000.01,109102645.47
02/01/2010,ProShares UltraPro S&P500,UPRO,11.66825,11.18995,4.27437,0.4783,9000.01,105014390.019
01/29/2010,ProShares UltraPro S&P500,UPRO,11.19,11.5318,-2.96398,-0.3418,9000.01,100710134.28
01/28/2010,ProShares UltraPro S&P500,UPRO,11.53175,11.95355,-3.52866,-0.4218,9000.01,103785888.381
01/27/2010,ProShares UltraPro S&P500,UPRO,11.95325,11.77995,1.47114,0.1733,9000.01,107579393.439
01/26/2010,ProShares UltraPro S&P500,UPRO,11.78,11.9318,-1.27223,-0.1518,9000.01,106020141.36
01/25/2010,ProShares UltraPro S&P500,UPRO,11.93175,11.76845,1.38761,0.1633,9000.01,107385893.181
01/22/2010,ProShares UltraPro S&P500,UPRO,11.76825,12.60575,-6.64379,-0.8375,9000.01,105914391.219
01/21/2010,ProShares UltraPro S&P500,UPRO,12.60575,13.36825,-5.70381,-0.7625,9000.01,113451901.269
01/20/2010,ProShares UltraPro S&P500,UPRO,13.36825,13.80075,-3.13389,-0.4325,9000.01,120314410.419
01/19/2010,ProShares UltraPro S&P500,UPRO,13.80075,13.30325,3.73969,0.4975,9000.01,124206915.609
01/15/2010,ProShares UltraPro S&P500,UPRO,13.30325,13.75155,-3.26000,-0.4483,9000.01,119729409.639
01/14/2010,ProShares UltraPro S&P500,UPRO,13.75175,13.65175,0.73251,0.1,9000.01,123765915.021
01/13/2010,ProShares UltraPro S&P500,UPRO,13.65175,13.31345,2.54104,0.3383,9000.01,122865913.821
01/12/2010,ProShares UltraPro S&P500,UPRO,13.31325,13.70075,-2.82831,-0.3875,9000.01,119819409.759
01/11/2010,ProShares UltraPro S&P500,UPRO,13.70075,13.63145,0.50838,0.0693,9000.01,123306914.409
01/08/2010,ProShares UltraPro S&P500,UPRO,13.63175,13.51495,0.86423,0.1168,8400.01,114506863.581
01/07/2010,ProShares UltraPro S&P500,UPRO,13.515,13.3517,1.22307,0.1633,8400.01,113526162.18
01/06/2010,ProShares UltraPro S&P500,UPRO,13.35175,13.31345,0.28768,0.0383,8400.01,112154860.221
01/05/2010,ProShares UltraPro S&P500,UPRO,13.31325,13.19245,0.91568,0.1208,8400.01,111831459.759
01/04/2010,ProShares UltraPro S&P500,UPRO,13.1925,12.5825,4.84800,0.61,8400.01,110817158.31
12/31/2009,ProShares UltraPro S&P500,UPRO,12.5825,12.9733,-3.01234,-0.3908,8400.01,105693150.99
12/30/2009,ProShares UltraPro S&P500,UPRO,12.97325,12.96745,0.04473,0.0058,8400.01,108975455.679
12/29/2009,ProShares UltraPro S&P500,UPRO,12.9675,13.0168,-0.37874,-0.0493,8400.01,108927155.61
12/28/2009,ProShares UltraPro S&P500,UPRO,13.01675,12.96845,0.37244,0.0483,8400.01,109340856.201
12/24/2009,ProShares UltraPro S&P500,UPRO,12.96825,12.76575,1.58628,0.2025,8400.01,108933455.619
12/23/2009,ProShares UltraPro S&P500,UPRO,12.76575,12.68075,0.67031,0.085,8400.01,107232453.189
12/22/2009,ProShares UltraPro S&P500,UPRO,12.68075,12.54645,1.07042,0.1343,8400.01,106518452.169
12/21/2009,ProShares UltraPro S&P500,UPRO,12.54675,12.16595,3.13005,0.3808,8400.01,105392850.561
12/18/2009,ProShares UltraPro S&P500,UPRO,12.16575,11.95645,1.75052,0.2093,8400.01,102192445.989
12/17/2009,ProShares UltraPro S&P500,UPRO,11.95675,12.39675,-3.54932,-0.44,8400.01,100436843.481
12/16/2009,ProShares UltraPro S&P500,UPRO,12.39675,12.35345,0.35051,0.0433,9000.01,111570898.761
12/15/2009,ProShares UltraPro S&P500,UPRO,12.35325,12.56075,-1.65197,-0.2075,9000.01,111179398.239
12/14/2009,ProShares UltraPro S&P500,UPRO,12.56075,12.30645,2.06640,0.2543,9000.01,113046900.729
12/11/2009,ProShares UltraPro S&P500,UPRO,12.30675,12.16175,1.19226,0.145,9000.01,110760897.681
12/10/2009,ProShares UltraPro S&P500,UPRO,12.16175,11.94995,1.77239,0.2118,9000.01,109455895.941
12/09/2009,ProShares UltraPro S&P500,UPRO,11.95,11.8182,1.11523,0.1318,9000.01,107550143.4
12/08/2009,ProShares UltraPro S&P500,UPRO,11.81825,12.19075,-3.05560,-0.3725,9000.01,106364391.819
12/07/2009,ProShares UltraPro S&P500,UPRO,12.19075,12.27905,-0.71911,-0.0883,9000.01,109716896.289
12/04/2009,ProShares UltraPro S&P500,UPRO,12.27925,12.08175,1.63470,0.1975,9000.01,110513397.351
12/03/2009,ProShares UltraPro S&P500,UPRO,12.08175,12.39105,-2.49616,-0.3093,9000.01,108735894.981
12/02/2009,ProShares UltraPro S&P500,UPRO,12.39075,12.37495,0.12768,0.0158,9000.01,111516898.689
12/01/2009,ProShares UltraPro S&P500,UPRO,12.375,11.9432,3.61545,0.4318,9000.01,111375148.5
11/30/2009,ProShares UltraPro S&P500,UPRO,11.94325,11.80645,1.15869,0.1368,7200.01,85991543.319
11/27/2009,ProShares UltraPro S&P500,UPRO,11.80675,12.43925,-5.08471,-0.6325,7200.01,85008741.681
11/25/2009,ProShares UltraPro S&P500,UPRO,12.43925,12.27345,1.35088,0.1658,7200.01,89562749.271
11/24/2009,ProShares UltraPro S&P500,UPRO,12.27325,12.28655,-0.10825,-0.0133,7200.01,88367547.279
11/23/2009,ProShares UltraPro S&P500,UPRO,12.28675,11.80845,4.05049,0.4783,7200.01,88464747.441
11/20/2009,ProShares UltraPro S&P500,UPRO,11.80825,11.91505,-0.89635,-0.1068,7200.01,85019541.699
11/19/2009,ProShares UltraPro S&P500,UPRO,11.915,12.4158,-4.03357,-0.5008,7200.01,85788142.98
11/18/2009,ProShares UltraPro S&P500,UPRO,12.41575,12.43005,-0.11504,-0.0143,7200.01,89393548.989
11/17/2009,ProShares UltraPro S&P500,UPRO,12.43,12.3907,0.31717,0.0393,7200.01,89496149.16
11/16/2009,ProShares UltraPro S&P500,UPRO,12.39075,11.87075,4.38052,0.52,7200.01,89213548.689
11/13/2009,ProShares UltraPro S&P500,UPRO,11.87075,11.67075,1.71369,0.2,7200.01,85469542.449
11/12/2009,ProShares UltraPro S&P500,UPRO,11.67075,12.03655,-3.03908,-0.3658,8400.01,98034440.049
11/11/2009,ProShares UltraPro S&P500,UPRO,12.03675,11.85675,1.51812,0.18,8400.01,101108844.441
11/10/2009,ProShares UltraPro S&P500,UPRO,11.85675,11.85245,0.03628,0.0043,8400.01,99596842.281
11/09/2009,ProShares UltraPro S&P500,UPRO,11.8525,11.1032,6.74850,0.7493,8400.01,99561142.23
11/06/2009,ProShares UltraPro S&P500,UPRO,11.10325,11.01645,0.78791,0.0868,8400.01,93267433.239
11/05/2009,ProShares UltraPro S&P500,UPRO,11.01675,10.41345,5.79347,0.6033,8400.01,92540832.201
11/04/2009,ProShares UltraPro S&P500,UPRO,10.41325,10.36995,0.41755,0.0433,8400.01,87471424.959
11/03/2009,ProShares UltraPro S&P500,UPRO,10.37,10.2957,0.72166,0.0743,8400.01,87108124.44
11/02/2009,ProShares UltraPro S&P500,UPRO,10.29575,10.10075,1.93055,0.195,7200.01,74129523.549
10/30/2009,ProShares UltraPro S&P500,UPRO,10.10075,11.02905,-8.41686,-0.9283,7200.01,72725521.209
10/29/2009,ProShares UltraPro S&P500,UPRO,11.02925,10.32995,6.76964,0.6993,7200.01,79410732.351
10/28/2009,ProShares UltraPro S&P500,UPRO,10.33,10.97,-5.83409,-0.64,9000.01,92970123.96
10/27/2009,ProShares UltraPro S&P500,UPRO,10.97,11.0808,-0.99993,-0.1108,9000.01,98730131.64
10/26/2009,ProShares UltraPro S&P500,UPRO,11.08075,11.48505,-3.52023,-0.4043,7200.01,79781532.969
10/23/2009,ProShares UltraPro S&P500,UPRO,11.485,11.9218,-3.66388,-0.4368,7200.01,82692137.82
10/22/2009,ProShares UltraPro S&P500,UPRO,11.92175,11.55175,3.20298,0.37,8400.01,100142843.061
10/21/2009,ProShares UltraPro S&P500,UPRO,11.55175,11.86255,-2.62001,-0.3108,8400.01,97034838.621
10/20/2009,ProShares UltraPro S&P500,UPRO,11.8625,12.0893,-1.87604,-0.2268,6600.01,78292642.35
10/19/2009,ProShares UltraPro S&P500,UPRO,12.08925,11.75925,2.80630,0.33,6600.01,79789195.071
10/16/2009,ProShares UltraPro S&P500,UPRO,11.75925,12.05175,-2.42703,-0.2925,5400.01,63500091.111
10/15/2009,ProShares UltraPro S&P500,UPRO,12.05175,11.90495,1.23310,0.1468,5400.01,65079594.621
10/14/2009,ProShares UltraPro S&P500,UPRO,11.905,11.31,5.26083,0.595,5400.01,64287142.86
10/13/2009,ProShares UltraPro S&P500,UPRO,11.31,11.4033,-0.81818,-0.0933,4800.01,54288135.72
10/12/2009,ProShares UltraPro S&P500,UPRO,11.40325,11.25745,1.29514,0.1458,4800.01,54735736.839
10/09/2009,ProShares UltraPro S&P500,UPRO,11.2575,11.07,1.69377,0.1875,4800.01,54036135.09
10/08/2009,ProShares UltraPro S&P500,UPRO,11.07,10.8275,2.23967,0.2425,4800.01,53136132.84
10/07/2009,ProShares UltraPro S&P500,UPRO,10.8275,10.7242,0.96324,0.1033,4800.01,51972129.93
10/06/2009,ProShares UltraPro S&P500,UPRO,10.72425,10.30095,4.10933,0.4233,4800.01,51476528.691
10/05/2009,ProShares UltraPro S&P500,UPRO,10.30075,9.86075,4.46214,0.44,4800.01,49443723.609
10/02/2009,ProShares UltraPro S&P500,UPRO,9.86075,9.99505,-1.34367,-0.1343,4800.01,47331718.329
10/01/2009,ProShares UltraPro S&P500,UPRO,9.995,10.8318,-7.72540,-0.8368,4800.01,47976119.94
09/30/2009,ProShares UltraPro S&P500,UPRO,10.83175,10.93925,-0.98270,-0.1075,4800.01,51992529.981
09/29/2009,ProShares UltraPro S&P500,UPRO,10.93925,11.01355,-0.67462,-0.0743,4800.01,52508531.271
09/28/2009,ProShares UltraPro S&P500,UPRO,11.01325,10.45075,5.38239,0.5625,4800.01,52863732.159
09/25/2009,ProShares UltraPro S&P500,UPRO,10.45075,10.64505,-1.82526,-0.1943,4800.01,50163725.409
09/24/2009,ProShares UltraPro S&P500,UPRO,10.645,10.9593,-2.86788,-0.3143,4800.01,51096127.74
09/23/2009,ProShares UltraPro S&P500,UPRO,10.95925,11.30005,-3.01592,-0.3408,4800.01,52604531.511
09/22/2009,ProShares UltraPro S&P500,UPRO,11.3,11.0817,1.96991,0.2183,4800.01,54240135.6
09/21/2009,ProShares UltraPro S&P500,UPRO,11.08175,11.19675,-1.02708,-0.115,4800.01,53192532.981
09/18/2009,ProShares UltraPro S&P500,UPRO,11.19675,11.11245,0.75861,0.0843,4800.01,53744534.361
09/17/2009,ProShares UltraPro S&P500,UPRO,11.1125,11.2083,-0.85472,-0.0958,4800.01,53340133.35
09/16/2009,ProShares UltraPro S&P500,UPRO,11.20825,10.71575,4.59604,0.4925,4800.01,53799734.499
09/15/2009,ProShares UltraPro S&P500,UPRO,10.71575,10.61495,0.94960,0.1008,4800.01,51435728.589
09/14/2009,ProShares UltraPro S&P500,UPRO,10.615,10.4192,1.87922,0.1958,4800.01,50952127.38
09/11/2009,ProShares UltraPro S&P500,UPRO,10.41925,10.45425,-0.33479,-0.035,4800.01,50012525.031
09/10/2009,ProShares UltraPro S&P500,UPRO,10.45425,10.13845,3.11487,0.3158,4800.01,50180525.451
09/09/2009,ProShares UltraPro S&P500,UPRO,10.13825,9.90495,2.35539,0.2333,4800.01,48663721.659
09/08/2009,ProShares UltraPro S&P500,UPRO,9.905,9.6467,2.67760,0.2583,4800.01,47544118.86
09/04/2009,ProShares UltraPro S&P500,UPRO,9.64675,9.27925,3.96045,0.3675,4800.01,46304515.761
09/03/2009,ProShares UltraPro S&P500,UPRO,9.27925,9.04595,2.57905,0.2333,4800.01,44540511.351
09/02/2009,ProShares UltraPro S&P500,UPRO,9.04575,9.13255,-0.95045,-0.0868,4800.01,43419708.549
09/01/2009,ProShares UltraPro S&P500,UPRO,9.1325,9.7833,-6.65215,-0.6508,3600.01,32877109.59
08/31/2009,ProShares UltraPro S&P500,UPRO,9.78325,10.02655,-2.42656,-0.2433,3600.01,35219817.399
08/28/2009,ProShares UltraPro S&P500,UPRO,10.02675,10.07925,-0.52087,-0.0525,3600.01,36096420.321
08/27/2009,ProShares UltraPro S&P500,UPRO,10.07925,9.99425,0.85049,0.085,3600.01,36285420.951
08/26/2009,ProShares UltraPro S&P500,UPRO,9.99425,9.98925,0.05005,0.005,3600.01,35979419.931
08/25/2009,ProShares UltraPro S&P500,UPRO,9.98925,9.91925,0.70570,0.07,3600.01,35961419.871
08/24/2009,ProShares UltraPro S&P500,UPRO,9.91925,9.93255,-0.13390,-0.0133,3600.01,35709419.031
08/21/2009,ProShares UltraPro S&P500,UPRO,9.9325,9.4032,5.62893,0.5293,3600.01,35757119.19
08/20/2009,ProShares UltraPro S&P500,UPRO,9.40325,9.10575,3.26717,0.2975,3600.01,33851812.839
08/19/2009,ProShares UltraPro S&P500,UPRO,9.10575,8.91575,2.13106,0.19,3600.01,32780809.269
08/18/2009,ProShares UltraPro S&P500,UPRO,8.91575,8.64995,3.07285,0.2658,3600.01,32096806.989
08/17/2009,ProShares UltraPro S&P500,UPRO,8.65,9.3268,-7.25651,-0.6768,3600.01,31140103.8
08/14/2009,ProShares UltraPro S&P500,UPRO,9.32675,9.57175,-2.55962,-0.245,3600.01,33576411.921
08/13/2009,ProShares UltraPro S&P500,UPRO,9.57175,9.37425,2.10684,0.1975,3600.01,34458414.861
08/12/2009,ProShares UltraPro S&P500,UPRO,9.37425,9.05345,3.54340,0.3208,3600.01,33747412.491
08/11/2009,ProShares UltraPro S&P500,UPRO,9.05325,9.40405,-3.73031,-0.3508,3600.01,32591808.639
08/10/2009,ProShares UltraPro S&P500,UPRO,9.40425,9.49675,-0.97402,-0.0925,3600.01,33855412.851
08/07/2009,ProShares UltraPro S&P500,UPRO,9.49675,9.13095,4.00615,0.3658,3600.01,34188413.961
08/06/2009,ProShares UltraPro S&P500,UPRO,9.13075,9.28325,-1.64274,-0.1525,3600.01,32870809.569
08/05/2009,ProShares UltraPro S&P500,UPRO,9.28325,9.35655,-0.78341,-0.0733,3600.01,33419811.399
08/04/2009,ProShares UltraPro S&P500,UPRO,9.35675,9.27345,0.89826,0.0833,3600.01,33684412.281
08/03/2009,ProShares UltraPro S&P500,UPRO,9.27325,8.86395,4.61758,0.4093,3600.01,33383811.279
07/31/2009,ProShares UltraPro S&P500,UPRO,8.86425,8.84425,0.22614,0.02,3600.01,31911406.371
07/30/2009,ProShares UltraPro S&P500,UPRO,8.84425,8.53995,3.56325,0.3043,3600.01,31839406.131
07/29/2009,ProShares UltraPro S&P500,UPRO,8.54,8.655,-1.32871,-0.115,3600.01,30744102.48
07/28/2009,ProShares UltraPro S&P500,UPRO,8.655,8.725,-0.80229,-0.07,3600.01,31158103.86
07/27/2009,ProShares UltraPro S&P500,UPRO,8.725,8.6482,0.88805,0.0768,3600.01,31410104.7
07/24/2009,ProShares UltraPro S&P500,UPRO,8.64825,8.56745,0.94310,0.0808,3600.01,31133803.779
07/23/2009,ProShares UltraPro S&P500,UPRO,8.5675,8.01,6.96005,0.5575,3600.01,30843102.81
07/22/2009,ProShares UltraPro S&P500,UPRO,8.01,8.0193,-0.11597,-0.0093,3600.01,28836096.12
07/21/2009,ProShares UltraPro S&P500,UPRO,8.01925,7.93095,1.11336,0.0883,3600.01,28869396.231
07/20/2009,ProShares UltraPro S&P500,UPRO,7.93075,7.67075,3.38950,0.26,3600.01,28550795.169
07/17/2009,ProShares UltraPro S&P500,UPRO,7.67075,7.67905,-0.10809,-0.0083,3600.01,27614792.049
07/16/2009,ProShares UltraPro S&P500,UPRO,7.67925,7.48425,2.60547,0.195,3600.01,27645392.151
07/15/2009,ProShares UltraPro S&P500,UPRO,7.48425,6.87345,8.88637,0.6108,3600.01,26943389.811
07/14/2009,ProShares UltraPro S&P500,UPRO,6.87325,6.76495,1.60090,0.1083,3600.01,24743782.479
07/13/2009,ProShares UltraPro S&P500,UPRO,6.765,6.2925,7.50894,0.4725,3600.01,24354081.18
07/10/2009,ProShares UltraPro S&P500,UPRO,6.2925,6.3683,-1.19027,-0.0758,3600.01,22653075.51
07/09/2009,ProShares UltraPro S&P500,UPRO,6.36825,6.30325,1.03121,0.065,3600.01,22925776.419
07/08/2009,ProShares UltraPro S&P500,UPRO,6.30325,6.32325,-0.31629,-0.02,3600.01,22691775.639
07/07/2009,ProShares UltraPro S&P500,UPRO,6.32325,6.72255,-5.93971,-0.3993,3600.01,22763775.879
07/06/2009,ProShares UltraPro S&P500,UPRO,6.7225,6.6732,0.73878,0.0493,3600.01,24201080.67
07/02/2009,ProShares UltraPro S&P500,UPRO,6.67325,7.31075,-8.72004,-0.6375,3600.01,24023780.079
07/01/2009,ProShares UltraPro S&P500,UPRO,7.31075,7.21495,1.32780,0.0958,3600.01,26318787.729
06/30/2009,ProShares UltraPro S&P500,UPRO,7.215,7.4025,-2.53293,-0.1875,3600.01,25974086.58
06/29/2009,ProShares UltraPro S&P500,UPRO,7.4025,7.205,2.74115,0.1975,1200.01,8883088.83
06/26/2009,ProShares UltraPro S&P500,UPRO,7.205,7.2343,-0.40501,-0.0293,1200.01,8646086.46
06/25/2009,ProShares UltraPro S&P500,UPRO,7.23425,6.79745,6.42594,0.4368,1200.01,8681186.811
06/24/2009,ProShares UltraPro S&P500,UPRO,6.7975,6.6667,1.96199,0.1308,1200.01,8157081.57
06/23/2009,ProShares UltraPro S&P500,UPRO,6.66675,6.66675,0.00000,0,1200.01,8000180.001
