Date,ProShares Name,Ticker,NAV,Prior NAV,NAV Change (%),NAV Change ($),Shares Outstanding (000),Assets Under Management
09/12/2016,ProShares Short S&P500,SH,38.3,38.87,-1.46643,-0.57,71505.83,2738673135.8
09/09/2016,ProShares Short S&P500,SH,38.87,37.94,2.45124,0.93,71505.83,2779431456.62
09/08/2016,ProShares Short S&P500,SH,37.94,37.86,0.21130,0.08,71505.83,2712931038.44
09/07/2016,ProShares Short S&P500,SH,37.86,37.86,0.00000,0,71505.83,2707210572.36
09/06/2016,ProShares Short S&P500,SH,37.86,37.98,-0.31596,-0.12,71505.83,2707210572.36
09/02/2016,ProShares Short S&P500,SH,37.98,38.14,-0.41951,-0.16,70455.83,2675912271.48
09/01/2016,ProShares Short S&P500,SH,38.14,38.14,0.00000,0,71055.83,2710069203.64
08/31/2016,ProShares Short S&P500,SH,38.14,38.06,0.21019,0.08,70930.83,2705301703.64
08/30/2016,ProShares Short S&P500,SH,38.06,37.99,0.18426,0.07,70130.83,2669179237.56
08/29/2016,ProShares Short S&P500,SH,37.99,38.19,-0.52370,-0.2,69980.83,2658571579.74
08/26/2016,ProShares Short S&P500,SH,38.19,38.13,0.15736,0.06,69305.83,2646789494.94
08/25/2016,ProShares Short S&P500,SH,38.13,38.08,0.13130,0.05,69005.83,2631192145.38
08/24/2016,ProShares Short S&P500,SH,38.08,37.89,0.50145,0.19,68605.83,2612509854.08
08/23/2016,ProShares Short S&P500,SH,37.89,37.96,-0.18440,-0.07,68605.83,2599474747.14
08/22/2016,ProShares Short S&P500,SH,37.96,37.94,0.05271,0.02,68555.83,2602379154.96
08/19/2016,ProShares Short S&P500,SH,37.94,37.89,0.13196,0.05,68155.83,2585832038.44
08/18/2016,ProShares Short S&P500,SH,37.89,37.98,-0.23697,-0.09,68155.83,2582424247.14
08/17/2016,ProShares Short S&P500,SH,37.98,38.06,-0.21019,-0.08,68155.83,2588558271.48
08/16/2016,ProShares Short S&P500,SH,38.06,37.86,0.52826,0.2,68155.83,2594010737.56
08/15/2016,ProShares Short S&P500,SH,37.86,37.97,-0.28970,-0.11,68155.83,2580379572.36
08/12/2016,ProShares Short S&P500,SH,37.97,37.94,0.07907,0.03,68155.83,2587876713.22
08/11/2016,ProShares Short S&P500,SH,37.94,38.13,-0.49830,-0.19,68605.83,2602905038.44
08/10/2016,ProShares Short S&P500,SH,38.13,38.03,0.26295,0.1,68605.83,2615940145.38
08/09/2016,ProShares Short S&P500,SH,38.03,38.05,-0.05256,-0.02,68605.83,2609079562.78
08/08/2016,ProShares Short S&P500,SH,38.05,38.02,0.07891,0.03,68605.83,2610451679.3
08/05/2016,ProShares Short S&P500,SH,38.02,38.35,-0.86050,-0.33,68605.83,2608393504.52
08/04/2016,ProShares Short S&P500,SH,38.35,38.37,-0.05212,-0.02,68605.83,2631033427.1
08/03/2016,ProShares Short S&P500,SH,38.37,38.5,-0.33766,-0.13,68605.83,2632405543.62
08/02/2016,ProShares Short S&P500,SH,38.5,38.26,0.62729,0.24,67655.83,2604749301
08/01/2016,ProShares Short S&P500,SH,38.26,38.21,0.13086,0.05,67655.83,2588511902.76
07/29/2016,ProShares Short S&P500,SH,38.21,38.28,-0.18286,-0.07,67255.83,2569845111.46
07/28/2016,ProShares Short S&P500,SH,38.28,38.34,-0.15649,-0.06,67005.83,2564983019.28
07/27/2016,ProShares Short S&P500,SH,38.34,38.29,0.13058,0.05,67005.83,2569003368.84
07/26/2016,ProShares Short S&P500,SH,38.29,38.31,-0.05221,-0.02,67005.83,2565653077.54
07/25/2016,ProShares Short S&P500,SH,38.31,38.2,0.28796,0.11,67005.83,2566993194.06
07/22/2016,ProShares Short S&P500,SH,38.2,38.37,-0.44305,-0.17,67005.83,2559622553.2
07/21/2016,ProShares Short S&P500,SH,38.37,38.23,0.36620,0.14,67005.83,2571013543.62
07/20/2016,ProShares Short S&P500,SH,38.23,38.4,-0.44271,-0.17,67005.83,2561632727.98
07/19/2016,ProShares Short S&P500,SH,38.4,38.35,0.13038,0.05,67005.83,2573023718.4
07/18/2016,ProShares Short S&P500,SH,38.35,38.44,-0.23413,-0.09,67005.83,2569673427.1
07/15/2016,ProShares Short S&P500,SH,38.44,38.41,0.07810,0.03,67005.83,2575703951.44
07/14/2016,ProShares Short S&P500,SH,38.41,38.61,-0.51800,-0.2,67005.83,2573693776.66
07/13/2016,ProShares Short S&P500,SH,38.61,38.62,-0.02589,-0.01,66555.83,2569720441.86
07/12/2016,ProShares Short S&P500,SH,38.62,38.89,-0.69427,-0.27,66305.83,2560731000.12
07/11/2016,ProShares Short S&P500,SH,38.89,39.03,-0.35870,-0.14,66305.83,2578633573.14
07/08/2016,ProShares Short S&P500,SH,39.03,39.63,-1.51400,-0.6,66305.83,2587916388.78
07/07/2016,ProShares Short S&P500,SH,39.63,39.6,0.07576,0.03,66305.83,2627699884.38
07/06/2016,ProShares Short S&P500,SH,39.6,39.83,-0.57745,-0.23,65555.83,2596010709.6
07/05/2016,ProShares Short S&P500,SH,39.83,39.56,0.68251,0.27,65155.83,2595156549.58
07/01/2016,ProShares Short S&P500,SH,39.56,39.65,-0.22699,-0.09,65162.5,2577828500
06/30/2016,ProShares Short S&P500,SH,39.65,40.19,-1.34362,-0.54,65162.5,2583693125
06/29/2016,ProShares Short S&P500,SH,40.19,40.9,-1.73594,-0.71,67512.5,2713327375
06/28/2016,ProShares Short S&P500,SH,40.9,41.64,-1.77714,-0.74,67512.5,2761261250
06/27/2016,ProShares Short S&P500,SH,41.64,40.91,1.78440,0.73,68712.5,2861188500
06/24/2016,ProShares Short S&P500,SH,40.91,39.48,3.62209,1.43,70162.5,2870347875
06/23/2016,ProShares Short S&P500,SH,39.48,40.02,-1.34933,-0.54,71462.5,2821339500
06/22/2016,ProShares Short S&P500,SH,40.02,39.96,0.15015,0.06,71462.5,2859929250
06/21/2016,ProShares Short S&P500,SH,39.96,40.06,-0.24963,-0.1,73362.5,2931565500
06/20/2016,ProShares Short S&P500,SH,40.06,40.3,-0.59553,-0.24,75162.5,3011009750
06/17/2016,ProShares Short S&P500,SH,40.3,40.18,0.29866,0.12,75162.5,3029048750
06/16/2016,ProShares Short S&P500,SH,40.18,40.3,-0.29777,-0.12,75162.5,3020029250
06/15/2016,ProShares Short S&P500,SH,40.3,40.24,0.14911,0.06,76137.5,3068341250
06/14/2016,ProShares Short S&P500,SH,40.24,40.16,0.19920,0.08,76137.5,3063773000
06/13/2016,ProShares Short S&P500,SH,40.16,39.86,0.75263,0.3,76137.5,3057682000
06/10/2016,ProShares Short S&P500,SH,39.86,39.5,0.91139,0.36,75587.5,3012917750
06/09/2016,ProShares Short S&P500,SH,39.5,39.44,0.15213,0.06,75787.5,2993606250
06/08/2016,ProShares Short S&P500,SH,39.44,39.56,-0.30334,-0.12,75787.5,2989059000
06/07/2016,ProShares Short S&P500,SH,39.56,39.62,-0.15144,-0.06,76787.5,3037713500
06/06/2016,ProShares Short S&P500,SH,39.62,39.82,-0.50226,-0.2,76612.5,3035387250
06/03/2016,ProShares Short S&P500,SH,39.82,39.7,0.30227,0.12,76187.5,3033786250
06/02/2016,ProShares Short S&P500,SH,39.7,39.82,-0.30136,-0.12,76187.5,3024643750
06/01/2016,ProShares Short S&P500,SH,39.82,39.88,-0.15045,-0.06,75562.5,3008898750
05/31/2016,ProShares Short S&P500,SH,39.88,39.84,0.10040,0.04,75562.5,3013432500
05/27/2016,ProShares Short S&P500,SH,39.84,40.02,-0.44978,-0.18,75212.5,2996466000
05/26/2016,ProShares Short S&P500,SH,40.02,40.02,0.00000,0,75212.5,3010004250
05/25/2016,ProShares Short S&P500,SH,40.02,40.3,-0.69479,-0.28,75212.5,3010004250
05/24/2016,ProShares Short S&P500,SH,40.3,40.86,-1.37053,-0.56,75212.5,3031063750
05/23/2016,ProShares Short S&P500,SH,40.86,40.78,0.19617,0.08,74512.5,3044580750
05/20/2016,ProShares Short S&P500,SH,40.78,41.02,-0.58508,-0.24,73237.5,2986625250
05/19/2016,ProShares Short S&P500,SH,41.02,40.88,0.34247,0.14,72637.5,2979590250
05/18/2016,ProShares Short S&P500,SH,40.88,40.88,0.00000,0,72137.5,2948981000
05/17/2016,ProShares Short S&P500,SH,40.88,40.52,0.88845,0.36,71662.5,2929563000
05/16/2016,ProShares Short S&P500,SH,40.52,40.92,-0.97752,-0.4,67737.5,2744723500
05/13/2016,ProShares Short S&P500,SH,40.92,40.58,0.83785,0.34,66062.5,2703277500
05/12/2016,ProShares Short S&P500,SH,40.58,40.58,0.00000,0,65137.5,2643279750
05/11/2016,ProShares Short S&P500,SH,40.58,40.22,0.89508,0.36,65137.5,2643279750
05/10/2016,ProShares Short S&P500,SH,40.22,40.74,-1.27639,-0.52,64037.5,2575588250
05/09/2016,ProShares Short S&P500,SH,40.74,40.76,-0.04907,-0.02,63737.5,2596665750
05/06/2016,ProShares Short S&P500,SH,40.76,40.9,-0.34230,-0.14,63737.5,2597940500
05/05/2016,ProShares Short S&P500,SH,40.9,40.9,0.00000,0,63737.5,2606863750
05/04/2016,ProShares Short S&P500,SH,40.9,40.66,0.59026,0.24,63737.5,2606863750
05/03/2016,ProShares Short S&P500,SH,40.66,40.32,0.84325,0.34,63737.5,2591566750
05/02/2016,ProShares Short S&P500,SH,40.32,40.64,-0.78740,-0.32,63437.5,2557800000
04/29/2016,ProShares Short S&P500,SH,40.64,40.44,0.49456,0.2,63437.5,2578100000
04/28/2016,ProShares Short S&P500,SH,40.44,40.06,0.94858,0.38,63712.5,2576533500
04/27/2016,ProShares Short S&P500,SH,40.06,40.14,-0.19930,-0.08,63212.5,2532292750
04/26/2016,ProShares Short S&P500,SH,40.14,40.22,-0.19891,-0.08,63212.5,2537349750
04/25/2016,ProShares Short S&P500,SH,40.22,40.14,0.19930,0.08,63212.5,2542406750
04/22/2016,ProShares Short S&P500,SH,40.14,40.14,0.00000,0,62312.5,2501223750
04/21/2016,ProShares Short S&P500,SH,40.14,39.94,0.50075,0.2,62312.5,2501223750
04/20/2016,ProShares Short S&P500,SH,39.94,39.96,-0.05005,-0.02,62312.5,2488761250
04/19/2016,ProShares Short S&P500,SH,39.96,40.1,-0.34913,-0.14,62312.5,2490007500
04/18/2016,ProShares Short S&P500,SH,40.1,40.36,-0.64420,-0.26,62312.5,2498731250
04/15/2016,ProShares Short S&P500,SH,40.36,40.32,0.09921,0.04,62312.5,2514932500
04/14/2016,ProShares Short S&P500,SH,40.32,40.34,-0.04958,-0.02,62337.5,2513448000
04/13/2016,ProShares Short S&P500,SH,40.34,40.74,-0.98184,-0.4,62462.5,2519737250
04/12/2016,ProShares Short S&P500,SH,40.74,41.14,-0.97229,-0.4,62162.5,2532500250
04/11/2016,ProShares Short S&P500,SH,41.14,41.04,0.24366,0.1,61962.5,2549137250
04/08/2016,ProShares Short S&P500,SH,41.04,41.14,-0.24307,-0.1,61362.5,2518317000
04/07/2016,ProShares Short S&P500,SH,41.14,40.66,1.18052,0.48,61362.5,2524453250
04/06/2016,ProShares Short S&P500,SH,40.66,41.12,-1.11868,-0.46,61362.5,2494999250
04/05/2016,ProShares Short S&P500,SH,41.12,40.7,1.03194,0.42,61362.5,2523226000
04/04/2016,ProShares Short S&P500,SH,40.7,40.58,0.29571,0.12,61112.5,2487278750
04/01/2016,ProShares Short S&P500,SH,40.58,40.84,-0.63663,-0.26,60937.5,2472843750
03/31/2016,ProShares Short S&P500,SH,40.84,40.76,0.19627,0.08,61337.5,2505023500
03/30/2016,ProShares Short S&P500,SH,40.76,40.94,-0.43967,-0.18,61337.5,2500116500
03/29/2016,ProShares Short S&P500,SH,40.94,41.3,-0.87167,-0.36,62037.5,2539815250
03/28/2016,ProShares Short S&P500,SH,41.3,41.34,-0.09676,-0.04,61687.5,2547693750
03/24/2016,ProShares Short S&P500,SH,41.34,41.32,0.04840,0.02,59787.5,2471615250
03/23/2016,ProShares Short S&P500,SH,41.32,41.06,0.63322,0.26,59787.5,2470419500
03/22/2016,ProShares Short S&P500,SH,41.06,41.02,0.09751,0.04,59787.5,2454874750
03/21/2016,ProShares Short S&P500,SH,41.02,41.06,-0.09742,-0.04,59412.5,2437100750
03/18/2016,ProShares Short S&P500,SH,41.06,41.24,-0.43647,-0.18,58512.5,2402523250
03/17/2016,ProShares Short S&P500,SH,41.24,41.52,-0.67437,-0.28,58512.5,2413055500
03/16/2016,ProShares Short S&P500,SH,41.52,41.76,-0.57471,-0.24,59762.5,2481339000
03/15/2016,ProShares Short S&P500,SH,41.76,41.68,0.19194,0.08,59762.5,2495682000
03/14/2016,ProShares Short S&P500,SH,41.68,41.64,0.09606,0.04,58312.5,2430465000
03/11/2016,ProShares Short S&P500,SH,41.64,42.34,-1.65328,-0.7,58312.5,2428132500
03/10/2016,ProShares Short S&P500,SH,42.34,42.36,-0.04721,-0.02,57562.5,2437196250
03/09/2016,ProShares Short S&P500,SH,42.36,42.58,-0.51667,-0.22,57162.5,2421403500
03/08/2016,ProShares Short S&P500,SH,42.58,42.1,1.14014,0.48,57162.5,2433979250
03/07/2016,ProShares Short S&P500,SH,42.1,42.16,-0.14231,-0.06,56612.5,2383386250
03/04/2016,ProShares Short S&P500,SH,42.16,42.3,-0.33097,-0.14,55862.5,2355163000
03/03/2016,ProShares Short S&P500,SH,42.3,42.44,-0.32988,-0.14,55862.5,2362983750
03/02/2016,ProShares Short S&P500,SH,42.44,42.62,-0.42234,-0.18,56112.5,2381414500
03/01/2016,ProShares Short S&P500,SH,42.62,43.66,-2.38204,-1.04,59112.5,2519374750
02/29/2016,ProShares Short S&P500,SH,43.66,43.32,0.78486,0.34,62962.5,2748942750
02/26/2016,ProShares Short S&P500,SH,43.32,43.24,0.18501,0.08,62137.5,2691796500
02/25/2016,ProShares Short S&P500,SH,43.24,43.76,-1.18830,-0.52,61912.5,2677096500
02/24/2016,ProShares Short S&P500,SH,43.76,43.94,-0.40965,-0.18,61912.5,2709291000
02/23/2016,ProShares Short S&P500,SH,43.94,43.42,1.19760,0.52,61087.5,2684184750
02/22/2016,ProShares Short S&P500,SH,43.42,44.06,-1.45256,-0.64,59562.5,2586203750
02/19/2016,ProShares Short S&P500,SH,44.06,44.06,0.00000,0,59562.5,2624323750
02/18/2016,ProShares Short S&P500,SH,44.06,43.86,0.45600,0.2,59562.5,2624323750
02/17/2016,ProShares Short S&P500,SH,43.86,44.6,-1.65919,-0.74,59012.5,2588288250
02/16/2016,ProShares Short S&P500,SH,44.6,45.36,-1.67549,-0.76,59212.5,2640877500
02/12/2016,ProShares Short S&P500,SH,45.36,46.28,-1.98790,-0.92,60187.5,2730105000
02/11/2016,ProShares Short S&P500,SH,46.28,45.72,1.22485,0.56,60187.5,2785477500
02/10/2016,ProShares Short S&P500,SH,45.72,45.72,0.00000,0,59462.5,2718625500
02/09/2016,ProShares Short S&P500,SH,45.72,45.7,0.04376,0.02,59362.5,2714053500
02/08/2016,ProShares Short S&P500,SH,45.7,45.06,1.42033,0.64,56787.5,2595188750
02/05/2016,ProShares Short S&P500,SH,45.06,44.26,1.80750,0.8,55437.5,2498013750
02/04/2016,ProShares Short S&P500,SH,44.26,44.32,-0.13538,-0.06,55587.5,2460302750
02/03/2016,ProShares Short S&P500,SH,44.32,44.56,-0.53860,-0.24,55087.5,2441478000
02/02/2016,ProShares Short S&P500,SH,44.56,43.76,1.82815,0.8,55087.5,2454699000
02/01/2016,ProShares Short S&P500,SH,43.76,43.74,0.04572,0.02,54837.5,2399689000
01/29/2016,ProShares Short S&P500,SH,43.74,44.84,-2.45317,-1.1,47812.5,2091318750
01/28/2016,ProShares Short S&P500,SH,44.84,45.1,-0.57650,-0.26,47812.5,2143912500
01/27/2016,ProShares Short S&P500,SH,45.1,44.62,1.07575,0.48,47812.5,2156343750
01/26/2016,ProShares Short S&P500,SH,44.62,45.24,-1.37047,-0.62,48737.5,2174667250
01/25/2016,ProShares Short S&P500,SH,45.24,44.56,1.52603,0.68,47862.5,2165299500
01/22/2016,ProShares Short S&P500,SH,44.56,45.48,-2.02287,-0.92,47512.5,2117157000
01/21/2016,ProShares Short S&P500,SH,45.48,45.72,-0.52493,-0.24,48262.5,2194978500
01/20/2016,ProShares Short S&P500,SH,45.72,45.2,1.15044,0.52,47387.5,2166556500
01/19/2016,ProShares Short S&P500,SH,45.2,45.22,-0.04423,-0.02,46387.5,2096715000
01/15/2016,ProShares Short S&P500,SH,45.22,44.28,2.12285,0.94,43862.5,1983462250
01/14/2016,ProShares Short S&P500,SH,44.28,45.02,-1.64371,-0.74,42612.5,1886881500
01/13/2016,ProShares Short S&P500,SH,45.02,43.94,2.45790,1.08,43112.5,1940924750
01/12/2016,ProShares Short S&P500,SH,43.94,44.28,-0.76784,-0.34,43112.5,1894363250
01/11/2016,ProShares Short S&P500,SH,44.28,44.32,-0.09025,-0.04,42262.5,1871383500
01/08/2016,ProShares Short S&P500,SH,44.32,43.84,1.09489,0.48,41362.5,1833186000
01/07/2016,ProShares Short S&P500,SH,43.84,42.82,2.38206,1.02,40262.5,1765108000
01/06/2016,ProShares Short S&P500,SH,42.82,42.28,1.27720,0.54,39137.5,1675867750
01/05/2016,ProShares Short S&P500,SH,42.28,42.38,-0.23596,-0.1,39137.5,1654733500
01/04/2016,ProShares Short S&P500,SH,42.38,41.76,1.48467,0.62,39137.5,1658647250
12/31/2015,ProShares Short S&P500,SH,41.76,41.36,0.96712,0.4,39137.5,1634382000
12/30/2015,ProShares Short S&P500,SH,41.36,41.06,0.73064,0.3,39437.5,1631135000
12/29/2015,ProShares Short S&P500,SH,41.06,41.52,-1.10790,-0.46,39437.5,1619303750
12/28/2015,ProShares Short S&P500,SH,41.52,41.42,0.24143,0.1,39437.5,1637445000
12/24/2015,ProShares Short S&P500,SH,41.42,41.36,0.14507,0.06,39437.5,1633501250
12/23/2015,ProShares Short S&P500,SH,41.36,41.88,-1.24164,-0.52,39437.5,1631135000
12/22/2015,ProShares Short S&P500,SH,41.88,42.26,-0.89920,-0.38,39812.5,1667347500
12/21/2015,ProShares Short S&P500,SH,42.26,42.6,-0.79812,-0.34,40187.5,1698323750
12/18/2015,ProShares Short S&P500,SH,42.6,41.86,1.76780,0.74,41687.5,1775887500
12/17/2015,ProShares Short S&P500,SH,41.86,41.24,1.50339,0.62,41987.5,1757596750
12/16/2015,ProShares Short S&P500,SH,41.24,41.86,-1.48113,-0.62,41987.5,1731564500
12/15/2015,ProShares Short S&P500,SH,41.86,42.3,-1.04019,-0.44,42237.5,1768061750
12/14/2015,ProShares Short S&P500,SH,42.3,42.52,-0.51740,-0.22,40162.5,1698873750
12/11/2015,ProShares Short S&P500,SH,42.52,41.7,1.96643,0.82,40162.5,1707709500
12/10/2015,ProShares Short S&P500,SH,41.7,41.8,-0.23923,-0.1,40162.5,1674776250
12/09/2015,ProShares Short S&P500,SH,41.8,41.48,0.77146,0.32,40912.5,1710142500
12/08/2015,ProShares Short S&P500,SH,41.48,41.22,0.63076,0.26,40912.5,1697050500
12/07/2015,ProShares Short S&P500,SH,41.22,40.94,0.68393,0.28,40912.5,1686413250
12/04/2015,ProShares Short S&P500,SH,40.94,41.8,-2.05742,-0.86,40912.5,1674957750
12/03/2015,ProShares Short S&P500,SH,41.8,41.22,1.40708,0.58,41712.5,1743582500
12/02/2015,ProShares Short S&P500,SH,41.22,40.78,1.07896,0.44,42012.5,1731755250
12/01/2015,ProShares Short S&P500,SH,40.78,41.22,-1.06744,-0.44,42012.5,1713269750
11/30/2015,ProShares Short S&P500,SH,41.22,41.04,0.43860,0.18,42012.5,1731755250
11/27/2015,ProShares Short S&P500,SH,41.04,41.06,-0.04871,-0.02,42012.5,1724193000
11/25/2015,ProShares Short S&P500,SH,41.06,41.06,0.00000,0,42012.5,1725033250
11/24/2015,ProShares Short S&P500,SH,41.06,41.12,-0.14591,-0.06,42762.5,1755828250
11/23/2015,ProShares Short S&P500,SH,41.12,41.08,0.09737,0.04,42762.5,1758394000
11/20/2015,ProShares Short S&P500,SH,41.08,41.24,-0.38797,-0.16,42762.5,1756683500
11/19/2015,ProShares Short S&P500,SH,41.24,41.2,0.09709,0.04,43712.5,1802703500
11/18/2015,ProShares Short S&P500,SH,41.2,41.88,-1.62369,-0.68,43712.5,1800955000
11/17/2015,ProShares Short S&P500,SH,41.88,41.82,0.14347,0.06,44012.5,1843243500
11/16/2015,ProShares Short S&P500,SH,41.82,42.48,-1.55367,-0.66,44962.5,1880331750
11/13/2015,ProShares Short S&P500,SH,42.48,42,1.14286,0.48,44962.5,1910007000
11/12/2015,ProShares Short S&P500,SH,42,41.44,1.35135,0.56,44962.5,1888425000
11/11/2015,ProShares Short S&P500,SH,41.44,41.3,0.33898,0.14,44962.5,1863246000
11/10/2015,ProShares Short S&P500,SH,41.3,41.38,-0.19333,-0.08,44962.5,1856951250
11/09/2015,ProShares Short S&P500,SH,41.38,40.98,0.97609,0.4,44962.5,1860548250
11/06/2015,ProShares Short S&P500,SH,40.98,40.98,0.00000,0,44662.5,1830269250
11/05/2015,ProShares Short S&P500,SH,40.98,40.94,0.09770,0.04,44662.5,1830269250
11/04/2015,ProShares Short S&P500,SH,40.94,40.8,0.34314,0.14,44662.5,1828482750
11/03/2015,ProShares Short S&P500,SH,40.8,40.92,-0.29326,-0.12,44412.5,1812030000
11/02/2015,ProShares Short S&P500,SH,40.92,41.42,-1.20715,-0.5,46012.5,1882831500
10/30/2015,ProShares Short S&P500,SH,41.42,41.22,0.48520,0.2,46237.5,1915157250
10/29/2015,ProShares Short S&P500,SH,41.22,41.2,0.04854,0.02,46637.5,1922397750
10/28/2015,ProShares Short S&P500,SH,41.2,41.7,-1.19904,-0.5,46637.5,1921465000
10/27/2015,ProShares Short S&P500,SH,41.7,41.6,0.24038,0.1,46637.5,1944783750
10/26/2015,ProShares Short S&P500,SH,41.6,41.52,0.19268,0.08,46637.5,1940120000
10/23/2015,ProShares Short S&P500,SH,41.52,41.98,-1.09576,-0.46,46637.5,1936389000
10/22/2015,ProShares Short S&P500,SH,41.98,42.7,-1.68618,-0.72,48112.5,2019762750
10/21/2015,ProShares Short S&P500,SH,42.7,42.46,0.56524,0.24,48112.5,2054403750
10/20/2015,ProShares Short S&P500,SH,42.46,42.4,0.14151,0.06,48112.5,2042856750
10/19/2015,ProShares Short S&P500,SH,42.4,42.42,-0.04715,-0.02,48112.5,2039970000
10/16/2015,ProShares Short S&P500,SH,42.42,42.6,-0.42254,-0.18,48237.5,2046234750
10/15/2015,ProShares Short S&P500,SH,42.6,43.26,-1.52566,-0.66,48237.5,2054917500
10/14/2015,ProShares Short S&P500,SH,43.26,43.06,0.46447,0.2,47487.5,2054309250
10/13/2015,ProShares Short S&P500,SH,43.06,42.76,0.70159,0.3,47487.5,2044811750
10/12/2015,ProShares Short S&P500,SH,42.76,42.82,-0.14012,-0.06,47087.5,2013461500
10/09/2015,ProShares Short S&P500,SH,42.82,42.86,-0.09333,-0.04,46687.5,1999158750
10/08/2015,ProShares Short S&P500,SH,42.86,43.24,-0.87882,-0.38,46687.5,2001026250
10/07/2015,ProShares Short S&P500,SH,43.24,43.6,-0.82569,-0.36,46687.5,2018767500
10/06/2015,ProShares Short S&P500,SH,43.6,43.46,0.32214,0.14,47437.5,2068275000
10/05/2015,ProShares Short S&P500,SH,43.46,44.26,-1.80750,-0.8,47437.5,2061633750
10/02/2015,ProShares Short S&P500,SH,44.26,44.92,-1.46928,-0.66,48737.5,2157121750
10/01/2015,ProShares Short S&P500,SH,44.92,45.02,-0.22212,-0.1,48737.5,2189288500
09/30/2015,ProShares Short S&P500,SH,45.02,45.9,-1.91721,-0.88,48737.5,2194162250
09/29/2015,ProShares Short S&P500,SH,45.9,45.96,-0.13055,-0.06,48562.5,2229018750
09/28/2015,ProShares Short S&P500,SH,45.96,44.82,2.54351,1.14,48562.5,2231932500
09/25/2015,ProShares Short S&P500,SH,44.82,44.8,0.04464,0.02,47512.5,2129510250
09/24/2015,ProShares Short S&P500,SH,44.8,44.64,0.35842,0.16,47512.5,2128560000
09/23/2015,ProShares Short S&P500,SH,44.64,44.56,0.17953,0.08,46262.5,2065158000
09/22/2015,ProShares Short S&P500,SH,44.56,44.02,1.22672,0.54,46262.5,2061457000
09/21/2015,ProShares Short S&P500,SH,44.02,44.22,-0.45228,-0.2,46262.5,2036475250
09/18/2015,ProShares Short S&P500,SH,44.22,43.52,1.60846,0.7,46262.5,2045727750
09/17/2015,ProShares Short S&P500,SH,43.52,43.42,0.23031,0.1,46362.5,2017696000
09/16/2015,ProShares Short S&P500,SH,43.42,43.8,-0.86758,-0.38,46362.5,2013059750
09/15/2015,ProShares Short S&P500,SH,43.8,44.36,-1.26240,-0.56,46362.5,2030677500
09/14/2015,ProShares Short S&P500,SH,44.36,44.2,0.36199,0.16,46137.5,2046659500
09/11/2015,ProShares Short S&P500,SH,44.2,44.4,-0.45045,-0.2,44887.5,1984027500
09/10/2015,ProShares Short S&P500,SH,44.4,44.64,-0.53763,-0.24,44887.5,1993005000
09/09/2015,ProShares Short S&P500,SH,44.64,44.04,1.36240,0.6,44887.5,2003778000
09/08/2015,ProShares Short S&P500,SH,44.04,45.18,-2.52324,-1.14,44387.5,1954825500
09/04/2015,ProShares Short S&P500,SH,45.18,44.5,1.52809,0.68,42837.5,1935398250
09/03/2015,ProShares Short S&P500,SH,44.5,44.56,-0.13465,-0.06,42587.5,1895143750
09/02/2015,ProShares Short S&P500,SH,44.56,45.42,-1.89344,-0.86,40987.5,1826403000
09/01/2015,ProShares Short S&P500,SH,45.42,44.1,2.99320,1.32,41162.5,1869600750
08/31/2015,ProShares Short S&P500,SH,44.1,43.74,0.82305,0.36,39337.5,1734783750
08/28/2015,ProShares Short S&P500,SH,43.74,43.76,-0.04570,-0.02,39487.5,1727183250
08/27/2015,ProShares Short S&P500,SH,43.76,44.86,-2.45207,-1.1,40537.5,1773921000
08/26/2015,ProShares Short S&P500,SH,44.86,46.68,-3.89889,-1.82,40962.5,1837577750
08/25/2015,ProShares Short S&P500,SH,46.68,46.08,1.30208,0.6,40962.5,1912129500
08/24/2015,ProShares Short S&P500,SH,46.08,44.32,3.97112,1.76,41187.5,1897920000
08/21/2015,ProShares Short S&P500,SH,44.32,42.96,3.16574,1.36,38812.5,1720170000
08/20/2015,ProShares Short S&P500,SH,42.96,42.08,2.09125,0.88,38812.5,1667385000
08/19/2015,ProShares Short S&P500,SH,42.08,41.74,0.81457,0.34,38687.5,1627970000
08/18/2015,ProShares Short S&P500,SH,41.74,41.62,0.28832,0.12,38687.5,1614816250
08/17/2015,ProShares Short S&P500,SH,41.62,41.86,-0.57334,-0.24,38687.5,1610173750
08/14/2015,ProShares Short S&P500,SH,41.86,42.02,-0.38077,-0.16,38562.5,1614226250
08/13/2015,ProShares Short S&P500,SH,42.02,41.98,0.09528,0.04,38562.5,1620396250
08/12/2015,ProShares Short S&P500,SH,41.98,42.02,-0.09519,-0.04,38562.5,1618853750
08/11/2015,ProShares Short S&P500,SH,42.02,41.64,0.91258,0.38,38562.5,1620396250
08/10/2015,ProShares Short S&P500,SH,41.64,42.18,-1.28023,-0.54,37812.5,1574512500
08/07/2015,ProShares Short S&P500,SH,42.18,42.06,0.28531,0.12,37812.5,1594931250
08/06/2015,ProShares Short S&P500,SH,42.06,41.74,0.76665,0.32,37812.5,1590393750
08/05/2015,ProShares Short S&P500,SH,41.74,41.9,-0.38186,-0.16,37812.5,1578293750
08/04/2015,ProShares Short S&P500,SH,41.9,41.8,0.23923,0.1,37812.5,1584343750
08/03/2015,ProShares Short S&P500,SH,41.8,41.7,0.23981,0.1,37312.5,1559662500
07/31/2015,ProShares Short S&P500,SH,41.7,41.6,0.24038,0.1,37312.5,1555931250
07/30/2015,ProShares Short S&P500,SH,41.6,41.6,0.00000,0,37312.5,1552200000
07/29/2015,ProShares Short S&P500,SH,41.6,41.92,-0.76336,-0.32,37312.5,1552200000
07/28/2015,ProShares Short S&P500,SH,41.92,42.44,-1.22526,-0.52,37312.5,1564140000
07/27/2015,ProShares Short S&P500,SH,42.44,42.2,0.56872,0.24,37312.5,1583542500
07/24/2015,ProShares Short S&P500,SH,42.2,41.76,1.05364,0.44,36812.5,1553487500
07/23/2015,ProShares Short S&P500,SH,41.76,41.52,0.57803,0.24,36812.5,1537290000
07/22/2015,ProShares Short S&P500,SH,41.52,41.44,0.19305,0.08,36812.5,1528455000
07/21/2015,ProShares Short S&P500,SH,41.44,41.26,0.43626,0.18,36812.5,1525510000
07/20/2015,ProShares Short S&P500,SH,41.26,41.3,-0.09685,-0.04,36612.5,1510631750
07/17/2015,ProShares Short S&P500,SH,41.3,41.34,-0.09676,-0.04,36612.5,1512096250
07/16/2015,ProShares Short S&P500,SH,41.34,41.68,-0.81574,-0.34,36612.5,1513560750
07/15/2015,ProShares Short S&P500,SH,41.68,41.64,0.09606,0.04,36612.5,1526009000
07/14/2015,ProShares Short S&P500,SH,41.64,41.84,-0.47801,-0.2,36612.5,1524544500
07/13/2015,ProShares Short S&P500,SH,41.84,42.3,-1.08747,-0.46,37362.5,1563247000
07/10/2015,ProShares Short S&P500,SH,42.3,42.84,-1.26050,-0.54,37137.5,1570916250
07/09/2015,ProShares Short S&P500,SH,42.84,42.94,-0.23288,-0.1,37137.5,1590970500
07/08/2015,ProShares Short S&P500,SH,42.94,42.24,1.65720,0.7,36637.5,1573214250
07/07/2015,ProShares Short S&P500,SH,42.24,42.5,-0.61176,-0.26,36637.5,1547568000
07/06/2015,ProShares Short S&P500,SH,42.5,42.36,0.33050,0.14,36637.5,1557093750
07/02/2015,ProShares Short S&P500,SH,42.36,42.34,0.04724,0.02,36212.5,1533961500
07/01/2015,ProShares Short S&P500,SH,42.34,42.64,-0.70356,-0.3,35587.5,1506774750
06/30/2015,ProShares Short S&P500,SH,42.64,42.76,-0.28064,-0.12,35587.5,1517451000
06/29/2015,ProShares Short S&P500,SH,42.76,41.88,2.10124,0.88,35562.5,1520652500
06/26/2015,ProShares Short S&P500,SH,41.88,41.88,0.00000,0,35787.5,1498780500
06/25/2015,ProShares Short S&P500,SH,41.88,41.76,0.28736,0.12,36412.5,1524955500
06/24/2015,ProShares Short S&P500,SH,41.76,41.46,0.72359,0.3,36412.5,1520586000
06/23/2015,ProShares Short S&P500,SH,41.46,41.48,-0.04822,-0.02,36412.5,1509662250
06/22/2015,ProShares Short S&P500,SH,41.48,41.74,-0.62290,-0.26,36412.5,1510390500
06/19/2015,ProShares Short S&P500,SH,41.74,41.52,0.52987,0.22,35612.5,1486465750
06/18/2015,ProShares Short S&P500,SH,41.52,41.94,-1.00143,-0.42,35612.5,1478631000
06/17/2015,ProShares Short S&P500,SH,41.94,42.02,-0.19039,-0.08,35612.5,1493588250
06/16/2015,ProShares Short S&P500,SH,42.02,42.26,-0.56791,-0.24,35612.5,1496437250
06/15/2015,ProShares Short S&P500,SH,42.26,42.08,0.42776,0.18,35612.5,1504984250
06/12/2015,ProShares Short S&P500,SH,42.08,41.78,0.71805,0.3,35612.5,1498574000
06/11/2015,ProShares Short S&P500,SH,41.78,41.88,-0.23878,-0.1,35912.5,1500424250
06/10/2015,ProShares Short S&P500,SH,41.88,42.38,-1.17980,-0.5,35912.5,1504015500
06/09/2015,ProShares Short S&P500,SH,42.38,42.4,-0.04717,-0.02,35912.5,1521971750
06/08/2015,ProShares Short S&P500,SH,42.4,42.14,0.61699,0.26,35912.5,1522690000
06/05/2015,ProShares Short S&P500,SH,42.14,42.08,0.14259,0.06,35912.5,1513352750
06/04/2015,ProShares Short S&P500,SH,42.08,41.72,0.86290,0.36,35912.5,1511198000
06/03/2015,ProShares Short S&P500,SH,41.72,41.82,-0.23912,-0.1,35912.5,1498269500
06/02/2015,ProShares Short S&P500,SH,41.82,41.78,0.09574,0.04,36762.5,1537407750
06/01/2015,ProShares Short S&P500,SH,41.78,41.88,-0.23878,-0.1,36762.5,1535937250
05/29/2015,ProShares Short S&P500,SH,41.88,41.62,0.62470,0.26,36762.5,1539613500
05/28/2015,ProShares Short S&P500,SH,41.62,41.56,0.14437,0.06,37512.5,1561270250
05/27/2015,ProShares Short S&P500,SH,41.56,41.96,-0.95329,-0.4,37512.5,1559019500
05/26/2015,ProShares Short S&P500,SH,41.96,41.54,1.01107,0.42,37512.5,1574024500
05/22/2015,ProShares Short S&P500,SH,41.54,41.44,0.24131,0.1,36787.5,1528152750
05/21/2015,ProShares Short S&P500,SH,41.44,41.54,-0.24073,-0.1,36787.5,1524474000
05/20/2015,ProShares Short S&P500,SH,41.54,41.52,0.04817,0.02,36787.5,1528152750
05/19/2015,ProShares Short S&P500,SH,41.52,41.5,0.04819,0.02,37137.5,1541949000
05/18/2015,ProShares Short S&P500,SH,41.5,41.62,-0.28832,-0.12,36937.5,1532906250
05/15/2015,ProShares Short S&P500,SH,41.62,41.66,-0.09602,-0.04,36937.5,1537338750
05/14/2015,ProShares Short S&P500,SH,41.66,42.12,-1.09212,-0.46,36937.5,1538816250
05/13/2015,ProShares Short S&P500,SH,42.12,42.12,0.00000,0,36937.5,1555807500
05/12/2015,ProShares Short S&P500,SH,42.12,42,0.28571,0.12,36937.5,1555807500
05/11/2015,ProShares Short S&P500,SH,42,41.8,0.47847,0.2,36937.5,1551375000
05/08/2015,ProShares Short S&P500,SH,41.8,42.38,-1.36857,-0.58,36662.5,1532492500
05/07/2015,ProShares Short S&P500,SH,42.38,42.54,-0.37612,-0.16,35912.5,1521971750
05/06/2015,ProShares Short S&P500,SH,42.54,42.38,0.37754,0.16,35912.5,1527717750
05/05/2015,ProShares Short S&P500,SH,42.38,41.88,1.19389,0.5,35912.5,1521971750
05/04/2015,ProShares Short S&P500,SH,41.88,42,-0.28571,-0.12,35387.5,1482028500
05/01/2015,ProShares Short S&P500,SH,42,42.48,-1.12994,-0.48,35387.5,1486275000
04/30/2015,ProShares Short S&P500,SH,42.48,42.04,1.04662,0.44,36012.5,1529811000
04/29/2015,ProShares Short S&P500,SH,42.04,41.88,0.38204,0.16,36012.5,1513965500
04/28/2015,ProShares Short S&P500,SH,41.88,42.02,-0.33317,-0.14,36012.5,1508203500
04/27/2015,ProShares Short S&P500,SH,42.02,41.84,0.43021,0.18,36012.5,1513245250
04/24/2015,ProShares Short S&P500,SH,41.84,41.94,-0.23844,-0.1,35537.5,1486889000
04/23/2015,ProShares Short S&P500,SH,41.94,42.04,-0.23787,-0.1,35537.5,1490442750
04/22/2015,ProShares Short S&P500,SH,42.04,42.26,-0.52059,-0.22,35537.5,1493996500
04/21/2015,ProShares Short S&P500,SH,42.26,42.2,0.14218,0.06,35537.5,1501814750
04/20/2015,ProShares Short S&P500,SH,42.2,42.6,-0.93897,-0.4,35337.5,1491242500
04/17/2015,ProShares Short S&P500,SH,42.6,42.12,1.13960,0.48,35662.5,1519222500
04/16/2015,ProShares Short S&P500,SH,42.12,42.08,0.09506,0.04,35662.5,1502104500
04/15/2015,ProShares Short S&P500,SH,42.08,42.3,-0.52009,-0.22,36362.5,1530134000
04/14/2015,ProShares Short S&P500,SH,42.3,42.38,-0.18877,-0.08,36362.5,1538133750
04/13/2015,ProShares Short S&P500,SH,42.38,42.18,0.47416,0.2,36187.5,1533626250
04/10/2015,ProShares Short S&P500,SH,42.18,42.4,-0.51887,-0.22,36187.5,1526388750
04/09/2015,ProShares Short S&P500,SH,42.4,42.6,-0.46948,-0.2,35987.5,1525870000
04/08/2015,ProShares Short S&P500,SH,42.6,42.74,-0.32756,-0.14,35987.5,1533067500
04/07/2015,ProShares Short S&P500,SH,42.74,42.64,0.23452,0.1,35987.5,1538105750
04/06/2015,ProShares Short S&P500,SH,42.64,42.94,-0.69865,-0.3,35462.5,1512121000
04/02/2015,ProShares Short S&P500,SH,42.94,43.08,-0.32498,-0.14,35462.5,1522759750
04/01/2015,ProShares Short S&P500,SH,43.08,42.92,0.37279,0.16,34362.5,1480336500
03/31/2015,ProShares Short S&P500,SH,42.92,42.54,0.89328,0.38,34362.5,1474838500
03/30/2015,ProShares Short S&P500,SH,42.54,43.08,-1.25348,-0.54,34362.5,1461780750
03/27/2015,ProShares Short S&P500,SH,43.08,43.2,-0.27778,-0.12,34362.5,1480336500
03/26/2015,ProShares Short S&P500,SH,43.2,43.1,0.23202,0.1,34362.5,1484460000
03/25/2015,ProShares Short S&P500,SH,43.1,42.48,1.45951,0.62,33987.5,1464861250
03/24/2015,ProShares Short S&P500,SH,42.48,42.22,0.61582,0.26,31587.5,1341837000
03/23/2015,ProShares Short S&P500,SH,42.22,42.14,0.18984,0.08,31787.5,1342068250
03/20/2015,ProShares Short S&P500,SH,42.14,42.54,-0.94029,-0.4,31787.5,1339525250
03/19/2015,ProShares Short S&P500,SH,42.54,42.32,0.51985,0.22,31787.5,1352240250
03/18/2015,ProShares Short S&P500,SH,42.32,42.84,-1.21382,-0.52,31787.5,1345247000
03/17/2015,ProShares Short S&P500,SH,42.84,42.7,0.32787,0.14,32137.5,1376770500
03/16/2015,ProShares Short S&P500,SH,42.7,43.3,-1.38568,-0.6,32137.5,1372271250
03/13/2015,ProShares Short S&P500,SH,43.3,43.04,0.60409,0.26,31612.5,1368821250
03/12/2015,ProShares Short S&P500,SH,43.04,43.6,-1.28440,-0.56,31662.5,1362754000
03/11/2015,ProShares Short S&P500,SH,43.6,43.52,0.18382,0.08,31662.5,1380485000
03/10/2015,ProShares Short S&P500,SH,43.52,42.8,1.68224,0.72,31662.5,1377952000
03/09/2015,ProShares Short S&P500,SH,42.8,42.98,-0.41880,-0.18,31262.5,1338035000
03/06/2015,ProShares Short S&P500,SH,42.98,42.38,1.41576,0.6,30812.5,1324321250
03/05/2015,ProShares Short S&P500,SH,42.38,42.44,-0.14138,-0.06,30812.5,1305833750
03/04/2015,ProShares Short S&P500,SH,42.44,42.26,0.42593,0.18,30812.5,1307682500
03/03/2015,ProShares Short S&P500,SH,42.26,42.06,0.47551,0.2,30812.5,1302136250
03/02/2015,ProShares Short S&P500,SH,42.06,42.34,-0.66131,-0.28,31187.5,1311746250
02/27/2015,ProShares Short S&P500,SH,42.34,42.2,0.33175,0.14,30737.5,1301425750
02/26/2015,ProShares Short S&P500,SH,42.2,42.16,0.09488,0.04,30737.5,1297122500
02/25/2015,ProShares Short S&P500,SH,42.16,42.12,0.09497,0.04,31037.5,1308541000
02/24/2015,ProShares Short S&P500,SH,42.12,42.24,-0.28409,-0.12,31887.5,1343101500
02/23/2015,ProShares Short S&P500,SH,42.24,42.24,0.00000,0,31887.5,1346928000
02/20/2015,ProShares Short S&P500,SH,42.24,42.5,-0.61176,-0.26,31887.5,1346928000
02/19/2015,ProShares Short S&P500,SH,42.5,42.46,0.09421,0.04,31887.5,1355218750
02/18/2015,ProShares Short S&P500,SH,42.46,42.46,0.00000,0,31787.5,1349697250
02/17/2015,ProShares Short S&P500,SH,42.46,42.54,-0.18806,-0.08,31537.5,1339082250
02/13/2015,ProShares Short S&P500,SH,42.54,42.72,-0.42135,-0.18,31537.5,1341605250
02/12/2015,ProShares Short S&P500,SH,42.72,43.14,-0.97357,-0.42,32487.5,1387866000
02/11/2015,ProShares Short S&P500,SH,43.14,43.16,-0.04634,-0.02,32487.5,1401510750
02/10/2015,ProShares Short S&P500,SH,43.16,43.62,-1.05456,-0.46,32487.5,1402160500
02/09/2015,ProShares Short S&P500,SH,43.62,43.44,0.41436,0.18,32412.5,1413833250
02/06/2015,ProShares Short S&P500,SH,43.44,43.3,0.32333,0.14,32412.5,1407999000
02/05/2015,ProShares Short S&P500,SH,43.3,43.76,-1.05119,-0.46,32412.5,1403461250
02/04/2015,ProShares Short S&P500,SH,43.76,43.6,0.36697,0.16,32412.5,1418371000
02/03/2015,ProShares Short S&P500,SH,43.6,44.24,-1.44665,-0.64,32212.5,1404465000
02/02/2015,ProShares Short S&P500,SH,44.24,44.82,-1.29407,-0.58,31787.5,1406279000
01/30/2015,ProShares Short S&P500,SH,44.82,44.24,1.31103,0.58,31787.5,1424715750
01/29/2015,ProShares Short S&P500,SH,44.24,44.68,-0.98478,-0.44,31787.5,1406279000
01/28/2015,ProShares Short S&P500,SH,44.68,44.08,1.36116,0.6,30187.5,1348777500
01/27/2015,ProShares Short S&P500,SH,44.08,43.5,1.33333,0.58,30187.5,1330665000
01/26/2015,ProShares Short S&P500,SH,43.5,43.62,-0.27510,-0.12,30037.5,1306631250
01/23/2015,ProShares Short S&P500,SH,43.62,43.38,0.55325,0.24,30037.5,1310235750
01/22/2015,ProShares Short S&P500,SH,43.38,44.06,-1.54335,-0.68,30687.5,1331223750
01/21/2015,ProShares Short S&P500,SH,44.06,44.26,-0.45188,-0.2,30687.5,1352091250
01/20/2015,ProShares Short S&P500,SH,44.26,44.34,-0.18042,-0.08,30687.5,1358228750
01/16/2015,ProShares Short S&P500,SH,44.34,44.94,-1.33511,-0.6,30687.5,1360683750
01/15/2015,ProShares Short S&P500,SH,44.94,44.54,0.89807,0.4,30687.5,1379096250
01/14/2015,ProShares Short S&P500,SH,44.54,44.28,0.58717,0.26,30687.5,1366821250
01/13/2015,ProShares Short S&P500,SH,44.28,44.16,0.27174,0.12,29587.5,1310134500
01/12/2015,ProShares Short S&P500,SH,44.16,43.82,0.77590,0.34,29587.5,1306584000
01/09/2015,ProShares Short S&P500,SH,43.82,43.44,0.87477,0.38,29587.5,1296524250
01/08/2015,ProShares Short S&P500,SH,43.44,44.24,-1.80832,-0.8,29587.5,1285281000
01/07/2015,ProShares Short S&P500,SH,44.24,44.78,-1.20590,-0.54,29837.5,1320011000
01/06/2015,ProShares Short S&P500,SH,44.78,44.38,0.90131,0.4,29837.5,1336123250
01/05/2015,ProShares Short S&P500,SH,44.38,43.58,1.83570,0.8,29837.5,1324188250
01/02/2015,ProShares Short S&P500,SH,43.58,43.58,0.00000,0,29587.5,1289423250
12/31/2014,ProShares Short S&P500,SH,43.58,43.14,1.01994,0.44,29587.5,1289423250
12/30/2014,ProShares Short S&P500,SH,43.14,42.92,0.51258,0.22,30012.5,1294739250
12/29/2014,ProShares Short S&P500,SH,42.92,42.98,-0.13960,-0.06,30262.5,1298866500
12/26/2014,ProShares Short S&P500,SH,42.98,43.12,-0.32468,-0.14,30262.5,1300682250
12/24/2014,ProShares Short S&P500,SH,43.12,43.12,0.00000,0,30262.5,1304919000
12/23/2014,ProShares Short S&P500,SH,43.12,43.2,-0.18519,-0.08,30237.5,1303841000
12/22/2014,ProShares Short S&P500,SH,43.2,43.36,-0.36900,-0.16,30787.5,1330020000
12/19/2014,ProShares Short S&P500,SH,43.36,43.56,-0.45914,-0.2,31262.5,1355542000
12/18/2014,ProShares Short S&P500,SH,43.56,44.66,-2.46305,-1.1,32912.5,1433668500
12/17/2014,ProShares Short S&P500,SH,44.66,45.58,-2.01843,-0.92,32912.5,1469872250
12/16/2014,ProShares Short S&P500,SH,45.58,45.2,0.84071,0.38,32912.5,1500151750
12/15/2014,ProShares Short S&P500,SH,45.2,44.92,0.62333,0.28,32537.5,1470695000
12/12/2014,ProShares Short S&P500,SH,44.92,44.2,1.62896,0.72,32537.5,1461584500
12/11/2014,ProShares Short S&P500,SH,44.2,44.42,-0.49527,-0.22,32737.5,1446997500
12/10/2014,ProShares Short S&P500,SH,44.42,43.7,1.64760,0.72,32987.5,1465304750
12/09/2014,ProShares Short S&P500,SH,43.7,43.7,0.00000,0,32987.5,1441553750
12/08/2014,ProShares Short S&P500,SH,43.7,43.4,0.69124,0.3,32987.5,1441553750
12/05/2014,ProShares Short S&P500,SH,43.4,43.46,-0.13806,-0.06,32987.5,1431657500
12/04/2014,ProShares Short S&P500,SH,43.46,43.42,0.09212,0.04,32987.5,1433636750
12/03/2014,ProShares Short S&P500,SH,43.42,43.6,-0.41284,-0.18,32987.5,1432317250
12/02/2014,ProShares Short S&P500,SH,43.6,43.88,-0.63810,-0.28,32987.5,1438255000
12/01/2014,ProShares Short S&P500,SH,43.88,43.58,0.68839,0.3,32987.5,1447491500
11/28/2014,ProShares Short S&P500,SH,43.58,43.48,0.22999,0.1,32687.5,1424521250
11/26/2014,ProShares Short S&P500,SH,43.48,43.6,-0.27523,-0.12,32687.5,1421252500
11/25/2014,ProShares Short S&P500,SH,43.6,43.56,0.09183,0.04,32687.5,1425175000
11/24/2014,ProShares Short S&P500,SH,43.56,43.7,-0.32037,-0.14,32687.5,1423867500
11/21/2014,ProShares Short S&P500,SH,43.7,43.92,-0.50091,-0.22,33287.5,1454663750
11/20/2014,ProShares Short S&P500,SH,43.92,44.02,-0.22717,-0.1,33287.5,1461987000
11/19/2014,ProShares Short S&P500,SH,44.02,43.96,0.13649,0.06,33287.5,1465315750
11/18/2014,ProShares Short S&P500,SH,43.96,44.2,-0.54299,-0.24,33287.5,1463318500
11/17/2014,ProShares Short S&P500,SH,44.2,44.22,-0.04523,-0.02,33662.5,1487882500
11/14/2014,ProShares Short S&P500,SH,44.22,44.24,-0.04521,-0.02,33037.5,1460918250
11/13/2014,ProShares Short S&P500,SH,44.24,44.28,-0.09033,-0.04,33037.5,1461579000
11/12/2014,ProShares Short S&P500,SH,44.28,44.26,0.04519,0.02,34012.5,1506073500
11/11/2014,ProShares Short S&P500,SH,44.26,44.28,-0.04517,-0.02,34012.5,1505393250
11/10/2014,ProShares Short S&P500,SH,44.28,44.44,-0.36004,-0.16,34387.5,1522678500
11/07/2014,ProShares Short S&P500,SH,44.44,44.46,-0.04498,-0.02,34387.5,1528180500
11/06/2014,ProShares Short S&P500,SH,44.46,44.64,-0.40323,-0.18,36987.5,1644464250
11/05/2014,ProShares Short S&P500,SH,44.64,44.92,-0.62333,-0.28,36987.5,1651122000
11/04/2014,ProShares Short S&P500,SH,44.92,44.78,0.31264,0.14,36987.5,1661478500
11/03/2014,ProShares Short S&P500,SH,44.78,44.78,0.00000,0,37237.5,1667495250
10/31/2014,ProShares Short S&P500,SH,44.78,45.32,-1.19153,-0.54,37237.5,1667495250
10/30/2014,ProShares Short S&P500,SH,45.32,45.6,-0.61404,-0.28,37237.5,1687603500
10/29/2014,ProShares Short S&P500,SH,45.6,45.56,0.08780,0.04,37537.5,1711710000
10/28/2014,ProShares Short S&P500,SH,45.56,46.1,-1.17137,-0.54,36962.5,1684011500
10/27/2014,ProShares Short S&P500,SH,46.1,46.04,0.13032,0.06,37462.5,1727021250
10/24/2014,ProShares Short S&P500,SH,46.04,46.36,-0.69025,-0.32,37462.5,1724773500
10/23/2014,ProShares Short S&P500,SH,46.36,46.94,-1.23562,-0.58,38087.5,1765736500
10/22/2014,ProShares Short S&P500,SH,46.94,46.6,0.72961,0.34,38087.5,1787827250
10/21/2014,ProShares Short S&P500,SH,46.6,47.54,-1.97728,-0.94,38237.5,1781867500
10/20/2014,ProShares Short S&P500,SH,47.54,47.98,-0.91705,-0.44,41362.5,1966373250
10/17/2014,ProShares Short S&P500,SH,47.98,48.62,-1.31633,-0.64,43037.5,2064939250
10/16/2014,ProShares Short S&P500,SH,48.62,48.62,0.00000,0,45037.5,2189723250
10/15/2014,ProShares Short S&P500,SH,48.62,48.24,0.78773,0.38,43037.5,2092483250
10/14/2014,ProShares Short S&P500,SH,48.24,48.32,-0.16556,-0.08,40237.5,1941057000
10/13/2014,ProShares Short S&P500,SH,48.32,47.54,1.64072,0.78,38837.5,1876628000
10/10/2014,ProShares Short S&P500,SH,47.54,47,1.14894,0.54,38212.5,1816622250
10/09/2014,ProShares Short S&P500,SH,47,46.06,2.04082,0.94,38212.5,1795987500
10/08/2014,ProShares Short S&P500,SH,46.06,46.88,-1.74915,-0.82,37612.5,1732431750
10/07/2014,ProShares Short S&P500,SH,46.88,46.18,1.51581,0.7,37612.5,1763274000
10/06/2014,ProShares Short S&P500,SH,46.18,46.12,0.13010,0.06,37612.5,1736945250
10/03/2014,ProShares Short S&P500,SH,46.12,46.64,-1.11492,-0.52,37162.5,1713934500
10/02/2014,ProShares Short S&P500,SH,46.64,46.64,0.00000,0,37162.5,1733259000
10/01/2014,ProShares Short S&P500,SH,46.64,46.04,1.30321,0.6,36287.5,1692449000
09/30/2014,ProShares Short S&P500,SH,46.04,45.92,0.26132,0.12,35662.5,1641901500
09/29/2014,ProShares Short S&P500,SH,45.92,45.8,0.26201,0.12,35662.5,1637622000
09/26/2014,ProShares Short S&P500,SH,45.8,46.22,-0.90870,-0.42,34312.5,1571512500
09/25/2014,ProShares Short S&P500,SH,46.22,45.48,1.62709,0.74,34312.5,1585923750
09/24/2014,ProShares Short S&P500,SH,45.48,45.84,-0.78534,-0.36,34312.5,1560532500
09/23/2014,ProShares Short S&P500,SH,45.84,45.58,0.57043,0.26,34312.5,1572885000
09/22/2014,ProShares Short S&P500,SH,45.58,45.22,0.79611,0.36,35325,1610113500
09/19/2014,ProShares Short S&P500,SH,45.22,45.2,0.04425,0.02,34500,1560090000
09/18/2014,ProShares Short S&P500,SH,45.2,45.42,-0.48437,-0.22,33675,1522110000
09/17/2014,ProShares Short S&P500,SH,45.42,45.48,-0.13193,-0.06,33675,1529518500
09/16/2014,ProShares Short S&P500,SH,45.48,45.84,-0.78534,-0.36,33675,1531539000
09/15/2014,ProShares Short S&P500,SH,45.84,45.8,0.08734,0.04,33675,1543662000
09/12/2014,ProShares Short S&P500,SH,45.8,45.54,0.57093,0.26,33675,1542315000
09/11/2014,ProShares Short S&P500,SH,45.54,45.58,-0.08776,-0.04,33675,1533559500
09/10/2014,ProShares Short S&P500,SH,45.58,45.76,-0.39336,-0.18,33675,1534906500
09/09/2014,ProShares Short S&P500,SH,45.76,45.46,0.65992,0.3,34050,1558128000
09/08/2014,ProShares Short S&P500,SH,45.46,45.34,0.26467,0.12,34050,1547913000
09/05/2014,ProShares Short S&P500,SH,45.34,45.56,-0.48288,-0.22,34050,1543827000
09/04/2014,ProShares Short S&P500,SH,45.56,45.5,0.13187,0.06,34050,1551318000
09/03/2014,ProShares Short S&P500,SH,45.5,45.48,0.04398,0.02,33900,1542450000
09/02/2014,ProShares Short S&P500,SH,45.48,45.46,0.04399,0.02,33900,1541772000
08/29/2014,ProShares Short S&P500,SH,45.46,45.6,-0.30702,-0.14,34837.5,1583712750
08/28/2014,ProShares Short S&P500,SH,45.6,45.54,0.13175,0.06,35475,1617660000
08/27/2014,ProShares Short S&P500,SH,45.54,45.54,0.00000,0,35962.5,1637732250
08/26/2014,ProShares Short S&P500,SH,45.54,45.6,-0.13158,-0.06,35962.5,1637732250
08/25/2014,ProShares Short S&P500,SH,45.6,45.82,-0.48014,-0.22,37237.5,1698030000
08/22/2014,ProShares Short S&P500,SH,45.82,45.74,0.17490,0.08,35887.5,1644365250
08/21/2014,ProShares Short S&P500,SH,45.74,45.88,-0.30514,-0.14,35887.5,1641494250
08/20/2014,ProShares Short S&P500,SH,45.88,46,-0.26087,-0.12,35887.5,1646518500
08/19/2014,ProShares Short S&P500,SH,46,46.24,-0.51903,-0.24,35887.5,1650825000
08/18/2014,ProShares Short S&P500,SH,46.24,46.64,-0.85763,-0.4,35887.5,1659438000
08/15/2014,ProShares Short S&P500,SH,46.64,46.64,0.00000,0,36712.5,1712271000
08/14/2014,ProShares Short S&P500,SH,46.64,46.84,-0.42699,-0.2,36712.5,1712271000
08/13/2014,ProShares Short S&P500,SH,46.84,47.18,-0.72064,-0.34,37275,1745961000
08/12/2014,ProShares Short S&P500,SH,47.18,47.1,0.16985,0.08,37275,1758634500
08/11/2014,ProShares Short S&P500,SH,47.1,47.24,-0.29636,-0.14,37125,1748587500
08/08/2014,ProShares Short S&P500,SH,47.24,47.8,-1.17155,-0.56,35512.5,1677610500
08/07/2014,ProShares Short S&P500,SH,47.8,47.54,0.54691,0.26,35512.5,1697497500
08/06/2014,ProShares Short S&P500,SH,47.54,47.56,-0.04205,-0.02,35512.5,1688264250
08/05/2014,ProShares Short S&P500,SH,47.56,47.1,0.97665,0.46,34725,1651521000
08/04/2014,ProShares Short S&P500,SH,47.1,47.46,-0.75853,-0.36,34725,1635547500
08/01/2014,ProShares Short S&P500,SH,47.46,47.32,0.29586,0.14,32925,1562620500
07/31/2014,ProShares Short S&P500,SH,47.32,46.4,1.98276,0.92,32925,1558011000
07/30/2014,ProShares Short S&P500,SH,46.4,46.4,0.00000,0,32925,1527720000
07/29/2014,ProShares Short S&P500,SH,46.4,46.2,0.43290,0.2,32925.71,1527753152.8
07/28/2014,ProShares Short S&P500,SH,46.2,46.22,-0.04327,-0.02,32925.71,1521168009.9
07/25/2014,ProShares Short S&P500,SH,46.22,46,0.47826,0.22,32925.71,1521826524.19
07/24/2014,ProShares Short S&P500,SH,46,46.02,-0.04346,-0.02,32925.71,1514582867
07/23/2014,ProShares Short S&P500,SH,46.02,46.1,-0.17354,-0.08,34013.21,1565288131.29
07/22/2014,ProShares Short S&P500,SH,46.1,46.34,-0.51791,-0.24,34013.21,1568009188.45
07/21/2014,ProShares Short S&P500,SH,46.34,46.22,0.25963,0.12,34763.21,1610927359.93
07/18/2014,ProShares Short S&P500,SH,46.22,46.7,-1.02784,-0.48,34125.71,1577290524.19
07/17/2014,ProShares Short S&P500,SH,46.7,46.16,1.16984,0.54,34313.21,1602427117.15
07/16/2014,ProShares Short S&P500,SH,46.16,46.36,-0.43141,-0.2,33225.71,1533698981.32
07/15/2014,ProShares Short S&P500,SH,46.36,46.28,0.17286,0.08,33225.71,1540344124.22
07/14/2014,ProShares Short S&P500,SH,46.28,46.5,-0.47312,-0.22,33225.71,1537686067.06
07/11/2014,ProShares Short S&P500,SH,46.5,46.58,-0.17175,-0.08,33225.71,1544995724.25
07/10/2014,ProShares Short S&P500,SH,46.58,46.4,0.38793,0.18,33225.71,1547653781.41
07/09/2014,ProShares Short S&P500,SH,46.4,46.6,-0.42918,-0.2,33225.71,1541673152.8
07/08/2014,ProShares Short S&P500,SH,46.6,46.3,0.64795,0.3,33225.71,1548318295.7
07/07/2014,ProShares Short S&P500,SH,46.3,46.12,0.39029,0.18,33225.71,1538350581.35
07/03/2014,ProShares Short S&P500,SH,46.12,46.38,-0.56059,-0.26,33038.21,1523722452.74
07/02/2014,ProShares Short S&P500,SH,46.38,46.42,-0.08617,-0.04,33488.21,1553183388.51
07/01/2014,ProShares Short S&P500,SH,46.42,46.74,-0.68464,-0.32,33488.21,1554522917.09
06/30/2014,ProShares Short S&P500,SH,46.74,46.72,0.04281,0.02,33488.21,1565239145.73
06/27/2014,ProShares Short S&P500,SH,46.72,46.82,-0.21358,-0.1,33488.21,1564569381.44
06/26/2014,ProShares Short S&P500,SH,46.82,46.76,0.12831,0.06,33825.71,1583719952.89
06/25/2014,ProShares Short S&P500,SH,46.76,47,-0.51064,-0.24,33825.71,1581690410.02
06/24/2014,ProShares Short S&P500,SH,47,46.7,0.64240,0.3,34688.21,1630346081.5
06/23/2014,ProShares Short S&P500,SH,46.7,46.7,0.00000,0,34688.21,1619939617.15
06/20/2014,ProShares Short S&P500,SH,46.7,46.78,-0.17101,-0.08,34538.21,1612934617.15
06/19/2014,ProShares Short S&P500,SH,46.78,46.84,-0.12810,-0.06,35550.71,1663062424.31
06/18/2014,ProShares Short S&P500,SH,46.84,47.22,-0.80474,-0.38,35550.71,1665195467.18
06/17/2014,ProShares Short S&P500,SH,47.22,47.32,-0.21133,-0.1,35288.21,1666309488.69
06/16/2014,ProShares Short S&P500,SH,47.32,47.36,-0.08446,-0.04,35288.21,1669838310.14
06/13/2014,ProShares Short S&P500,SH,47.36,47.52,-0.33670,-0.16,35288.21,1671249838.72
06/12/2014,ProShares Short S&P500,SH,47.52,47.18,0.72064,0.34,34313.21,1630563953.04
06/11/2014,ProShares Short S&P500,SH,47.18,47.02,0.34028,0.16,34313.21,1618897460.11
06/10/2014,ProShares Short S&P500,SH,47.02,47.02,0.00000,0,34313.21,1613407345.79
06/09/2014,ProShares Short S&P500,SH,47.02,47.06,-0.08500,-0.04,34313.21,1613407345.79
06/06/2014,ProShares Short S&P500,SH,47.06,47.3,-0.50740,-0.24,34313.21,1614779874.37
06/05/2014,ProShares Short S&P500,SH,47.3,47.6,-0.63025,-0.3,34688.21,1640752545.85
06/04/2014,ProShares Short S&P500,SH,47.6,47.7,-0.20964,-0.1,34688.21,1651159010.2
06/03/2014,ProShares Short S&P500,SH,47.7,47.7,0.00000,0,34688.21,1654627831.65
06/02/2014,ProShares Short S&P500,SH,47.7,47.74,-0.08379,-0.04,34688.21,1654627831.65
05/30/2014,ProShares Short S&P500,SH,47.74,47.82,-0.16729,-0.08,34688.21,1656015360.23
05/29/2014,ProShares Short S&P500,SH,47.82,48.08,-0.54077,-0.26,35100.71,1678516167.39
05/28/2014,ProShares Short S&P500,SH,48.08,48.04,0.08326,0.04,35100.71,1687642353.16
05/27/2014,ProShares Short S&P500,SH,48.04,48.34,-0.62060,-0.3,35100.71,1686238324.58
05/23/2014,ProShares Short S&P500,SH,48.34,48.54,-0.41203,-0.2,35400.71,1711270538.93
05/22/2014,ProShares Short S&P500,SH,48.54,48.66,-0.24661,-0.12,35400.71,1718350681.83
05/21/2014,ProShares Short S&P500,SH,48.66,49.08,-0.85575,-0.42,34913.21,1698877017.57
05/20/2014,ProShares Short S&P500,SH,49.08,48.76,0.65628,0.32,34913.21,1713540567.66
05/19/2014,ProShares Short S&P500,SH,48.76,48.96,-0.40850,-0.2,34575.71,1685911839.02
05/16/2014,ProShares Short S&P500,SH,48.96,49.14,-0.36630,-0.18,34575.71,1692826981.92
05/15/2014,ProShares Short S&P500,SH,49.14,48.7,0.90349,0.44,34875.71,1713792610.53
05/14/2014,ProShares Short S&P500,SH,48.7,48.48,0.45380,0.22,34875.71,1698447296.15
05/13/2014,ProShares Short S&P500,SH,48.48,48.5,-0.04124,-0.02,35250.71,1708954638.96
05/12/2014,ProShares Short S&P500,SH,48.5,48.98,-0.97999,-0.48,35100.71,1702384653.25
05/09/2014,ProShares Short S&P500,SH,48.98,49.06,-0.16307,-0.08,34838.21,1706375746.21
05/08/2014,ProShares Short S&P500,SH,49.06,49.02,0.08160,0.04,34838.21,1709162803.37
05/07/2014,ProShares Short S&P500,SH,49.02,49.32,-0.60827,-0.3,34838.21,1707769274.79
05/06/2014,ProShares Short S&P500,SH,49.32,48.88,0.90016,0.44,34838.21,1718220739.14
05/05/2014,ProShares Short S&P500,SH,48.88,48.98,-0.20416,-0.1,34838.21,1702891924.76
05/02/2014,ProShares Short S&P500,SH,48.98,48.9,0.16360,0.08,35438.21,1735763746.21
05/01/2014,ProShares Short S&P500,SH,48.9,48.9,0.00000,0,34988.21,1710923689.05
04/30/2014,ProShares Short S&P500,SH,48.9,49.06,-0.32613,-0.16,34988.21,1710923689.05
04/29/2014,ProShares Short S&P500,SH,49.06,49.3,-0.48682,-0.24,33563.21,1646611303.37
04/28/2014,ProShares Short S&P500,SH,49.3,49.46,-0.32349,-0.16,33563.21,1654666474.85
04/25/2014,ProShares Short S&P500,SH,49.46,49.06,0.81533,0.4,33563.21,1660036589.17
04/24/2014,ProShares Short S&P500,SH,49.06,49.14,-0.16280,-0.08,33563.21,1646611303.37
04/23/2014,ProShares Short S&P500,SH,49.14,49.04,0.20392,0.1,33788.21,1660352860.53
04/22/2014,ProShares Short S&P500,SH,49.04,49.24,-0.40617,-0.2,33788.21,1656974039.08
04/21/2014,ProShares Short S&P500,SH,49.24,49.44,-0.40453,-0.2,33788.21,1663731681.98
04/17/2014,ProShares Short S&P500,SH,49.44,49.5,-0.12121,-0.06,33788.21,1670489324.88
04/16/2014,ProShares Short S&P500,SH,49.5,50.04,-1.07914,-0.54,33788.21,1672516617.75
04/15/2014,ProShares Short S&P500,SH,50.04,50.38,-0.67487,-0.34,33788.21,1690762253.58
04/14/2014,ProShares Short S&P500,SH,50.38,50.8,-0.82677,-0.42,34088.21,1717364246.51
04/11/2014,ProShares Short S&P500,SH,50.8,50.32,0.95390,0.48,33263.21,1689771296.6
04/10/2014,ProShares Short S&P500,SH,50.32,49.3,2.06897,1.02,33263.21,1673804953.64
04/09/2014,ProShares Short S&P500,SH,49.3,49.84,-1.08347,-0.54,32513.21,1602901474.85
04/08/2014,ProShares Short S&P500,SH,49.84,50.04,-0.39968,-0.2,32513.21,1620458610.68
04/07/2014,ProShares Short S&P500,SH,50.04,49.52,1.05008,0.52,32513.21,1626961253.58
04/04/2014,ProShares Short S&P500,SH,49.52,48.92,1.22649,0.6,32325.71,1600769382.04
04/03/2014,ProShares Short S&P500,SH,48.92,48.86,0.12280,0.06,32325.71,1581373953.34
04/02/2014,ProShares Short S&P500,SH,48.86,49,-0.28571,-0.14,32325.71,1579434410.47
04/01/2014,ProShares Short S&P500,SH,49,49.36,-0.72934,-0.36,32325.71,1583960010.5
03/31/2014,ProShares Short S&P500,SH,49.36,49.76,-0.80386,-0.4,32325.71,1595597267.72
03/28/2014,ProShares Short S&P500,SH,49.76,50,-0.48000,-0.24,32325.71,1608527553.52
03/27/2014,ProShares Short S&P500,SH,50,49.9,0.20040,0.1,32288.21,1614410725
03/26/2014,ProShares Short S&P500,SH,49.9,49.56,0.68604,0.34,32288.21,1611181903.55
03/25/2014,ProShares Short S&P500,SH,49.56,49.78,-0.44194,-0.22,32288.21,1600203910.62
03/24/2014,ProShares Short S&P500,SH,49.78,49.54,0.48446,0.24,32288.21,1607307317.81
03/21/2014,ProShares Short S&P500,SH,49.54,49.4,0.28340,0.14,32288.21,1599558146.33
03/20/2014,ProShares Short S&P500,SH,49.4,49.7,-0.60362,-0.3,32288.21,1595037796.3
03/19/2014,ProShares Short S&P500,SH,49.7,49.4,0.60729,0.3,32288.21,1604724260.65
03/18/2014,ProShares Short S&P500,SH,49.4,49.76,-0.72347,-0.36,32288.21,1595037796.3
03/17/2014,ProShares Short S&P500,SH,49.76,50.24,-0.95541,-0.48,32288.21,1606661553.52
03/14/2014,ProShares Short S&P500,SH,50.24,50.1,0.27944,0.14,31500.71,1582595896.48
03/13/2014,ProShares Short S&P500,SH,50.1,49.54,1.13040,0.56,31500.71,1578185796.45
03/12/2014,ProShares Short S&P500,SH,49.54,49.56,-0.04036,-0.02,31500.71,1560545396.33
03/11/2014,ProShares Short S&P500,SH,49.56,49.32,0.48662,0.24,31800.71,1576043410.62
03/10/2014,ProShares Short S&P500,SH,49.32,49.3,0.04057,0.02,32588.21,1607250739.14
03/07/2014,ProShares Short S&P500,SH,49.3,49.32,-0.04055,-0.02,32325.71,1593657724.85
03/06/2014,ProShares Short S&P500,SH,49.32,49.42,-0.20235,-0.1,32325.71,1594304239.14
03/05/2014,ProShares Short S&P500,SH,49.42,49.42,0.00000,0,32325.71,1597536810.59
03/04/2014,ProShares Short S&P500,SH,49.42,50.2,-1.55378,-0.78,32325.71,1597536810.59
03/03/2014,ProShares Short S&P500,SH,50.2,49.84,0.72231,0.36,32325.71,1622750867.9
02/28/2014,ProShares Short S&P500,SH,49.84,49.98,-0.28011,-0.14,32325.71,1611113610.68
02/27/2014,ProShares Short S&P500,SH,49.98,50.24,-0.51752,-0.26,34125.71,1705603210.71
02/26/2014,ProShares Short S&P500,SH,50.24,50.24,0.00000,0,34838.21,1750271896.48
02/25/2014,ProShares Short S&P500,SH,50.24,50.18,0.11957,0.06,34838.21,1750271896.48
02/24/2014,ProShares Short S&P500,SH,50.18,50.5,-0.63366,-0.32,34838.21,1748181603.61
02/21/2014,ProShares Short S&P500,SH,50.5,50.4,0.19841,0.1,34838.21,1759329832.25
02/20/2014,ProShares Short S&P500,SH,50.4,50.72,-0.63091,-0.32,34838.21,1755846010.8
02/19/2014,ProShares Short S&P500,SH,50.72,50.4,0.63492,0.32,34838.21,1766994239.44
02/18/2014,ProShares Short S&P500,SH,50.4,50.46,-0.11891,-0.06,36300.71,1829556010.8
02/14/2014,ProShares Short S&P500,SH,50.46,50.72,-0.51262,-0.26,36300.71,1831734053.67
02/13/2014,ProShares Short S&P500,SH,50.72,51.02,-0.58800,-0.3,37913.21,1922958239.44
02/12/2014,ProShares Short S&P500,SH,51.02,51.02,0.00000,0,37913.21,1934332203.79
02/11/2014,ProShares Short S&P500,SH,51.02,51.6,-1.12403,-0.58,37913.21,1934332203.79
02/10/2014,ProShares Short S&P500,SH,51.6,51.68,-0.15480,-0.08,37913.21,1956321868.2
02/07/2014,ProShares Short S&P500,SH,51.68,52.38,-1.33639,-0.7,37913.21,1959354925.36
02/06/2014,ProShares Short S&P500,SH,52.38,53.08,-1.31876,-0.7,37913.21,1985894175.51
02/05/2014,ProShares Short S&P500,SH,53.08,52.98,0.18875,0.1,37913.21,2012433425.66
02/04/2014,ProShares Short S&P500,SH,52.98,53.38,-0.74934,-0.4,34275.71,1815927354.21
02/03/2014,ProShares Short S&P500,SH,53.38,52.2,2.26054,1.18,33975.71,1813623640.01
01/31/2014,ProShares Short S&P500,SH,52.2,51.86,0.65561,0.34,33563.21,1751999796.9
01/30/2014,ProShares Short S&P500,SH,51.86,52.46,-1.14373,-0.6,32700.71,1695859053.97
01/29/2014,ProShares Short S&P500,SH,52.46,51.94,1.00116,0.52,32363.21,1697774232.67
01/28/2014,ProShares Short S&P500,SH,51.94,52.26,-0.61232,-0.32,32363.21,1680945361.13
01/27/2014,ProShares Short S&P500,SH,52.26,52,0.50000,0.26,29813.21,1558038589.77
01/24/2014,ProShares Short S&P500,SH,52,50.94,2.08088,1.06,29550.71,1536637154
01/23/2014,ProShares Short S&P500,SH,50.94,50.5,0.87129,0.44,29550.71,1505313396.63
01/22/2014,ProShares Short S&P500,SH,50.5,50.54,-0.07915,-0.04,29550.71,1492311082.25
01/21/2014,ProShares Short S&P500,SH,50.54,50.68,-0.27624,-0.14,28988.21,1465064360.83
01/17/2014,ProShares Short S&P500,SH,50.68,50.48,0.39620,0.2,28913.21,1465321710.86
01/16/2014,ProShares Short S&P500,SH,50.48,50.42,0.11900,0.06,28913.21,1459539067.96
01/15/2014,ProShares Short S&P500,SH,50.42,50.68,-0.51302,-0.26,28913.21,1457804275.09
01/14/2014,ProShares Short S&P500,SH,50.68,51.24,-1.09290,-0.56,27788.21,1408306710.86
01/13/2014,ProShares Short S&P500,SH,51.24,50.6,1.26482,0.64,26775.71,1371987610.98
01/10/2014,ProShares Short S&P500,SH,50.6,50.72,-0.23659,-0.12,26775.71,1354851153.7
01/09/2014,ProShares Short S&P500,SH,50.72,50.74,-0.03942,-0.02,26775.71,1358064239.44
01/08/2014,ProShares Short S&P500,SH,50.74,50.74,0.00000,0,26775.71,1358599753.73
01/07/2014,ProShares Short S&P500,SH,50.74,51.06,-0.62671,-0.32,26775.71,1358599753.73
01/06/2014,ProShares Short S&P500,SH,51.06,50.94,0.23557,0.12,26775.71,1367167982.37
01/03/2014,ProShares Short S&P500,SH,50.94,50.92,0.03928,0.02,26775.71,1363954896.63
01/02/2014,ProShares Short S&P500,SH,50.92,50.48,0.87163,0.44,27000.71,1374876382.34
12/31/2013,ProShares Short S&P500,SH,50.48,50.68,-0.39463,-0.2,27000.71,1362996067.96
12/30/2013,ProShares Short S&P500,SH,50.68,50.68,0.00000,0,27788.21,1408306710.86
12/27/2013,ProShares Short S&P500,SH,50.68,50.68,0.00000,0,28838.21,1461520710.86
12/26/2013,ProShares Short S&P500,SH,50.68,50.92,-0.47133,-0.24,29513.21,1495729710.86
12/24/2013,ProShares Short S&P500,SH,50.92,51.08,-0.31323,-0.16,30038.21,1529545882.34
12/23/2013,ProShares Short S&P500,SH,51.08,51.36,-0.54517,-0.28,30038.21,1534351996.66
12/20/2013,ProShares Short S&P500,SH,51.36,51.6,-0.46512,-0.24,30675.71,1575504696.72
12/19/2013,ProShares Short S&P500,SH,51.6,51.58,0.03877,0.02,31538.21,1627371868.2
12/18/2013,ProShares Short S&P500,SH,51.58,52.46,-1.67747,-0.88,31538.21,1626741103.91
12/17/2013,ProShares Short S&P500,SH,52.46,52.3,0.30593,0.16,31875.71,1672199982.67
12/16/2013,ProShares Short S&P500,SH,52.3,52.64,-0.64590,-0.34,31875.71,1667099868.35
12/13/2013,ProShares Short S&P500,SH,52.64,52.64,0.00000,0,31875.71,1677937611.28
12/12/2013,ProShares Short S&P500,SH,52.64,52.46,0.34312,0.18,31875.71,1677937611.28
12/11/2013,ProShares Short S&P500,SH,52.46,51.86,1.15696,0.6,31875.71,1672199982.67
12/10/2013,ProShares Short S&P500,SH,51.86,51.7,0.30948,0.16,31875.71,1653074553.97
12/09/2013,ProShares Short S&P500,SH,51.7,51.8,-0.19305,-0.1,31875.71,1647974439.65
12/06/2013,ProShares Short S&P500,SH,51.8,52.4,-1.14504,-0.6,31875.71,1651162011.1
12/05/2013,ProShares Short S&P500,SH,52.4,52.18,0.42162,0.22,31875.71,1670287439.8
12/04/2013,ProShares Short S&P500,SH,52.18,52.12,0.11512,0.06,31875.71,1663274782.61
12/03/2013,ProShares Short S&P500,SH,52.12,51.96,0.30793,0.16,31875.71,1661362239.74
12/02/2013,ProShares Short S&P500,SH,51.96,51.82,0.27017,0.14,31875.71,1656262125.42
11/29/2013,ProShares Short S&P500,SH,51.82,51.78,0.07725,0.04,31688.21,1642083275.39
11/27/2013,ProShares Short S&P500,SH,51.78,51.92,-0.26965,-0.14,31688.21,1640815746.81
11/26/2013,ProShares Short S&P500,SH,51.92,51.94,-0.03851,-0.02,31688.21,1645252096.84
11/25/2013,ProShares Short S&P500,SH,51.94,51.88,0.11565,0.06,31688.21,1645885861.13
11/22/2013,ProShares Short S&P500,SH,51.88,52.14,-0.49866,-0.26,31950.71,1657603068.26
11/21/2013,ProShares Short S&P500,SH,52.14,52.58,-0.83682,-0.44,31950.71,1665910254.03
11/20/2013,ProShares Short S&P500,SH,52.58,52.4,0.34351,0.18,31725.71,1668138068.41
11/19/2013,ProShares Short S&P500,SH,52.4,52.3,0.19120,0.1,31725.71,1662427439.8
11/18/2013,ProShares Short S&P500,SH,52.3,52.1,0.38388,0.2,31913.21,1669061118.35
11/15/2013,ProShares Short S&P500,SH,52.1,52.32,-0.42049,-0.22,31913.21,1662678475.45
11/14/2013,ProShares Short S&P500,SH,52.32,52.6,-0.53232,-0.28,32138.21,1681471382.64
11/13/2013,ProShares Short S&P500,SH,52.6,53.04,-0.82956,-0.44,32138.21,1690470082.7
11/12/2013,ProShares Short S&P500,SH,53.04,52.92,0.22676,0.12,32138.21,1704610897.08
11/11/2013,ProShares Short S&P500,SH,52.92,52.96,-0.07553,-0.04,32138.21,1700754311.34
11/08/2013,ProShares Short S&P500,SH,52.96,53.68,-1.34128,-0.72,32400.71,1715941839.92
11/07/2013,ProShares Short S&P500,SH,53.68,53,1.28302,0.68,33263.21,1785569354.36
11/06/2013,ProShares Short S&P500,SH,53,53.26,-0.48817,-0.26,33263.21,1762950368.5
11/05/2013,ProShares Short S&P500,SH,53.26,53.1,0.30132,0.16,33263.21,1771598804.27
11/04/2013,ProShares Short S&P500,SH,53.1,53.3,-0.37523,-0.2,33263.21,1766276689.95
11/01/2013,ProShares Short S&P500,SH,53.3,53.46,-0.29929,-0.16,32213.21,1716964332.85
10/31/2013,ProShares Short S&P500,SH,53.46,53.26,0.37552,0.2,32213.21,1722118447.17
10/30/2013,ProShares Short S&P500,SH,53.26,53,0.49057,0.26,31950.71,1701695054.27
10/29/2013,ProShares Short S&P500,SH,53,53.3,-0.56285,-0.3,31950.71,1693387868.5
10/28/2013,ProShares Short S&P500,SH,53.3,53.38,-0.14987,-0.08,31950.71,1702973082.85
10/25/2013,ProShares Short S&P500,SH,53.38,53.62,-0.44759,-0.24,31950.71,1705529140.01
10/24/2013,ProShares Short S&P500,SH,53.62,53.8,-0.33457,-0.18,31950.71,1713197311.49
10/23/2013,ProShares Short S&P500,SH,53.8,53.54,0.48562,0.26,31950.71,1718948440.1
10/22/2013,ProShares Short S&P500,SH,53.54,53.86,-0.59413,-0.32,32400.71,1734734254.33
10/21/2013,ProShares Short S&P500,SH,53.86,53.86,0.00000,0,32400.71,1745102482.97
10/18/2013,ProShares Short S&P500,SH,53.86,54.22,-0.66396,-0.36,32400.71,1745102482.97
10/17/2013,ProShares Short S&P500,SH,54.22,54.58,-0.65958,-0.36,32850.71,1781165740.19
10/16/2013,ProShares Short S&P500,SH,54.58,55.36,-1.40896,-0.78,33375.71,1821646497.41
10/15/2013,ProShares Short S&P500,SH,55.36,54.98,0.69116,0.38,33375.71,1847679554.72
10/14/2013,ProShares Short S&P500,SH,54.98,55.2,-0.39855,-0.22,33825.71,1859737783.21
10/11/2013,ProShares Short S&P500,SH,55.2,55.56,-0.64795,-0.36,33900.71,1871319440.4
10/10/2013,ProShares Short S&P500,SH,55.56,56.8,-2.18310,-1.24,34838.21,1935611197.62
10/09/2013,ProShares Short S&P500,SH,56.8,56.84,-0.07037,-0.04,36638.21,2081050583.6
10/08/2013,ProShares Short S&P500,SH,56.84,56.16,1.21083,0.68,36638.21,2082516112.18
10/07/2013,ProShares Short S&P500,SH,56.16,55.7,0.82585,0.46,36150.71,2030224126.32
10/04/2013,ProShares Short S&P500,SH,55.7,56.1,-0.71301,-0.4,36150.71,2013594797.65
10/03/2013,ProShares Short S&P500,SH,56.1,55.6,0.89928,0.5,36150.71,2028055083.45
10/02/2013,ProShares Short S&P500,SH,55.6,55.56,0.07199,0.04,36150.71,2009979726.2
10/01/2013,ProShares Short S&P500,SH,55.56,56.02,-0.82114,-0.46,36150.71,2008533697.62
09/30/2013,ProShares Short S&P500,SH,56.02,55.7,0.57451,0.32,36150.71,2025163026.29
09/27/2013,ProShares Short S&P500,SH,55.7,55.46,0.43274,0.24,36150.71,2013594797.65
09/26/2013,ProShares Short S&P500,SH,55.46,55.68,-0.39511,-0.22,36150.71,2004918626.17
09/25/2013,ProShares Short S&P500,SH,55.68,55.52,0.28818,0.16,36150.71,2012871783.36
09/24/2013,ProShares Short S&P500,SH,55.52,55.38,0.25280,0.14,35775.71,1986267669.04
09/23/2013,ProShares Short S&P500,SH,55.38,55.12,0.47170,0.26,35363.21,1958414819.01
09/20/2013,ProShares Short S&P500,SH,55.12,54.74,0.69419,0.38,35363.21,1949220383.24
09/19/2013,ProShares Short S&P500,SH,54.74,54.64,0.18302,0.1,35363.21,1935782361.73
09/18/2013,ProShares Short S&P500,SH,54.64,55.32,-1.22921,-0.68,35700.71,1950687040.28
09/17/2013,ProShares Short S&P500,SH,55.32,55.56,-0.43197,-0.24,35888.21,1985336026.14
09/16/2013,ProShares Short S&P500,SH,55.56,55.88,-0.57266,-0.32,35888.21,1993949197.62
09/13/2013,ProShares Short S&P500,SH,55.88,56.02,-0.24991,-0.14,36975.71,2066202926.26
09/12/2013,ProShares Short S&P500,SH,56.02,55.86,0.28643,0.16,36975.71,2071379526.29
09/11/2013,ProShares Short S&P500,SH,55.86,56.04,-0.32120,-0.18,37538.21,2096884661.97
09/10/2013,ProShares Short S&P500,SH,56.04,56.46,-0.74389,-0.42,37800.71,2118352040.58
09/09/2013,ProShares Short S&P500,SH,56.46,57.02,-0.98211,-0.56,37800.71,2134228340.67
09/06/2013,ProShares Short S&P500,SH,57.02,57.04,-0.03506,-0.02,37388.21,2131875990.79
09/05/2013,ProShares Short S&P500,SH,57.04,57.1,-0.10508,-0.06,37388.21,2132623755.08
09/04/2013,ProShares Short S&P500,SH,57.1,57.6,-0.86806,-0.5,37725.71,2154138297.95
09/03/2013,ProShares Short S&P500,SH,57.6,57.84,-0.41494,-0.24,37725.71,2173001155.2
08/30/2013,ProShares Short S&P500,SH,57.84,57.66,0.31217,0.18,37013.21,2140844326.68
08/29/2013,ProShares Short S&P500,SH,57.66,57.78,-0.20768,-0.12,37013.21,2134181948.07
08/28/2013,ProShares Short S&P500,SH,57.78,57.96,-0.31056,-0.18,36450.71,2106122283.81
08/27/2013,ProShares Short S&P500,SH,57.96,57.06,1.57729,0.9,36450.71,2112683412.42
08/26/2013,ProShares Short S&P500,SH,57.06,56.82,0.42239,0.24,36338.21,2073458519.37
08/23/2013,ProShares Short S&P500,SH,56.82,57.06,-0.42061,-0.24,36263.21,2060475847.89
08/22/2013,ProShares Short S&P500,SH,57.06,57.56,-0.86866,-0.5,35888.21,2047781519.37
08/21/2013,ProShares Short S&P500,SH,57.56,57.22,0.59420,0.34,35513.21,2044140626.62
08/20/2013,ProShares Short S&P500,SH,57.22,57.46,-0.41768,-0.24,34350.71,1965547883.69
08/19/2013,ProShares Short S&P500,SH,57.46,57.12,0.59524,0.34,33338.21,1915613805.17
08/16/2013,ProShares Short S&P500,SH,57.12,56.94,0.31612,0.18,32813.21,1874290812.24
08/15/2013,ProShares Short S&P500,SH,56.94,56.14,1.42501,0.8,32813.21,1868384433.63
08/14/2013,ProShares Short S&P500,SH,56.14,55.86,0.50125,0.28,32400.71,1818976112.03
08/13/2013,ProShares Short S&P500,SH,55.86,56.04,-0.32120,-0.18,32400.71,1809903911.97
08/12/2013,ProShares Short S&P500,SH,56.04,55.98,0.10718,0.06,31800.71,1782112040.58
08/09/2013,ProShares Short S&P500,SH,55.98,55.8,0.32258,0.18,31800.71,1780203997.71
08/08/2013,ProShares Short S&P500,SH,55.8,56.02,-0.39272,-0.22,31800.71,1774479869.1
08/07/2013,ProShares Short S&P500,SH,56.02,55.82,0.35829,0.2,31500.71,1764670026.29
08/06/2013,ProShares Short S&P500,SH,55.82,55.52,0.54035,0.3,31313.21,1747903633.39
08/05/2013,ProShares Short S&P500,SH,55.52,55.44,0.14430,0.08,31313.21,1738509669.04
08/02/2013,ProShares Short S&P500,SH,55.44,55.54,-0.18005,-0.1,31313.21,1736004611.88
08/01/2013,ProShares Short S&P500,SH,55.54,56.24,-1.24467,-0.7,31313.21,1739135933.33
07/31/2013,ProShares Short S&P500,SH,56.24,56.24,0.00000,0,31313.21,1761055183.48
07/30/2013,ProShares Short S&P500,SH,56.24,56.26,-0.03555,-0.02,31313.21,1761055183.48
07/29/2013,ProShares Short S&P500,SH,56.26,56.06,0.35676,0.2,31313.21,1761681447.77
07/26/2013,ProShares Short S&P500,SH,56.06,56.12,-0.10691,-0.06,31088.21,1742805304.87
07/25/2013,ProShares Short S&P500,SH,56.12,56.26,-0.24884,-0.14,31088.21,1744670597.74
07/24/2013,ProShares Short S&P500,SH,56.26,56.04,0.39258,0.22,31088.21,1749022947.77
07/23/2013,ProShares Short S&P500,SH,56.04,55.94,0.17876,0.1,31350.71,1756894040.58
07/22/2013,ProShares Short S&P500,SH,55.94,56.06,-0.21406,-0.12,31538.21,1764247719.13
07/19/2013,ProShares Short S&P500,SH,56.06,56.16,-0.17806,-0.1,31538.21,1768032304.87
07/18/2013,ProShares Short S&P500,SH,56.16,56.44,-0.49610,-0.28,31538.21,1771186126.32
07/17/2013,ProShares Short S&P500,SH,56.44,56.6,-0.28269,-0.16,31538.21,1780016826.38
07/16/2013,ProShares Short S&P500,SH,56.6,56.4,0.35461,0.2,31538.21,1785062940.7
07/15/2013,ProShares Short S&P500,SH,56.4,56.48,-0.14164,-0.08,31913.21,1799905297.8
07/12/2013,ProShares Short S&P500,SH,56.48,56.66,-0.31768,-0.18,31913.21,1802458354.96
07/11/2013,ProShares Short S&P500,SH,56.66,57.44,-1.35794,-0.78,32513.21,1842198733.57
07/10/2013,ProShares Short S&P500,SH,57.44,57.46,-0.03481,-0.02,33900.71,1947257040.88
07/09/2013,ProShares Short S&P500,SH,57.46,57.88,-0.72564,-0.42,33900.71,1947935055.17
07/08/2013,ProShares Short S&P500,SH,57.88,58.2,-0.54983,-0.32,35100.71,2031629355.26
07/05/2013,ProShares Short S&P500,SH,58.2,58.8,-1.02041,-0.6,35100.71,2042861583.9
07/03/2013,ProShares Short S&P500,SH,58.8,58.86,-0.10194,-0.06,35400.71,2081562012.6
07/02/2013,ProShares Short S&P500,SH,58.86,58.84,0.03399,0.02,35400.71,2083686055.47
07/01/2013,ProShares Short S&P500,SH,58.84,59.18,-0.57452,-0.34,35138.21,2067532541.18
06/28/2013,ProShares Short S&P500,SH,59.18,58.92,0.44128,0.26,34988.21,2070602534.11
06/27/2013,ProShares Short S&P500,SH,58.92,59.28,-0.60729,-0.36,34988.21,2061505598.34
06/26/2013,ProShares Short S&P500,SH,59.28,59.86,-0.96893,-0.58,34350.71,2036310355.56
06/25/2013,ProShares Short S&P500,SH,59.86,60.46,-0.99239,-0.6,34350.71,2056233769.97
06/24/2013,ProShares Short S&P500,SH,60.46,59.72,1.23912,0.74,34238.21,2070042448.67
06/21/2013,ProShares Short S&P500,SH,59.72,59.9,-0.30050,-0.18,32738.21,1955126169.94
06/20/2013,ProShares Short S&P500,SH,59.9,58.44,2.49829,1.46,32738.21,1961019048.55
06/19/2013,ProShares Short S&P500,SH,58.44,57.64,1.38793,0.8,33038.21,1930753255.38
06/18/2013,ProShares Short S&P500,SH,57.64,58.1,-0.79174,-0.46,32663.21,1882707683.78
06/17/2013,ProShares Short S&P500,SH,58.1,58.54,-0.75162,-0.44,32850.71,1908626512.45
06/14/2013,ProShares Short S&P500,SH,58.54,58.2,0.58419,0.34,32850.71,1923080826.83
06/13/2013,ProShares Short S&P500,SH,58.2,59.08,-1.48951,-0.88,32888.21,1914094083.9
06/12/2013,ProShares Short S&P500,SH,59.08,58.6,0.81911,0.48,32288.21,1907587712.66
06/11/2013,ProShares Short S&P500,SH,58.6,58.02,0.99966,0.58,32288.21,1892089369.7
06/10/2013,ProShares Short S&P500,SH,58.02,58,0.03448,0.02,32288.21,1873362205.29
06/07/2013,ProShares Short S&P500,SH,58,58.76,-1.29340,-0.76,32175.71,1866191441
06/06/2013,ProShares Short S&P500,SH,58.76,59.28,-0.87719,-0.52,32175.71,1890644984.02
06/05/2013,ProShares Short S&P500,SH,59.28,58.48,1.36799,0.8,32175.71,1907376355.56
06/04/2013,ProShares Short S&P500,SH,58.48,58.16,0.55021,0.32,31800.71,1859705783.96
06/03/2013,ProShares Short S&P500,SH,58.16,58.52,-0.61517,-0.36,31800.71,1849529555.32
05/31/2013,ProShares Short S&P500,SH,58.52,57.7,1.42114,0.82,31125.71,1821476812.54
05/30/2013,ProShares Short S&P500,SH,57.7,57.92,-0.37983,-0.22,31125.71,1795953726.65
05/29/2013,ProShares Short S&P500,SH,57.92,57.52,0.69541,0.4,31125.71,1802801383.84
05/28/2013,ProShares Short S&P500,SH,57.52,57.9,-0.65630,-0.38,31125.71,1790351098.04
05/24/2013,ProShares Short S&P500,SH,57.9,57.86,0.06913,0.04,30750.71,1780466369.55
05/23/2013,ProShares Short S&P500,SH,57.86,57.7,0.27730,0.16,30750.71,1779236340.97
05/22/2013,ProShares Short S&P500,SH,57.7,57.24,0.80363,0.46,30750.71,1774316226.65
05/21/2013,ProShares Short S&P500,SH,57.24,57.34,-0.17440,-0.1,30750.71,1760170897.98
05/20/2013,ProShares Short S&P500,SH,57.34,57.3,0.06981,0.04,30900.71,1771846969.43
05/17/2013,ProShares Short S&P500,SH,57.3,57.9,-1.03627,-0.6,30900.71,1770610940.85
05/16/2013,ProShares Short S&P500,SH,57.9,57.62,0.48594,0.28,30900.71,1789151369.55
05/15/2013,ProShares Short S&P500,SH,57.62,57.94,-0.55230,-0.32,30900.71,1780499169.49
05/14/2013,ProShares Short S&P500,SH,57.94,58.54,-1.02494,-0.6,31163.21,1805596648.13
05/13/2013,ProShares Short S&P500,SH,58.54,58.56,-0.03415,-0.02,31163.21,1824294576.83
05/10/2013,ProShares Short S&P500,SH,58.56,58.8,-0.40816,-0.24,31163.21,1824917841.12
05/09/2013,ProShares Short S&P500,SH,58.8,58.62,0.30706,0.18,31163.21,1832397012.6
05/08/2013,ProShares Short S&P500,SH,58.62,58.88,-0.44158,-0.26,31163.21,1826787633.99
05/07/2013,ProShares Short S&P500,SH,58.88,59.2,-0.54054,-0.32,31163.21,1834890069.76
05/06/2013,ProShares Short S&P500,SH,59.2,59.32,-0.20229,-0.12,31463.21,1862622298.4
05/03/2013,ProShares Short S&P500,SH,59.32,59.96,-1.06738,-0.64,31463.21,1866397884.14
05/02/2013,ProShares Short S&P500,SH,59.96,60.54,-0.95804,-0.58,31463.21,1886534341.42
05/01/2013,ProShares Short S&P500,SH,60.54,59.98,0.93364,0.56,31463.21,1904783005.83
04/30/2013,ProShares Short S&P500,SH,59.98,60.12,-0.23287,-0.14,31463.21,1887163605.71
04/29/2013,ProShares Short S&P500,SH,60.12,60.56,-0.72655,-0.44,31088.21,1869023455.74
04/26/2013,ProShares Short S&P500,SH,60.56,60.46,0.16540,0.1,31088.21,1882702270.12
04/25/2013,ProShares Short S&P500,SH,60.46,60.7,-0.39539,-0.24,31350.71,1895464198.67
04/24/2013,ProShares Short S&P500,SH,60.7,60.72,-0.03294,-0.02,31350.71,1902988370.15
04/23/2013,ProShares Short S&P500,SH,60.72,61.36,-1.04302,-0.64,31350.71,1903615384.44
04/22/2013,ProShares Short S&P500,SH,61.36,61.66,-0.48654,-0.3,30713.21,1884562841.72
04/19/2013,ProShares Short S&P500,SH,61.66,62.2,-0.86817,-0.54,30263.21,1866029806.07
04/18/2013,ProShares Short S&P500,SH,62.2,61.8,0.64725,0.4,29438.21,1831056941.9
04/17/2013,ProShares Short S&P500,SH,61.8,60.92,1.44452,0.88,29438.21,1819281656.1
04/16/2013,ProShares Short S&P500,SH,60.92,61.8,-1.42395,-0.88,29288.21,1784238027.34
04/15/2013,ProShares Short S&P500,SH,61.8,60.42,2.28401,1.38,28838.21,1782201656.1
04/12/2013,ProShares Short S&P500,SH,60.42,60.26,0.26552,0.16,28838.21,1742404920.09
04/11/2013,ProShares Short S&P500,SH,60.26,60.48,-0.36376,-0.22,29363.21,1769427305.77
04/10/2013,ProShares Short S&P500,SH,60.48,61.22,-1.20876,-0.74,29400.71,1778155212.96
04/09/2013,ProShares Short S&P500,SH,61.22,61.44,-0.35807,-0.22,29400.71,1799911741.69
04/08/2013,ProShares Short S&P500,SH,61.44,61.86,-0.67895,-0.42,29400.71,1806379898.88
04/05/2013,ProShares Short S&P500,SH,61.86,61.6,0.42208,0.26,29288.21,1811768948.97
04/04/2013,ProShares Short S&P500,SH,61.6,61.84,-0.38810,-0.24,28538.21,1757954013.2
04/03/2013,ProShares Short S&P500,SH,61.84,61.22,1.01274,0.62,28538.21,1764803184.68
04/02/2013,ProShares Short S&P500,SH,61.22,61.54,-0.51999,-0.32,28538.21,1747109491.69
04/01/2013,ProShares Short S&P500,SH,61.54,61.28,0.42428,0.26,28538.21,1756241720.33
03/28/2013,ProShares Short S&P500,SH,61.28,61.52,-0.39012,-0.24,28538.21,1748821784.56
03/27/2013,ProShares Short S&P500,SH,61.52,61.48,0.06506,0.04,28538.21,1755670956.04
03/26/2013,ProShares Short S&P500,SH,61.48,61.98,-0.80671,-0.5,28538.21,1754529427.46
03/25/2013,ProShares Short S&P500,SH,61.98,61.78,0.32373,0.2,28538.21,1768798534.71
03/22/2013,ProShares Short S&P500,SH,61.78,62.24,-0.73907,-0.46,28538.21,1763090891.81
03/21/2013,ProShares Short S&P500,SH,62.24,61.72,0.84251,0.52,28538.21,1776218470.48
03/20/2013,ProShares Short S&P500,SH,61.72,62.14,-0.67589,-0.42,28538.21,1761378598.94
03/19/2013,ProShares Short S&P500,SH,62.14,62,0.22581,0.14,28313.21,1759383149.03
03/18/2013,ProShares Short S&P500,SH,62,61.66,0.55141,0.34,28050.71,1739144299
03/15/2013,ProShares Short S&P500,SH,61.66,61.56,0.16244,0.1,28050.71,1729607056.07
03/14/2013,ProShares Short S&P500,SH,61.56,61.9,-0.54927,-0.34,27900.71,1717567984.62
03/13/2013,ProShares Short S&P500,SH,61.9,62,-0.16129,-0.1,27900.71,1727054227.55
03/12/2013,ProShares Short S&P500,SH,62,61.86,0.22632,0.14,27900.71,1729844299
03/11/2013,ProShares Short S&P500,SH,61.86,62.08,-0.35438,-0.22,27825.71,1721298698.97
03/08/2013,ProShares Short S&P500,SH,62.08,62.36,-0.44901,-0.28,27825.71,1727420356.16
03/07/2013,ProShares Short S&P500,SH,62.36,62.48,-0.19206,-0.12,28575.71,1781981556.22
03/06/2013,ProShares Short S&P500,SH,62.48,62.56,-0.12788,-0.08,28575.71,1785410641.96
03/05/2013,ProShares Short S&P500,SH,62.56,63.18,-0.98132,-0.62,28575.71,1787696699.12
03/04/2013,ProShares Short S&P500,SH,63.18,63.48,-0.47259,-0.3,28575.71,1805413642.11
03/01/2013,ProShares Short S&P500,SH,63.48,63.64,-0.25141,-0.16,28575.71,1813986356.46
02/28/2013,ProShares Short S&P500,SH,63.64,63.56,0.12587,0.08,27788.21,1768441970.78
02/27/2013,ProShares Short S&P500,SH,63.56,64.4,-1.30435,-0.84,27788.21,1766218913.62
02/26/2013,ProShares Short S&P500,SH,64.4,64.82,-0.64795,-0.42,27788.21,1789561013.8
02/25/2013,ProShares Short S&P500,SH,64.82,63.64,1.85418,1.18,27450.71,1779355313.89
02/22/2013,ProShares Short S&P500,SH,63.64,64.22,-0.90315,-0.58,26250.71,1670595470.78
02/21/2013,ProShares Short S&P500,SH,64.22,63.84,0.59524,0.38,26250.71,1685820885.19
02/20/2013,ProShares Short S&P500,SH,63.84,63.06,1.23692,0.78,26250.71,1675845613.68
02/19/2013,ProShares Short S&P500,SH,63.06,63.54,-0.75543,-0.48,26250.71,1655370056.37
02/15/2013,ProShares Short S&P500,SH,63.54,63.48,0.09452,0.06,26250.71,1667970399.33
02/14/2013,ProShares Short S&P500,SH,63.48,63.54,-0.09443,-0.06,26250.71,1666395356.46
02/13/2013,ProShares Short S&P500,SH,63.54,63.6,-0.09434,-0.06,26250.71,1667970399.33
02/12/2013,ProShares Short S&P500,SH,63.6,63.7,-0.15699,-0.1,26250.71,1669545442.2
02/11/2013,ProShares Short S&P500,SH,63.7,63.68,0.03141,0.02,25538.21,1626784263.65
02/08/2013,ProShares Short S&P500,SH,63.68,64.04,-0.56215,-0.36,25538.21,1626273499.36
02/07/2013,ProShares Short S&P500,SH,64.04,63.94,0.15640,0.1,25538.21,1635467256.58
02/06/2013,ProShares Short S&P500,SH,63.94,64,-0.09375,-0.06,25538.21,1632913435.13
02/05/2013,ProShares Short S&P500,SH,64,64.68,-1.05133,-0.68,25538.21,1634445728
02/04/2013,ProShares Short S&P500,SH,64.68,63.94,1.15734,0.74,24863.21,1608152713.86
02/01/2013,ProShares Short S&P500,SH,63.94,64.6,-1.02167,-0.66,24863.21,1589753935.13
01/31/2013,ProShares Short S&P500,SH,64.6,64.44,0.24829,0.16,24863.21,1606163656.7
01/30/2013,ProShares Short S&P500,SH,64.44,64.2,0.37383,0.24,24863.21,1602185542.38
01/29/2013,ProShares Short S&P500,SH,64.2,64.52,-0.49597,-0.32,24863.21,1596218370.9
01/28/2013,ProShares Short S&P500,SH,64.52,64.42,0.15523,0.1,24863.21,1604174599.54
01/25/2013,ProShares Short S&P500,SH,64.42,64.78,-0.55573,-0.36,24863.21,1601688278.09
01/24/2013,ProShares Short S&P500,SH,64.78,64.78,0.00000,0,24863.21,1610639035.31
01/23/2013,ProShares Short S&P500,SH,64.78,64.88,-0.15413,-0.1,24863.21,1610639035.31
01/22/2013,ProShares Short S&P500,SH,64.88,65.18,-0.46026,-0.3,25500.71,1654486356.76
01/18/2013,ProShares Short S&P500,SH,65.18,65.4,-0.33639,-0.22,25500.71,1662136571.11
01/17/2013,ProShares Short S&P500,SH,65.4,65.78,-0.57768,-0.38,24863.21,1626054228.3
01/16/2013,ProShares Short S&P500,SH,65.78,65.8,-0.03040,-0.02,24863.21,1635502249.81
01/15/2013,ProShares Short S&P500,SH,65.8,65.86,-0.09110,-0.06,25088.21,1650804514.1
01/14/2013,ProShares Short S&P500,SH,65.86,65.82,0.06077,0.04,25088.21,1652309806.97
01/11/2013,ProShares Short S&P500,SH,65.82,65.82,0.00000,0,25088.21,1651306278.39
01/10/2013,ProShares Short S&P500,SH,65.82,66.32,-0.75392,-0.5,25088.21,1651306278.39
01/09/2013,ProShares Short S&P500,SH,66.32,66.5,-0.27068,-0.18,25088.21,1663850385.64
01/08/2013,ProShares Short S&P500,SH,66.5,66.32,0.27141,0.18,25088.21,1668366264.25
01/07/2013,ProShares Short S&P500,SH,66.32,66.1,0.33283,0.22,25275.71,1676285385.64
01/04/2013,ProShares Short S&P500,SH,66.1,66.44,-0.51174,-0.34,25275.71,1670724728.45
01/03/2013,ProShares Short S&P500,SH,66.44,66.28,0.24140,0.16,25688.21,1706724971.38
01/02/2013,ProShares Short S&P500,SH,66.28,68.04,-2.58671,-1.76,26175.71,1734926357.06
12/31/2012,ProShares Short S&P500,SH,68.04,69.22,-1.70471,-1.18,27188.21,1849886114.58
12/28/2012,ProShares Short S&P500,SH,69.22,68.46,1.11014,0.76,27188.21,1881968207.69
12/27/2012,ProShares Short S&P500,SH,68.46,68.4,0.08772,0.06,27188.21,1861305164.67
12/26/2012,ProShares Short S&P500,SH,68.4,68.08,0.47004,0.32,27188.21,1859673871.8
12/24/2012,ProShares Short S&P500,SH,68.08,67.92,0.23557,0.16,26775.71,1822890643.16
12/21/2012,ProShares Short S&P500,SH,67.92,67.3,0.92125,0.62,26775.71,1818606528.84
12/20/2012,ProShares Short S&P500,SH,67.3,67.68,-0.56147,-0.38,26775.71,1802005585.85
12/19/2012,ProShares Short S&P500,SH,67.68,67.18,0.74427,0.5,26775.71,1812180357.36
12/18/2012,ProShares Short S&P500,SH,67.18,67.96,-1.14773,-0.78,26775.71,1798792500.11
12/17/2012,ProShares Short S&P500,SH,67.96,68.78,-1.19221,-0.82,27413.21,1863002057.42
12/14/2012,ProShares Short S&P500,SH,68.78,68.5,0.40876,0.28,27413.21,1885480893.31
12/13/2012,ProShares Short S&P500,SH,68.5,68.1,0.58737,0.4,27638.21,1893217693.25
12/12/2012,ProShares Short S&P500,SH,68.1,68.14,-0.05870,-0.04,27638.21,1882162407.45
12/11/2012,ProShares Short S&P500,SH,68.14,68.6,-0.67055,-0.46,27638.21,1883267936.03
12/10/2012,ProShares Short S&P500,SH,68.6,68.62,-0.02915,-0.02,27638.21,1895981514.7
12/07/2012,ProShares Short S&P500,SH,68.62,68.84,-0.31958,-0.22,27638.21,1896534278.99
12/06/2012,ProShares Short S&P500,SH,68.84,69.08,-0.34742,-0.24,27638.21,1902614686.18
12/05/2012,ProShares Short S&P500,SH,69.08,69.22,-0.20225,-0.14,27638.21,1909247857.66
12/04/2012,ProShares Short S&P500,SH,69.22,69.1,0.17366,0.12,27638.21,1913117207.69
12/03/2012,ProShares Short S&P500,SH,69.1,68.78,0.46525,0.32,27638.21,1909800621.95
11/30/2012,ProShares Short S&P500,SH,68.78,68.78,0.00000,0,27638.21,1900956393.31
11/29/2012,ProShares Short S&P500,SH,68.78,69.1,-0.46310,-0.32,27638.21,1900956393.31
11/28/2012,ProShares Short S&P500,SH,69.1,69.66,-0.80390,-0.56,27638.21,1909800621.95
11/27/2012,ProShares Short S&P500,SH,69.66,69.32,0.49048,0.34,27638.21,1925278022.07
11/26/2012,ProShares Short S&P500,SH,69.32,69.18,0.20237,0.14,27638.21,1915881029.14
11/23/2012,ProShares Short S&P500,SH,69.18,70.1,-1.31241,-0.92,27638.21,1912011679.11
11/21/2012,ProShares Short S&P500,SH,70.1,70.26,-0.22773,-0.16,27938.21,1958468836.45
11/20/2012,ProShares Short S&P500,SH,70.26,70.32,-0.08532,-0.06,28125.71,1976112700.77
11/19/2012,ProShares Short S&P500,SH,70.32,71.76,-2.00669,-1.44,28125.71,1977800243.64
11/16/2012,ProShares Short S&P500,SH,71.76,72.12,-0.49917,-0.36,29063.21,2085576272.52
11/15/2012,ProShares Short S&P500,SH,72.12,72,0.16667,0.12,29400.71,2120379529.74
11/14/2012,ProShares Short S&P500,SH,72,71.04,1.35135,0.96,29400.71,2116851444
11/13/2012,ProShares Short S&P500,SH,71.04,70.8,0.33898,0.24,29400.71,2088626758.08
11/12/2012,ProShares Short S&P500,SH,70.8,70.82,-0.02824,-0.02,29400.71,2081570586.6
11/09/2012,ProShares Short S&P500,SH,70.82,70.92,-0.14100,-0.1,29400.71,2082158600.89
11/08/2012,ProShares Short S&P500,SH,70.92,70.08,1.19863,0.84,29625.71,2101055672.34
11/07/2012,ProShares Short S&P500,SH,70.08,68.52,2.27671,1.56,29625.71,2076170072.16
11/06/2012,ProShares Short S&P500,SH,68.52,69.06,-0.78193,-0.54,29625.71,2029953957.54
11/05/2012,ProShares Short S&P500,SH,69.06,69.22,-0.23115,-0.16,29625.71,2045951843.37
11/02/2012,ProShares Short S&P500,SH,69.22,68.58,0.93322,0.64,29625.71,2050691957.69
11/01/2012,ProShares Short S&P500,SH,68.58,69.34,-1.09605,-0.76,29625.71,2031731500.41
10/31/2012,ProShares Short S&P500,SH,69.34,69.36,-0.02884,-0.02,29775.71,2064648043.43
10/26/2012,ProShares Short S&P500,SH,69.36,69.32,0.05770,0.04,29963.21,2078248557.72
10/25/2012,ProShares Short S&P500,SH,69.32,69.52,-0.28769,-0.2,29963.21,2077050029.14
10/24/2012,ProShares Short S&P500,SH,69.52,69.32,0.28852,0.2,29475.71,2049151672.04
10/23/2012,ProShares Short S&P500,SH,69.32,68.34,1.43401,0.98,28838.21,1999065029.14
10/22/2012,ProShares Short S&P500,SH,68.34,68.38,-0.05850,-0.04,28800.71,1968240828.93
10/19/2012,ProShares Short S&P500,SH,68.38,67.26,1.66518,1.12,28800.71,1969392857.51
10/18/2012,ProShares Short S&P500,SH,67.26,67.1,0.23845,0.16,28800.71,1937136057.27
10/17/2012,ProShares Short S&P500,SH,67.1,67.38,-0.41555,-0.28,28800.71,1932527942.95
10/16/2012,ProShares Short S&P500,SH,67.38,68.08,-1.02820,-0.7,29288.21,1973439893.01
10/15/2012,ProShares Short S&P500,SH,68.08,68.64,-0.81585,-0.56,29288.21,1993941643.16
10/12/2012,ProShares Short S&P500,SH,68.64,68.44,0.29223,0.2,28688.21,1969159043.28
10/11/2012,ProShares Short S&P500,SH,68.44,68.46,-0.02921,-0.02,28688.21,1963421400.38
10/10/2012,ProShares Short S&P500,SH,68.46,68.06,0.58772,0.4,28688.21,1963995164.67
10/09/2012,ProShares Short S&P500,SH,68.06,67.38,1.00920,0.68,28688.21,1952519878.87
10/08/2012,ProShares Short S&P500,SH,67.38,67.16,0.32758,0.22,28688.21,1933011893.01
10/05/2012,ProShares Short S&P500,SH,67.16,67.16,0.00000,0,28838.21,1936774485.82
10/04/2012,ProShares Short S&P500,SH,67.16,67.66,-0.73899,-0.5,28838.21,1936774485.82
10/03/2012,ProShares Short S&P500,SH,67.66,67.92,-0.38280,-0.26,29213.21,1976566093.07
10/02/2012,ProShares Short S&P500,SH,67.92,67.98,-0.08826,-0.06,28875.71,1961238528.84
10/01/2012,ProShares Short S&P500,SH,67.98,68.18,-0.29334,-0.2,28875.71,1962971071.71
09/28/2012,ProShares Short S&P500,SH,68.18,67.86,0.47156,0.32,28875.71,1968746214.61
09/27/2012,ProShares Short S&P500,SH,67.86,68.54,-0.99212,-0.68,29138.21,1977319235.97
09/26/2012,ProShares Short S&P500,SH,68.54,68.16,0.55751,0.38,29138.21,1997133221.83
09/25/2012,ProShares Short S&P500,SH,68.16,67.46,1.03765,0.7,28275.71,1927272700.32
09/24/2012,ProShares Short S&P500,SH,67.46,67.32,0.20796,0.14,28425.71,1917598700.17
09/21/2012,ProShares Short S&P500,SH,67.32,67.3,0.02972,0.02,28425.71,1913619100.14
09/20/2012,ProShares Short S&P500,SH,67.3,67.28,0.02973,0.02,28425.71,1913050585.85
09/19/2012,ProShares Short S&P500,SH,67.28,67.36,-0.11876,-0.08,28425.71,1912482071.56
09/18/2012,ProShares Short S&P500,SH,67.36,67.28,0.11891,0.08,28425.71,1914756128.72
09/17/2012,ProShares Short S&P500,SH,67.28,67.08,0.29815,0.2,28425.71,1912482071.56
09/14/2012,ProShares Short S&P500,SH,67.08,67.34,-0.38610,-0.26,28425.71,1906796928.66
09/13/2012,ProShares Short S&P500,SH,67.34,68.48,-1.66472,-1.14,28613.21,1926813864.43
09/12/2012,ProShares Short S&P500,SH,68.48,68.64,-0.23310,-0.16,28613.21,1959432928.96
09/11/2012,ProShares Short S&P500,SH,68.64,68.86,-0.31949,-0.22,28613.21,1964011043.28
09/10/2012,ProShares Short S&P500,SH,68.86,68.44,0.61368,0.42,28613.21,1970305950.47
09/07/2012,ProShares Short S&P500,SH,68.44,68.72,-0.40745,-0.28,29063.21,1989086400.38
09/06/2012,ProShares Short S&P500,SH,68.72,70.18,-2.08036,-1.46,29063.21,1997224100.44
09/05/2012,ProShares Short S&P500,SH,70.18,70.12,0.08557,0.06,29063.21,2039656393.61
09/04/2012,ProShares Short S&P500,SH,70.12,70.04,0.11422,0.08,29063.21,2037912600.74
08/31/2012,ProShares Short S&P500,SH,70.04,70.4,-0.51136,-0.36,28650.71,2006696043.58
08/30/2012,ProShares Short S&P500,SH,70.4,69.86,0.77297,0.54,28650.71,2017010300.8
08/29/2012,ProShares Short S&P500,SH,69.86,69.94,-0.11438,-0.08,28650.71,2001538914.97
08/28/2012,ProShares Short S&P500,SH,69.94,69.9,0.05722,0.04,28650.71,2003830972.13
08/27/2012,ProShares Short S&P500,SH,69.9,69.86,0.05726,0.04,28125.71,1965987443.55
08/24/2012,ProShares Short S&P500,SH,69.86,70.32,-0.65415,-0.46,28125.71,1964862414.97
08/23/2012,ProShares Short S&P500,SH,70.32,69.76,0.80275,0.56,28125.71,1977800243.64
08/22/2012,ProShares Short S&P500,SH,69.76,69.78,-0.02866,-0.02,28125.71,1962049843.52
08/21/2012,ProShares Short S&P500,SH,69.78,69.56,0.31627,0.22,27938.21,1949528607.81
08/20/2012,ProShares Short S&P500,SH,69.56,69.56,0.00000,0,27938.21,1943382200.62
08/17/2012,ProShares Short S&P500,SH,69.56,69.68,-0.17222,-0.12,27938.21,1943382200.62
08/16/2012,ProShares Short S&P500,SH,69.68,70.2,-0.74074,-0.52,27938.21,1946734786.36
08/15/2012,ProShares Short S&P500,SH,70.2,70.3,-0.14225,-0.1,27413.21,1924407657.9
08/14/2012,ProShares Short S&P500,SH,70.3,70.3,0.00000,0,27413.21,1927148979.35
08/13/2012,ProShares Short S&P500,SH,70.3,70.24,0.08542,0.06,27413.21,1927148979.35
08/10/2012,ProShares Short S&P500,SH,70.24,70.38,-0.19892,-0.14,26963.21,1893896186.48
08/09/2012,ProShares Short S&P500,SH,70.38,70.44,-0.08518,-0.06,26963.21,1897671036.51
08/08/2012,ProShares Short S&P500,SH,70.44,70.52,-0.11344,-0.08,26963.21,1899288829.38
08/07/2012,ProShares Short S&P500,SH,70.52,70.88,-0.50790,-0.36,26963.21,1901445886.54
08/06/2012,ProShares Short S&P500,SH,70.88,71.06,-0.25331,-0.18,26963.21,1911152643.76
08/03/2012,ProShares Short S&P500,SH,71.06,72.44,-1.90502,-1.38,26963.21,1916006022.37
08/02/2012,ProShares Short S&P500,SH,72.44,71.92,0.72303,0.52,26963.21,1953215258.38
08/01/2012,ProShares Short S&P500,SH,71.92,71.72,0.27886,0.2,26288.21,1890648386.84
07/31/2012,ProShares Short S&P500,SH,71.72,71.4,0.44818,0.32,26288.21,1885390743.94
07/30/2012,ProShares Short S&P500,SH,71.4,71.38,0.02802,0.02,26288.21,1876978515.3
07/27/2012,ProShares Short S&P500,SH,71.38,72.78,-1.92361,-1.4,26288.21,1876452751.01
07/26/2012,ProShares Short S&P500,SH,72.78,74,-1.64865,-1.22,26288.21,1913256251.31
07/25/2012,ProShares Short S&P500,SH,74,73.98,0.02703,0.02,25388.21,1878727873
07/24/2012,ProShares Short S&P500,SH,73.98,73.32,0.90016,0.66,25388.21,1878220108.71
07/23/2012,ProShares Short S&P500,SH,73.32,72.68,0.88057,0.64,25388.21,1861463887.14
07/20/2012,ProShares Short S&P500,SH,72.68,71.96,1.00056,0.72,25388.21,1845215429.86
07/19/2012,ProShares Short S&P500,SH,71.96,72.16,-0.27716,-0.2,25688.21,1848523915.42
07/18/2012,ProShares Short S&P500,SH,72.16,72.66,-0.68814,-0.5,25688.21,1853661558.32
07/17/2012,ProShares Short S&P500,SH,72.66,73.2,-0.73770,-0.54,25688.21,1866505665.57
07/16/2012,ProShares Short S&P500,SH,73.2,73.04,0.21906,0.16,25688.21,1880377301.4
07/13/2012,ProShares Short S&P500,SH,73.04,74.28,-1.66936,-1.24,25688.21,1876267187.08
07/12/2012,ProShares Short S&P500,SH,74.28,73.9,0.51421,0.38,25688.21,1908120573.06
07/11/2012,ProShares Short S&P500,SH,73.9,73.92,-0.02706,-0.02,25688.21,1898359051.55
07/10/2012,ProShares Short S&P500,SH,73.92,73.32,0.81833,0.6,25688.21,1898872815.84
07/09/2012,ProShares Short S&P500,SH,73.32,73.2,0.16393,0.12,25688.21,1883459887.14
07/06/2012,ProShares Short S&P500,SH,73.2,72.54,0.90984,0.66,25688.21,1880377301.4
07/05/2012,ProShares Short S&P500,SH,72.54,72.22,0.44309,0.32,25688.21,1863423079.83
07/03/2012,ProShares Short S&P500,SH,72.22,72.68,-0.63291,-0.46,25688.21,1855202851.19
07/02/2012,ProShares Short S&P500,SH,72.68,72.88,-0.27442,-0.2,25688.21,1867019429.86
06/29/2012,ProShares Short S&P500,SH,72.88,74.74,-2.48863,-1.86,25688.21,1872157072.76
06/28/2012,ProShares Short S&P500,SH,74.74,74.6,0.18767,0.14,26025.71,1945161901.73
06/27/2012,ProShares Short S&P500,SH,74.6,75.28,-0.90329,-0.68,26025.71,1941518301.7
06/26/2012,ProShares Short S&P500,SH,75.28,75.66,-0.50225,-0.38,26025.71,1959215787.56
06/25/2012,ProShares Short S&P500,SH,75.66,74.48,1.58432,1.18,25575.71,1935058559.07
06/22/2012,ProShares Short S&P500,SH,74.48,75.02,-0.71981,-0.54,24863.21,1851812215.96
06/21/2012,ProShares Short S&P500,SH,75.02,73.4,2.20708,1.62,24788.21,1859611851.79
06/20/2012,ProShares Short S&P500,SH,73.4,73.28,0.16376,0.12,24788.21,1819454944.3
06/19/2012,ProShares Short S&P500,SH,73.28,74,-0.97297,-0.72,25125.71,1841212358.56
06/18/2012,ProShares Short S&P500,SH,74,74.12,-0.16190,-0.12,25163.21,1862077873
06/15/2012,ProShares Short S&P500,SH,74.12,74.9,-1.04139,-0.78,25163.21,1865097458.74
06/14/2012,ProShares Short S&P500,SH,74.9,75.72,-1.08294,-0.82,25088.21,1879107266.05
06/13/2012,ProShares Short S&P500,SH,75.72,75.22,0.66472,0.5,25088.21,1899679601.94
06/12/2012,ProShares Short S&P500,SH,75.22,76.1,-1.15637,-0.88,24600.71,1850465744.69
06/11/2012,ProShares Short S&P500,SH,76.1,75.16,1.25067,0.94,24600.71,1872114373.45
06/08/2012,ProShares Short S&P500,SH,75.16,75.78,-0.81816,-0.62,24600.71,1848989701.82
06/07/2012,ProShares Short S&P500,SH,75.78,75.78,0.00000,0,24750.71,1875609144.81
06/06/2012,ProShares Short S&P500,SH,75.78,77.6,-2.34536,-1.82,25350.71,1921077144.81
06/05/2012,ProShares Short S&P500,SH,77.6,78.06,-0.58929,-0.46,25725.71,1996315445.2
06/04/2012,ProShares Short S&P500,SH,78.06,78.06,0.00000,0,25125.71,1961313273.87
06/01/2012,ProShares Short S&P500,SH,78.06,76.18,2.46784,1.88,25125.71,1961313273.87
05/31/2012,ProShares Short S&P500,SH,76.18,76.02,0.21047,0.16,25125.71,1914076930.61
05/30/2012,ProShares Short S&P500,SH,76.02,74.96,1.41409,1.06,25125.71,1910056816.29
05/29/2012,ProShares Short S&P500,SH,74.96,75.84,-1.16034,-0.88,25125.71,1883423558.92
05/25/2012,ProShares Short S&P500,SH,75.84,75.66,0.23791,0.18,25125.71,1905534187.68
05/24/2012,ProShares Short S&P500,SH,75.66,75.78,-0.15835,-0.12,25125.71,1901011559.07
05/23/2012,ProShares Short S&P500,SH,75.78,75.92,-0.18440,-0.14,25125.71,1904026644.81
05/22/2012,ProShares Short S&P500,SH,75.92,75.96,-0.05266,-0.04,25275.71,1918932244.84
05/21/2012,ProShares Short S&P500,SH,75.96,77.2,-1.60622,-1.24,25800.71,1959822273.42
05/18/2012,ProShares Short S&P500,SH,77.2,76.64,0.73069,0.56,26363.21,2035240159.4
05/17/2012,ProShares Short S&P500,SH,76.64,75.5,1.50993,1.14,26363.21,2020476759.28
05/16/2012,ProShares Short S&P500,SH,75.5,75.2,0.39894,0.3,26363.21,1990422694.75
05/15/2012,ProShares Short S&P500,SH,75.2,74.78,0.56165,0.42,26363.21,1982513730.4
05/14/2012,ProShares Short S&P500,SH,74.78,73.98,1.08137,0.8,25500.71,1906943430.31
05/11/2012,ProShares Short S&P500,SH,73.98,73.74,0.32547,0.24,25500.71,1886542858.71
05/10/2012,ProShares Short S&P500,SH,73.74,73.94,-0.27049,-0.2,25500.71,1880422687.23
05/09/2012,ProShares Short S&P500,SH,73.94,73.48,0.62602,0.46,25500.71,1885522830.13
05/08/2012,ProShares Short S&P500,SH,73.48,73.18,0.40995,0.3,25500.71,1873792501.46
05/07/2012,ProShares Short S&P500,SH,73.18,73.22,-0.05463,-0.04,25500.71,1866142287.11
05/04/2012,ProShares Short S&P500,SH,73.22,72.04,1.63798,1.18,25238.21,1847942065.69
05/03/2012,ProShares Short S&P500,SH,72.04,71.52,0.72707,0.52,25238.21,1818160972.58
05/02/2012,ProShares Short S&P500,SH,71.52,71.34,0.25231,0.18,25238.21,1805037101.04
05/01/2012,ProShares Short S&P500,SH,71.34,71.76,-0.58528,-0.42,25238.21,1800494222.43
04/30/2012,ProShares Short S&P500,SH,71.76,71.48,0.39172,0.28,25238.21,1811094272.52
04/27/2012,ProShares Short S&P500,SH,71.48,71.66,-0.25119,-0.18,25238.21,1804027572.46
04/26/2012,ProShares Short S&P500,SH,71.66,72.14,-0.66537,-0.48,25238.21,1808570451.07
04/25/2012,ProShares Short S&P500,SH,72.14,73.16,-1.39420,-1.02,25238.21,1820684794.03
04/24/2012,ProShares Short S&P500,SH,73.16,73.42,-0.35413,-0.26,25688.21,1879349772.82
04/23/2012,ProShares Short S&P500,SH,73.42,72.82,0.82395,0.6,25688.21,1886028708.59
04/20/2012,ProShares Short S&P500,SH,72.82,72.92,-0.13714,-0.1,25688.21,1870615779.89
04/19/2012,ProShares Short S&P500,SH,72.92,72.48,0.60706,0.44,25688.21,1873184601.34
04/18/2012,ProShares Short S&P500,SH,72.48,72.2,0.38781,0.28,25688.21,1861881786.96
04/17/2012,ProShares Short S&P500,SH,72.2,73.34,-1.55440,-1.14,25688.21,1854689086.9
04/16/2012,ProShares Short S&P500,SH,73.34,73.3,0.05457,0.04,25688.21,1883973651.43
04/13/2012,ProShares Short S&P500,SH,73.3,72.4,1.24309,0.9,25688.21,1882946122.85
04/12/2012,ProShares Short S&P500,SH,72.4,73.42,-1.38927,-1.02,25688.21,1859826729.8
04/11/2012,ProShares Short S&P500,SH,73.42,73.98,-0.75696,-0.56,25688.21,1886028708.59
04/10/2012,ProShares Short S&P500,SH,73.98,72.74,1.70470,1.24,25913.21,1917059608.71
04/09/2012,ProShares Short S&P500,SH,72.74,71.92,1.14016,0.82,25875.71,1882199472.73
04/05/2012,ProShares Short S&P500,SH,71.92,71.9,0.02782,0.02,25875.71,1860981386.84
04/04/2012,ProShares Short S&P500,SH,71.9,71.18,1.01152,0.72,25875.71,1860463872.55
04/03/2012,ProShares Short S&P500,SH,71.18,70.92,0.36661,0.26,25763.21,1833825608.11
04/02/2012,ProShares Short S&P500,SH,70.92,71.46,-0.75567,-0.54,25763.21,1827127172.34
03/30/2012,ProShares Short S&P500,SH,71.46,71.74,-0.39030,-0.28,25763.21,1841039308.17
03/29/2012,ProShares Short S&P500,SH,71.74,71.62,0.16755,0.12,25763.21,1848253008.23
03/28/2012,ProShares Short S&P500,SH,71.62,71.28,0.47699,0.34,25763.21,1845161422.49
03/27/2012,ProShares Short S&P500,SH,71.28,71.1,0.25316,0.18,25763.21,1836401929.56
03/26/2012,ProShares Short S&P500,SH,71.1,72.1,-1.38696,-1,26138.21,1858427050.95
03/23/2012,ProShares Short S&P500,SH,72.1,72.32,-0.30420,-0.22,26400.71,1903491515.45
03/22/2012,ProShares Short S&P500,SH,72.32,71.82,0.69618,0.5,26400.71,1909299672.64
03/21/2012,ProShares Short S&P500,SH,71.82,71.68,0.19531,0.14,26663.21,1914952065.39
03/20/2012,ProShares Short S&P500,SH,71.68,71.48,0.27980,0.2,26663.21,1911219215.36
03/19/2012,ProShares Short S&P500,SH,71.48,71.76,-0.39019,-0.28,26963.21,1927330572.46
03/16/2012,ProShares Short S&P500,SH,71.76,71.84,-0.11136,-0.08,26963.21,1934880272.52
03/15/2012,ProShares Short S&P500,SH,71.84,72.28,-0.60874,-0.44,27188.21,1953201329.68
03/14/2012,ProShares Short S&P500,SH,72.28,72.2,0.11080,0.08,27638.21,1997690144.06
03/13/2012,ProShares Short S&P500,SH,72.2,73.56,-1.84883,-1.36,27638.21,1995479086.9
03/12/2012,ProShares Short S&P500,SH,73.56,73.58,-0.02718,-0.02,27638.21,2033067058.62
03/09/2012,ProShares Short S&P500,SH,73.58,73.84,-0.35211,-0.26,27638.21,2033619822.91
03/08/2012,ProShares Short S&P500,SH,73.84,74.58,-0.99222,-0.74,27638.21,2040805758.68
03/07/2012,ProShares Short S&P500,SH,74.58,75.14,-0.74528,-0.56,27638.21,2061258037.41
03/06/2012,ProShares Short S&P500,SH,75.14,74,1.54054,1.14,27338.21,2054193437.53
03/05/2012,ProShares Short S&P500,SH,74,73.72,0.37982,0.28,27113.21,2006377873
03/02/2012,ProShares Short S&P500,SH,73.72,73.48,0.32662,0.24,27113.21,1998786172.94
03/01/2012,ProShares Short S&P500,SH,73.48,73.96,-0.64900,-0.48,27113.21,1992279001.46
02/29/2012,ProShares Short S&P500,SH,73.96,73.62,0.46183,0.34,27113.21,2005293344.42
02/28/2012,ProShares Short S&P500,SH,73.62,73.88,-0.35192,-0.26,27113.21,1996074851.49
02/27/2012,ProShares Short S&P500,SH,73.88,73.98,-0.13517,-0.1,27113.21,2003124287.26
02/24/2012,ProShares Short S&P500,SH,73.98,74.12,-0.18888,-0.14,27113.21,2005835608.71
02/23/2012,ProShares Short S&P500,SH,74.12,74.46,-0.45662,-0.34,26850.71,1990174958.74
02/22/2012,ProShares Short S&P500,SH,74.46,74.22,0.32336,0.24,26850.71,1999304201.67
02/21/2012,ProShares Short S&P500,SH,74.22,74.28,-0.08078,-0.06,26663.21,1978943780.19
02/17/2012,ProShares Short S&P500,SH,74.28,74.46,-0.24174,-0.18,26400.71,1961045073.06
02/16/2012,ProShares Short S&P500,SH,74.46,75.3,-1.11554,-0.84,26400.71,1965797201.67
02/15/2012,ProShares Short S&P500,SH,75.3,74.92,0.50721,0.38,26400.71,1987973801.85
02/14/2012,ProShares Short S&P500,SH,74.92,74.86,0.08015,0.06,26400.71,1977941530.34
02/13/2012,ProShares Short S&P500,SH,74.86,75.4,-0.71618,-0.54,26400.71,1976357487.47
02/10/2012,ProShares Short S&P500,SH,75.4,74.88,0.69444,0.52,26400.71,1990613873.3
02/09/2012,ProShares Short S&P500,SH,74.88,75,-0.16000,-0.12,26400.71,1976885501.76
02/08/2012,ProShares Short S&P500,SH,75,75.18,-0.23943,-0.18,26963.21,2022241087.5
02/07/2012,ProShares Short S&P500,SH,75.18,75.34,-0.21237,-0.16,26963.21,2027094466.11
02/06/2012,ProShares Short S&P500,SH,75.34,75.32,0.02655,0.02,26963.21,2031408580.43
02/03/2012,ProShares Short S&P500,SH,75.32,76.44,-1.46520,-1.12,26963.21,2030869316.14
02/02/2012,ProShares Short S&P500,SH,76.44,76.54,-0.13065,-0.1,26963.21,2061068116.38
02/01/2012,ProShares Short S&P500,SH,76.54,77.24,-0.90627,-0.7,26963.21,2063764437.83
01/31/2012,ProShares Short S&P500,SH,77.24,77.2,0.05181,0.04,26963.21,2082638687.98
01/30/2012,ProShares Short S&P500,SH,77.2,77.02,0.23371,0.18,26963.21,2081560159.4
01/27/2012,ProShares Short S&P500,SH,77.02,76.9,0.15605,0.12,27225.71,2096924530.79
01/26/2012,ProShares Short S&P500,SH,76.9,76.46,0.57546,0.44,27225.71,2093657445.05
01/25/2012,ProShares Short S&P500,SH,76.46,77.14,-0.88151,-0.68,27450.71,2098881630.67
01/24/2012,ProShares Short S&P500,SH,77.14,77.06,0.10382,0.08,27450.71,2117548116.53
01/23/2012,ProShares Short S&P500,SH,77.06,77.1,-0.05188,-0.04,27413.21,2112462309.37
01/20/2012,ProShares Short S&P500,SH,77.1,77.16,-0.07776,-0.06,27563.21,2125123837.95
01/19/2012,ProShares Short S&P500,SH,77.16,77.54,-0.49007,-0.38,27563.21,2126777630.82
01/18/2012,ProShares Short S&P500,SH,77.54,78.44,-1.14737,-0.9,27563.21,2137251652.33
01/17/2012,ProShares Short S&P500,SH,78.44,78.72,-0.35569,-0.28,27563.21,2162058545.38
01/13/2012,ProShares Short S&P500,SH,78.72,78.34,0.48507,0.38,27563.21,2169776245.44
01/12/2012,ProShares Short S&P500,SH,78.34,78.52,-0.22924,-0.18,27563.21,2159302223.93
01/11/2012,ProShares Short S&P500,SH,78.52,78.56,-0.05092,-0.04,27563.21,2164263602.54
01/10/2012,ProShares Short S&P500,SH,78.56,79.26,-0.88317,-0.7,27713.21,2177150131.12
01/09/2012,ProShares Short S&P500,SH,79.26,79.44,-0.22659,-0.18,28350.71,2247077631.27
01/06/2012,ProShares Short S&P500,SH,79.44,79.28,0.20182,0.16,28350.71,2252180759.88
01/05/2012,ProShares Short S&P500,SH,79.28,79.52,-0.30181,-0.24,28688.21,2274401645.56
01/04/2012,ProShares Short S&P500,SH,79.52,79.54,-0.02514,-0.02,28913.21,2299178817.04
01/03/2012,ProShares Short S&P500,SH,79.54,80.8,-1.55941,-1.26,28913.21,2299757081.33
12/30/2011,ProShares Short S&P500,SH,80.8,80.46,0.42257,0.34,29288.21,2366487731.6
12/29/2011,ProShares Short S&P500,SH,80.46,81.34,-1.08188,-0.88,29288.21,2356529738.67
12/28/2011,ProShares Short S&P500,SH,81.34,80.36,1.21951,0.98,29813.21,2425006867.43
12/27/2011,ProShares Short S&P500,SH,80.36,80.38,-0.02488,-0.02,29813.21,2395789917.22
12/23/2011,ProShares Short S&P500,SH,80.38,81.1,-0.88779,-0.72,29813.21,2396386181.51
12/22/2011,ProShares Short S&P500,SH,81.1,81.8,-0.85575,-0.7,29813.21,2417851695.95
12/21/2011,ProShares Short S&P500,SH,81.8,81.98,-0.21957,-0.18,29813.21,2438720946.1
12/20/2011,ProShares Short S&P500,SH,81.98,84.5,-2.98225,-2.52,29813.21,2444087324.71
12/19/2011,ProShares Short S&P500,SH,84.5,83.54,1.14915,0.96,29625.71,2503372875.25
12/16/2011,ProShares Short S&P500,SH,83.54,83.8,-0.31026,-0.26,29625.71,2474932189.33
12/15/2011,ProShares Short S&P500,SH,83.8,84.08,-0.33302,-0.28,29625.71,2482634875.1
12/14/2011,ProShares Short S&P500,SH,84.08,83.16,1.10630,0.92,29625.71,2490930075.16
12/13/2011,ProShares Short S&P500,SH,83.16,82.46,0.84890,0.7,29625.71,2463674417.82
12/12/2011,ProShares Short S&P500,SH,82.46,81.26,1.47674,1.2,29813.21,2458397667.67
12/09/2011,ProShares Short S&P500,SH,81.26,82.64,-1.66989,-1.38,29813.21,2422621810.27
12/08/2011,ProShares Short S&P500,SH,82.64,80.94,2.10032,1.7,29813.21,2463764046.28
12/07/2011,ProShares Short S&P500,SH,80.94,81.12,-0.22189,-0.18,30188.21,2443434081.63
12/06/2011,ProShares Short S&P500,SH,81.12,81.22,-0.12312,-0.1,30188.21,2448867960.24
12/05/2011,ProShares Short S&P500,SH,81.22,82.08,-1.04776,-0.86,30188.21,2451886781.69
12/02/2011,ProShares Short S&P500,SH,82.08,82.06,0.02437,0.02,30188.21,2477848646.16
12/01/2011,ProShares Short S&P500,SH,82.06,81.92,0.17090,0.14,30488.21,2501862881.87
11/30/2011,ProShares Short S&P500,SH,81.92,85.64,-4.34376,-3.72,30675.71,2512954531.84
11/29/2011,ProShares Short S&P500,SH,85.64,85.86,-0.25623,-0.22,31013.21,2655971689.78
11/28/2011,ProShares Short S&P500,SH,85.86,88.46,-2.93918,-2.6,31013.21,2662794596.97
11/25/2011,ProShares Short S&P500,SH,88.46,88.24,0.24932,0.22,31013.21,2743428954.67
11/23/2011,ProShares Short S&P500,SH,88.24,86.34,2.20060,1.9,31013.21,2736606047.48
11/22/2011,ProShares Short S&P500,SH,86.34,86,0.39535,0.34,31013.21,2677680939.93
11/21/2011,ProShares Short S&P500,SH,86,84.42,1.87159,1.58,31013.21,2667136447
11/18/2011,ProShares Short S&P500,SH,84.42,84.4,0.02370,0.02,31013.21,2618135568.09
11/17/2011,ProShares Short S&P500,SH,84.4,83.02,1.66225,1.38,31013.21,2617515303.8
11/16/2011,ProShares Short S&P500,SH,83.02,81.68,1.64055,1.34,31013.21,2574717067.79
11/15/2011,ProShares Short S&P500,SH,81.68,82.1,-0.51157,-0.42,31163.21,2545411360.36
11/14/2011,ProShares Short S&P500,SH,82.1,81.34,0.93435,0.76,31163.21,2558499910.45
11/11/2011,ProShares Short S&P500,SH,81.34,82.94,-1.92911,-1.6,31163.21,2534815867.43
11/10/2011,ProShares Short S&P500,SH,82.94,83.68,-0.88432,-0.74,31163.21,2584677010.63
11/09/2011,ProShares Short S&P500,SH,83.68,80.74,3.64132,2.94,31163.21,2607737789.36
11/08/2011,ProShares Short S&P500,SH,80.74,81.74,-1.22339,-1,31163.21,2516117938.73
11/07/2011,ProShares Short S&P500,SH,81.74,82.28,-0.65630,-0.54,31163.21,2547281153.23
11/04/2011,ProShares Short S&P500,SH,82.28,81.76,0.63601,0.52,31163.21,2564109289.06
11/03/2011,ProShares Short S&P500,SH,81.76,83.34,-1.89585,-1.58,31163.21,2547904417.52
11/02/2011,ProShares Short S&P500,SH,83.34,84.72,-1.62890,-1.38,31163.21,2597142296.43
11/01/2011,ProShares Short S&P500,SH,84.72,82.42,2.79058,2.3,31725.71,2687802532.44
10/31/2011,ProShares Short S&P500,SH,82.42,80.44,2.46146,1.98,32363.21,2667376139.09
10/28/2011,ProShares Short S&P500,SH,80.44,80.48,-0.04970,-0.04,32363.21,2603296974.38
10/27/2011,ProShares Short S&P500,SH,80.48,83.34,-3.43173,-2.86,32775.71,2637789502.96
10/26/2011,ProShares Short S&P500,SH,83.34,84.22,-1.04488,-0.88,35100.71,2925293546.43
10/25/2011,ProShares Short S&P500,SH,84.22,82.58,1.98595,1.64,35100.71,2956182175.19
10/24/2011,ProShares Short S&P500,SH,82.58,83.66,-1.29094,-1.08,35475.71,2929584503.41
10/21/2011,ProShares Short S&P500,SH,83.66,85.26,-1.87661,-1.6,35775.71,2992996275.07
10/20/2011,ProShares Short S&P500,SH,85.26,85.66,-0.46696,-0.4,35775.71,3050237418.27
10/19/2011,ProShares Short S&P500,SH,85.66,84.6,1.25296,1.06,35775.71,3064547704.07
10/18/2011,ProShares Short S&P500,SH,84.6,86.36,-2.03798,-1.76,36038.21,3048832946.7
10/17/2011,ProShares Short S&P500,SH,86.36,84.74,1.91173,1.62,35400.71,3057205704.22
10/14/2011,ProShares Short S&P500,SH,84.74,86.24,-1.73933,-1.5,35025.71,2968079046.73
10/13/2011,ProShares Short S&P500,SH,86.24,86,0.27907,0.24,35138.21,3030319618.48
10/12/2011,ProShares Short S&P500,SH,86,86.86,-0.99010,-0.86,34763.21,2989636447
10/11/2011,ProShares Short S&P500,SH,86.86,86.9,-0.04603,-0.04,35063.21,3045590811.47
10/10/2011,ProShares Short S&P500,SH,86.9,89.98,-3.42298,-3.08,34913.21,3033958340.05
10/07/2011,ProShares Short S&P500,SH,89.98,89.26,0.80663,0.72,34913.21,3141491040.71
10/06/2011,ProShares Short S&P500,SH,89.26,90.94,-1.84737,-1.68,34725.71,3099617276.27
10/05/2011,ProShares Short S&P500,SH,90.94,92.64,-1.83506,-1.7,34725.71,3157956476.63
10/04/2011,ProShares Short S&P500,SH,92.64,94.8,-2.27848,-2.16,35588.21,3296892191.28
10/03/2011,ProShares Short S&P500,SH,94.8,92.18,2.84227,2.62,34838.21,3302662734.6
09/30/2011,ProShares Short S&P500,SH,92.18,89.94,2.49055,2.24,32963.21,3038549112.61
09/29/2011,ProShares Short S&P500,SH,89.94,90.68,-0.81606,-0.74,31425.71,2826428762.13
09/28/2011,ProShares Short S&P500,SH,90.68,88.86,2.04817,1.82,30975.71,2808877790.86
09/27/2011,ProShares Short S&P500,SH,88.86,89.84,-1.09083,-0.98,30638.21,2722511740.47
09/26/2011,ProShares Short S&P500,SH,89.84,92,-2.34783,-2.16,30638.21,2752537190.68
09/23/2011,ProShares Short S&P500,SH,92,92.56,-0.60501,-0.56,30638.21,2818715734
09/22/2011,ProShares Short S&P500,SH,92.56,89.72,3.16540,2.84,30638.21,2835873134.12
09/21/2011,ProShares Short S&P500,SH,89.72,87.14,2.96075,2.58,29363.21,2634467604.94
09/20/2011,ProShares Short S&P500,SH,87.14,87,0.16092,0.14,29025.71,2529300761.53
09/19/2011,ProShares Short S&P500,SH,87,86.16,0.97493,0.84,28688.21,2495874661.5
09/16/2011,ProShares Short S&P500,SH,86.16,86.66,-0.57697,-0.5,28200.71,2429773561.32
09/15/2011,ProShares Short S&P500,SH,86.66,88.2,-1.74603,-1.54,27600.71,2391877918.57
09/14/2011,ProShares Short S&P500,SH,88.2,89.42,-1.36435,-1.22,27600.71,2434383018.9
09/13/2011,ProShares Short S&P500,SH,89.42,90.26,-0.93064,-0.84,27075.71,2421110390.59
09/12/2011,ProShares Short S&P500,SH,90.26,90.9,-0.70407,-0.64,26813.21,2420160740.77
09/09/2011,ProShares Short S&P500,SH,90.9,88.54,2.66546,2.36,25275.71,2297562448.05
09/08/2011,ProShares Short S&P500,SH,88.54,87.62,1.04999,0.92,24975.71,2211349761.83
09/07/2011,ProShares Short S&P500,SH,87.62,90.22,-2.88184,-2.6,24975.71,2188372104.49
09/06/2011,ProShares Short S&P500,SH,90.22,89.58,0.71445,0.64,25125.71,2266841962.19
09/02/2011,ProShares Short S&P500,SH,89.58,87.36,2.54121,2.22,24488.21,2193654254.91
09/01/2011,ProShares Short S&P500,SH,87.36,86.36,1.15794,1,23963.21,2093426418.72
08/31/2011,ProShares Short S&P500,SH,86.36,86.8,-0.50691,-0.44,23663.21,2043555204.22
08/30/2011,ProShares Short S&P500,SH,86.8,87.02,-0.25282,-0.22,23663.21,2053967018.6
08/29/2011,ProShares Short S&P500,SH,87.02,89.58,-2.85778,-2.56,23775.71,2068962675.79
08/26/2011,ProShares Short S&P500,SH,89.58,90.96,-1.51715,-1.38,23963.21,2146624754.91
08/25/2011,ProShares Short S&P500,SH,90.96,89.58,1.54052,1.38,23550.71,2142172990.92
08/24/2011,ProShares Short S&P500,SH,89.58,90.78,-1.32188,-1.2,23550.71,2109673004.91
08/23/2011,ProShares Short S&P500,SH,90.78,94,-3.42553,-3.22,23550.71,2137933862.31
08/22/2011,ProShares Short S&P500,SH,94,94.04,-0.04254,-0.04,24113.21,2266642163
08/19/2011,ProShares Short S&P500,SH,94.04,92.64,1.51123,1.4,24038.21,2260553691.58
08/18/2011,ProShares Short S&P500,SH,92.64,88.7,4.44194,3.94,23625.71,2188686191.28
08/17/2011,ProShares Short S&P500,SH,88.7,88.82,-0.13510,-0.12,22763.21,2019097126.15
08/16/2011,ProShares Short S&P500,SH,88.82,87.98,0.95476,0.84,22763.21,2021828711.89
08/15/2011,ProShares Short S&P500,SH,87.98,89.94,-2.17923,-1.96,22763.21,2002707611.71
08/12/2011,ProShares Short S&P500,SH,89.94,90.44,-0.55285,-0.5,22500.71,2023714262.13
08/11/2011,ProShares Short S&P500,SH,90.44,94.84,-4.63939,-4.4,22538.21,2038356119.38
08/10/2011,ProShares Short S&P500,SH,94.84,90.86,4.38037,3.98,22800.71,2162419763.18
08/09/2011,ProShares Short S&P500,SH,90.86,95.4,-4.75891,-4.54,23138.21,2102338169.47
08/08/2011,ProShares Short S&P500,SH,95.4,89.46,6.63984,5.94,23663.21,2257470663.3
08/05/2011,ProShares Short S&P500,SH,89.46,89.4,0.06711,0.06,22613.21,2022978169.17
08/04/2011,ProShares Short S&P500,SH,89.4,85.32,4.78200,4.08,21750.71,1944513876.3
08/03/2011,ProShares Short S&P500,SH,85.32,85.8,-0.55944,-0.48,21488.21,1833374461.14
08/02/2011,ProShares Short S&P500,SH,85.8,83.66,2.55797,2.14,20775.71,1782556304.1
08/01/2011,ProShares Short S&P500,SH,83.66,83.32,0.40807,0.34,20925.71,1750645275.07
07/29/2011,ProShares Short S&P500,SH,83.32,82.78,0.65233,0.54,21525.71,1793522532.14
07/28/2011,ProShares Short S&P500,SH,82.78,82.52,0.31508,0.26,21113.21,1747751896.31
07/27/2011,ProShares Short S&P500,SH,82.52,80.88,2.02770,1.64,20775.71,1714411960.54
07/26/2011,ProShares Short S&P500,SH,80.88,80.56,0.39722,0.32,20025.71,1619679788.76
07/25/2011,ProShares Short S&P500,SH,80.56,80.12,0.54918,0.44,20025.71,1613271560.12
07/22/2011,ProShares Short S&P500,SH,80.12,80.18,-0.07483,-0.06,20025.71,1604460245.74
07/21/2011,ProShares Short S&P500,SH,80.18,81.3,-1.37761,-1.12,20025.71,1605661788.61
07/20/2011,ProShares Short S&P500,SH,81.3,81.26,0.04922,0.04,20250.71,1646383088.85
07/19/2011,ProShares Short S&P500,SH,81.26,82.6,-1.62228,-1.34,20250.71,1645573060.27
07/18/2011,ProShares Short S&P500,SH,82.6,81.96,0.78087,0.64,20250.71,1672709017.7
07/15/2011,ProShares Short S&P500,SH,81.96,82.42,-0.55812,-0.46,20250.71,1659748560.42
07/14/2011,ProShares Short S&P500,SH,82.42,81.86,0.68409,0.56,20250.71,1669063889.09
07/13/2011,ProShares Short S&P500,SH,81.86,82.12,-0.31661,-0.26,20250.71,1657723488.97
07/12/2011,ProShares Short S&P500,SH,82.12,81.76,0.44031,0.36,20250.71,1662988674.74
07/11/2011,ProShares Short S&P500,SH,81.76,80.32,1.79283,1.44,20250.71,1655698417.52
07/08/2011,ProShares Short S&P500,SH,80.32,79.76,0.70211,0.56,20475.71,1644609388.64
07/07/2011,ProShares Short S&P500,SH,79.76,80.62,-1.06673,-0.86,20475.71,1633142988.52
07/06/2011,ProShares Short S&P500,SH,80.62,80.72,-0.12389,-0.1,21000.71,1693077602.99
07/05/2011,ProShares Short S&P500,SH,80.72,80.64,0.09921,0.08,21000.71,1695177674.44
07/01/2011,ProShares Short S&P500,SH,80.64,81.82,-1.44219,-1.18,21000.71,1693497617.28
06/30/2011,ProShares Short S&P500,SH,81.82,82.66,-1.01621,-0.84,21450.71,1755097460.39
06/29/2011,ProShares Short S&P500,SH,82.66,83.36,-0.83973,-0.7,21713.21,1794814310.57
06/28/2011,ProShares Short S&P500,SH,83.36,84.48,-1.32576,-1.12,21713.21,1810013560.72
06/27/2011,ProShares Short S&P500,SH,84.48,85.28,-0.93809,-0.8,21713.21,1834332360.96
06/24/2011,ProShares Short S&P500,SH,85.28,84.28,1.18652,1,21788.21,1858098932.56
06/23/2011,ProShares Short S&P500,SH,84.28,84.04,0.28558,0.24,21788.21,1836310718.06
06/22/2011,ProShares Short S&P500,SH,84.04,83.52,0.62261,0.52,21788.21,1831081546.58
06/21/2011,ProShares Short S&P500,SH,83.52,84.66,-1.34656,-1.14,21788.21,1819751675.04
06/20/2011,ProShares Short S&P500,SH,84.66,85.12,-0.54041,-0.46,21788.21,1844590239.57
06/17/2011,ProShares Short S&P500,SH,85.12,85.4,-0.32787,-0.28,21788.21,1854612818.24
06/16/2011,ProShares Short S&P500,SH,85.4,85.56,-0.18700,-0.16,21788.21,1860713518.3
06/15/2011,ProShares Short S&P500,SH,85.56,84.1,1.73603,1.46,21563.21,1844948632.62
06/14/2011,ProShares Short S&P500,SH,84.1,85.18,-1.26790,-1.08,21338.21,1794543839.45
06/13/2011,ProShares Short S&P500,SH,85.18,85.28,-0.11726,-0.1,21338.21,1817589111.11
06/10/2011,ProShares Short S&P500,SH,85.28,84.1,1.40309,1.18,20925.71,1784544932.56
06/09/2011,ProShares Short S&P500,SH,84.1,84.72,-0.73182,-0.62,20513.21,1725161339.45
06/08/2011,ProShares Short S&P500,SH,84.72,84.4,0.37915,0.32,20513.21,1737879532.44
06/07/2011,ProShares Short S&P500,SH,84.4,84.32,0.09488,0.08,20100.71,1696500303.8
06/06/2011,ProShares Short S&P500,SH,84.32,83.42,1.07888,0.9,19575.71,1650624246.64
06/03/2011,ProShares Short S&P500,SH,83.42,82.62,0.96829,0.8,19275.71,1607980103.59
06/02/2011,ProShares Short S&P500,SH,82.62,82.54,0.09692,0.08,19013.21,1570871781.99
06/01/2011,ProShares Short S&P500,SH,82.54,80.7,2.28005,1.84,18600.71,1535302974.83
05/31/2011,ProShares Short S&P500,SH,80.7,81.58,-1.07870,-0.88,18600.71,1501077660.15
05/27/2011,ProShares Short S&P500,SH,81.58,81.92,-0.41504,-0.34,18600.71,1517446288.91
05/26/2011,ProShares Short S&P500,SH,81.92,82.28,-0.43753,-0.36,18600.71,1523770531.84
05/25/2011,ProShares Short S&P500,SH,82.28,82.54,-0.31500,-0.26,18600.71,1530466789.06
05/24/2011,ProShares Short S&P500,SH,82.54,82.48,0.07274,0.06,18600.71,1535302974.83
05/23/2011,ProShares Short S&P500,SH,82.48,81.52,1.17763,0.96,18338.21,1512535931.96
05/20/2011,ProShares Short S&P500,SH,81.52,80.9,0.76638,0.62,17963.21,1464361246.04
05/19/2011,ProShares Short S&P500,SH,80.9,81.08,-0.22200,-0.18,17963.21,1453224053.05
05/18/2011,ProShares Short S&P500,SH,81.08,81.82,-0.90442,-0.74,17963.21,1456457431.66
05/17/2011,ProShares Short S&P500,SH,81.82,81.8,0.02445,0.02,17963.21,1469750210.39
05/16/2011,ProShares Short S&P500,SH,81.8,81.32,0.59026,0.48,17963.21,1469390946.1
05/13/2011,ProShares Short S&P500,SH,81.32,80.66,0.81825,0.66,17738.21,1442471603.14
05/12/2011,ProShares Short S&P500,SH,80.66,81.08,-0.51801,-0.42,17738.21,1430764381.57
05/11/2011,ProShares Short S&P500,SH,81.08,80.24,1.04686,0.84,17475.71,1416930931.66
05/10/2011,ProShares Short S&P500,SH,80.24,80.88,-0.79130,-0.64,17475.71,1402251331.48
05/09/2011,ProShares Short S&P500,SH,80.88,81.26,-0.46763,-0.38,17475.71,1413435788.76
05/06/2011,ProShares Short S&P500,SH,81.26,81.58,-0.39225,-0.32,17475.71,1420076560.27
05/05/2011,ProShares Short S&P500,SH,81.58,80.86,0.89043,0.72,17475.71,1425668788.91
05/04/2011,ProShares Short S&P500,SH,80.86,80.32,0.67231,0.54,17250.71,1394892774.47
05/03/2011,ProShares Short S&P500,SH,80.32,80.06,0.32476,0.26,17250.71,1385577388.64
05/02/2011,ProShares Short S&P500,SH,80.06,79.92,0.17518,0.14,17250.71,1381092202.87
04/29/2011,ProShares Short S&P500,SH,79.92,80.1,-0.22472,-0.18,17363.21,1387668102.84
04/28/2011,ProShares Short S&P500,SH,80.1,80.4,-0.37313,-0.3,17363.21,1390793481.45
04/27/2011,ProShares Short S&P500,SH,80.4,80.92,-0.64261,-0.52,17625.71,1417107445.8
04/26/2011,ProShares Short S&P500,SH,80.92,81.66,-0.90620,-0.74,17625.71,1426272817.34
04/25/2011,ProShares Short S&P500,SH,81.66,81.54,0.14717,0.12,17925.71,1463813846.07
04/21/2011,ProShares Short S&P500,SH,81.54,81.98,-0.53672,-0.44,17925.71,1461662760.33
04/20/2011,ProShares Short S&P500,SH,81.98,83.1,-1.34777,-1.12,18150.71,1487995574.71
04/19/2011,ProShares Short S&P500,SH,83.1,83.58,-0.57430,-0.48,18150.71,1508324374.95
04/18/2011,ProShares Short S&P500,SH,83.58,82.68,1.08853,0.9,17738.21,1482559967.91
04/15/2011,ProShares Short S&P500,SH,82.68,83,-0.38554,-0.32,17738.21,1466595574.86
04/14/2011,ProShares Short S&P500,SH,83,83.02,-0.02409,-0.02,17738.21,1472271803.5
04/13/2011,ProShares Short S&P500,SH,83.02,83.04,-0.02408,-0.02,17738.21,1472626567.79
04/12/2011,ProShares Short S&P500,SH,83.04,82.4,0.77670,0.64,17738.21,1472981332.08
04/11/2011,ProShares Short S&P500,SH,82.4,82.18,0.26771,0.22,17738.21,1461628874.8
04/08/2011,ProShares Short S&P500,SH,82.18,81.86,0.39091,0.32,18000.71,1479298717.61
04/07/2011,ProShares Short S&P500,SH,81.86,81.74,0.14681,0.12,18000.71,1473538488.97
04/06/2011,ProShares Short S&P500,SH,81.74,81.94,-0.24408,-0.2,18300.71,1495900403.23
04/05/2011,ProShares Short S&P500,SH,81.94,81.94,0.00000,0,18300.71,1499560546.13
04/04/2011,ProShares Short S&P500,SH,81.94,81.98,-0.04879,-0.04,18300.71,1499560546.13
04/01/2011,ProShares Short S&P500,SH,81.98,82.4,-0.50971,-0.42,18300.71,1500292574.71
03/31/2011,ProShares Short S&P500,SH,82.4,82.24,0.19455,0.16,18825.71,1551238874.8
03/30/2011,ProShares Short S&P500,SH,82.24,82.8,-0.67633,-0.56,18975.71,1560562760.48
03/29/2011,ProShares Short S&P500,SH,82.8,83.42,-0.74323,-0.62,19425.71,1608449160.6
03/28/2011,ProShares Short S&P500,SH,83.42,83.2,0.26442,0.22,19425.71,1620493103.59
03/25/2011,ProShares Short S&P500,SH,83.2,83.46,-0.31153,-0.26,19950.71,1659899446.4
03/24/2011,ProShares Short S&P500,SH,83.46,84.24,-0.92593,-0.78,20475.71,1708903132.17
03/23/2011,ProShares Short S&P500,SH,84.24,84.5,-0.30769,-0.26,20475.71,1724874189.48
03/22/2011,ProShares Short S&P500,SH,84.5,84.2,0.35629,0.3,20475.71,1730197875.25
03/21/2011,ProShares Short S&P500,SH,84.2,85.5,-1.52047,-1.3,20363.21,1714582660.9
03/18/2011,ProShares Short S&P500,SH,85.5,85.86,-0.41929,-0.36,20363.21,1741054839.75
03/17/2011,ProShares Short S&P500,SH,85.86,87.04,-1.35570,-1.18,20363.21,1748385596.97
03/16/2011,ProShares Short S&P500,SH,87.04,85.38,1.94425,1.66,19875.71,1729982190.08
03/15/2011,ProShares Short S&P500,SH,85.38,84.44,1.11322,0.94,19200.71,1639357004.01
03/14/2011,ProShares Short S&P500,SH,84.44,83.94,0.59566,0.5,18375.71,1551645332.38
03/11/2011,ProShares Short S&P500,SH,83.94,84.56,-0.73321,-0.62,18375.71,1542457475.13
03/10/2011,ProShares Short S&P500,SH,84.56,83,1.87952,1.56,17813.21,1506285418.12
03/09/2011,ProShares Short S&P500,SH,83,82.9,0.12063,0.1,17513.21,1453596803.5
03/08/2011,ProShares Short S&P500,SH,82.9,83.66,-0.90844,-0.76,17513.21,1451845482.05
03/07/2011,ProShares Short S&P500,SH,83.66,82.98,0.81947,0.68,17513.21,1465155525.07
03/04/2011,ProShares Short S&P500,SH,82.98,82.36,0.75279,0.62,17513.21,1453246539.21
03/03/2011,ProShares Short S&P500,SH,82.36,83.82,-1.74183,-1.46,17513.21,1442388346.22
03/02/2011,ProShares Short S&P500,SH,83.82,83.96,-0.16675,-0.14,17513.21,1467957639.39
03/01/2011,ProShares Short S&P500,SH,83.96,82.66,1.57271,1.3,17513.21,1470409489.42
02/28/2011,ProShares Short S&P500,SH,82.66,83.14,-0.57734,-0.48,17513.21,1447642310.57
02/25/2011,ProShares Short S&P500,SH,83.14,84.04,-1.07092,-0.9,17513.21,1456048653.53
02/24/2011,ProShares Short S&P500,SH,84.04,83.98,0.07145,0.06,17513.21,1471810546.58
02/23/2011,ProShares Short S&P500,SH,83.98,83.48,0.59895,0.5,17325.71,1455013503.71
02/22/2011,ProShares Short S&P500,SH,83.48,81.82,2.02884,1.66,17138.21,1430698146.46
02/18/2011,ProShares Short S&P500,SH,81.82,81.98,-0.19517,-0.16,17138.21,1402248710.39
02/17/2011,ProShares Short S&P500,SH,81.98,82.24,-0.31615,-0.26,17138.21,1404990824.71
02/16/2011,ProShares Short S&P500,SH,82.24,82.76,-0.62832,-0.52,17138.21,1409446760.48
02/15/2011,ProShares Short S&P500,SH,82.76,82.52,0.29084,0.24,17138.21,1418358632.02
02/14/2011,ProShares Short S&P500,SH,82.52,82.74,-0.26589,-0.22,17138.21,1414245460.54
02/11/2011,ProShares Short S&P500,SH,82.74,83.2,-0.55288,-0.46,17138.21,1418015867.73
02/10/2011,ProShares Short S&P500,SH,83.2,83.28,-0.09606,-0.08,17288.21,1438379446.4
02/09/2011,ProShares Short S&P500,SH,83.28,83.06,0.26487,0.22,17288.21,1439762503.56
02/08/2011,ProShares Short S&P500,SH,83.06,83.44,-0.45542,-0.38,17288.21,1435959096.37
02/07/2011,ProShares Short S&P500,SH,83.44,83.96,-0.61934,-0.52,17700.71,1476947617.88
02/04/2011,ProShares Short S&P500,SH,83.96,84.2,-0.28504,-0.24,18000.71,1511339989.42
02/03/2011,ProShares Short S&P500,SH,84.2,84.42,-0.26060,-0.22,18000.71,1515660160.9
02/02/2011,ProShares Short S&P500,SH,84.42,84.2,0.26128,0.22,18000.71,1519620318.09
02/01/2011,ProShares Short S&P500,SH,84.2,85.64,-1.68146,-1.44,18000.71,1515660160.9
01/31/2011,ProShares Short S&P500,SH,85.64,86.3,-0.76477,-0.66,18000.71,1541581189.78
01/28/2011,ProShares Short S&P500,SH,86.3,84.8,1.76887,1.5,18000.71,1553461661.35
01/27/2011,ProShares Short S&P500,SH,84.8,84.98,-0.21181,-0.18,17738.21,1504200589.6
01/26/2011,ProShares Short S&P500,SH,84.98,85.36,-0.44517,-0.38,17738.21,1507393468.21
01/25/2011,ProShares Short S&P500,SH,85.36,85.38,-0.02342,-0.02,17550.71,1498128989.72
01/24/2011,ProShares Short S&P500,SH,85.38,85.88,-0.58221,-0.5,17138.21,1463260754.01
01/21/2011,ProShares Short S&P500,SH,85.88,86.1,-0.25552,-0.22,17138.21,1471829861.26
01/20/2011,ProShares Short S&P500,SH,86.1,85.98,0.13957,0.12,17138.21,1475600268.45
01/19/2011,ProShares Short S&P500,SH,85.98,85.14,0.98661,0.84,17138.21,1473543682.71
01/18/2011,ProShares Short S&P500,SH,85.14,85.26,-0.14075,-0.12,17138.21,1459147582.53
01/14/2011,ProShares Short S&P500,SH,85.26,85.9,-0.74505,-0.64,17250.71,1470795918.27
01/13/2011,ProShares Short S&P500,SH,85.9,85.76,0.16325,0.14,17250.71,1481836375.55
01/12/2011,ProShares Short S&P500,SH,85.76,86.54,-0.90132,-0.78,17250.71,1479421275.52
01/11/2011,ProShares Short S&P500,SH,86.54,86.86,-0.36841,-0.32,17250.71,1492876832.83
01/10/2011,ProShares Short S&P500,SH,86.86,86.76,0.11526,0.1,17250.71,1498397061.47
01/07/2011,ProShares Short S&P500,SH,86.76,86.6,0.18476,0.16,17250.71,1496671990.02
01/06/2011,ProShares Short S&P500,SH,86.6,86.44,0.18510,0.16,17250.71,1493911875.7
01/05/2011,ProShares Short S&P500,SH,86.44,86.9,-0.52934,-0.46,17250.71,1491151761.38
01/04/2011,ProShares Short S&P500,SH,86.9,86.78,0.13828,0.12,17250.71,1499087090.05
01/03/2011,ProShares Short S&P500,SH,86.78,87.78,-1.13921,-1,17250.71,1497017004.31
12/31/2010,ProShares Short S&P500,SH,87.78,87.78,0.00000,0,17475.71,1534018218.81
12/30/2010,ProShares Short S&P500,SH,87.78,87.64,0.15974,0.14,17700.71,1553768718.81
12/29/2010,ProShares Short S&P500,SH,87.64,87.76,-0.13674,-0.12,17850.71,1564436618.78
12/28/2010,ProShares Short S&P500,SH,87.76,87.82,-0.06832,-0.06,17850.71,1566578704.52
12/27/2010,ProShares Short S&P500,SH,87.82,87.88,-0.06827,-0.06,17850.71,1567649747.39
12/23/2010,ProShares Short S&P500,SH,87.88,87.74,0.15956,0.14,18075.71,1588493790.26
12/22/2010,ProShares Short S&P500,SH,87.74,88.06,-0.36339,-0.32,18075.71,1585963190.23
12/21/2010,ProShares Short S&P500,SH,88.06,88.6,-0.60948,-0.54,18075.71,1591747418.87
12/20/2010,ProShares Short S&P500,SH,88.6,88.84,-0.27015,-0.24,18075.71,1601508304.7
12/17/2010,ProShares Short S&P500,SH,88.84,88.92,-0.08997,-0.08,18075.71,1605846476.18
12/16/2010,ProShares Short S&P500,SH,88.92,89.48,-0.62584,-0.56,18075.71,1607292533.34
12/15/2010,ProShares Short S&P500,SH,89.48,89.02,0.51674,0.46,18075.71,1617414933.46
12/14/2010,ProShares Short S&P500,SH,89.02,89.1,-0.08979,-0.08,18075.71,1609100104.79
12/13/2010,ProShares Short S&P500,SH,89.1,89.12,-0.02244,-0.02,18413.21,1640617411.95
12/10/2010,ProShares Short S&P500,SH,89.12,89.66,-0.60228,-0.54,18563.21,1654353676.24
12/09/2010,ProShares Short S&P500,SH,89.66,90.02,-0.39991,-0.36,18825.71,1687913562.07
12/08/2010,ProShares Short S&P500,SH,90.02,90.38,-0.39832,-0.36,18825.71,1694690819.29
12/07/2010,ProShares Short S&P500,SH,90.38,90.44,-0.06634,-0.06,19088.21,1725192826.51
12/06/2010,ProShares Short S&P500,SH,90.44,90.32,0.13286,0.12,19425.71,1756861619.38
12/03/2010,ProShares Short S&P500,SH,90.32,90.56,-0.26502,-0.24,19575.71,1768078533.64
12/02/2010,ProShares Short S&P500,SH,90.56,91.74,-1.28624,-1.18,19763.21,1789756705.12
12/01/2010,ProShares Short S&P500,SH,91.74,93.78,-2.17530,-2.04,20250.71,1857800548.23
11/30/2010,ProShares Short S&P500,SH,93.78,93.22,0.60073,0.56,20550.71,1927246005.81
11/29/2010,ProShares Short S&P500,SH,93.22,93.14,0.08589,0.08,20963.21,1954190855.69
11/26/2010,ProShares Short S&P500,SH,93.14,92.46,0.73545,0.68,20963.21,1952513798.53
11/24/2010,ProShares Short S&P500,SH,92.46,93.88,-1.51257,-1.42,20963.21,1938258812.67
11/23/2010,ProShares Short S&P500,SH,93.88,92.56,1.42610,1.32,21113.21,1982108577.26
11/22/2010,ProShares Short S&P500,SH,92.56,92.42,0.15148,0.14,21113.21,1954239134.12
11/19/2010,ProShares Short S&P500,SH,92.42,92.66,-0.25901,-0.24,21113.21,1951283284.09
11/18/2010,ProShares Short S&P500,SH,92.66,94.12,-1.55121,-1.46,21113.21,1956350455.57
11/17/2010,ProShares Short S&P500,SH,94.12,94.14,-0.02124,-0.02,21000.71,1976587248.74
11/16/2010,ProShares Short S&P500,SH,94.14,92.68,1.57531,1.46,21000.71,1977007263.03
11/15/2010,ProShares Short S&P500,SH,92.68,92.58,0.10801,0.1,21000.71,1946346219.86
11/12/2010,ProShares Short S&P500,SH,92.58,91.5,1.18033,1.08,21075.71,1951189648.41
11/11/2010,ProShares Short S&P500,SH,91.5,91.12,0.41703,0.38,21225.71,1942152876.75
11/10/2010,ProShares Short S&P500,SH,91.12,91.54,-0.45882,-0.42,21338.21,1944338105.24
11/09/2010,ProShares Short S&P500,SH,91.54,90.84,0.77059,0.7,21563.21,1973896655.33
11/08/2010,ProShares Short S&P500,SH,90.84,90.66,0.19854,0.18,21750.71,1975834905.18
11/05/2010,ProShares Short S&P500,SH,90.66,91.02,-0.39552,-0.36,21900.71,1985518776.57
11/04/2010,ProShares Short S&P500,SH,91.02,92.82,-1.93924,-1.8,22763.21,2071907783.79
11/03/2010,ProShares Short S&P500,SH,92.82,93.2,-0.40773,-0.38,23325.71,2165092819.89
11/02/2010,ProShares Short S&P500,SH,93.2,93.92,-0.76661,-0.72,23063.21,2149491591.4
11/01/2010,ProShares Short S&P500,SH,93.92,94.02,-0.10636,-0.1,22950.71,2155531105.84
10/29/2010,ProShares Short S&P500,SH,94.02,93.98,0.04256,0.04,22425.71,2108465677.29
10/28/2010,ProShares Short S&P500,SH,93.98,94.1,-0.12752,-0.12,22350.71,2100520148.71
10/27/2010,ProShares Short S&P500,SH,94.1,93.86,0.25570,0.24,22163.21,2085558484.45
10/26/2010,ProShares Short S&P500,SH,93.86,93.86,0.00000,0,22163.21,2080239312.97
10/25/2010,ProShares Short S&P500,SH,93.86,94.06,-0.21263,-0.2,22163.21,2080239312.97
10/22/2010,ProShares Short S&P500,SH,94.06,94.3,-0.25451,-0.24,22163.21,2084671955.87
10/21/2010,ProShares Short S&P500,SH,94.3,94.46,-0.16938,-0.16,22163.21,2089991127.35
10/20/2010,ProShares Short S&P500,SH,94.46,95.48,-1.06829,-1.02,22238.21,2100621741.67
10/19/2010,ProShares Short S&P500,SH,95.48,94,1.57447,1.48,21825.71,2083919220.46
10/18/2010,ProShares Short S&P500,SH,94,94.68,-0.71821,-0.68,21825.71,2051617163
10/15/2010,ProShares Short S&P500,SH,94.68,94.88,-0.21079,-0.2,21825.71,2066458648.86
10/14/2010,ProShares Short S&P500,SH,94.88,94.54,0.35964,0.34,22200.71,2106403791.76
10/13/2010,ProShares Short S&P500,SH,94.54,95.24,-0.73499,-0.7,22350.71,2113036548.83
10/12/2010,ProShares Short S&P500,SH,95.24,95.6,-0.37657,-0.36,22725.71,2164397048.98
10/11/2010,ProShares Short S&P500,SH,95.6,95.62,-0.02092,-0.02,22838.21,2183333306.2
10/08/2010,ProShares Short S&P500,SH,95.62,96.2,-0.60291,-0.58,23250.71,2223233320.49
10/07/2010,ProShares Short S&P500,SH,96.2,96.06,0.14574,0.14,23400.71,2251148734.9
10/06/2010,ProShares Short S&P500,SH,96.06,96.04,0.02082,0.02,23625.71,2269486134.87
10/05/2010,ProShares Short S&P500,SH,96.04,98.08,-2.07993,-2.04,23963.21,2301427120.58
10/04/2010,ProShares Short S&P500,SH,98.08,97.32,0.78093,0.76,24075.71,2361346078.16
10/01/2010,ProShares Short S&P500,SH,97.32,97.76,-0.45008,-0.44,24075.71,2343048535.14
09/30/2010,ProShares Short S&P500,SH,97.76,97.46,0.30782,0.3,24075.71,2353641849.52
09/29/2010,ProShares Short S&P500,SH,97.46,97.22,0.24686,0.24,24225.71,2361038135.17
09/28/2010,ProShares Short S&P500,SH,97.22,97.7,-0.49130,-0.48,24225.71,2355223963.69
09/27/2010,ProShares Short S&P500,SH,97.7,97.16,0.55578,0.54,24375.71,2381507306.65
09/24/2010,ProShares Short S&P500,SH,97.16,99.26,-2.11566,-2.1,24563.21,2386561920.82
09/23/2010,ProShares Short S&P500,SH,99.26,98.44,0.83299,0.82,24563.21,2438144671.27
09/22/2010,ProShares Short S&P500,SH,98.44,97.98,0.46948,0.46,24563.21,2418002835.38
09/21/2010,ProShares Short S&P500,SH,97.98,97.74,0.24555,0.24,24563.21,2406703756.71
09/20/2010,ProShares Short S&P500,SH,97.74,99.26,-1.53133,-1.52,24713.21,2415469585.23
09/17/2010,ProShares Short S&P500,SH,99.26,99.34,-0.08053,-0.08,24713.21,2453033671.27
09/16/2010,ProShares Short S&P500,SH,99.34,99.32,0.02014,0.02,24525.71,2436384478.43
09/15/2010,ProShares Short S&P500,SH,99.32,99.68,-0.36116,-0.36,24525.71,2435893964.14
09/14/2010,ProShares Short S&P500,SH,99.68,99.62,0.06023,0.06,24525.71,2444723221.36
09/13/2010,ProShares Short S&P500,SH,99.62,100.78,-1.15102,-1.16,24525.71,2443251678.49
09/10/2010,ProShares Short S&P500,SH,100.78,101.28,-0.49368,-0.5,24525.71,2471701507.31
09/09/2010,ProShares Short S&P500,SH,101.28,101.76,-0.47170,-0.48,24788.21,2510550364.56
09/08/2010,ProShares Short S&P500,SH,101.76,102.46,-0.68319,-0.7,24788.21,2522448707.52
09/07/2010,ProShares Short S&P500,SH,102.46,101.3,1.14511,1.16,24825.71,2543642707.67
09/03/2010,ProShares Short S&P500,SH,101.3,102.66,-1.32476,-1.36,24825.71,2514844878.85
09/02/2010,ProShares Short S&P500,SH,102.66,103.62,-0.92646,-0.96,25613.21,2629452600.57
09/01/2010,ProShares Short S&P500,SH,103.62,106.78,-2.95936,-3.16,25613.21,2654041286.49
08/31/2010,ProShares Short S&P500,SH,106.78,106.84,-0.05616,-0.06,25613.21,2734979044.31
08/30/2010,ProShares Short S&P500,SH,106.84,105.3,1.46249,1.54,25613.21,2736515837.18
08/27/2010,ProShares Short S&P500,SH,105.3,107.1,-1.68067,-1.8,25613.21,2697071486.85
08/26/2010,ProShares Short S&P500,SH,107.1,106.3,0.75259,0.8,25538.21,2735142772.95
08/25/2010,ProShares Short S&P500,SH,106.3,106.66,-0.33752,-0.36,25538.21,2714712201.35
08/24/2010,ProShares Short S&P500,SH,106.66,105.14,1.44569,1.52,25238.21,2691907958.57
08/23/2010,ProShares Short S&P500,SH,105.14,104.72,0.40107,0.42,25088.21,2637774872.53
08/20/2010,ProShares Short S&P500,SH,104.72,104.36,0.34496,0.36,25088.21,2627237822.44
08/19/2010,ProShares Short S&P500,SH,104.36,102.62,1.69558,1.74,25088.21,2618206065.22
08/18/2010,ProShares Short S&P500,SH,102.62,102.78,-0.15567,-0.16,24788.21,2543766571.99
08/17/2010,ProShares Short S&P500,SH,102.78,104.08,-1.24904,-1.3,24788.21,2547732686.31
08/16/2010,ProShares Short S&P500,SH,104.08,104.1,-0.01921,-0.02,24338.21,2533121365.16
08/13/2010,ProShares Short S&P500,SH,104.1,103.7,0.38573,0.4,24038.21,2502378129.45
08/12/2010,ProShares Short S&P500,SH,103.7,103.14,0.54295,0.56,24000.71,2488874093.65
08/11/2010,ProShares Short S&P500,SH,103.14,100.36,2.77003,2.78,22613.21,2332326943.53
08/10/2010,ProShares Short S&P500,SH,100.36,99.8,0.56112,0.56,22613.21,2269462207.22
08/09/2010,ProShares Short S&P500,SH,99.8,100.34,-0.53817,-0.54,22613.21,2256798807.1
08/06/2010,ProShares Short S&P500,SH,100.34,99.98,0.36007,0.36,22613.21,2269009942.93
08/05/2010,ProShares Short S&P500,SH,99.98,99.86,0.12017,0.12,22613.21,2260869185.71
08/04/2010,ProShares Short S&P500,SH,99.86,100.52,-0.65659,-0.66,22613.21,2258155599.97
08/03/2010,ProShares Short S&P500,SH,100.52,100.04,0.47981,0.48,22725.71,2284388821.54
08/02/2010,ProShares Short S&P500,SH,100.04,102.3,-2.20919,-2.26,23063.21,2307243978.58
07/30/2010,ProShares Short S&P500,SH,102.3,102.3,0.00000,0,23175.71,2370875593.35
07/29/2010,ProShares Short S&P500,SH,102.3,101.88,0.41225,0.42,23100.71,2363203093.35
07/28/2010,ProShares Short S&P500,SH,101.88,101.2,0.67194,0.68,22950.71,2338218793.26
07/27/2010,ProShares Short S&P500,SH,101.2,101.1,0.09891,0.1,23063.21,2333997307.4
07/26/2010,ProShares Short S&P500,SH,101.1,102.26,-1.13436,-1.16,23813.21,2407515985.95
07/23/2010,ProShares Short S&P500,SH,102.26,103.12,-0.83398,-0.86,24488.21,2504164814.77
07/22/2010,ProShares Short S&P500,SH,103.12,105.48,-2.23739,-2.36,24488.21,2525224679.24
07/21/2010,ProShares Short S&P500,SH,105.48,104.16,1.26728,1.32,24488.21,2583016865.46
07/20/2010,ProShares Short S&P500,SH,104.16,105.36,-1.13895,-1.2,24488.21,2550692422.32
07/19/2010,ProShares Short S&P500,SH,105.36,106,-0.60377,-0.64,24113.21,2540568279.72
07/16/2010,ProShares Short S&P500,SH,106,103.06,2.85271,2.94,23513.21,2492400737
07/15/2010,ProShares Short S&P500,SH,103.06,103.16,-0.09694,-0.1,23100.71,2380759636.37
07/14/2010,ProShares Short S&P500,SH,103.16,103.16,0.00000,0,22313.21,2301831207.82
07/13/2010,ProShares Short S&P500,SH,103.16,104.76,-1.52730,-1.6,22125.71,2282488707.82
07/12/2010,ProShares Short S&P500,SH,104.76,104.86,-0.09537,-0.1,22013.21,2306104351.02
07/09/2010,ProShares Short S&P500,SH,104.86,105.64,-0.73836,-0.78,22013.21,2308305672.47
07/08/2010,ProShares Short S&P500,SH,105.64,106.64,-0.93773,-1,22013.21,2325475979.78
07/07/2010,ProShares Short S&P500,SH,106.64,110.14,-3.17777,-3.5,22013.21,2347489194.28
07/06/2010,ProShares Short S&P500,SH,110.14,110.78,-0.57772,-0.64,21863.21,2408014445.03
07/02/2010,ProShares Short S&P500,SH,110.78,110.24,0.48984,0.54,21788.21,2413698402.31
07/01/2010,ProShares Short S&P500,SH,110.24,109.9,0.30937,0.34,21113.21,2327520766.48
06/30/2010,ProShares Short S&P500,SH,109.9,108.8,1.01103,1.1,18188.21,1998884773.55
06/29/2010,ProShares Short S&P500,SH,108.8,105.54,3.08888,3.26,17813.21,1938077737.6
06/28/2010,ProShares Short S&P500,SH,105.54,105.32,0.20889,0.22,17625.71,1860217908.33
06/25/2010,ProShares Short S&P500,SH,105.32,105.64,-0.30292,-0.32,17475.71,1840542251.14
06/24/2010,ProShares Short S&P500,SH,105.64,103.9,1.67469,1.74,17325.71,1830288479.78
06/23/2010,ProShares Short S&P500,SH,103.9,103.6,0.28958,0.3,17063.21,1772867986.55
06/22/2010,ProShares Short S&P500,SH,103.6,101.98,1.58855,1.62,17063.21,1767749022.2
06/21/2010,ProShares Short S&P500,SH,101.98,101.6,0.37402,0.38,17063.21,1740106614.71
06/18/2010,ProShares Short S&P500,SH,101.6,101.72,-0.11797,-0.12,17213.21,1748862593.2
06/17/2010,ProShares Short S&P500,SH,101.72,101.88,-0.15705,-0.16,17250.71,1754742678.94
06/16/2010,ProShares Short S&P500,SH,101.88,101.82,0.05893,0.06,17363.21,1768964293.26
06/15/2010,ProShares Short S&P500,SH,101.82,104.26,-2.34030,-2.44,17625.71,1794650250.39
06/14/2010,ProShares Short S&P500,SH,104.26,104.1,0.15370,0.16,17625.71,1837656993.77
06/11/2010,ProShares Short S&P500,SH,104.1,104.58,-0.45898,-0.48,17775.71,1850451879.45
06/10/2010,ProShares Short S&P500,SH,104.58,107.78,-2.96901,-3.2,17775.71,1858984222.41
06/09/2010,ProShares Short S&P500,SH,107.78,107.16,0.57857,0.62,17513.21,1887574258.81
06/08/2010,ProShares Short S&P500,SH,107.16,108.36,-1.10742,-1.2,17513.21,1876716065.82
06/07/2010,ProShares Short S&P500,SH,108.36,106.92,1.34680,1.44,17325.71,1877414423.22
06/04/2010,ProShares Short S&P500,SH,106.92,103.36,3.44427,3.56,17138.21,1832417894.34
06/03/2010,ProShares Short S&P500,SH,103.36,103.78,-0.40470,-0.42,17063.21,1763653850.72
06/02/2010,ProShares Short S&P500,SH,103.78,106.56,-2.60886,-2.78,16988.21,1763036900.81
06/01/2010,ProShares Short S&P500,SH,106.56,104.78,1.69880,1.78,16988.21,1810264137.12
05/28/2010,ProShares Short S&P500,SH,104.78,103.5,1.23671,1.28,16988.21,1780025115.31
05/27/2010,ProShares Short S&P500,SH,103.5,107.08,-3.34329,-3.58,16988.21,1758280200.75
05/26/2010,ProShares Short S&P500,SH,107.08,106.46,0.58238,0.62,16988.21,1819098008.66
05/25/2010,ProShares Short S&P500,SH,106.46,106.52,-0.05633,-0.06,17213.21,1832518815.67
05/24/2010,ProShares Short S&P500,SH,106.52,105.18,1.27401,1.34,16875.71,1797601108.54
05/21/2010,ProShares Short S&P500,SH,105.18,106.78,-1.49841,-1.6,16650.71,1751322151.11
05/20/2010,ProShares Short S&P500,SH,106.78,102.8,3.87160,3.98,16650.71,1777963294.31
05/19/2010,ProShares Short S&P500,SH,102.8,102.28,0.50841,0.52,16463.21,1692418450.6
05/18/2010,ProShares Short S&P500,SH,102.28,100.86,1.40789,1.42,16088.21,1645502579.06
05/17/2010,ProShares Short S&P500,SH,100.86,100.98,-0.11884,-0.12,16088.21,1622657314.47
05/14/2010,ProShares Short S&P500,SH,100.98,99.14,1.85596,1.84,16088.21,1624587900.21
05/13/2010,ProShares Short S&P500,SH,99.14,97.94,1.22524,1.2,15713.21,1557808085.53
05/12/2010,ProShares Short S&P500,SH,97.94,99.36,-1.42915,-1.42,15825.71,1549970478.13
05/11/2010,ProShares Short S&P500,SH,99.36,99.04,0.32310,0.32,15825.71,1572442992.72
05/10/2010,ProShares Short S&P500,SH,99.04,103.6,-4.40154,-4.56,15900.71,1574806764.08
05/07/2010,ProShares Short S&P500,SH,103.6,102.08,1.48903,1.52,16125.71,1670624022.2
05/06/2010,ProShares Short S&P500,SH,102.08,98.86,3.25713,3.22,15375.71,1569552936.16
05/05/2010,ProShares Short S&P500,SH,98.86,98.24,0.63111,0.62,15263.21,1508921385.47
05/04/2010,ProShares Short S&P500,SH,98.24,95.96,2.37599,2.28,14925.71,1466302192.48
05/03/2010,ProShares Short S&P500,SH,95.96,97.24,-1.31633,-1.28,14775.71,1417877563.42
04/30/2010,ProShares Short S&P500,SH,97.24,95.66,1.65168,1.58,14775.71,1436790477.98
04/29/2010,ProShares Short S&P500,SH,95.66,96.92,-1.30004,-1.26,14775.71,1413444849.07
04/28/2010,ProShares Short S&P500,SH,96.92,97.58,-0.67637,-0.66,14850.71,1439331249.34
04/27/2010,ProShares Short S&P500,SH,97.58,95.34,2.34949,2.24,14850.71,1449132720.91
04/26/2010,ProShares Short S&P500,SH,95.34,94.96,0.40017,0.38,14850.71,1415867120.43
04/23/2010,ProShares Short S&P500,SH,94.96,95.62,-0.69023,-0.66,14850.71,1410223848.92
04/22/2010,ProShares Short S&P500,SH,95.62,95.86,-0.25037,-0.24,14850.71,1420025320.49
04/21/2010,ProShares Short S&P500,SH,95.86,95.76,0.10443,0.1,14850.71,1423589491.97
04/20/2010,ProShares Short S&P500,SH,95.76,96.54,-0.80796,-0.78,14850.71,1422104420.52
04/19/2010,ProShares Short S&P500,SH,96.54,96.98,-0.45370,-0.44,14925.71,1440928477.83
04/16/2010,ProShares Short S&P500,SH,96.98,95.44,1.61358,1.54,14813.21,1436585542.21
04/15/2010,ProShares Short S&P500,SH,95.44,95.54,-0.10467,-0.1,14813.21,1413773191.88
04/14/2010,ProShares Short S&P500,SH,95.54,96.6,-1.09731,-1.06,14925.71,1426002763.33
04/13/2010,ProShares Short S&P500,SH,96.6,96.68,-0.08275,-0.08,14925.71,1441824020.7
04/12/2010,ProShares Short S&P500,SH,96.68,96.86,-0.18584,-0.18,14925.71,1443018077.86
04/09/2010,ProShares Short S&P500,SH,96.86,97.52,-0.67678,-0.66,14925.71,1445704706.47
04/08/2010,ProShares Short S&P500,SH,97.52,97.84,-0.32706,-0.32,14925.71,1455555678.04
04/07/2010,ProShares Short S&P500,SH,97.84,97.32,0.53432,0.52,14925.71,1460331906.68
04/06/2010,ProShares Short S&P500,SH,97.32,97.5,-0.18462,-0.18,14925.71,1452570535.14
04/05/2010,ProShares Short S&P500,SH,97.5,98.3,-0.81384,-0.8,15038.21,1466225913.75
04/01/2010,ProShares Short S&P500,SH,98.3,99.02,-0.72713,-0.72,15038.21,1478256485.35
03/31/2010,ProShares Short S&P500,SH,99.02,98.7,0.32421,0.32,15038.21,1489083999.79
03/30/2010,ProShares Short S&P500,SH,98.7,98.72,-0.02026,-0.02,15038.21,1484271771.15
03/29/2010,ProShares Short S&P500,SH,98.72,99.32,-0.60411,-0.6,15038.21,1484572535.44
03/26/2010,ProShares Short S&P500,SH,99.32,99.38,-0.06037,-0.06,15038.21,1493595464.14
03/25/2010,ProShares Short S&P500,SH,99.38,99.22,0.16126,0.16,15038.21,1494497757.01
03/24/2010,ProShares Short S&P500,SH,99.22,98.68,0.54722,0.54,15150.71,1503253892.69
03/23/2010,ProShares Short S&P500,SH,98.68,99.42,-0.74432,-0.74,15150.71,1495072506.86
03/22/2010,ProShares Short S&P500,SH,99.42,99.94,-0.52031,-0.52,15150.71,1506284035.59
03/19/2010,ProShares Short S&P500,SH,99.94,99.44,0.50282,0.5,15150.71,1514162407.13
03/18/2010,ProShares Short S&P500,SH,99.44,99.4,0.04024,0.04,15150.71,1506587049.88
03/17/2010,ProShares Short S&P500,SH,99.4,99.98,-0.58012,-0.58,15225.71,1513436021.3
03/16/2010,ProShares Short S&P500,SH,99.98,100.78,-0.79381,-0.8,15413.21,1541013185.71
03/15/2010,ProShares Short S&P500,SH,100.78,100.84,-0.05950,-0.06,15413.21,1553343757.31
03/12/2010,ProShares Short S&P500,SH,100.84,100.82,0.01984,0.02,15413.21,1554268550.18
03/11/2010,ProShares Short S&P500,SH,100.82,101.26,-0.43452,-0.44,15413.21,1553960285.89
03/10/2010,ProShares Short S&P500,SH,101.26,101.74,-0.47179,-0.48,15413.21,1560742100.27
03/09/2010,ProShares Short S&P500,SH,101.74,101.92,-0.17661,-0.18,15638.21,1591031943.23
03/08/2010,ProShares Short S&P500,SH,101.92,101.92,0.00000,0,15825.71,1612956821.84
03/05/2010,ProShares Short S&P500,SH,101.92,103.38,-1.41227,-1.46,15975.71,1628244821.84
03/04/2010,ProShares Short S&P500,SH,103.38,103.76,-0.36623,-0.38,16088.21,1663199615.01
03/03/2010,ProShares Short S&P500,SH,103.76,103.84,-0.07704,-0.08,16088.21,1669313136.52
03/02/2010,ProShares Short S&P500,SH,103.84,104.08,-0.23059,-0.24,16088.21,1670600193.68
03/01/2010,ProShares Short S&P500,SH,104.08,105.18,-1.04583,-1.1,16200.71,1686170365.16
02/26/2010,ProShares Short S&P500,SH,105.18,105.3,-0.11396,-0.12,16200.71,1703991151.11
02/25/2010,ProShares Short S&P500,SH,105.3,105.12,0.17123,0.18,16088.21,1694088986.85
02/24/2010,ProShares Short S&P500,SH,105.12,106.18,-0.99830,-1.06,16088.21,1691193108.24
02/23/2010,ProShares Short S&P500,SH,106.18,104.9,1.22021,1.28,16088.21,1708246615.61
02/22/2010,ProShares Short S&P500,SH,104.9,104.82,0.07632,0.08,16088.21,1687653701.05
02/19/2010,ProShares Short S&P500,SH,104.82,105.06,-0.22844,-0.24,16088.21,1686366643.89
02/18/2010,ProShares Short S&P500,SH,105.06,105.76,-0.66188,-0.7,16088.21,1690227815.37
02/17/2010,ProShares Short S&P500,SH,105.76,106.24,-0.45181,-0.48,16088.21,1701489565.52
02/16/2010,ProShares Short S&P500,SH,106.24,108.16,-1.77515,-1.92,16088.21,1709211908.48
02/12/2010,ProShares Short S&P500,SH,108.16,107.92,0.22239,0.24,16163.21,1748213280.32
02/11/2010,ProShares Short S&P500,SH,107.92,109.02,-1.00899,-1.1,16163.21,1744334108.84
02/10/2010,ProShares Short S&P500,SH,109.02,108.8,0.20221,0.22,16050.71,1749848894.79
02/09/2010,ProShares Short S&P500,SH,108.8,110.24,-1.30624,-1.44,16050.71,1746317737.6
02/08/2010,ProShares Short S&P500,SH,110.24,109.32,0.84157,0.92,16088.21,1773564766.48
02/05/2010,ProShares Short S&P500,SH,109.32,109.64,-0.29186,-0.32,16088.21,1758763609.14
02/04/2010,ProShares Short S&P500,SH,109.64,106.34,3.10325,3.3,15413.21,1689904837.78
02/03/2010,ProShares Short S&P500,SH,106.34,105.8,0.51040,0.54,15413.21,1639041229.93
02/02/2010,ProShares Short S&P500,SH,105.8,107.2,-1.30597,-1.4,15413.21,1630718094.1
02/01/2010,ProShares Short S&P500,SH,107.2,108.76,-1.43435,-1.56,15263.21,1636216594.4
01/29/2010,ProShares Short S&P500,SH,108.76,107.7,0.98422,1.06,15263.21,1660027209.02
01/28/2010,ProShares Short S&P500,SH,107.7,106.44,1.18377,1.26,14925.71,1607499451.65
01/27/2010,ProShares Short S&P500,SH,106.44,106.98,-0.50477,-0.54,14550.71,1548778051.38
01/26/2010,ProShares Short S&P500,SH,106.98,106.52,0.43184,0.46,14550.71,1556635437.21
01/25/2010,ProShares Short S&P500,SH,106.52,107.04,-0.48580,-0.52,14363.21,1529969608.54
01/22/2010,ProShares Short S&P500,SH,107.04,104.72,2.21543,2.32,14250.71,1525396480.08
01/21/2010,ProShares Short S&P500,SH,104.72,102.76,1.90736,1.96,14025.71,1468772822.44
01/20/2010,ProShares Short S&P500,SH,102.76,101.7,1.04228,1.06,13913.21,1429721922.02
01/19/2010,ProShares Short S&P500,SH,101.7,103,-1.26214,-1.3,13913.21,1414973914.65
01/15/2010,ProShares Short S&P500,SH,103,101.9,1.07949,1.1,13838.21,1425336093.5
01/14/2010,ProShares Short S&P500,SH,101.9,102.14,-0.23497,-0.24,14250.71,1452147807.55
01/13/2010,ProShares Short S&P500,SH,102.14,103.04,-0.87345,-0.9,14325.71,1463228479.03
01/12/2010,ProShares Short S&P500,SH,103.04,102.08,0.94044,0.96,14400.71,1483849622.08
01/11/2010,ProShares Short S&P500,SH,102.08,102.26,-0.17602,-0.18,14513.21,1481508936.16
01/08/2010,ProShares Short S&P500,SH,102.26,102.56,-0.29251,-0.3,14513.21,1484121314.77
01/07/2010,ProShares Short S&P500,SH,102.56,102.98,-0.40785,-0.42,14438.21,1480783279.12
01/06/2010,ProShares Short S&P500,SH,102.98,103.08,-0.09701,-0.1,14438.21,1486847329.21
01/05/2010,ProShares Short S&P500,SH,103.08,103.4,-0.30948,-0.32,14438.21,1488291150.66
01/04/2010,ProShares Short S&P500,SH,103.4,105.12,-1.63623,-1.72,14438.21,1492911379.3
12/31/2009,ProShares Short S&P500,SH,105.12,104.08,0.99923,1.04,14513.21,1525629108.24
12/30/2009,ProShares Short S&P500,SH,104.08,104.1,-0.01921,-0.02,14700.71,1530050365.16
12/29/2009,ProShares Short S&P500,SH,104.1,103.96,0.13467,0.14,14700.71,1530344379.45
12/28/2009,ProShares Short S&P500,SH,103.96,104.1,-0.13449,-0.14,14813.21,1539981779.42
12/24/2009,ProShares Short S&P500,SH,104.1,104.68,-0.55407,-0.58,14963.21,1557670629.45
12/23/2009,ProShares Short S&P500,SH,104.68,104.92,-0.22875,-0.24,14963.21,1566349293.86
12/22/2009,ProShares Short S&P500,SH,104.92,105.32,-0.37979,-0.4,14963.21,1569940465.34
12/21/2009,ProShares Short S&P500,SH,105.32,106.42,-1.03364,-1.1,14963.21,1575925751.14
12/18/2009,ProShares Short S&P500,SH,106.42,107.06,-0.59780,-0.64,15150.71,1612339037.09
12/17/2009,ProShares Short S&P500,SH,107.06,105.8,1.19093,1.26,15150.71,1622035494.37
12/16/2009,ProShares Short S&P500,SH,105.8,105.94,-0.13215,-0.14,15150.71,1602945594.1
12/15/2009,ProShares Short S&P500,SH,105.94,105.36,0.55049,0.58,15150.71,1605066694.13
12/14/2009,ProShares Short S&P500,SH,105.36,106.1,-0.69746,-0.74,15225.71,1604181279.72
12/11/2009,ProShares Short S&P500,SH,106.1,106.54,-0.41299,-0.44,15375.71,1631363308.45
12/10/2009,ProShares Short S&P500,SH,106.54,107.18,-0.59713,-0.64,15375.71,1638128622.83
12/09/2009,ProShares Short S&P500,SH,107.18,107.58,-0.37182,-0.4,15525.71,1664046080.11
12/08/2009,ProShares Short S&P500,SH,107.58,106.5,1.01408,1.08,15675.71,1686393365.91
12/07/2009,ProShares Short S&P500,SH,106.5,106.26,0.22586,0.24,15675.71,1669463594.25
12/04/2009,ProShares Short S&P500,SH,106.26,106.84,-0.54287,-0.58,15675.71,1665701422.77
12/03/2009,ProShares Short S&P500,SH,106.84,105.98,0.81147,0.86,15675.71,1674793337.18
12/02/2009,ProShares Short S&P500,SH,105.98,106.02,-0.03773,-0.04,15675.71,1661312222.71
12/01/2009,ProShares Short S&P500,SH,106.02,107.32,-1.21133,-1.3,15750.71,1669890751.29
11/30/2009,ProShares Short S&P500,SH,107.32,107.74,-0.38983,-0.42,15900.71,1706464680.14
11/27/2009,ProShares Short S&P500,SH,107.74,105.96,1.67988,1.78,15900.71,1713142980.23
11/25/2009,ProShares Short S&P500,SH,105.96,106.44,-0.45096,-0.48,15675.71,1660998708.42
11/24/2009,ProShares Short S&P500,SH,106.44,106.42,0.01879,0.02,15675.71,1668523051.38
11/23/2009,ProShares Short S&P500,SH,106.42,107.86,-1.33506,-1.44,15675.71,1668209537.09
11/20/2009,ProShares Short S&P500,SH,107.86,107.56,0.27891,0.3,15788.21,1702916815.97
11/19/2009,ProShares Short S&P500,SH,107.56,106.14,1.33786,1.42,15675.71,1686079851.62
11/18/2009,ProShares Short S&P500,SH,106.14,106.1,0.03770,0.04,15675.71,1663820337.03
11/17/2009,ProShares Short S&P500,SH,106.1,106.22,-0.11297,-0.12,15750.71,1671150808.45
11/16/2009,ProShares Short S&P500,SH,106.22,107.8,-1.46568,-1.58,15938.21,1692957144.19
11/13/2009,ProShares Short S&P500,SH,107.8,108.42,-0.57185,-0.62,16013.21,1726224523.1
11/12/2009,ProShares Short S&P500,SH,108.42,107.34,1.00615,1.08,15938.21,1728021216.09
11/11/2009,ProShares Short S&P500,SH,107.34,107.88,-0.50056,-0.54,15938.21,1710807944.43
11/10/2009,ProShares Short S&P500,SH,107.88,107.9,-0.01854,-0.02,16200.71,1747733080.26
11/09/2009,ProShares Short S&P500,SH,107.9,110.4,-2.26449,-2.5,16350.71,1764242094.55
11/06/2009,ProShares Short S&P500,SH,110.4,110.7,-0.27100,-0.3,16538.21,1825818880.8
11/05/2009,ProShares Short S&P500,SH,110.7,112.88,-1.93125,-2.18,16538.21,1830780345.15
11/04/2009,ProShares Short S&P500,SH,112.88,113.06,-0.15921,-0.18,16388.21,1849901652.76
11/03/2009,ProShares Short S&P500,SH,113.06,113.34,-0.24704,-0.28,16350.71,1848611781.37
11/02/2009,ProShares Short S&P500,SH,113.34,114.1,-0.66608,-0.76,16125.71,1827688481.43
10/30/2009,ProShares Short S&P500,SH,114.1,110.98,2.81132,3.12,15825.71,1805714024.45
10/29/2009,ProShares Short S&P500,SH,110.98,113.52,-2.23749,-2.54,15375.71,1706396795.21
10/28/2009,ProShares Short S&P500,SH,113.52,111.38,1.92135,2.14,14850.71,1685853110.04
10/27/2009,ProShares Short S&P500,SH,111.38,111,0.34234,0.38,14663.21,1633188831.01
10/26/2009,ProShares Short S&P500,SH,111,109.72,1.16661,1.28,14363.21,1594316809.5
10/23/2009,ProShares Short S&P500,SH,109.72,108.42,1.19904,1.3,14213.21,1559473894.94
10/22/2009,ProShares Short S&P500,SH,108.42,109.58,-1.05859,-1.16,14213.21,1540996716.09
10/21/2009,ProShares Short S&P500,SH,109.58,108.64,0.86524,0.94,13988.21,1532828544.91
10/20/2009,ProShares Short S&P500,SH,108.64,107.98,0.61122,0.66,13988.21,1519679623.28
10/19/2009,ProShares Short S&P500,SH,107.98,109,-0.93578,-1.02,13988.21,1510447401.71
10/16/2009,ProShares Short S&P500,SH,109,108.14,0.79527,0.86,13988.21,1524715380.5
10/15/2009,ProShares Short S&P500,SH,108.14,108.58,-0.40523,-0.44,13988.21,1512685516.03
10/14/2009,ProShares Short S&P500,SH,108.58,110.52,-1.75534,-1.94,14213.21,1543270830.41
10/13/2009,ProShares Short S&P500,SH,110.52,110.24,0.25399,0.28,14475.71,1599855966.54
10/12/2009,ProShares Short S&P500,SH,110.24,110.72,-0.43353,-0.48,14475.71,1595802766.48
10/09/2009,ProShares Short S&P500,SH,110.72,111.36,-0.57471,-0.64,14475.71,1602751109.44
10/08/2009,ProShares Short S&P500,SH,111.36,112.2,-0.74866,-0.84,14475.71,1612015566.72
10/07/2009,ProShares Short S&P500,SH,112.2,112.56,-0.31983,-0.36,14475.71,1624175166.9
10/06/2009,ProShares Short S&P500,SH,112.56,114.14,-1.38426,-1.58,14475.71,1629386424.12
10/05/2009,ProShares Short S&P500,SH,114.14,115.88,-1.50155,-1.74,14363.21,1639417303.03
10/02/2009,ProShares Short S&P500,SH,115.88,115.36,0.45076,0.52,13163.21,1525353296.26
10/01/2009,ProShares Short S&P500,SH,115.36,112.48,2.56046,2.88,13163.21,1518508424.72
09/30/2009,ProShares Short S&P500,SH,112.48,112.12,0.32108,0.36,13163.21,1480598366.96
09/29/2009,ProShares Short S&P500,SH,112.12,111.86,0.23243,0.26,13125.71,1471655109.74
09/28/2009,ProShares Short S&P500,SH,111.86,113.92,-1.80829,-2.06,13125.71,1468242423.97
09/25/2009,ProShares Short S&P500,SH,113.92,113.24,0.60049,0.68,13050.71,1486737395.84
09/24/2009,ProShares Short S&P500,SH,113.24,112.18,0.94491,1.06,12863.21,1456630409.98
09/23/2009,ProShares Short S&P500,SH,112.18,111.08,0.99028,1.1,12863.21,1442995402.61
09/22/2009,ProShares Short S&P500,SH,111.08,111.8,-0.64401,-0.72,12863.21,1428845866.66
09/21/2009,ProShares Short S&P500,SH,111.8,111.44,0.32304,0.36,12863.21,1438107381.1
09/18/2009,ProShares Short S&P500,SH,111.44,111.72,-0.25063,-0.28,12863.21,1433476623.88
09/17/2009,ProShares Short S&P500,SH,111.72,111.42,0.26925,0.3,12863.21,1437078323.94
09/16/2009,ProShares Short S&P500,SH,111.42,113.14,-1.52024,-1.72,12863.21,1433219359.59
09/15/2009,ProShares Short S&P500,SH,113.14,113.52,-0.33474,-0.38,12863.21,1455344088.53
09/14/2009,ProShares Short S&P500,SH,113.52,114.24,-0.63025,-0.72,12863.21,1460232110.04
09/11/2009,ProShares Short S&P500,SH,114.24,114.12,0.10515,0.12,12863.21,1469493624.48
09/10/2009,ProShares Short S&P500,SH,114.12,115.32,-1.04058,-1.2,12863.21,1467950038.74
09/09/2009,ProShares Short S&P500,SH,115.32,116.24,-0.79147,-0.92,12863.21,1483385896.14
09/08/2009,ProShares Short S&P500,SH,116.24,117.3,-0.90367,-1.06,12863.21,1495220053.48
09/04/2009,ProShares Short S&P500,SH,117.3,118.88,-1.32907,-1.58,12863.21,1508855060.85
09/03/2009,ProShares Short S&P500,SH,118.88,119.92,-0.86724,-1.04,12638.21,1502430939.76
09/02/2009,ProShares Short S&P500,SH,119.92,119.54,0.31789,0.38,12150.71,1457113682.84
09/01/2009,ProShares Short S&P500,SH,119.54,116.92,2.24085,2.62,11850.71,1416634411.33
08/31/2009,ProShares Short S&P500,SH,116.92,116,0.79310,0.92,11663.21,1363663039.34
08/28/2009,ProShares Short S&P500,SH,116,115.82,0.15541,0.18,11400.71,1322482882
08/27/2009,ProShares Short S&P500,SH,115.82,116.16,-0.29270,-0.34,11400.71,1320430753.39
08/26/2009,ProShares Short S&P500,SH,116.16,116.18,-0.01721,-0.02,11400.71,1324306996.32
08/25/2009,ProShares Short S&P500,SH,116.18,116.44,-0.22329,-0.26,11400.71,1324535010.61
08/24/2009,ProShares Short S&P500,SH,116.44,116.42,0.01718,0.02,11550.71,1344965196.38
08/21/2009,ProShares Short S&P500,SH,116.42,118.66,-1.88775,-2.24,11550.71,1344734182.09
08/20/2009,ProShares Short S&P500,SH,118.66,119.94,-1.06720,-1.28,12113.21,1437354032.57
08/19/2009,ProShares Short S&P500,SH,119.94,120.84,-0.74479,-0.9,12113.21,1452858947.13
08/18/2009,ProShares Short S&P500,SH,120.84,122.08,-1.01573,-1.24,11775.71,1422977340.18
08/17/2009,ProShares Short S&P500,SH,122.08,119.2,2.41611,2.88,11400.71,1391799226.16
08/14/2009,ProShares Short S&P500,SH,119.2,118.2,0.84602,1,10838.21,1291915168.4
08/13/2009,ProShares Short S&P500,SH,118.2,119.06,-0.72232,-0.86,10838.21,1281076953.9
08/12/2009,ProShares Short S&P500,SH,119.06,120.48,-1.17862,-1.42,10838.21,1290397818.37
08/11/2009,ProShares Short S&P500,SH,120.48,119,1.24370,1.48,10838.21,1305788082.96
08/10/2009,ProShares Short S&P500,SH,119,118.64,0.30344,0.36,10838.21,1289747525.5
08/07/2009,ProShares Short S&P500,SH,118.64,120.26,-1.34708,-1.62,10838.21,1285845768.28
08/06/2009,ProShares Short S&P500,SH,120.26,119.6,0.55184,0.66,10838.21,1303403675.77
08/05/2009,ProShares Short S&P500,SH,119.6,119.3,0.25147,0.3,11213.21,1341100454.2
08/04/2009,ProShares Short S&P500,SH,119.3,119.66,-0.30085,-0.36,11213.21,1337736489.85
08/03/2009,ProShares Short S&P500,SH,119.66,121.56,-1.56301,-1.9,11213.21,1341773247.07
07/31/2009,ProShares Short S&P500,SH,121.56,121.66,-0.08220,-0.1,11213.21,1363078354.62
07/30/2009,ProShares Short S&P500,SH,121.66,123.1,-1.16978,-1.44,11213.21,1364199676.07
07/29/2009,ProShares Short S&P500,SH,123.1,122.58,0.42421,0.52,11213.21,1380346704.95
07/28/2009,ProShares Short S&P500,SH,122.58,122.24,0.27814,0.34,11213.21,1374515833.41
07/27/2009,ProShares Short S&P500,SH,122.24,122.62,-0.30990,-0.38,13163.21,1609071340.48
07/24/2009,ProShares Short S&P500,SH,122.62,123.04,-0.34135,-0.42,13163.21,1614073361.99
07/23/2009,ProShares Short S&P500,SH,123.04,125.94,-2.30268,-2.9,13313.21,1638057912.08
07/22/2009,ProShares Short S&P500,SH,125.94,125.9,0.03177,0.04,13463.21,1695557234.13
07/21/2009,ProShares Short S&P500,SH,125.9,126.4,-0.39557,-0.5,13463.21,1695018705.55
07/20/2009,ProShares Short S&P500,SH,126.4,127.84,-1.12641,-1.44,13575.71,1715970312.8
07/17/2009,ProShares Short S&P500,SH,127.84,127.8,0.03130,0.04,14438.21,1845781341.68
07/16/2009,ProShares Short S&P500,SH,127.8,128.94,-0.88413,-1.14,14663.21,1873958813.1
07/15/2009,ProShares Short S&P500,SH,128.94,132.88,-2.96508,-3.94,14663.21,1890674877.63
07/14/2009,ProShares Short S&P500,SH,132.88,133.6,-0.53892,-0.72,14138.21,1878685942.76
07/13/2009,ProShares Short S&P500,SH,133.6,137.06,-2.52444,-3.46,14138.21,1888865457.2
07/10/2009,ProShares Short S&P500,SH,137.06,136.52,0.39555,0.54,13463.21,1845268179.37
07/09/2009,ProShares Short S&P500,SH,136.52,137,-0.35036,-0.48,12450.71,1699771543.54
07/08/2009,ProShares Short S&P500,SH,137,136.86,0.10229,0.14,12075.71,1654372886.5
07/07/2009,ProShares Short S&P500,SH,136.86,134.2,1.98212,2.66,12075.71,1652682286.47
07/06/2009,ProShares Short S&P500,SH,134.2,134.52,-0.23788,-0.32,12075.71,1620560885.9
07/02/2009,ProShares Short S&P500,SH,134.52,130.74,2.89123,3.78,11700.71,1573980114.54
07/01/2009,ProShares Short S&P500,SH,130.74,131.3,-0.42650,-0.56,11700.71,1529751413.73
06/30/2009,ProShares Short S&P500,SH,131.3,130.22,0.82937,1.08,11700.71,1536303813.85
06/29/2009,ProShares Short S&P500,SH,130.22,131.46,-0.94325,-1.24,11700.71,1523667042.19
06/26/2009,ProShares Short S&P500,SH,131.46,131.26,0.15237,0.2,11663.21,1533246178.17
06/25/2009,ProShares Short S&P500,SH,131.26,134.16,-2.16160,-2.9,11550.71,1516146785.27
06/24/2009,ProShares Short S&P500,SH,134.16,135.06,-0.66637,-0.9,11400.71,1529519857.32
06/23/2009,ProShares Short S&P500,SH,135.06,135.36,-0.22163,-0.3,11100.71,1499262500.37
06/22/2009,ProShares Short S&P500,SH,135.36,131.38,3.02938,3.98,10800.71,1461984714.72
06/19/2009,ProShares Short S&P500,SH,131.38,131.78,-0.30354,-0.4,10275.71,1350023371.01
06/18/2009,ProShares Short S&P500,SH,131.78,132.9,-0.84274,-1.12,10050.71,1324483156.81
06/17/2009,ProShares Short S&P500,SH,132.9,132.72,0.13562,0.18,10050.71,1335739957.05
06/16/2009,ProShares Short S&P500,SH,132.72,131.06,1.26660,1.66,9900.71,1314022828.44
06/15/2009,ProShares Short S&P500,SH,131.06,128.02,2.37463,3.04,9900.71,1297587642.37
06/12/2009,ProShares Short S&P500,SH,128.02,128.22,-0.15598,-0.2,9900.71,1267489470.29
06/11/2009,ProShares Short S&P500,SH,128.22,129.04,-0.63546,-0.82,9900.71,1269469613.19
06/10/2009,ProShares Short S&P500,SH,129.04,128.6,0.34215,0.44,9900.71,1277588199.08
06/09/2009,ProShares Short S&P500,SH,128.6,129.06,-0.35642,-0.46,9900.71,1273231884.7
06/08/2009,ProShares Short S&P500,SH,129.06,128.94,0.09307,0.12,9900.71,1277786213.37
06/05/2009,ProShares Short S&P500,SH,128.94,128.66,0.21763,0.28,10050.71,1295939127.63
06/04/2009,ProShares Short S&P500,SH,128.66,130.16,-1.15243,-1.5,10050.71,1293124927.57
06/03/2009,ProShares Short S&P500,SH,130.16,128.42,1.35493,1.74,10050.71,1308200999.32
06/02/2009,ProShares Short S&P500,SH,128.42,128.66,-0.18654,-0.24,10050.71,1290712756.09
06/01/2009,ProShares Short S&P500,SH,128.66,132.04,-2.55983,-3.38,10050.71,1293124927.57
05/29/2009,ProShares Short S&P500,SH,132.04,133.96,-1.43326,-1.92,9713.21,1282532842.58
05/28/2009,ProShares Short S&P500,SH,133.96,136.06,-1.54344,-2.1,9300.71,1245923714.42
05/27/2009,ProShares Short S&P500,SH,136.06,133.56,1.87182,2.5,9000.71,1224637214.87
05/26/2009,ProShares Short S&P500,SH,133.56,137.16,-2.62467,-3.6,9000.71,1202135428.62
05/22/2009,ProShares Short S&P500,SH,137.16,136.96,0.14603,0.2,8588.21,1177959500.82
05/21/2009,ProShares Short S&P500,SH,136.96,134.78,1.61745,2.18,8588.21,1176241857.92
05/20/2009,ProShares Short S&P500,SH,134.78,134.06,0.53707,0.72,8588.21,1157519550.31
05/19/2009,ProShares Short S&P500,SH,134.06,133.86,0.14941,0.2,8588.21,1151336035.87
05/18/2009,ProShares Short S&P500,SH,133.86,138.04,-3.02811,-4.18,8588.21,1149618392.97
05/15/2009,ProShares Short S&P500,SH,138.04,136.56,1.08377,1.48,8400.71,1159634629.58
05/14/2009,ProShares Short S&P500,SH,136.56,137.98,-1.02913,-1.42,8250.71,1126717572.12
05/13/2009,ProShares Short S&P500,SH,137.98,134.44,2.63314,3.54,7875.71,1086691086.71
05/12/2009,ProShares Short S&P500,SH,134.44,134.3,0.10424,0.14,7688.21,1033603557.38
05/11/2009,ProShares Short S&P500,SH,134.3,131.54,2.09822,2.76,7275.71,977128457.35
05/08/2009,ProShares Short S&P500,SH,131.54,134.8,-2.41840,-3.26,7275.71,957047485.33
05/07/2009,ProShares Short S&P500,SH,134.8,133.04,1.32291,1.76,7275.71,980766314.6
05/06/2009,ProShares Short S&P500,SH,133.04,135.46,-1.78651,-2.42,7275.71,967961057.08
05/05/2009,ProShares Short S&P500,SH,135.46,134.92,0.40024,0.54,7275.71,985568286.17
05/04/2009,ProShares Short S&P500,SH,134.92,139.68,-3.40779,-4.76,7275.71,981639400.34
05/01/2009,ProShares Short S&P500,SH,139.68,140.46,-0.55532,-0.78,7200.71,1005795801.36
04/30/2009,ProShares Short S&P500,SH,140.46,140.34,0.08551,0.12,7200.71,1011412358.67
04/29/2009,ProShares Short S&P500,SH,140.34,143.46,-2.17482,-3.12,7200.71,1010548272.93
04/28/2009,ProShares Short S&P500,SH,143.46,143.06,0.27960,0.4,7088.21,1016875252.17
04/27/2009,ProShares Short S&P500,SH,143.06,141.68,0.97403,1.38,6938.21,992580966.37
04/24/2009,ProShares Short S&P500,SH,141.68,144.06,-1.65209,-2.38,6713.21,951128230.36
04/23/2009,ProShares Short S&P500,SH,144.06,145.52,-1.00330,-1.46,6525.71,940094430.87
04/22/2009,ProShares Short S&P500,SH,145.52,144.46,0.73377,1.06,6338.21,922336974.04
04/21/2009,ProShares Short S&P500,SH,144.46,147.56,-2.10084,-3.1,6075.71,877697716.67
04/20/2009,ProShares Short S&P500,SH,147.56,141.54,4.25321,6.02,5700.71,841197431.62
04/17/2009,ProShares Short S&P500,SH,141.54,142.26,-0.50612,-0.72,5363.21,759109380.33
04/16/2009,ProShares Short S&P500,SH,142.26,144.5,-1.55017,-2.24,5138.21,730962394.77
04/15/2009,ProShares Short S&P500,SH,144.5,146.32,-1.24385,-1.82,5063.21,731634495.25
04/14/2009,ProShares Short S&P500,SH,146.32,143.48,1.97937,2.84,4988.21,729875545.64
04/13/2009,ProShares Short S&P500,SH,143.48,143.82,-0.23641,-0.34,4988.21,715709016.46
04/09/2009,ProShares Short S&P500,SH,143.82,149.56,-3.83792,-5.74,4988.21,717405009.39
04/08/2009,ProShares Short S&P500,SH,149.56,151.34,-1.17616,-1.78,4988.21,746037360.62
04/07/2009,ProShares Short S&P500,SH,151.34,147.9,2.32590,3.44,4913.21,743565882.43
04/06/2009,ProShares Short S&P500,SH,147.9,146.68,0.83174,1.22,4838.21,715571924.55
04/03/2009,ProShares Short S&P500,SH,146.68,148.16,-0.99892,-1.48,4838.21,709669302.86
04/02/2009,ProShares Short S&P500,SH,148.16,152.56,-2.88411,-4.4,4763.21,705717860.32
04/01/2009,ProShares Short S&P500,SH,152.56,155.2,-1.70103,-2.64,4763.21,726676004.12
03/31/2009,ProShares Short S&P500,SH,155.2,157.18,-1.25970,-1.98,4650.71,721790890.4
03/30/2009,ProShares Short S&P500,SH,157.18,151.9,3.47597,5.28,4200.71,660268305.11
03/27/2009,ProShares Short S&P500,SH,151.9,148.94,1.98738,2.96,4200.71,638088532.55
03/26/2009,ProShares Short S&P500,SH,148.94,152.48,-2.32162,-3.54,4200.71,625654417.63
03/25/2009,ProShares Short S&P500,SH,152.48,153.96,-0.96129,-1.48,4200.71,640524946.96
03/24/2009,ProShares Short S&P500,SH,153.96,150.86,2.05489,3.1,4200.71,646742004.42
03/23/2009,ProShares Short S&P500,SH,150.86,162.48,-7.15165,-11.62,4313.21,650691539.47
03/20/2009,ProShares Short S&P500,SH,162.48,159.3,1.99623,3.18,4313.21,700811091.96
03/19/2009,ProShares Short S&P500,SH,159.3,157.24,1.31010,2.06,4313.21,687095069.85
03/18/2009,ProShares Short S&P500,SH,157.24,160.6,-2.09215,-3.36,4613.21,725381847.98
03/17/2009,ProShares Short S&P500,SH,160.6,165.9,-3.19470,-5.3,4613.21,740882248.7
03/16/2009,ProShares Short S&P500,SH,165.9,165.36,0.32656,0.54,4613.21,765332285.55
03/13/2009,ProShares Short S&P500,SH,165.36,166.66,-0.78003,-1.3,4688.21,775243149.72
03/12/2009,ProShares Short S&P500,SH,166.66,173.76,-4.08610,-7.1,4688.21,781337828.57
03/11/2009,ProShares Short S&P500,SH,173.76,174.28,-0.29837,-0.52,4875.71,847204151.52
03/10/2009,ProShares Short S&P500,SH,174.28,186.12,-6.36149,-11.84,4838.21,843204023.06
03/09/2009,ProShares Short S&P500,SH,186.12,184.3,0.98752,1.82,4950.71,921426982.74
03/06/2009,ProShares Short S&P500,SH,184.3,184.58,-0.15170,-0.28,4913.21,905505432.35
03/05/2009,ProShares Short S&P500,SH,184.58,177.06,4.24715,7.52,4913.21,906881132.41
03/04/2009,ProShares Short S&P500,SH,177.06,181.46,-2.42478,-4.4,4913.21,869933759.37
03/03/2009,ProShares Short S&P500,SH,181.46,180.28,0.65454,1.18,4913.21,891551903.17
03/02/2009,ProShares Short S&P500,SH,180.28,172.28,4.64360,8,4800.71,865472810.06
02/27/2009,ProShares Short S&P500,SH,172.28,168.32,2.35266,3.96,4575.71,788304094.06
02/26/2009,ProShares Short S&P500,SH,168.32,165.74,1.55666,2.58,4425.71,744936264.64
02/25/2009,ProShares Short S&P500,SH,165.74,164.06,1.02402,1.68,4425.71,733517921.23
02/24/2009,ProShares Short S&P500,SH,164.06,170.88,-3.99110,-6.82,4425.71,726082720.87
02/23/2009,ProShares Short S&P500,SH,170.88,165.16,3.46331,5.72,4275.71,730634093.76
02/20/2009,ProShares Short S&P500,SH,165.16,163.32,1.12662,1.84,4200.71,693790006.82
02/19/2009,ProShares Short S&P500,SH,163.32,161.52,1.11441,1.8,4125.71,673811692.14
02/18/2009,ProShares Short S&P500,SH,161.52,161.38,0.08675,0.14,4125.71,666385406.04
02/17/2009,ProShares Short S&P500,SH,161.38,154.4,4.52073,6.98,3900.71,629497306.01
02/13/2009,ProShares Short S&P500,SH,154.4,152.9,0.98103,1.5,3900.71,602270318.8
02/12/2009,ProShares Short S&P500,SH,152.9,153.16,-0.16976,-0.26,3900.71,596419247.05
02/11/2009,ProShares Short S&P500,SH,153.16,154.46,-0.84164,-1.3,3900.71,597433432.82
02/10/2009,ProShares Short S&P500,SH,154.46,147.24,4.90356,7.22,3900.71,602504361.67
02/09/2009,ProShares Short S&P500,SH,147.24,147.5,-0.17627,-0.26,3900.71,574341202.98
02/06/2009,ProShares Short S&P500,SH,147.5,151.64,-2.73015,-4.14,3900.71,575355388.75
02/05/2009,ProShares Short S&P500,SH,151.64,154.16,-1.63467,-2.52,3900.71,591504346.78
02/04/2009,ProShares Short S&P500,SH,154.16,153.14,0.66606,1.02,3825.71,589772147.32
02/03/2009,ProShares Short S&P500,SH,153.14,155.58,-1.56832,-2.44,3788.21,580127168.53
02/02/2009,ProShares Short S&P500,SH,155.58,155.5,0.05145,0.08,3713.21,577701911.91
01/30/2009,ProShares Short S&P500,SH,155.5,152.04,2.27572,3.46,3638.21,565742354.75
01/29/2009,ProShares Short S&P500,SH,152.04,147.18,3.30208,4.86,3600.71,547452632.58
01/28/2009,ProShares Short S&P500,SH,147.18,152.32,-3.37447,-5.14,3600.71,529953160.11
01/27/2009,ProShares Short S&P500,SH,152.32,154,-1.09091,-1.68,3600.71,548460832.64
01/26/2009,ProShares Short S&P500,SH,154,154.88,-0.56818,-0.88,3600.71,554510033
01/23/2009,ProShares Short S&P500,SH,154.88,155.7,-0.52665,-0.82,3600.71,557678661.76
01/22/2009,ProShares Short S&P500,SH,155.7,153.38,1.51258,2.32,3413.21,531437497.65
01/21/2009,ProShares Short S&P500,SH,153.38,160.38,-4.36463,-7,3413.21,523518840.01
01/20/2009,ProShares Short S&P500,SH,160.38,152.36,5.26385,8.02,3263.21,523354341.51
01/16/2009,ProShares Short S&P500,SH,152.36,153.5,-0.74267,-1.14,3225.71,491469861.22
01/15/2009,ProShares Short S&P500,SH,153.5,153.72,-0.14312,-0.22,3225.71,495147175.75
01/14/2009,ProShares Short S&P500,SH,153.72,148.76,3.33423,4.96,2850.71,438211832.94
01/13/2009,ProShares Short S&P500,SH,148.76,149.04,-0.18787,-0.28,2700.71,401758289.02
01/12/2009,ProShares Short S&P500,SH,149.04,145.74,2.26431,3.3,2625.71,391336489.08
01/09/2009,ProShares Short S&P500,SH,145.74,142.68,2.14466,3.06,2550.71,371741131.23
01/08/2009,ProShares Short S&P500,SH,142.68,143.18,-0.34921,-0.5,2588.21,369286444.86
01/07/2009,ProShares Short S&P500,SH,143.18,139.08,2.94794,4.1,2438.21,349103552.11
01/06/2009,ProShares Short S&P500,SH,139.08,140.16,-0.77055,-1.08,2438.21,339106872.66
01/05/2009,ProShares Short S&P500,SH,140.16,139.56,0.42992,0.6,2438.21,341740144.32
01/02/2009,ProShares Short S&P500,SH,139.56,144.14,-3.17747,-4.58,2438.21,340277215.62
12/31/2008,ProShares Short S&P500,SH,144.14,146.22,-1.42251,-2.08,2438.21,351444238.03
12/30/2008,ProShares Short S&P500,SH,146.22,149.88,-2.44195,-3.66,2438.21,356515724.19
12/29/2008,ProShares Short S&P500,SH,149.88,149.36,0.34815,0.52,2400.71,359819089.26
12/26/2008,ProShares Short S&P500,SH,149.36,150.18,-0.54601,-0.82,2400.71,358570717.72
12/24/2008,ProShares Short S&P500,SH,150.18,151.12,-0.62202,-0.94,2400.71,360539303.61
12/23/2008,ProShares Short S&P500,SH,151.12,173.64,-12.96936,-22.52,2400.71,362795975.24
12/22/2008,ProShares Short S&P500,SH,173.64,170.56,1.80582,3.08,2400.71,416860065.78
12/19/2008,ProShares Short S&P500,SH,170.56,171.02,-0.26897,-0.46,2400.71,409465865.12
12/18/2008,ProShares Short S&P500,SH,171.02,167.44,2.13808,3.58,2400.71,410570193.79
12/17/2008,ProShares Short S&P500,SH,167.44,165.84,0.96479,1.6,2588.21,433370635.88
12/16/2008,ProShares Short S&P500,SH,165.84,174.8,-5.12586,-8.96,2588.21,429229492.68
12/15/2008,ProShares Short S&P500,SH,174.8,172.68,1.22770,2.12,2588.21,452419894.6
12/12/2008,ProShares Short S&P500,SH,172.68,173.86,-0.67871,-1.18,2588.21,446932879.86
12/11/2008,ProShares Short S&P500,SH,173.86,169.12,2.80274,4.74,2588.21,449986972.97
12/10/2008,ProShares Short S&P500,SH,169.12,171.14,-1.18032,-2.02,2663.21,450402836.24
12/09/2008,ProShares Short S&P500,SH,171.14,167.32,2.28305,3.82,2663.21,455782529.53
12/08/2008,ProShares Short S&P500,SH,167.32,174,-3.83908,-6.68,2663.21,445609050.14
12/05/2008,ProShares Short S&P500,SH,174,180.62,-3.66515,-6.62,2663.21,463399323
12/04/2008,ProShares Short S&P500,SH,180.62,175.48,2.92911,5.14,2663.21,481029802.99
12/03/2008,ProShares Short S&P500,SH,175.48,180.18,-2.60850,-4.7,2625.71,460760380.46
12/02/2008,ProShares Short S&P500,SH,180.18,187.74,-4.02685,-7.56,2625.71,473101238.61
12/01/2008,ProShares Short S&P500,SH,187.74,172.38,8.91055,15.36,2625.71,492951640.23
11/28/2008,ProShares Short S&P500,SH,172.38,174.04,-0.95380,-1.66,2588.21,446156415.51
11/26/2008,ProShares Short S&P500,SH,174.04,180.46,-3.55758,-6.42,2588.21,450452851.58
11/25/2008,ProShares Short S&P500,SH,180.46,181.82,-0.74799,-1.36,2738.21,494138188.67
11/24/2008,ProShares Short S&P500,SH,181.82,194.26,-6.40379,-12.44,2738.21,497862160.39
11/21/2008,ProShares Short S&P500,SH,194.26,207.4,-6.33558,-13.14,2738.21,531925548.77
11/20/2008,ProShares Short S&P500,SH,207.4,194.36,6.70920,13.04,2625.71,544573187.3
11/19/2008,ProShares Short S&P500,SH,194.36,183.24,6.06854,11.12,2475.71,481179870.22
11/18/2008,ProShares Short S&P500,SH,183.24,185.1,-1.00486,-1.86,2400.71,439906924.98
11/17/2008,ProShares Short S&P500,SH,185.1,180.5,2.54848,4.6,2400.71,444372253.95
11/14/2008,ProShares Short S&P500,SH,180.5,173.24,4.19072,7.26,2400.71,433328967.25
11/13/2008,ProShares Short S&P500,SH,173.24,186.14,-6.93027,-12.9,2400.71,415899779.98
11/12/2008,ProShares Short S&P500,SH,186.14,177.06,5.12821,9.08,2400.71,446868997.03
11/11/2008,ProShares Short S&P500,SH,177.06,173.22,2.21683,3.84,2400.71,425070509.37
11/10/2008,ProShares Short S&P500,SH,173.22,171.14,1.21538,2.08,2400.71,415851765.69
11/07/2008,ProShares Short S&P500,SH,171.14,176.28,-2.91582,-5.14,2400.71,410858279.53
11/06/2008,ProShares Short S&P500,SH,176.28,167.88,5.00357,8.4,2400.71,423197952.06
11/05/2008,ProShares Short S&P500,SH,167.88,159.6,5.18797,8.28,2325.71,390440950.26
11/04/2008,ProShares Short S&P500,SH,159.6,166.32,-4.04040,-6.72,2325.71,371184034.2
11/03/2008,ProShares Short S&P500,SH,166.32,165.84,0.28944,0.48,2325.71,386812835.64
10/31/2008,ProShares Short S&P500,SH,165.84,168.5,-1.57864,-2.66,2325.71,385696492.68
10/30/2008,ProShares Short S&P500,SH,168.5,173.06,-2.63492,-4.56,2325.71,391882893.25
10/29/2008,ProShares Short S&P500,SH,173.06,170.88,1.27575,2.18,2325.71,402488151.37
10/28/2008,ProShares Short S&P500,SH,170.88,191.68,-10.85142,-20.8,2325.71,397418093.76
10/27/2008,ProShares Short S&P500,SH,191.68,185.8,3.16469,5.88,2325.71,445792955.36
10/24/2008,ProShares Short S&P500,SH,185.8,179.5,3.50975,6.3,2288.21,425150254.1
10/23/2008,ProShares Short S&P500,SH,179.5,181.74,-1.23253,-2.24,2288.21,410734502.75
10/22/2008,ProShares Short S&P500,SH,181.74,171.4,6.03267,10.34,2288.21,415860103.23
10/21/2008,ProShares Short S&P500,SH,171.4,166.26,3.09154,5.14,2288.21,392199965.3
10/20/2008,ProShares Short S&P500,SH,166.26,174.54,-4.74390,-8.28,2325.71,386673292.77
10/17/2008,ProShares Short S&P500,SH,174.54,173.5,0.59942,1.04,2325.71,405930208.83
10/16/2008,ProShares Short S&P500,SH,173.5,181.18,-4.23888,-7.68,2325.71,403511465.75
10/15/2008,ProShares Short S&P500,SH,181.18,166.1,9.07887,15.08,2400.71,434961453.11
10/14/2008,ProShares Short S&P500,SH,166.1,165.02,0.65447,1.08,2400.71,398758678.45
10/13/2008,ProShares Short S&P500,SH,165.02,186.66,-11.59327,-21.64,2738.21,451860156.79
10/10/2008,ProShares Short S&P500,SH,186.66,184.42,1.21462,2.24,3038.21,567113118.57
10/09/2008,ProShares Short S&P500,SH,184.42,171.62,7.45834,12.8,3038.21,560307518.09
10/08/2008,ProShares Short S&P500,SH,171.62,169.68,1.14333,1.94,3075.71,527854122.49
10/07/2008,ProShares Short S&P500,SH,169.68,160.38,5.79873,9.3,3000.71,509161236.36
10/06/2008,ProShares Short S&P500,SH,160.38,154.52,3.79239,5.86,2963.21,475240341.51
10/03/2008,ProShares Short S&P500,SH,154.52,152.52,1.31130,2,2888.21,446286904.54
10/02/2008,ProShares Short S&P500,SH,152.52,146.62,4.02401,5.9,2888.21,440510475.54
10/01/2008,ProShares Short S&P500,SH,146.62,145.88,0.50727,0.74,2850.71,417971759.99
09/30/2008,ProShares Short S&P500,SH,145.88,153.78,-5.13721,-7.9,2625.71,383039231.26
09/29/2008,ProShares Short S&P500,SH,153.78,141.6,8.60169,12.18,2850.71,438382875.81
09/26/2008,ProShares Short S&P500,SH,141.6,142.08,-0.33784,-0.48,2850.71,403661173.2
09/25/2008,ProShares Short S&P500,SH,142.08,144.94,-1.97323,-2.86,2850.71,405029516.16
09/24/2008,ProShares Short S&P500,SH,144.94,145.1,-0.11027,-0.16,2850.71,413182559.63
09/23/2008,ProShares Short S&P500,SH,145.1,142.84,1.58219,2.26,2850.71,413638673.95
09/22/2008,ProShares Short S&P500,SH,142.84,137.58,3.82323,5.26,2850.71,407196059.18
09/19/2008,ProShares Short S&P500,SH,137.58,143.32,-4.00502,-5.74,2888.21,397360550.91
09/18/2008,ProShares Short S&P500,SH,143.32,149.76,-4.30021,-6.44,3038.21,435436902.14
09/17/2008,ProShares Short S&P500,SH,149.76,143,4.72727,6.76,3038.21,455003003.52
09/16/2008,ProShares Short S&P500,SH,143,145.48,-1.70470,-2.48,3038.21,434464673.5
09/15/2008,ProShares Short S&P500,SH,145.48,138.96,4.69200,6.52,3038.21,441999445.46
09/12/2008,ProShares Short S&P500,SH,138.96,139.24,-0.20109,-0.28,3038.21,422190286.92
09/11/2008,ProShares Short S&P500,SH,139.24,141.24,-1.41603,-2,3038.21,423040986.98
09/10/2008,ProShares Short S&P500,SH,141.24,142.08,-0.59122,-0.84,3038.21,429117415.98
09/09/2008,ProShares Short S&P500,SH,142.08,137.38,3.42117,4.7,3038.21,431669516.16
09/08/2008,ProShares Short S&P500,SH,137.38,140.26,-2.05333,-2.88,3038.21,417389908.01
09/05/2008,ProShares Short S&P500,SH,140.26,140.88,-0.44009,-0.62,3000.71,420880215.77
09/04/2008,ProShares Short S&P500,SH,140.88,136.78,2.99751,4.1,2888.21,406891658.76
09/03/2008,ProShares Short S&P500,SH,136.78,136.54,0.17577,0.24,2888.21,395049979.31
09/02/2008,ProShares Short S&P500,SH,136.54,135.96,0.42660,0.58,2775.71,378996057.83
08/29/2008,ProShares Short S&P500,SH,135.96,134.12,1.37191,1.84,2775.71,377386143.42
08/28/2008,ProShares Short S&P500,SH,134.12,136.14,-1.48377,-2.02,2775.71,372278828.74
08/27/2008,ProShares Short S&P500,SH,136.14,137.22,-0.78706,-1.08,2775.71,377885772.03
08/26/2008,ProShares Short S&P500,SH,137.22,137.7,-0.34858,-0.48,2775.71,380883543.69
08/25/2008,ProShares Short S&P500,SH,137.7,135.04,1.96979,2.66,2775.71,382215886.65
08/22/2008,ProShares Short S&P500,SH,135.04,136.6,-1.14202,-1.56,2775.71,374832486.08
08/21/2008,ProShares Short S&P500,SH,136.6,136.94,-0.24828,-0.34,2775.71,379162600.7
08/20/2008,ProShares Short S&P500,SH,136.94,137.76,-0.59524,-0.82,2775.71,380106343.63
08/19/2008,ProShares Short S&P500,SH,137.76,136.48,0.93787,1.28,2775.71,382382429.52
08/18/2008,ProShares Short S&P500,SH,136.48,134.46,1.50231,2.02,2775.71,378829514.96
08/15/2008,ProShares Short S&P500,SH,134.46,135,-0.40000,-0.54,2775.71,373222571.67
08/14/2008,ProShares Short S&P500,SH,135,135.74,-0.54516,-0.74,2775.71,374721457.5
08/13/2008,ProShares Short S&P500,SH,135.74,135.36,0.28073,0.38,2775.71,376775486.23
08/12/2008,ProShares Short S&P500,SH,135.36,133.76,1.19617,1.6,2775.71,375720714.72
08/11/2008,ProShares Short S&P500,SH,133.76,134.72,-0.71259,-0.96,2775.71,371279571.52
08/08/2008,ProShares Short S&P500,SH,134.72,137.96,-2.34851,-3.24,2775.71,373944257.44
08/07/2008,ProShares Short S&P500,SH,137.96,135.54,1.78545,2.42,2775.71,382937572.42
08/06/2008,ProShares Short S&P500,SH,135.54,136.06,-0.38218,-0.52,2775.71,376220343.33
08/05/2008,ProShares Short S&P500,SH,136.06,140.06,-2.85592,-4,2775.71,377663714.87
08/04/2008,ProShares Short S&P500,SH,140.06,138.8,0.90778,1.26,2775.71,388766572.87
08/01/2008,ProShares Short S&P500,SH,138.8,138.02,0.56514,0.78,2775.71,385269172.6
07/31/2008,ProShares Short S&P500,SH,138.02,136.24,1.30652,1.78,2775.71,383104115.29
07/30/2008,ProShares Short S&P500,SH,136.24,138.52,-1.64597,-2.28,2775.71,378163343.48
07/29/2008,ProShares Short S&P500,SH,138.52,141.82,-2.32689,-3.3,2775.71,384491972.54
07/28/2008,ProShares Short S&P500,SH,141.82,139.24,1.85292,2.58,2775.71,393651830.39
07/25/2008,ProShares Short S&P500,SH,139.24,139.76,-0.37207,-0.52,2775.71,386490486.98
07/24/2008,ProShares Short S&P500,SH,139.76,136.62,2.29835,3.14,2775.71,387933858.52
07/23/2008,ProShares Short S&P500,SH,136.62,137.14,-0.37917,-0.52,2775.71,379218114.99
07/22/2008,ProShares Short S&P500,SH,137.14,139.02,-1.35232,-1.88,2888.21,396089736.53
07/21/2008,ProShares Short S&P500,SH,139.02,138.94,0.05758,0.08,2888.21,401519579.79
07/18/2008,ProShares Short S&P500,SH,138.94,138.96,-0.01439,-0.02,2888.21,401288522.63
07/17/2008,ProShares Short S&P500,SH,138.96,140.64,-1.19454,-1.68,2888.21,401346286.92
07/16/2008,ProShares Short S&P500,SH,140.64,144.22,-2.48232,-3.58,2888.21,406198487.28
07/15/2008,ProShares Short S&P500,SH,144.22,142.66,1.09351,1.56,2888.21,416538295.19
07/14/2008,ProShares Short S&P500,SH,142.66,141.34,0.93392,1.32,2813.21,401333180.57
07/11/2008,ProShares Short S&P500,SH,141.34,139.8,1.10157,1.54,2813.21,397619737.43
07/10/2008,ProShares Short S&P500,SH,139.8,140.78,-0.69612,-0.98,2663.21,372317387.1
07/09/2008,ProShares Short S&P500,SH,140.78,137.62,2.29618,3.16,2663.21,374927337.31
07/08/2008,ProShares Short S&P500,SH,137.62,140.08,-1.75614,-2.46,2663.21,366511579.49
07/07/2008,ProShares Short S&P500,SH,140.08,138.88,0.86406,1.2,2663.21,373063087.16
07/03/2008,ProShares Short S&P500,SH,138.88,139.02,-0.10070,-0.14,2625.71,364659229.76
07/02/2008,ProShares Short S&P500,SH,139.02,136.52,1.83123,2.5,2625.71,365026829.79
07/01/2008,ProShares Short S&P500,SH,136.52,137.04,-0.37945,-0.52,2625.71,358462543.54
06/30/2008,ProShares Short S&P500,SH,137.04,137.16,-0.08749,-0.12,2550.71,349549915.08
06/27/2008,ProShares Short S&P500,SH,137.16,136.66,0.36587,0.5,2550.71,349856000.82
06/26/2008,ProShares Short S&P500,SH,136.66,132.78,2.92213,3.88,2550.71,348580643.57
06/25/2008,ProShares Short S&P500,SH,132.78,133.54,-0.56912,-0.76,2550.71,338683871.31
06/24/2008,ProShares Short S&P500,SH,133.54,133.56,-0.01497,-0.02,2550.71,340622414.33
06/23/2008,ProShares Short S&P500,SH,133.56,133.56,0.00000,0,2550.71,340673428.62
06/20/2008,ProShares Short S&P500,SH,133.56,131.1,1.87643,2.46,2550.71,340673428.62
06/19/2008,ProShares Short S&P500,SH,131.1,131.6,-0.37994,-0.5,2513.21,329482420.95
06/18/2008,ProShares Short S&P500,SH,131.6,130.32,0.98220,1.28,2438.21,320869028.2
06/17/2008,ProShares Short S&P500,SH,130.32,129.44,0.67985,0.88,2438.21,317748113.64
06/16/2008,ProShares Short S&P500,SH,129.44,129.42,0.01545,0.02,2438.21,315602484.88
06/13/2008,ProShares Short S&P500,SH,129.42,131.4,-1.50685,-1.98,2438.21,315553720.59
06/12/2008,ProShares Short S&P500,SH,131.4,131.84,-0.33374,-0.44,2438.21,320381385.3
06/11/2008,ProShares Short S&P500,SH,131.84,129.64,1.69701,2.2,2438.21,321454199.68
06/10/2008,ProShares Short S&P500,SH,129.64,129.3,0.26295,0.34,2438.21,316090127.78
06/09/2008,ProShares Short S&P500,SH,129.3,129.4,-0.07728,-0.1,2438.21,315261134.85
06/06/2008,ProShares Short S&P500,SH,129.4,125.52,3.09114,3.88,2438.21,315504956.3
06/05/2008,ProShares Short S&P500,SH,125.52,128.02,-1.95282,-2.5,2438.21,306044684.04
06/04/2008,ProShares Short S&P500,SH,128.02,128,0.01563,0.02,2438.21,312140220.29
06/03/2008,ProShares Short S&P500,SH,128,127.26,0.58149,0.74,2438.21,312091456
06/02/2008,ProShares Short S&P500,SH,127.26,125.94,1.04812,1.32,2438.21,310287177.27
05/30/2008,ProShares Short S&P500,SH,125.94,126.1,-0.12688,-0.16,2438.21,307068734.13
05/29/2008,ProShares Short S&P500,SH,126.1,126.76,-0.52067,-0.66,2438.21,307458848.45
05/28/2008,ProShares Short S&P500,SH,126.76,127.28,-0.40855,-0.52,2438.21,309068070.02
05/27/2008,ProShares Short S&P500,SH,127.28,128.12,-0.65564,-0.84,2438.21,310335941.56
05/23/2008,ProShares Short S&P500,SH,128.12,126.46,1.31267,1.66,2438.21,312384041.74
05/22/2008,ProShares Short S&P500,SH,126.46,126.78,-0.25241,-0.32,2438.21,308336605.67
05/21/2008,ProShares Short S&P500,SH,126.78,124.74,1.63540,2.04,2438.21,309116834.31
05/20/2008,ProShares Short S&P500,SH,124.74,123.6,0.92233,1.14,2438.21,304142876.73
05/19/2008,ProShares Short S&P500,SH,123.6,123.7,-0.08084,-0.1,2625.71,324538312.2
05/16/2008,ProShares Short S&P500,SH,123.7,123.82,-0.09691,-0.12,2625.71,324800883.65
05/15/2008,ProShares Short S&P500,SH,123.82,125.18,-1.08644,-1.36,2700.71,334402469.39
05/14/2008,ProShares Short S&P500,SH,125.18,125.66,-0.38198,-0.48,2700.71,338075441.11
05/13/2008,ProShares Short S&P500,SH,125.66,125.64,0.01592,0.02,2700.71,339371784.07
05/12/2008,ProShares Short S&P500,SH,125.64,127.02,-1.08644,-1.38,2700.71,339317769.78
05/09/2008,ProShares Short S&P500,SH,127.02,126.18,0.66572,0.84,2700.71,343044755.79
05/08/2008,ProShares Short S&P500,SH,126.18,126.66,-0.37897,-0.48,2700.71,340776155.61
05/07/2008,ProShares Short S&P500,SH,126.66,124.4,1.81672,2.26,2700.71,342072498.57
05/06/2008,ProShares Short S&P500,SH,124.4,125.36,-0.76579,-0.96,2700.71,335968883.8
05/05/2008,ProShares Short S&P500,SH,125.36,124.8,0.44872,0.56,2700.71,338561569.72
05/02/2008,ProShares Short S&P500,SH,124.8,125.18,-0.30356,-0.38,2700.71,337049169.6
05/01/2008,ProShares Short S&P500,SH,125.18,127.38,-1.72712,-2.2,2775.71,347463941.11
04/30/2008,ProShares Short S&P500,SH,127.38,126.86,0.40990,0.52,2775.71,353570513.01
04/29/2008,ProShares Short S&P500,SH,126.86,126.34,0.41159,0.52,2775.71,352127141.47
04/28/2008,ProShares Short S&P500,SH,126.34,126.2,0.11094,0.14,2775.71,350683769.93
04/25/2008,ProShares Short S&P500,SH,126.2,127.02,-0.64557,-0.82,2775.71,350295169.9
04/24/2008,ProShares Short S&P500,SH,127.02,127.82,-0.62588,-0.8,2775.71,352571255.79
04/23/2008,ProShares Short S&P500,SH,127.82,128.16,-0.26529,-0.34,2775.71,354791827.39
04/22/2008,ProShares Short S&P500,SH,128.16,127.04,0.88161,1.12,2775.71,355735570.32
04/21/2008,ProShares Short S&P500,SH,127.04,126.82,0.17347,0.22,2775.71,352626770.08
04/18/2008,ProShares Short S&P500,SH,126.82,129.16,-1.81171,-2.34,2775.71,352016112.89
04/17/2008,ProShares Short S&P500,SH,129.16,129.26,-0.07736,-0.1,2775.71,358511284.82
04/16/2008,ProShares Short S&P500,SH,129.26,132.2,-2.22390,-2.94,2775.71,358788856.27
04/15/2008,ProShares Short S&P500,SH,132.2,132.82,-0.46680,-0.62,2775.71,366949456.9
04/14/2008,ProShares Short S&P500,SH,132.82,132.34,0.36270,0.48,2775.71,368670399.89
04/11/2008,ProShares Short S&P500,SH,132.34,129.7,2.03547,2.64,2775.71,367338056.93
04/10/2008,ProShares Short S&P500,SH,129.7,130.26,-0.42991,-0.56,2775.71,360010170.65
04/09/2008,ProShares Short S&P500,SH,130.26,129.2,0.82043,1.06,2775.71,361564570.77
04/08/2008,ProShares Short S&P500,SH,129.2,128.58,0.48219,0.62,2813.21,363467313.4
04/07/2008,ProShares Short S&P500,SH,128.58,128.74,-0.12428,-0.16,2813.21,361723120.41
04/04/2008,ProShares Short S&P500,SH,128.74,128.86,-0.09312,-0.12,2813.21,362173234.73
04/03/2008,ProShares Short S&P500,SH,128.86,129,-0.10853,-0.14,2813.21,362510820.47
04/02/2008,ProShares Short S&P500,SH,129,128.74,0.20196,0.26,2813.21,362904670.5
04/01/2008,ProShares Short S&P500,SH,128.74,133.56,-3.60886,-4.82,2813.21,362173234.73
03/31/2008,ProShares Short S&P500,SH,133.56,134.26,-0.52138,-0.7,2813.21,375732928.62
03/28/2008,ProShares Short S&P500,SH,134.26,133.2,0.79580,1.06,2850.71,382736928.77
03/27/2008,ProShares Short S&P500,SH,133.2,131.72,1.12360,1.48,2850.71,379715171.4
03/26/2008,ProShares Short S&P500,SH,131.72,130.54,0.90394,1.18,2850.71,375496113.94
03/25/2008,ProShares Short S&P500,SH,130.54,131.34,-0.60911,-0.8,2850.71,372132270.83
03/24/2008,ProShares Short S&P500,SH,131.34,133.34,-1.49993,-2,2850.71,374412842.43
03/20/2008,ProShares Short S&P500,SH,133.34,136.6,-2.38653,-3.26,2850.71,380114271.43
03/19/2008,ProShares Short S&P500,SH,136.6,133.34,2.44488,3.26,2850.71,389407600.7
03/18/2008,ProShares Short S&P500,SH,133.34,139.24,-4.23729,-5.9,2850.71,380114271.43
03/17/2008,ProShares Short S&P500,SH,139.24,137.96,0.92781,1.28,2850.71,396933486.98
03/14/2008,ProShares Short S&P500,SH,137.96,135.14,2.08672,2.82,2850.71,393284572.42
03/13/2008,ProShares Short S&P500,SH,135.14,135.82,-0.50066,-0.68,2850.71,385245557.53
03/12/2008,ProShares Short S&P500,SH,135.82,134.62,0.89140,1.2,2850.71,387184043.39
03/11/2008,ProShares Short S&P500,SH,134.62,139.76,-3.67773,-5.14,2850.71,383763185.99
03/10/2008,ProShares Short S&P500,SH,139.76,137.62,1.55501,2.14,2700.71,377451858.52
03/07/2008,ProShares Short S&P500,SH,137.62,136.46,0.85007,1.16,2550.71,351029329.49
03/06/2008,ProShares Short S&P500,SH,136.46,133.54,2.18661,2.92,2550.71,348070500.67
03/05/2008,ProShares Short S&P500,SH,133.54,134.26,-0.53627,-0.72,2475.71,330606914.33
03/04/2008,ProShares Short S&P500,SH,134.26,133.78,0.35880,0.48,2475.71,332389428.77
03/03/2008,ProShares Short S&P500,SH,133.78,133.8,-0.01495,-0.02,2475.71,331201085.81
02/29/2008,ProShares Short S&P500,SH,133.8,130.28,2.70187,3.52,2438.21,326233100.1
02/28/2008,ProShares Short S&P500,SH,130.28,129.12,0.89839,1.16,2438.21,317650585.06
02/27/2008,ProShares Short S&P500,SH,129.12,129,0.09302,0.12,2288.21,295454256.24
02/26/2008,ProShares Short S&P500,SH,129,129.88,-0.67755,-0.88,2288.21,295179670.5
02/25/2008,ProShares Short S&P500,SH,129.88,131.64,-1.33698,-1.76,2288.21,297193299.26
02/22/2008,ProShares Short S&P500,SH,131.64,132.7,-0.79879,-1.06,2288.21,301220556.78
02/21/2008,ProShares Short S&P500,SH,132.7,131.06,1.25134,1.64,2288.21,303646064.15
02/20/2008,ProShares Short S&P500,SH,131.06,132.12,-0.80230,-1.06,2288.21,299893392.37
02/19/2008,ProShares Short S&P500,SH,132.12,131.98,0.10608,0.14,2288.21,302318899.74
02/15/2008,ProShares Short S&P500,SH,131.98,132.06,-0.06058,-0.08,2250.71,297049299.71
02/14/2008,ProShares Short S&P500,SH,132.06,130.32,1.33517,1.74,2250.71,297229356.87
02/13/2008,ProShares Short S&P500,SH,130.32,132.1,-1.34746,-1.78,2250.71,293313113.64
02/12/2008,ProShares Short S&P500,SH,132.1,133.06,-0.72148,-0.96,2250.71,297319385.45
02/11/2008,ProShares Short S&P500,SH,133.06,133.82,-0.56793,-0.76,2250.71,299480071.37
02/08/2008,ProShares Short S&P500,SH,133.82,133.24,0.43530,0.58,2250.71,301190614.39
02/07/2008,ProShares Short S&P500,SH,133.24,134.3,-0.78928,-1.06,2250.71,299885199.98
02/06/2008,ProShares Short S&P500,SH,134.3,133.32,0.73507,0.98,2100.71,282125957.35
02/05/2008,ProShares Short S&P500,SH,133.32,129.18,3.20483,4.14,2100.71,280067257.14
02/04/2008,ProShares Short S&P500,SH,129.18,127.78,1.09563,1.4,2100.71,271370299.11
02/01/2008,ProShares Short S&P500,SH,127.78,129.4,-1.25193,-1.62,2100.71,268429298.81
01/31/2008,ProShares Short S&P500,SH,129.4,131.56,-1.64184,-2.16,2100.71,271832456.3
01/30/2008,ProShares Short S&P500,SH,131.56,130.92,0.48885,0.64,2100.71,276369999.62
01/29/2008,ProShares Short S&P500,SH,130.92,131.7,-0.59226,-0.78,2100.71,275025542.34
01/28/2008,ProShares Short S&P500,SH,131.7,133.98,-1.70175,-2.28,2250.71,296419099.65
01/25/2008,ProShares Short S&P500,SH,133.98,131.88,1.59236,2.1,2363.21,316623478.71
01/24/2008,ProShares Short S&P500,SH,131.88,133.2,-0.99099,-1.32,2363.21,311660728.26
01/23/2008,ProShares Short S&P500,SH,133.2,136.08,-2.11640,-2.88,2363.21,314780171.4
01/22/2008,ProShares Short S&P500,SH,136.08,134.48,1.18977,1.6,2363.21,321586229.16
01/18/2008,ProShares Short S&P500,SH,134.48,133.66,0.61350,0.82,2588.21,348063085.96
01/17/2008,ProShares Short S&P500,SH,133.66,129.86,2.92623,3.8,2550.71,340928500.07
01/16/2008,ProShares Short S&P500,SH,129.86,129.12,0.57311,0.74,2138.21,277668534.97
01/15/2008,ProShares Short S&P500,SH,129.12,125.96,2.50873,3.16,1913.21,247034256.24
01/14/2008,ProShares Short S&P500,SH,125.96,127.26,-1.02153,-1.3,1913.21,240988498.42
01/11/2008,ProShares Short S&P500,SH,127.26,125.54,1.37008,1.72,1913.21,243475677.27
01/10/2008,ProShares Short S&P500,SH,125.54,126.52,-0.77458,-0.98,1913.21,240184948.33
01/09/2008,ProShares Short S&P500,SH,126.52,128.24,-1.34124,-1.72,1913.21,242059898.54
01/08/2008,ProShares Short S&P500,SH,128.24,125.94,1.82627,2.3,1763.21,226114627.48
01/07/2008,ProShares Short S&P500,SH,125.94,126.3,-0.28504,-0.36,1763.21,222059234.13
01/04/2008,ProShares Short S&P500,SH,126.3,123.24,2.48296,3.06,1763.21,222693991.35
01/03/2008,ProShares Short S&P500,SH,123.24,123.2,0.03247,0.04,1688.21,208055554.98
01/02/2008,ProShares Short S&P500,SH,123.2,121.44,1.44928,1.76,1688.21,207988026.4
12/31/2007,ProShares Short S&P500,SH,121.44,120.52,0.76336,0.92,1688.21,205016768.88
12/28/2007,ProShares Short S&P500,SH,120.52,120.66,-0.11603,-0.14,1688.21,203463611.54
12/27/2007,ProShares Short S&P500,SH,120.66,118.96,1.42905,1.7,1688.21,203699961.57
12/26/2007,ProShares Short S&P500,SH,118.96,119,-0.03361,-0.04,1688.21,200829996.92
12/24/2007,ProShares Short S&P500,SH,119,119.9,-0.75063,-0.9,1688.21,200897525.5
12/21/2007,ProShares Short S&P500,SH,119.9,121.92,-1.65682,-2.02,1763.21,211409418.55
12/20/2007,ProShares Short S&P500,SH,121.92,123.68,-1.42303,-1.76,1763.21,214971111.84
12/19/2007,ProShares Short S&P500,SH,123.68,123.48,0.16197,0.2,1763.21,218074369.36
12/18/2007,ProShares Short S&P500,SH,123.48,124.24,-0.61172,-0.76,1763.21,217721726.46
12/17/2007,ProShares Short S&P500,SH,124.24,122.34,1.55305,1.9,1763.21,219061769.48
12/14/2007,ProShares Short S&P500,SH,122.34,120.64,1.40915,1.7,1763.21,215711661.93
12/13/2007,ProShares Short S&P500,SH,120.64,120.76,-0.09937,-0.12,1650.71,199142197.28
12/12/2007,ProShares Short S&P500,SH,120.76,121.5,-0.60905,-0.74,1650.71,199340283.02
12/11/2007,ProShares Short S&P500,SH,121.5,118.48,2.54895,3.02,1575.71,191449311.75
12/10/2007,ProShares Short S&P500,SH,118.48,119.32,-0.70399,-0.84,1763.21,208905653.96
12/07/2007,ProShares Short S&P500,SH,119.32,119.06,0.21838,0.26,1763.21,210386754.14
12/06/2007,ProShares Short S&P500,SH,119.06,120.86,-1.48933,-1.8,1763.21,209928318.37
12/05/2007,ProShares Short S&P500,SH,120.86,122.76,-1.54774,-1.9,1763.21,213102104.47
12/04/2007,ProShares Short S&P500,SH,122.76,121.94,0.67246,0.82,1763.21,216452212.02
12/03/2007,ProShares Short S&P500,SH,121.94,121.14,0.66039,0.8,1913.21,233297376.13
11/30/2007,ProShares Short S&P500,SH,121.14,122.08,-0.76999,-0.94,1913.21,231766804.53
11/29/2007,ProShares Short S&P500,SH,122.08,122.1,-0.01638,-0.02,1913.21,233565226.16
11/28/2007,ProShares Short S&P500,SH,122.1,125.7,-2.86396,-3.6,1913.21,233603490.45
11/27/2007,ProShares Short S&P500,SH,125.7,127.62,-1.50447,-1.92,1913.21,240491062.65
11/26/2007,ProShares Short S&P500,SH,127.62,124.64,2.39089,2.98,1913.21,244164434.49
11/23/2007,ProShares Short S&P500,SH,124.64,126.74,-1.65694,-2.1,1913.21,238463055.28
11/21/2007,ProShares Short S&P500,SH,126.74,124.72,1.61963,2.02,1913.21,242480805.73
11/20/2007,ProShares Short S&P500,SH,124.72,125.26,-0.43110,-0.54,1838.21,229262112.44
11/19/2007,ProShares Short S&P500,SH,125.26,123.04,1.80429,2.22,1838.21,230254748.27
11/16/2007,ProShares Short S&P500,SH,123.04,123.66,-0.50137,-0.62,1838.21,226173912.08
11/15/2007,ProShares Short S&P500,SH,123.66,122.04,1.32743,1.62,1725.71,213401855.07
11/14/2007,ProShares Short S&P500,SH,122.04,121.16,0.72631,0.88,1725.71,210606197.58
11/13/2007,ProShares Short S&P500,SH,121.16,124.82,-2.93222,-3.66,1725.71,209087568.82
11/12/2007,ProShares Short S&P500,SH,124.82,123.52,1.05246,1.3,1725.71,215403683.89
11/09/2007,ProShares Short S&P500,SH,123.52,121.74,1.46213,1.78,1725.71,213160255.04
11/08/2007,ProShares Short S&P500,SH,121.74,121.66,0.06576,0.08,1650.71,200957983.23
11/07/2007,ProShares Short S&P500,SH,121.66,118.22,2.90983,3.44,1650.71,200825926.07
11/06/2007,ProShares Short S&P500,SH,118.22,119.64,-1.18689,-1.42,1538.21,181847718.19
11/05/2007,ProShares Short S&P500,SH,119.64,118.98,0.55472,0.66,1538.21,184031982.78
11/02/2007,ProShares Short S&P500,SH,118.98,119.06,-0.06719,-0.08,1538.21,183016761.21
11/01/2007,ProShares Short S&P500,SH,119.06,116,2.63793,3.06,1538.21,183139818.37
10/31/2007,ProShares Short S&P500,SH,116,117.38,-1.17567,-1.38,1538.21,178432882
10/30/2007,ProShares Short S&P500,SH,117.38,116.6,0.66895,0.78,1538.21,180555618.01
10/29/2007,ProShares Short S&P500,SH,116.6,116.96,-0.30780,-0.36,1538.21,179355810.7
10/26/2007,ProShares Short S&P500,SH,116.96,118.58,-1.36617,-1.62,1538.21,179909567.92
10/25/2007,ProShares Short S&P500,SH,118.58,118.44,0.11820,0.14,1500.71,177954725.41
10/24/2007,ProShares Short S&P500,SH,118.44,118.12,0.27091,0.32,1500.71,177744625.38
10/23/2007,ProShares Short S&P500,SH,118.12,119.14,-0.85614,-1.02,1500.71,177264396.74
10/22/2007,ProShares Short S&P500,SH,119.14,119.52,-0.31794,-0.38,1500.71,178795125.53
10/19/2007,ProShares Short S&P500,SH,119.52,116.5,2.59227,3.02,1500.71,179365397.04
10/18/2007,ProShares Short S&P500,SH,116.5,116.38,0.10311,0.12,1500.71,174833239.25
10/17/2007,ProShares Short S&P500,SH,116.38,116.58,-0.17156,-0.2,1463.21,170288903.51
10/16/2007,ProShares Short S&P500,SH,116.58,115.78,0.69097,0.8,1425.71,166209796.41
10/15/2007,ProShares Short S&P500,SH,115.78,114.74,0.90640,1.04,1425.71,165069224.81
10/12/2007,ProShares Short S&P500,SH,114.74,115.26,-0.45115,-0.52,1425.71,163586481.73
10/11/2007,ProShares Short S&P500,SH,115.26,114.66,0.52329,0.6,1425.71,164327853.27
10/10/2007,ProShares Short S&P500,SH,114.66,114.44,0.19224,0.22,1425.71,163472424.57
10/09/2007,ProShares Short S&P500,SH,114.44,115.34,-0.78030,-0.9,1425.71,163158767.38
10/08/2007,ProShares Short S&P500,SH,115.34,114.9,0.38294,0.44,1425.71,164441910.43
10/05/2007,ProShares Short S&P500,SH,114.9,116.02,-0.96535,-1.12,1425.71,163814596.05
10/04/2007,ProShares Short S&P500,SH,116.02,116.24,-0.18926,-0.22,1425.71,165411396.29
10/03/2007,ProShares Short S&P500,SH,116.24,115.7,0.46672,0.54,1425.71,165725053.48
10/02/2007,ProShares Short S&P500,SH,115.7,115.64,0.05189,0.06,1425.71,164955167.65
10/01/2007,ProShares Short S&P500,SH,115.64,117.12,-1.26366,-1.48,1425.71,164869624.78
09/28/2007,ProShares Short S&P500,SH,117.12,116.74,0.32551,0.38,1425.71,166979682.24
09/27/2007,ProShares Short S&P500,SH,116.74,117.16,-0.35848,-0.42,1425.71,166437910.73
09/26/2007,ProShares Short S&P500,SH,117.16,117.78,-0.52641,-0.62,1425.71,167036710.82
09/25/2007,ProShares Short S&P500,SH,117.78,119.32,-1.29065,-1.54,1425.71,167920653.81
09/24/2007,ProShares Short S&P500,SH,119.32,118.62,0.59012,0.7,1425.71,170116254.14
09/21/2007,ProShares Short S&P500,SH,118.62,119.12,-0.41974,-0.5,1650.71,195807753.99
09/20/2007,ProShares Short S&P500,SH,119.12,118.32,0.67613,0.8,1650.71,196633111.24
09/19/2007,ProShares Short S&P500,SH,118.32,119.02,-0.58814,-0.7,1650.71,195312539.64
09/18/2007,ProShares Short S&P500,SH,119.02,122.56,-2.88838,-3.54,1650.71,196468039.79
09/17/2007,ProShares Short S&P500,SH,122.56,121.86,0.57443,0.7,1650.71,202311569.12
09/14/2007,ProShares Short S&P500,SH,121.86,121.86,0.00000,0,1650.71,201156068.97
09/13/2007,ProShares Short S&P500,SH,121.86,122.86,-0.81393,-1,1650.71,201156068.97
09/12/2007,ProShares Short S&P500,SH,122.86,122.86,0.00000,0,1650.71,202806783.47
09/11/2007,ProShares Short S&P500,SH,122.86,124.54,-1.34896,-1.68,1650.71,202806783.47
09/10/2007,ProShares Short S&P500,SH,124.54,124.28,0.20921,0.26,1650.71,205579983.83
09/07/2007,ProShares Short S&P500,SH,124.28,122.18,1.71878,2.1,1650.71,205150798.06
09/06/2007,ProShares Short S&P500,SH,122.18,122.68,-0.40756,-0.5,1650.71,201684297.61
09/05/2007,ProShares Short S&P500,SH,122.68,121.3,1.13768,1.38,1650.71,202509654.86
09/04/2007,ProShares Short S&P500,SH,121.3,122.52,-0.99576,-1.22,1650.71,200231668.85
08/31/2007,ProShares Short S&P500,SH,122.52,123.86,-1.08187,-1.34,2888.21,353864040.54
08/30/2007,ProShares Short S&P500,SH,123.86,123.32,0.43789,0.54,1650.71,204457497.97
08/29/2007,ProShares Short S&P500,SH,123.32,126.06,-2.17357,-2.74,1650.71,203566112.14
08/28/2007,ProShares Short S&P500,SH,126.06,123.16,2.35466,2.9,1650.71,208089069.87
08/27/2007,ProShares Short S&P500,SH,123.16,122.02,0.93427,1.14,1725.71,212538997.82
08/24/2007,ProShares Short S&P500,SH,122.02,123.42,-1.13434,-1.4,1838.21,224298933.29
08/23/2007,ProShares Short S&P500,SH,123.42,123.26,0.12981,0.16,1838.21,226872433.59
08/22/2007,ProShares Short S&P500,SH,123.26,124.7,-1.15477,-1.44,1838.21,226578319.27
08/21/2007,ProShares Short S&P500,SH,124.7,124.82,-0.09614,-0.12,1838.21,229225348.15
08/20/2007,ProShares Short S&P500,SH,124.82,124.7,0.09623,0.12,1988.21,248168933.89
08/17/2007,ProShares Short S&P500,SH,124.7,127.78,-2.41039,-3.08,1988.21,247930348.15
08/16/2007,ProShares Short S&P500,SH,127.78,128.2,-0.32761,-0.42,1988.21,254054048.81
08/15/2007,ProShares Short S&P500,SH,128.2,126.44,1.39196,1.76,1838.21,235659098.9
08/14/2007,ProShares Short S&P500,SH,126.44,124.16,1.83634,2.28,1838.21,232423841.38
08/13/2007,ProShares Short S&P500,SH,124.16,124.02,0.11289,0.14,1838.21,228232712.32
08/10/2007,ProShares Short S&P500,SH,124.02,124.02,0.00000,0,1838.21,227975362.29
08/09/2007,ProShares Short S&P500,SH,124.02,120.46,2.95534,3.56,1800.71,223324612.29
08/08/2007,ProShares Short S&P500,SH,120.46,122.2,-1.42390,-1.74,1800.71,216914068.67
08/07/2007,ProShares Short S&P500,SH,122.2,122.92,-0.58575,-0.72,1800.71,220047311.9
08/06/2007,ProShares Short S&P500,SH,122.92,125.88,-2.35145,-2.96,1800.71,221343826.34
08/03/2007,ProShares Short S&P500,SH,125.88,122.58,2.69212,3.3,1800.71,226673941.26
08/02/2007,ProShares Short S&P500,SH,122.58,123.12,-0.43860,-0.54,1725.71,211538083.41
08/01/2007,ProShares Short S&P500,SH,123.12,124.02,-0.72569,-0.9,1725.71,212469969.24
07/31/2007,ProShares Short S&P500,SH,124.02,122.42,1.30698,1.6,1725.71,214023112.29
07/30/2007,ProShares Short S&P500,SH,122.42,123.6,-0.95469,-1.18,1763.21,215852719.09
07/27/2007,ProShares Short S&P500,SH,123.6,121.62,1.62802,1.98,1763.21,217933312.2
07/26/2007,ProShares Short S&P500,SH,121.62,118.84,2.33928,2.78,1763.21,214442147.49
07/25/2007,ProShares Short S&P500,SH,118.84,119.36,-0.43566,-0.52,1763.21,209540411.18
07/24/2007,ProShares Short S&P500,SH,119.36,117.02,1.99966,2.34,1763.21,210457282.72
07/23/2007,ProShares Short S&P500,SH,117.02,117.5,-0.40851,-0.48,1763.21,206331360.79
07/20/2007,ProShares Short S&P500,SH,117.5,116.06,1.24074,1.44,1763.21,207177703.75
07/19/2007,ProShares Short S&P500,SH,116.06,116.54,-0.41188,-0.48,1763.21,204638674.87
07/18/2007,ProShares Short S&P500,SH,116.54,116.28,0.22360,0.26,1763.21,205485017.83
07/17/2007,ProShares Short S&P500,SH,116.28,116.24,0.03441,0.04,1763.21,205026582.06
07/16/2007,ProShares Short S&P500,SH,116.24,115.94,0.25875,0.3,1800.71,209315053.48
07/13/2007,ProShares Short S&P500,SH,115.94,116.26,-0.27525,-0.32,1800.71,208774839.13
07/12/2007,ProShares Short S&P500,SH,116.26,118.5,-1.89030,-2.24,1800.71,209351067.77
07/11/2007,ProShares Short S&P500,SH,118.5,119.16,-0.55388,-0.66,1800.71,213384668.25
07/10/2007,ProShares Short S&P500,SH,119.16,117.46,1.44730,1.7,1800.71,214573139.82
07/09/2007,ProShares Short S&P500,SH,117.46,117.48,-0.01702,-0.02,1838.21,215916675.17
07/06/2007,ProShares Short S&P500,SH,117.48,117.86,-0.32242,-0.38,1838.21,215953439.46
07/05/2007,ProShares Short S&P500,SH,117.86,117.84,0.01697,0.02,1838.21,216651960.97
07/03/2007,ProShares Short S&P500,SH,117.84,118.26,-0.35515,-0.42,1838.21,216615196.68
07/02/2007,ProShares Short S&P500,SH,118.26,119.44,-0.98794,-1.18,1838.21,217387246.77
06/29/2007,ProShares Short S&P500,SH,119.44,119.24,0.16773,0.2,1838.21,219556339.88
06/28/2007,ProShares Short S&P500,SH,119.24,119.14,0.08393,0.1,1838.21,219188696.98
06/27/2007,ProShares Short S&P500,SH,119.14,120.22,-0.89835,-1.08,1838.21,219004875.53
06/26/2007,ProShares Short S&P500,SH,120.22,120.84,-0.51308,-0.62,1838.21,220990147.19
06/25/2007,ProShares Short S&P500,SH,120.84,120.36,0.39880,0.48,1838.21,222129840.18
06/22/2007,ProShares Short S&P500,SH,120.36,118.8,1.31313,1.56,1838.21,221247497.22
06/21/2007,ProShares Short S&P500,SH,118.8,119.54,-0.61904,-0.74,1838.21,218379882.6
06/20/2007,ProShares Short S&P500,SH,119.54,117.9,1.39101,1.64,1838.21,219740161.33
06/19/2007,ProShares Short S&P500,SH,117.9,118.08,-0.15244,-0.18,1838.21,216725489.55
06/18/2007,ProShares Short S&P500,SH,118.08,117.84,0.20367,0.24,1838.21,217056368.16
06/15/2007,ProShares Short S&P500,SH,117.84,118.58,-0.62405,-0.74,1838.21,216615196.68
06/14/2007,ProShares Short S&P500,SH,118.58,119.14,-0.47004,-0.56,1838.21,217975475.41
06/13/2007,ProShares Short S&P500,SH,119.14,120.96,-1.50463,-1.82,1800.71,214537125.53
06/12/2007,ProShares Short S&P500,SH,120.96,119.66,1.08641,1.3,1800.71,217814425.92
06/11/2007,ProShares Short S&P500,SH,119.66,119.7,-0.03342,-0.04,1800.71,215473497.07
06/08/2007,ProShares Short S&P500,SH,119.7,121.04,-1.10707,-1.34,1800.71,215545525.65
06/07/2007,ProShares Short S&P500,SH,121.04,118.92,1.78271,2.12,1725.71,208880483.08
06/06/2007,ProShares Short S&P500,SH,118.92,117.86,0.89937,1.06,1650.71,196302968.34
06/05/2007,ProShares Short S&P500,SH,117.86,117.22,0.54598,0.64,1575.71,185713710.97
06/04/2007,ProShares Short S&P500,SH,117.22,117.34,-0.10227,-0.12,1575.71,184705253.69
06/01/2007,ProShares Short S&P500,SH,117.34,117.76,-0.35666,-0.42,1575.71,184894339.43
05/31/2007,ProShares Short S&P500,SH,117.76,117.76,0.00000,0,1575.71,185556139.52
05/30/2007,ProShares Short S&P500,SH,117.76,118.72,-0.80863,-0.96,1575.71,185556139.52
05/29/2007,ProShares Short S&P500,SH,118.72,118.8,-0.06734,-0.08,1575.71,187068825.44
05/25/2007,ProShares Short S&P500,SH,118.8,119.42,-0.51918,-0.62,1575.71,187194882.6
05/24/2007,ProShares Short S&P500,SH,119.42,118.26,0.98089,1.16,1538.21,183693575.59
05/23/2007,ProShares Short S&P500,SH,118.26,118.08,0.15244,0.18,1500.71,177474496.77
05/22/2007,ProShares Short S&P500,SH,118.08,117.98,0.08476,0.1,1463.21,172776368.16
05/21/2007,ProShares Short S&P500,SH,117.98,118.06,-0.06776,-0.08,1463.21,172630046.71
05/18/2007,ProShares Short S&P500,SH,118.06,118.82,-0.63962,-0.76,1463.21,172747103.87
05/17/2007,ProShares Short S&P500,SH,118.82,118.7,0.10110,0.12,1463.21,173859146.89
05/16/2007,ProShares Short S&P500,SH,118.7,119.72,-0.85199,-1.02,1425.71,169232311.15
05/15/2007,ProShares Short S&P500,SH,119.72,119.54,0.15058,0.18,1425.71,170686539.94
05/14/2007,ProShares Short S&P500,SH,119.54,119.26,0.23478,0.28,1425.71,170429911.33
05/11/2007,ProShares Short S&P500,SH,119.26,120.4,-0.94684,-1.14,1425.71,170030711.27
05/10/2007,ProShares Short S&P500,SH,120.4,118.74,1.39801,1.66,1388.21,167141025.8
05/09/2007,ProShares Short S&P500,SH,118.74,119.12,-0.31901,-0.38,1388.21,164836589.73
05/08/2007,ProShares Short S&P500,SH,119.12,118.96,0.13450,0.16,1313.21,156430111.24
05/07/2007,ProShares Short S&P500,SH,118.96,119.18,-0.18459,-0.22,1313.21,156219996.92
05/04/2007,ProShares Short S&P500,SH,119.18,119.4,-0.18425,-0.22,1313.21,156508904.11
05/03/2007,ProShares Short S&P500,SH,119.4,119.92,-0.43362,-0.52,1313.21,156797811.3
05/02/2007,ProShares Short S&P500,SH,119.92,120.68,-0.62976,-0.76,1275.71,152983682.84
05/01/2007,ProShares Short S&P500,SH,120.68,120.98,-0.24797,-0.3,1275.71,153953225.86
04/30/2007,ProShares Short S&P500,SH,120.98,119.94,0.86710,1.04,1275.71,154335940.21
04/27/2007,ProShares Short S&P500,SH,119.94,119.9,0.03336,0.04,1275.71,153009197.13
04/26/2007,ProShares Short S&P500,SH,119.9,119.78,0.10018,0.12,1275.71,152958168.55
04/25/2007,ProShares Short S&P500,SH,119.78,120.98,-0.99190,-1.2,1275.71,152805082.81
04/24/2007,ProShares Short S&P500,SH,120.98,120.92,0.04962,0.06,1275.71,154335940.21
04/23/2007,ProShares Short S&P500,SH,120.92,120.54,0.31525,0.38,1275.71,154259397.34
04/20/2007,ProShares Short S&P500,SH,120.54,121.64,-0.90431,-1.1,1275.71,153774625.83
04/19/2007,ProShares Short S&P500,SH,121.64,121.48,0.13171,0.16,1275.71,155177911.78
04/18/2007,ProShares Short S&P500,SH,121.48,121.52,-0.03292,-0.04,1275.71,154973797.46
04/17/2007,ProShares Short S&P500,SH,121.52,121.74,-0.18071,-0.22,1275.71,155024826.04
04/16/2007,ProShares Short S&P500,SH,121.74,122.96,-0.99219,-1.22,1275.71,155305483.23
04/13/2007,ProShares Short S&P500,SH,122.96,123.36,-0.32425,-0.4,1275.71,156861854.92
04/12/2007,ProShares Short S&P500,SH,123.36,124.1,-0.59629,-0.74,1275.71,157372140.72
04/11/2007,ProShares Short S&P500,SH,124.1,123.26,0.68149,0.84,1275.71,158316169.45
04/10/2007,ProShares Short S&P500,SH,123.26,123.56,-0.24280,-0.3,1275.71,157244569.27
04/09/2007,ProShares Short S&P500,SH,123.56,123.5,0.04858,0.06,1350.71,166894283.62
04/05/2007,ProShares Short S&P500,SH,123.5,123.9,-0.32284,-0.4,1350.71,166813240.75
04/04/2007,ProShares Short S&P500,SH,123.9,124,-0.08065,-0.1,1350.71,167353526.55
04/03/2007,ProShares Short S&P500,SH,124,125.14,-0.91098,-1.14,1350.71,167488598
04/02/2007,ProShares Short S&P500,SH,125.14,125.38,-0.19142,-0.24,1350.71,169028412.53
03/30/2007,ProShares Short S&P500,SH,125.38,125.2,0.14377,0.18,1350.71,169352584.01
03/29/2007,ProShares Short S&P500,SH,125.2,125.64,-0.35021,-0.44,1350.71,169109455.4
03/28/2007,ProShares Short S&P500,SH,125.64,124.64,0.80231,1,1350.71,169703769.78
03/27/2007,ProShares Short S&P500,SH,124.64,124.72,-0.06414,-0.08,1350.71,168353055.28
03/26/2007,ProShares Short S&P500,SH,124.72,124.74,-0.01603,-0.02,1425.71,177815112.44
03/23/2007,ProShares Short S&P500,SH,124.74,124.84,-0.08010,-0.1,1463.21,182521376.73
03/22/2007,ProShares Short S&P500,SH,124.84,124.76,0.06412,0.08,1463.21,182667698.18
03/21/2007,ProShares Short S&P500,SH,124.76,126.9,-1.68637,-2.14,1463.21,182550641.02
03/20/2007,ProShares Short S&P500,SH,126.9,127.68,-0.61090,-0.78,1463.21,185681920.05
03/19/2007,ProShares Short S&P500,SH,127.68,129,-1.02326,-1.32,1463.21,186823227.36
03/16/2007,ProShares Short S&P500,SH,129,128.46,0.42036,0.54,1463.21,188754670.5
03/15/2007,ProShares Short S&P500,SH,128.46,128.9,-0.34135,-0.44,1463.21,187964534.67
03/14/2007,ProShares Short S&P500,SH,128.9,129.76,-0.66276,-0.86,1463.21,188608349.05
03/13/2007,ProShares Short S&P500,SH,129.76,127.16,2.04467,2.6,1463.21,189866713.52
03/12/2007,ProShares Short S&P500,SH,127.16,127.4,-0.18838,-0.24,1463.21,186062355.82
03/09/2007,ProShares Short S&P500,SH,127.4,127.46,-0.04707,-0.06,1463.21,186413527.3
03/08/2007,ProShares Short S&P500,SH,127.46,128.36,-0.70115,-0.9,1463.21,186501320.17
03/07/2007,ProShares Short S&P500,SH,128.36,128.04,0.24992,0.32,1425.71,183004713.22
03/06/2007,ProShares Short S&P500,SH,128.04,130.04,-1.53799,-2,1425.71,182548484.58
03/05/2007,ProShares Short S&P500,SH,130.04,128.72,1.02548,1.32,1425.71,185399913.58
03/02/2007,ProShares Short S&P500,SH,128.72,127.24,1.16316,1.48,1238.21,159382970.44
03/01/2007,ProShares Short S&P500,SH,127.24,126.88,0.28373,0.36,1125.71,143235912.98
02/28/2007,ProShares Short S&P500,SH,126.88,127.6,-0.56426,-0.72,1125.71,142830655.76
02/27/2007,ProShares Short S&P500,SH,127.6,123.3,3.48743,4.3,1125.71,143641170.2
02/26/2007,ProShares Short S&P500,SH,123.3,123.06,0.19503,0.24,1088.21,134176847.85
02/23/2007,ProShares Short S&P500,SH,123.06,122.6,0.37520,0.46,1088.21,133915676.37
02/22/2007,ProShares Short S&P500,SH,122.6,122.5,0.08163,0.1,1088.21,133415097.7
02/21/2007,ProShares Short S&P500,SH,122.5,122.3,0.16353,0.2,1088.21,133306276.25
02/20/2007,ProShares Short S&P500,SH,122.3,122.52,-0.17956,-0.22,1088.21,133088633.35
02/16/2007,ProShares Short S&P500,SH,122.52,122.38,0.11440,0.14,1088.21,133328040.54
02/15/2007,ProShares Short S&P500,SH,122.38,122.5,-0.09796,-0.12,1088.21,133175690.51
02/14/2007,ProShares Short S&P500,SH,122.5,123.44,-0.76150,-0.94,1088.21,133306276.25
02/13/2007,ProShares Short S&P500,SH,123.44,124.36,-0.73979,-0.92,1088.21,134329197.88
02/12/2007,ProShares Short S&P500,SH,124.36,123.86,0.40368,0.5,1088.21,135330355.22
02/09/2007,ProShares Short S&P500,SH,123.86,122.98,0.71556,0.88,1088.21,134786247.97
02/08/2007,ProShares Short S&P500,SH,122.98,122.8,0.14658,0.18,1088.21,133828619.21
02/07/2007,ProShares Short S&P500,SH,122.8,122.98,-0.14637,-0.18,1088.21,133632740.6
02/06/2007,ProShares Short S&P500,SH,122.98,123.04,-0.04876,-0.06,1088.21,133828619.21
02/05/2007,ProShares Short S&P500,SH,123.04,122.84,0.16281,0.2,1088.21,133893912.08
02/02/2007,ProShares Short S&P500,SH,122.84,123.02,-0.14632,-0.18,1088.21,133676269.18
02/01/2007,ProShares Short S&P500,SH,123.02,123.68,-0.53364,-0.66,1088.21,133872147.79
01/31/2007,ProShares Short S&P500,SH,123.68,124.48,-0.64267,-0.8,1088.21,134590369.36
01/30/2007,ProShares Short S&P500,SH,124.48,125.18,-0.55919,-0.7,1088.21,135460940.96
01/29/2007,ProShares Short S&P500,SH,125.18,124.94,0.19209,0.24,1088.21,136222691.11
01/26/2007,ProShares Short S&P500,SH,124.94,124.76,0.14428,0.18,863.21,107850019.63
01/25/2007,ProShares Short S&P500,SH,124.76,123.34,1.15129,1.42,863.21,107694641.02
01/24/2007,ProShares Short S&P500,SH,123.34,124.38,-0.83615,-1.04,863.21,106468876.43
01/23/2007,ProShares Short S&P500,SH,124.38,124.78,-0.32056,-0.4,863.21,107366619.51
01/22/2007,ProShares Short S&P500,SH,124.78,124.04,0.59658,0.74,863.21,107711905.31
01/19/2007,ProShares Short S&P500,SH,124.04,124.36,-0.25732,-0.32,863.21,107073126.58
01/18/2007,ProShares Short S&P500,SH,124.36,123.96,0.32268,0.4,863.21,107349355.22
01/17/2007,ProShares Short S&P500,SH,123.96,123.84,0.09690,0.12,863.21,107004069.42
01/16/2007,ProShares Short S&P500,SH,123.84,123.8,0.03231,0.04,863.21,106900483.68
01/12/2007,ProShares Short S&P500,SH,123.8,124.38,-0.46631,-0.58,863.21,106865955.1
01/11/2007,ProShares Short S&P500,SH,124.38,125.14,-0.60732,-0.76,863.21,107366619.51
01/10/2007,ProShares Short S&P500,SH,125.14,125.36,-0.17549,-0.22,863.21,108022662.53
01/09/2007,ProShares Short S&P500,SH,125.36,125.26,0.07983,0.1,863.21,108212569.72
01/08/2007,ProShares Short S&P500,SH,125.26,125.48,-0.17533,-0.22,863.21,108126248.27
01/05/2007,ProShares Short S&P500,SH,125.48,124.7,0.62550,0.78,863.21,108316155.46
01/04/2007,ProShares Short S&P500,SH,124.7,124.82,-0.09614,-0.12,863.21,107642848.15
01/03/2007,ProShares Short S&P500,SH,124.82,124.54,0.22483,0.28,863.21,107746433.89
12/29/2006,ProShares Short S&P500,SH,124.54,123.94,0.48411,0.6,863.21,107504733.83
12/28/2006,ProShares Short S&P500,SH,123.94,123.72,0.17782,0.22,863.21,106986805.13
12/27/2006,ProShares Short S&P500,SH,123.72,124.58,-0.69032,-0.86,863.21,106796897.94
12/26/2006,ProShares Short S&P500,SH,124.58,125,-0.33600,-0.42,863.21,107539262.41
12/22/2006,ProShares Short S&P500,SH,125,124.32,0.54698,0.68,863.21,107901812.5
12/21/2006,ProShares Short S&P500,SH,124.32,123.86,0.37139,0.46,863.21,107314826.64
12/20/2006,ProShares Short S&P500,SH,123.86,125.98,-1.68281,-2.12,863.21,106917747.97
12/19/2006,ProShares Short S&P500,SH,125.98,126.22,-0.19014,-0.24,863.21,108747762.71
12/18/2006,ProShares Short S&P500,SH,126.22,125.72,0.39771,0.5,900.71,113688184.19
12/15/2006,ProShares Short S&P500,SH,125.72,125.82,-0.07948,-0.1,900.71,113237826.94
12/14/2006,ProShares Short S&P500,SH,125.82,126.9,-0.85106,-1.08,900.71,113327898.39
12/13/2006,ProShares Short S&P500,SH,126.9,127.04,-0.11020,-0.14,975.71,123818170.05
12/12/2006,ProShares Short S&P500,SH,127.04,126.88,0.12610,0.16,975.71,123954770.08
12/11/2006,ProShares Short S&P500,SH,126.88,127.06,-0.14167,-0.18,975.71,123798655.76
12/08/2006,ProShares Short S&P500,SH,127.06,127.26,-0.15716,-0.2,975.71,123974284.37
12/07/2006,ProShares Short S&P500,SH,127.26,126.72,0.42614,0.54,975.71,124169427.27
12/06/2006,ProShares Short S&P500,SH,126.72,126.56,0.12642,0.16,975.71,123642541.44
12/05/2006,ProShares Short S&P500,SH,126.56,127.04,-0.37783,-0.48,975.71,123486427.12
12/04/2006,ProShares Short S&P500,SH,127.04,128.08,-0.81199,-1.04,975.71,123954770.08
12/01/2006,ProShares Short S&P500,SH,128.08,127.7,0.29757,0.38,975.71,124969513.16
11/30/2006,ProShares Short S&P500,SH,127.7,127.78,-0.06261,-0.08,975.71,124598741.65
11/29/2006,ProShares Short S&P500,SH,127.78,128.98,-0.93038,-1.2,975.71,124676798.81
11/28/2006,ProShares Short S&P500,SH,128.98,129.42,-0.33998,-0.44,863.21,111337406.21
11/27/2006,ProShares Short S&P500,SH,129.42,127.58,1.44223,1.84,863.21,111717220.59
11/24/2006,ProShares Short S&P500,SH,127.58,127.08,0.39345,0.5,863.21,110128905.91
11/22/2006,ProShares Short S&P500,SH,127.08,127.34,-0.20418,-0.26,863.21,109697298.66
11/21/2006,ProShares Short S&P500,SH,127.34,127.52,-0.14115,-0.18,863.21,109921734.43
11/20/2006,ProShares Short S&P500,SH,127.52,127.36,0.12563,0.16,863.21,110077113.04
11/17/2006,ProShares Short S&P500,SH,127.36,127.46,-0.07846,-0.1,863.21,109938998.72
11/16/2006,ProShares Short S&P500,SH,127.46,127.72,-0.20357,-0.26,863.21,110025320.17
11/15/2006,ProShares Short S&P500,SH,127.72,128.02,-0.23434,-0.3,863.21,110249755.94
11/14/2006,ProShares Short S&P500,SH,128.02,128.82,-0.62102,-0.8,863.21,110508720.29
11/13/2006,ProShares Short S&P500,SH,128.82,129.08,-0.20143,-0.26,863.21,111199291.89
11/10/2006,ProShares Short S&P500,SH,129.08,129.3,-0.17015,-0.22,863.21,111423727.66
11/09/2006,ProShares Short S&P500,SH,129.3,128.6,0.54432,0.7,863.21,111613634.85
11/08/2006,ProShares Short S&P500,SH,128.6,128.86,-0.20177,-0.26,863.21,111009384.7
11/07/2006,ProShares Short S&P500,SH,128.86,129.12,-0.20136,-0.26,863.21,111233820.47
11/06/2006,ProShares Short S&P500,SH,129.12,130.52,-1.07263,-1.4,863.21,111458256.24
11/03/2006,ProShares Short S&P500,SH,130.52,130.2,0.24578,0.32,863.21,112666756.54
11/02/2006,ProShares Short S&P500,SH,130.2,130.16,0.03073,0.04,863.21,112390527.9
11/01/2006,ProShares Short S&P500,SH,130.16,129.2,0.74303,0.96,750.71,97712999.32
10/31/2006,ProShares Short S&P500,SH,129.2,129.16,0.03097,0.04,750.71,96992313.4
10/30/2006,ProShares Short S&P500,SH,129.16,129.1,0.04648,0.06,750.71,96962284.82
10/27/2006,ProShares Short S&P500,SH,129.1,128.02,0.84362,1.08,750.71,96917241.95
10/26/2006,ProShares Short S&P500,SH,128.02,128.62,-0.46649,-0.6,750.71,96106470.29
10/25/2006,ProShares Short S&P500,SH,128.62,129.04,-0.32548,-0.42,750.71,96556898.99
10/24/2006,ProShares Short S&P500,SH,129.04,129.04,0.00000,0,750.71,96872199.08
10/23/2006,ProShares Short S&P500,SH,129.04,129.74,-0.53954,-0.7,750.71,96872199.08
10/20/2006,ProShares Short S&P500,SH,129.74,129.86,-0.09241,-0.12,750.71,97397699.23
10/19/2006,ProShares Short S&P500,SH,129.86,129.94,-0.06157,-0.08,750.71,97487784.97
10/18/2006,ProShares Short S&P500,SH,129.94,130.08,-0.10763,-0.14,750.71,97547842.13
10/17/2006,ProShares Short S&P500,SH,130.08,129.58,0.38586,0.5,750.71,97652942.16
10/16/2006,ProShares Short S&P500,SH,129.58,129.8,-0.16949,-0.22,675.71,87559084.91
10/13/2006,ProShares Short S&P500,SH,129.8,130.04,-0.18456,-0.24,675.71,87707742.1
10/12/2006,ProShares Short S&P500,SH,130.04,131.26,-0.92945,-1.22,675.71,87869913.58
10/11/2006,ProShares Short S&P500,SH,131.26,130.9,0.27502,0.36,675.71,88694285.27
10/10/2006,ProShares Short S&P500,SH,130.9,131.14,-0.18301,-0.24,675.71,88451028.05
10/09/2006,ProShares Short S&P500,SH,131.14,131.14,0.00000,0,675.71,88613199.53
10/06/2006,ProShares Short S&P500,SH,131.14,130.76,0.29061,0.38,675.71,88613199.53
10/05/2006,ProShares Short S&P500,SH,130.76,131.04,-0.21368,-0.28,675.71,88356428.02
10/04/2006,ProShares Short S&P500,SH,131.04,132.64,-1.20627,-1.6,675.71,88545628.08
10/03/2006,ProShares Short S&P500,SH,132.64,132.88,-0.18061,-0.24,675.71,89626771.28
10/02/2006,ProShares Short S&P500,SH,132.88,132.34,0.40804,0.54,675.71,89788942.76
09/29/2006,ProShares Short S&P500,SH,132.34,131.98,0.27277,0.36,675.71,89424056.93
09/28/2006,ProShares Short S&P500,SH,131.98,132.2,-0.16641,-0.22,675.71,89180799.71
09/27/2006,ProShares Short S&P500,SH,132.2,132.2,0.00000,0,675.71,89329456.9
09/26/2006,ProShares Short S&P500,SH,132.2,133.18,-0.73585,-0.98,675.71,89329456.9
09/25/2006,ProShares Short S&P500,SH,133.18,134.26,-0.80441,-1.08,675.71,89991657.11
09/22/2006,ProShares Short S&P500,SH,134.26,133.9,0.26886,0.36,675.71,90721428.77
09/21/2006,ProShares Short S&P500,SH,133.9,133.16,0.55572,0.74,675.71,90478171.55
09/20/2006,ProShares Short S&P500,SH,133.16,133.84,-0.50807,-0.68,675.71,89978142.82
09/19/2006,ProShares Short S&P500,SH,133.84,133.5,0.25468,0.34,675.71,90437628.68
09/18/2006,ProShares Short S&P500,SH,133.5,133.54,-0.02995,-0.04,675.71,90207885.75
09/15/2006,ProShares Short S&P500,SH,133.54,133.88,-0.25396,-0.34,675.71,90234914.33
09/14/2006,ProShares Short S&P500,SH,133.88,133.66,0.16460,0.22,600.71,80423657.26
09/13/2006,ProShares Short S&P500,SH,133.66,134.18,-0.38754,-0.52,600.71,80291500.07
09/12/2006,ProShares Short S&P500,SH,134.18,135.56,-1.01800,-1.38,600.71,80603871.61
09/11/2006,ProShares Short S&P500,SH,135.56,135.54,0.01476,0.02,600.71,81432857.62
09/08/2006,ProShares Short S&P500,SH,135.54,136.02,-0.35289,-0.48,600.71,81420843.33
09/07/2006,ProShares Short S&P500,SH,136.02,135.34,0.50244,0.68,600.71,81709186.29
09/06/2006,ProShares Short S&P500,SH,135.34,134,1.00000,1.34,525.71,71150200.43
09/05/2006,ProShares Short S&P500,SH,134,134.1,-0.07457,-0.1,525.71,70445743
09/01/2006,ProShares Short S&P500,SH,134.1,134.8,-0.51929,-0.7,525.71,70498314.45
08/31/2006,ProShares Short S&P500,SH,134.8,134.72,0.05938,0.08,525.71,70866314.6
08/30/2006,ProShares Short S&P500,SH,134.72,134.74,-0.01484,-0.02,525.71,70824257.44
08/29/2006,ProShares Short S&P500,SH,134.74,135,-0.19259,-0.26,525.71,70834771.73
08/28/2006,ProShares Short S&P500,SH,135,135.58,-0.42779,-0.58,450.71,60846457.5
08/25/2006,ProShares Short S&P500,SH,135.58,135.48,0.07381,0.1,450.71,61107871.91
08/24/2006,ProShares Short S&P500,SH,135.48,135.76,-0.20625,-0.28,450.71,61062800.46
08/23/2006,ProShares Short S&P500,SH,135.76,135.12,0.47365,0.64,450.71,61189000.52
08/22/2006,ProShares Short S&P500,SH,135.12,135.22,-0.07395,-0.1,450.71,60900543.24
08/21/2006,ProShares Short S&P500,SH,135.22,134.62,0.44570,0.6,450.71,60945614.69
08/18/2006,ProShares Short S&P500,SH,134.62,135.1,-0.35529,-0.48,450.71,60675185.99
08/17/2006,ProShares Short S&P500,SH,135.1,135.28,-0.13306,-0.18,450.71,60891528.95
08/16/2006,ProShares Short S&P500,SH,135.28,136.32,-0.76291,-1.04,450.71,60972657.56
08/15/2006,ProShares Short S&P500,SH,136.32,138.18,-1.34607,-1.86,450.71,61441400.64
08/14/2006,ProShares Short S&P500,SH,138.18,138.26,-0.05786,-0.08,450.71,62279729.61
08/11/2006,ProShares Short S&P500,SH,138.26,137.7,0.40668,0.56,450.71,62315786.77
08/10/2006,ProShares Short S&P500,SH,137.7,138.3,-0.43384,-0.6,450.71,62063386.65
08/09/2006,ProShares Short S&P500,SH,138.3,137.7,0.43573,0.6,450.71,62333815.35
08/08/2006,ProShares Short S&P500,SH,137.7,137.22,0.34980,0.48,450.71,62063386.65
08/07/2006,ProShares Short S&P500,SH,137.22,136.74,0.35103,0.48,450.71,61847043.69
08/04/2006,ProShares Short S&P500,SH,136.74,136.62,0.08783,0.12,450.71,61630700.73
08/03/2006,ProShares Short S&P500,SH,136.62,136.8,-0.13158,-0.18,450.71,61576614.99
08/02/2006,ProShares Short S&P500,SH,136.8,137.6,-0.58140,-0.8,450.71,61657743.6
08/01/2006,ProShares Short S&P500,SH,137.6,136.96,0.46729,0.64,450.71,62018315.2
07/31/2006,ProShares Short S&P500,SH,136.96,136.66,0.21952,0.3,375.71,51457857.92
07/28/2006,ProShares Short S&P500,SH,136.66,138.3,-1.18583,-1.64,375.71,51345143.57
07/27/2006,ProShares Short S&P500,SH,138.3,137.72,0.42114,0.58,375.71,51961315.35
07/26/2006,ProShares Short S&P500,SH,137.72,137.62,0.07266,0.1,375.71,51743400.94
07/25/2006,ProShares Short S&P500,SH,137.62,138.46,-0.60667,-0.84,375.71,51705829.49
07/24/2006,ProShares Short S&P500,SH,138.46,140.7,-1.59204,-2.24,375.71,52021429.67
07/21/2006,ProShares Short S&P500,SH,140.7,139.68,0.73024,1.02,375.71,52863030.15
07/20/2006,ProShares Short S&P500,SH,139.68,138.48,0.86655,1.2,375.71,52479801.36
07/19/2006,ProShares Short S&P500,SH,138.48,141.06,-1.82901,-2.58,375.71,52028943.96
07/18/2006,ProShares Short S&P500,SH,141.06,141.3,-0.16985,-0.24,375.71,52998287.37
07/17/2006,ProShares Short S&P500,SH,141.3,141,0.21277,0.3,375.71,53088458.85
07/14/2006,ProShares Short S&P500,SH,141,140.28,0.51326,0.72,375.71,52975744.5
07/13/2006,ProShares Short S&P500,SH,140.28,138.44,1.32910,1.84,375.71,52705230.06
07/12/2006,ProShares Short S&P500,SH,138.44,136.92,1.11014,1.52,375.71,52013846.16
07/11/2006,ProShares Short S&P500,SH,136.92,137.46,-0.39284,-0.54,375.71,51442760.88
07/10/2006,ProShares Short S&P500,SH,137.46,137.56,-0.07270,-0.1,375.71,51645646.44
07/07/2006,ProShares Short S&P500,SH,137.56,136.6,0.70278,0.96,375.71,51683217.84
07/06/2006,ProShares Short S&P500,SH,136.6,136.94,-0.24828,-0.34,375.71,51322532.4
07/05/2006,ProShares Short S&P500,SH,136.94,135.9,0.76527,1.04,375.71,51450275.16
07/03/2006,ProShares Short S&P500,SH,135.9,136.88,-0.71596,-0.98,375.71,51059532.6
06/30/2006,ProShares Short S&P500,SH,136.88,136.56,0.23433,0.32,375.71,51427732.32
06/29/2006,ProShares Short S&P500,SH,136.56,139.54,-2.13559,-2.98,375.71,51307503.84
06/28/2006,ProShares Short S&P500,SH,139.54,140.3,-0.54170,-0.76,375.71,52427131.56
06/27/2006,ProShares Short S&P500,SH,140.3,139,0.93525,1.3,375.71,52712674.2
06/26/2006,ProShares Short S&P500,SH,139,139.58,-0.41553,-0.58,375.71,52224246
06/23/2006,ProShares Short S&P500,SH,139.58,139.44,0.10040,0.14,375.71,52442160.12
06/22/2006,ProShares Short S&P500,SH,139.44,138.68,0.54802,0.76,375.71,52389560.16
06/21/2006,ProShares Short S&P500,SH,138.68,140.02,-0.95701,-1.34,375.71,52104017.52
06/20/2006,ProShares Short S&P500,SH,140.02,140,0.01429,0.02,375.71,52607474.28
06/19/2006,ProShares Short S&P500,SH,140,140,0.00000,0,375.71,52599960
06/16/2006,ProShares Short S&P500,SH,140,140,0.00000,0,0.71,99960
06/15/2006,ProShares Short S&P500,SH,140,140,0.00000,0,0.71,99960
06/14/2006,ProShares Short S&P500,SH,140,140,0.00000,0,0.71,99960
06/13/2006,ProShares Short S&P500,SH,140,140,0.00000,0,0.71,99960
