Date,ProShares Name,Ticker,NAV,Prior NAV,NAV Change (%),NAV Change ($),Shares Outstanding (000),Assets Under Management
12/05/2016,ProShares UltraShort 20+ Year Treasury,TBT,40.63,40.75,-0.29448,-0.12,54756.93,2224774025.27
12/02/2016,ProShares UltraShort 20+ Year Treasury,TBT,40.75,41.31,-1.35560,-0.56,54906.93,2237457356.75
12/01/2016,ProShares UltraShort 20+ Year Treasury,TBT,41.31,40.22,2.71009,1.09,55056.93,2274401736.99
11/30/2016,ProShares UltraShort 20+ Year Treasury,TBT,40.22,39.31,2.31493,0.91,55056.93,2214389684.38
11/29/2016,ProShares UltraShort 20+ Year Treasury,TBT,39.31,39.71,-1.00730,-0.4,55306.93,2174115378.99
11/28/2016,ProShares UltraShort 20+ Year Treasury,TBT,39.71,40.24,-1.31710,-0.53,55406.93,2200209150.59
11/25/2016,ProShares UltraShort 20+ Year Treasury,TBT,40.24,40.31,-0.17365,-0.07,55806.93,2245670822.96
11/23/2016,ProShares UltraShort 20+ Year Treasury,TBT,40.31,40.12,0.47358,0.19,55806.93,2249577307.99
11/22/2016,ProShares UltraShort 20+ Year Treasury,TBT,40.12,40.13,-0.02492,-0.01,56206.93,2255021991.48
11/21/2016,ProShares UltraShort 20+ Year Treasury,TBT,40.13,40.19,-0.14929,-0.06,57206.93,2295714060.77
11/18/2016,ProShares UltraShort 20+ Year Treasury,TBT,40.19,39.79,1.00528,0.4,57556.93,2313212976.51
11/17/2016,ProShares UltraShort 20+ Year Treasury,TBT,39.79,38.95,2.15661,0.84,57806.93,2300137704.91
11/16/2016,ProShares UltraShort 20+ Year Treasury,TBT,38.95,39.56,-1.54196,-0.61,58206.93,2267159884.55
11/15/2016,ProShares UltraShort 20+ Year Treasury,TBT,39.56,39.64,-0.20182,-0.08,58606.93,2318490111.24
11/14/2016,ProShares UltraShort 20+ Year Treasury,TBT,39.64,38.64,2.58799,1,58756.93,2329124665.56
11/11/2016,ProShares UltraShort 20+ Year Treasury,TBT,38.64,38.63,0.02589,0.01,58756.93,2270367736.56
11/10/2016,ProShares UltraShort 20+ Year Treasury,TBT,38.63,38.01,1.63115,0.62,58756.93,2269780167.27
11/09/2016,ProShares UltraShort 20+ Year Treasury,TBT,38.01,34.95,8.75536,3.06,59656.93,2267559871.29
11/08/2016,ProShares UltraShort 20+ Year Treasury,TBT,34.95,34.64,0.89492,0.31,61156.93,2137434668.55
11/07/2016,ProShares UltraShort 20+ Year Treasury,TBT,34.64,34.25,1.13869,0.39,61156.93,2118476020.56
11/04/2016,ProShares UltraShort 20+ Year Treasury,TBT,34.25,34.64,-1.12587,-0.39,61756.93,2115174818.25
11/03/2016,ProShares UltraShort 20+ Year Treasury,TBT,34.64,34.19,1.31617,0.45,61756.93,2139260020.56
11/02/2016,ProShares UltraShort 20+ Year Treasury,TBT,34.19,34.3,-0.32070,-0.11,61756.93,2111469402.51
11/01/2016,ProShares UltraShort 20+ Year Treasury,TBT,34.3,34.54,-0.69485,-0.24,62106.93,2130267664.7
10/31/2016,ProShares UltraShort 20+ Year Treasury,TBT,34.54,34.91,-1.05987,-0.37,62106.93,2145173327.66
10/28/2016,ProShares UltraShort 20+ Year Treasury,TBT,34.91,34.72,0.54724,0.19,62106.93,2168152891.39
10/27/2016,ProShares UltraShort 20+ Year Treasury,TBT,34.72,33.94,2.29817,0.78,62106.93,2156352574.88
10/26/2016,ProShares UltraShort 20+ Year Treasury,TBT,33.94,33.53,1.22279,0.41,62106.93,2107909170.26
10/25/2016,ProShares UltraShort 20+ Year Treasury,TBT,33.53,33.72,-0.56346,-0.19,62106.93,2082445329.37
10/24/2016,ProShares UltraShort 20+ Year Treasury,TBT,33.72,33.45,0.80717,0.27,62106.93,2094245645.88
10/21/2016,ProShares UltraShort 20+ Year Treasury,TBT,33.45,33.53,-0.23859,-0.08,62106.93,2077476775.05
10/20/2016,ProShares UltraShort 20+ Year Treasury,TBT,33.53,33.73,-0.59294,-0.2,62106.93,2082445329.37
10/19/2016,ProShares UltraShort 20+ Year Treasury,TBT,33.73,33.7,0.08902,0.03,62106.93,2094866715.17
10/18/2016,ProShares UltraShort 20+ Year Treasury,TBT,33.7,33.85,-0.44313,-0.15,62356.93,2101428507.3
10/17/2016,ProShares UltraShort 20+ Year Treasury,TBT,33.85,34.28,-1.25438,-0.43,62856.93,2127707046.65
10/14/2016,ProShares UltraShort 20+ Year Treasury,TBT,34.28,33.31,2.91204,0.97,62856.93,2154735526.12
10/13/2016,ProShares UltraShort 20+ Year Treasury,TBT,33.31,33.74,-1.27445,-0.43,63006.93,2098760804.99
10/12/2016,ProShares UltraShort 20+ Year Treasury,TBT,33.74,33.55,0.56632,0.19,63156.93,2130914784.46
10/11/2016,ProShares UltraShort 20+ Year Treasury,TBT,33.55,33.3,0.75075,0.25,63156.93,2118914967.95
10/10/2016,ProShares UltraShort 20+ Year Treasury,TBT,33.3,33.29,0.03004,0.01,63406.93,2111450735.7
10/07/2016,ProShares UltraShort 20+ Year Treasury,TBT,33.29,33.16,0.39204,0.13,63406.93,2110816666.41
10/06/2016,ProShares UltraShort 20+ Year Treasury,TBT,33.16,32.88,0.85158,0.28,63256.93,2097599765.64
10/05/2016,ProShares UltraShort 20+ Year Treasury,TBT,32.88,32.51,1.13811,0.37,63006.93,2071667825.52
10/04/2016,ProShares UltraShort 20+ Year Treasury,TBT,32.51,31.71,2.52286,0.8,62706.93,2038602261.79
10/03/2016,ProShares UltraShort 20+ Year Treasury,TBT,31.71,31.7,0.03155,0.01,62006.93,1966239718.59
09/30/2016,ProShares UltraShort 20+ Year Treasury,TBT,31.7,31.02,2.19213,0.68,62006.93,1965619649.3
09/29/2016,ProShares UltraShort 20+ Year Treasury,TBT,31.02,31.22,-0.64061,-0.2,62006.93,1923454937.58
09/28/2016,ProShares UltraShort 20+ Year Treasury,TBT,31.22,31.11,0.35358,0.11,61756.93,1928051323.38
09/27/2016,ProShares UltraShort 20+ Year Treasury,TBT,31.11,31.7,-1.86120,-0.59,61756.93,1921258061.19
09/26/2016,ProShares UltraShort 20+ Year Treasury,TBT,31.7,31.84,-0.43970,-0.14,61106.93,1937089649.3
09/23/2016,ProShares UltraShort 20+ Year Treasury,TBT,31.84,32,-0.50000,-0.16,60606.93,1929724619.36
09/22/2016,ProShares UltraShort 20+ Year Treasury,TBT,32,32.55,-1.68971,-0.55,60506.93,1936221728
09/21/2016,ProShares UltraShort 20+ Year Treasury,TBT,32.55,32.91,-1.09389,-0.36,60356.93,1964618038.95
09/20/2016,ProShares UltraShort 20+ Year Treasury,TBT,32.91,33.07,-0.48382,-0.16,60356.93,1986346533.39
09/19/2016,ProShares UltraShort 20+ Year Treasury,TBT,33.07,33.17,-0.30148,-0.1,60356.93,1996003642.03
09/16/2016,ProShares UltraShort 20+ Year Treasury,TBT,33.17,33.43,-0.77774,-0.26,60356.93,2002039334.93
09/15/2016,ProShares UltraShort 20+ Year Treasury,TBT,33.43,33.09,1.02750,0.34,60356.93,2017732136.47
09/14/2016,ProShares UltraShort 20+ Year Treasury,TBT,33.09,33.4,-0.92814,-0.31,60106.93,1988938280.61
09/13/2016,ProShares UltraShort 20+ Year Treasury,TBT,33.4,32.55,2.61137,0.85,60106.93,2007571428.6
09/12/2016,ProShares UltraShort 20+ Year Treasury,TBT,32.55,32.55,0.00000,0,60106.93,1956480538.95
09/09/2016,ProShares UltraShort 20+ Year Treasury,TBT,32.55,31.71,2.64901,0.84,59706.93,1943460538.95
09/08/2016,ProShares UltraShort 20+ Year Treasury,TBT,31.71,30.71,3.25627,1,59706.93,1893306718.59
09/07/2016,ProShares UltraShort 20+ Year Treasury,TBT,30.71,30.74,-0.09759,-0.03,59706.93,1833599789.59
09/06/2016,ProShares UltraShort 20+ Year Treasury,TBT,30.74,31.19,-1.44277,-0.45,59706.93,1835390997.46
09/02/2016,ProShares UltraShort 20+ Year Treasury,TBT,31.19,30.73,1.49691,0.46,59706.93,1862259115.51
09/01/2016,ProShares UltraShort 20+ Year Treasury,TBT,30.73,30.72,0.03255,0.01,59706.93,1834793928.17
08/31/2016,ProShares UltraShort 20+ Year Treasury,TBT,30.72,30.8,-0.25974,-0.08,59956.93,1841876858.88
08/30/2016,ProShares UltraShort 20+ Year Treasury,TBT,30.8,30.59,0.68650,0.21,59956.93,1846673413.2
08/29/2016,ProShares UltraShort 20+ Year Treasury,TBT,30.59,31.53,-2.98129,-0.94,59856.93,1831023458.11
08/26/2016,ProShares UltraShort 20+ Year Treasury,TBT,31.53,31.08,1.44788,0.45,59806.93,1885712471.37
08/25/2016,ProShares UltraShort 20+ Year Treasury,TBT,31.08,30.84,0.77821,0.24,59806.93,1858799353.32
08/24/2016,ProShares UltraShort 20+ Year Treasury,TBT,30.84,30.74,0.32531,0.1,59756.93,1842903690.36
08/23/2016,ProShares UltraShort 20+ Year Treasury,TBT,30.74,30.74,0.00000,0,59706.93,1835390997.46
08/22/2016,ProShares UltraShort 20+ Year Treasury,TBT,30.74,31.36,-1.97704,-0.62,59706.93,1835390997.46
08/19/2016,ProShares UltraShort 20+ Year Treasury,TBT,31.36,31.01,1.12867,0.35,59556.93,1867705293.44
08/18/2016,ProShares UltraShort 20+ Year Treasury,TBT,31.01,31.18,-0.54522,-0.17,59556.93,1846860368.29
08/17/2016,ProShares UltraShort 20+ Year Treasury,TBT,31.18,31.47,-0.92151,-0.29,59556.93,1856985046.22
08/16/2016,ProShares UltraShort 20+ Year Treasury,TBT,31.47,31.23,0.76849,0.24,59556.93,1874256555.63
08/15/2016,ProShares UltraShort 20+ Year Treasury,TBT,31.23,30.75,1.56098,0.48,59556.93,1859962892.67
08/12/2016,ProShares UltraShort 20+ Year Treasury,TBT,30.75,31.34,-1.88258,-0.59,59856.93,1840600566.75
08/11/2016,ProShares UltraShort 20+ Year Treasury,TBT,31.34,30.66,2.21787,0.68,59856.93,1875916154.86
08/10/2016,ProShares UltraShort 20+ Year Treasury,TBT,30.66,31.01,-1.12867,-0.35,59806.93,1833680443.14
08/09/2016,ProShares UltraShort 20+ Year Treasury,TBT,31.01,31.53,-1.64922,-0.52,59806.93,1854612868.29
08/08/2016,ProShares UltraShort 20+ Year Treasury,TBT,31.53,31.66,-0.41061,-0.13,59706.93,1882559471.37
08/05/2016,ProShares UltraShort 20+ Year Treasury,TBT,31.66,30.99,2.16199,0.67,59706.93,1890321372.14
08/04/2016,ProShares UltraShort 20+ Year Treasury,TBT,30.99,31.44,-1.43130,-0.45,59706.93,1850317729.71
08/03/2016,ProShares UltraShort 20+ Year Treasury,TBT,31.44,31.36,0.25510,0.08,59706.93,1877185847.76
08/02/2016,ProShares UltraShort 20+ Year Treasury,TBT,31.36,30.81,1.78513,0.55,59706.93,1872409293.44
08/01/2016,ProShares UltraShort 20+ Year Treasury,TBT,30.81,30.25,1.85124,0.56,60206.93,1854975482.49
07/29/2016,ProShares UltraShort 20+ Year Treasury,TBT,30.25,30.76,-1.65800,-0.51,60506.93,1830334602.25
07/28/2016,ProShares UltraShort 20+ Year Treasury,TBT,30.76,30.77,-0.03250,-0.01,60506.93,1861193136.04
07/27/2016,ProShares UltraShort 20+ Year Treasury,TBT,30.77,31.37,-1.91266,-0.6,60506.93,1861798205.33
07/26/2016,ProShares UltraShort 20+ Year Treasury,TBT,31.37,31.52,-0.47589,-0.15,60506.93,1898102362.73
07/25/2016,ProShares UltraShort 20+ Year Treasury,TBT,31.52,31.53,-0.03172,-0.01,60756.93,1915058402.08
07/22/2016,ProShares UltraShort 20+ Year Treasury,TBT,31.53,31.68,-0.47348,-0.15,60756.93,1915665971.37
07/21/2016,ProShares UltraShort 20+ Year Treasury,TBT,31.68,31.65,0.09479,0.03,60856.93,1927947510.72
07/20/2016,ProShares UltraShort 20+ Year Treasury,TBT,31.65,31.39,0.82829,0.26,61156.93,1935616802.85
07/19/2016,ProShares UltraShort 20+ Year Treasury,TBT,31.39,31.72,-1.04035,-0.33,61356.93,1925994001.31
07/18/2016,ProShares UltraShort 20+ Year Treasury,TBT,31.72,31.71,0.03154,0.01,61556.93,1952585787.88
07/15/2016,ProShares UltraShort 20+ Year Treasury,TBT,31.71,31.11,1.92864,0.6,61706.93,1956726718.59
07/14/2016,ProShares UltraShort 20+ Year Treasury,TBT,31.11,30.28,2.74108,0.83,61706.93,1919702561.19
07/13/2016,ProShares UltraShort 20+ Year Treasury,TBT,30.28,30.91,-2.03818,-0.63,61706.93,1868485810.12
07/12/2016,ProShares UltraShort 20+ Year Treasury,TBT,30.91,30.02,2.96469,0.89,61406.93,1898088175.39
07/11/2016,ProShares UltraShort 20+ Year Treasury,TBT,30.02,29.52,1.69377,0.5,61556.93,1847939008.58
07/08/2016,ProShares UltraShort 20+ Year Treasury,TBT,29.52,29.88,-1.20482,-0.36,61806.93,1824540544.08
07/07/2016,ProShares UltraShort 20+ Year Treasury,TBT,29.88,30.02,-0.46636,-0.14,61806.93,1846791038.52
07/06/2016,ProShares UltraShort 20+ Year Treasury,TBT,30.02,29.84,0.60322,0.18,61056.93,1832929008.58
07/05/2016,ProShares UltraShort 20+ Year Treasury,TBT,29.84,31.15,-4.20546,-1.31,60656.93,1810002761.36
07/01/2016,ProShares UltraShort 20+ Year Treasury,TBT,31.15,31.89,-2.32048,-0.74,60156.93,1873888338.35
06/30/2016,ProShares UltraShort 20+ Year Treasury,TBT,31.89,31.51,1.20597,0.38,59556.93,1899270465.81
06/29/2016,ProShares UltraShort 20+ Year Treasury,TBT,31.51,31.48,0.09530,0.03,59506.93,1875063332.79
06/28/2016,ProShares UltraShort 20+ Year Treasury,TBT,31.48,31.51,-0.09521,-0.03,59256.93,1865408124.92
06/27/2016,ProShares UltraShort 20+ Year Treasury,TBT,31.51,33.35,-5.51724,-1.84,58856.93,1854581832.79
06/24/2016,ProShares UltraShort 20+ Year Treasury,TBT,33.35,35.11,-5.01282,-1.76,58556.93,1952873582.15
06/23/2016,ProShares UltraShort 20+ Year Treasury,TBT,35.11,34.34,2.24228,0.77,58606.93,2057689277.19
06/22/2016,ProShares UltraShort 20+ Year Treasury,TBT,34.34,34.32,0.05828,0.02,59156.93,2031448941.86
06/21/2016,ProShares UltraShort 20+ Year Treasury,TBT,34.32,34.04,0.82256,0.28,59856.93,2054289803.28
06/20/2016,ProShares UltraShort 20+ Year Treasury,TBT,34.04,33.51,1.58162,0.53,59206.93,2015403863.16
06/17/2016,ProShares UltraShort 20+ Year Treasury,TBT,33.51,32.95,1.69954,0.56,59206.93,1984024190.79
06/16/2016,ProShares UltraShort 20+ Year Treasury,TBT,32.95,33.44,-1.46531,-0.49,59156.93,1949220810.55
06/15/2016,ProShares UltraShort 20+ Year Treasury,TBT,33.44,33.49,-0.14930,-0.05,58006.93,1939751705.76
06/14/2016,ProShares UltraShort 20+ Year Treasury,TBT,33.49,33.61,-0.35704,-0.12,57006.93,1909162052.21
06/13/2016,ProShares UltraShort 20+ Year Treasury,TBT,33.61,33.83,-0.65031,-0.22,58206.93,1956334883.69
06/10/2016,ProShares UltraShort 20+ Year Treasury,TBT,33.83,34.22,-1.13968,-0.39,58106.93,1965757408.07
06/09/2016,ProShares UltraShort 20+ Year Treasury,TBT,34.22,34.69,-1.35486,-0.47,58206.93,1991841110.38
06/08/2016,ProShares UltraShort 20+ Year Treasury,TBT,34.69,34.93,-0.68709,-0.24,58206.93,2019198367.01
06/07/2016,ProShares UltraShort 20+ Year Treasury,TBT,34.93,35.11,-0.51267,-0.18,58406.93,2040154029.97
06/06/2016,ProShares UltraShort 20+ Year Treasury,TBT,35.11,34.78,0.94882,0.33,58406.93,2050667277.19
06/03/2016,ProShares UltraShort 20+ Year Treasury,TBT,34.78,35.72,-2.63158,-0.94,58206.93,2024436990.62
06/02/2016,ProShares UltraShort 20+ Year Treasury,TBT,35.72,36.28,-1.54355,-0.56,58206.93,2079151503.88
06/01/2016,ProShares UltraShort 20+ Year Treasury,TBT,36.28,36.37,-0.24746,-0.09,58206.93,2111747384.12
05/31/2016,ProShares UltraShort 20+ Year Treasury,TBT,36.37,36.54,-0.46524,-0.17,58206.93,2116986007.73
05/27/2016,ProShares UltraShort 20+ Year Treasury,TBT,36.54,36.4,0.38462,0.14,58506.93,2137843185.66
05/26/2016,ProShares UltraShort 20+ Year Treasury,TBT,36.4,36.97,-1.54179,-0.57,58506.93,2129652215.6
05/25/2016,ProShares UltraShort 20+ Year Treasury,TBT,36.97,36.61,0.98334,0.36,58506.93,2163001165.13
05/24/2016,ProShares UltraShort 20+ Year Treasury,TBT,36.61,36.5,0.30137,0.11,58406.93,2138277670.69
05/23/2016,ProShares UltraShort 20+ Year Treasury,TBT,36.5,36.57,-0.19141,-0.07,58206.93,2124552908.5
05/20/2016,ProShares UltraShort 20+ Year Treasury,TBT,36.57,36.51,0.16434,0.06,58206.93,2128627393.53
05/19/2016,ProShares UltraShort 20+ Year Treasury,TBT,36.51,37.22,-1.90758,-0.71,58206.93,2125134977.79
05/18/2016,ProShares UltraShort 20+ Year Treasury,TBT,37.22,35.9,3.67688,1.32,58056.93,2160878897.38
05/17/2016,ProShares UltraShort 20+ Year Treasury,TBT,35.9,36.05,-0.41609,-0.15,58156.93,2087833751.1
05/16/2016,ProShares UltraShort 20+ Year Treasury,TBT,36.05,35.49,1.57791,0.56,57956.93,2089347290.45
05/13/2016,ProShares UltraShort 20+ Year Treasury,TBT,35.49,36.23,-2.04251,-0.74,57956.93,2056891410.21
05/12/2016,ProShares UltraShort 20+ Year Treasury,TBT,36.23,35.82,1.14461,0.41,57956.93,2099779537.67
05/11/2016,ProShares UltraShort 20+ Year Treasury,TBT,35.82,36.23,-1.13166,-0.41,57956.93,2076017196.78
05/10/2016,ProShares UltraShort 20+ Year Treasury,TBT,36.23,36.31,-0.22032,-0.08,57956.93,2099779537.67
05/09/2016,ProShares UltraShort 20+ Year Treasury,TBT,36.31,36.44,-0.35675,-0.13,57956.93,2104416091.99
05/06/2016,ProShares UltraShort 20+ Year Treasury,TBT,36.44,36.18,0.71863,0.26,57856.93,2108306492.76
05/05/2016,ProShares UltraShort 20+ Year Treasury,TBT,36.18,36.73,-1.49741,-0.55,57856.93,2093263691.22
05/04/2016,ProShares UltraShort 20+ Year Treasury,TBT,36.73,36.98,-0.67604,-0.25,57356.93,2106720002.17
05/03/2016,ProShares UltraShort 20+ Year Treasury,TBT,36.98,37.85,-2.29855,-0.87,57356.93,2121059234.42
05/02/2016,ProShares UltraShort 20+ Year Treasury,TBT,37.85,37.13,1.93913,0.72,57356.93,2170959762.65
04/29/2016,ProShares UltraShort 20+ Year Treasury,TBT,37.13,37.59,-1.22373,-0.46,57356.93,2129662773.77
04/28/2016,ProShares UltraShort 20+ Year Treasury,TBT,37.59,37.65,-0.15936,-0.06,57356.93,2156046961.11
04/27/2016,ProShares UltraShort 20+ Year Treasury,TBT,37.65,38.44,-2.05515,-0.79,57356.93,2159488376.85
04/26/2016,ProShares UltraShort 20+ Year Treasury,TBT,38.44,38.03,1.07810,0.41,57356.93,2204800350.76
04/25/2016,ProShares UltraShort 20+ Year Treasury,TBT,38.03,37.78,0.66173,0.25,57356.93,2181284009.87
04/22/2016,ProShares UltraShort 20+ Year Treasury,TBT,37.78,37.63,0.39862,0.15,55506.93,2097051777.62
04/21/2016,ProShares UltraShort 20+ Year Treasury,TBT,37.63,37.23,1.07440,0.4,55656.93,2094370238.27
04/20/2016,ProShares UltraShort 20+ Year Treasury,TBT,37.23,36.35,2.42091,0.88,55406.93,2062799966.67
04/19/2016,ProShares UltraShort 20+ Year Treasury,TBT,36.35,36.25,0.27586,0.1,55406.93,2014041869.15
04/18/2016,ProShares UltraShort 20+ Year Treasury,TBT,36.25,35.93,0.89062,0.32,55256.93,2003063676.25
04/15/2016,ProShares UltraShort 20+ Year Treasury,TBT,35.93,36.39,-1.26408,-0.46,55256.93,1985381458.97
04/14/2016,ProShares UltraShort 20+ Year Treasury,TBT,36.39,36.12,0.74751,0.27,55156.93,2007160646.31
04/13/2016,ProShares UltraShort 20+ Year Treasury,TBT,36.12,36.51,-1.06820,-0.39,54556.93,1970596275.48
04/12/2016,ProShares UltraShort 20+ Year Treasury,TBT,36.51,35.94,1.58598,0.57,53756.93,1962665477.79
04/11/2016,ProShares UltraShort 20+ Year Treasury,TBT,35.94,35.87,0.19515,0.07,53256.93,1914054028.26
04/08/2016,ProShares UltraShort 20+ Year Treasury,TBT,35.87,35.34,1.49972,0.53,53156.93,1906739043.23
04/07/2016,ProShares UltraShort 20+ Year Treasury,TBT,35.34,36.26,-2.53723,-0.92,53356.93,1885633870.86
04/06/2016,ProShares UltraShort 20+ Year Treasury,TBT,36.26,35.79,1.31322,0.47,53356.93,1934722245.54
04/05/2016,ProShares UltraShort 20+ Year Treasury,TBT,35.79,36.69,-2.45298,-0.9,53356.93,1909644488.91
04/04/2016,ProShares UltraShort 20+ Year Treasury,TBT,36.69,36.84,-0.40717,-0.15,53206.93,1952162225.01
04/01/2016,ProShares UltraShort 20+ Year Treasury,TBT,36.84,36.85,-0.02714,-0.01,53056.93,1954617264.36
03/31/2016,ProShares UltraShort 20+ Year Treasury,TBT,36.85,37.36,-1.36510,-0.51,53056.93,1955147833.65
03/30/2016,ProShares UltraShort 20+ Year Treasury,TBT,37.36,36.73,1.71522,0.63,52606.93,1965394867.44
03/29/2016,ProShares UltraShort 20+ Year Treasury,TBT,36.73,37.2,-1.26344,-0.47,52856.93,1941435002.17
03/28/2016,ProShares UltraShort 20+ Year Treasury,TBT,37.2,37.51,-0.82645,-0.31,52856.93,1966277758.8
03/24/2016,ProShares UltraShort 20+ Year Treasury,TBT,37.51,37.3,0.56300,0.21,52456.93,1967659406.79
03/23/2016,ProShares UltraShort 20+ Year Treasury,TBT,37.3,38.29,-2.58553,-0.99,52456.93,1956643451.7
03/22/2016,ProShares UltraShort 20+ Year Treasury,TBT,38.29,38.47,-0.46790,-0.18,52456.93,2008575811.41
03/21/2016,ProShares UltraShort 20+ Year Treasury,TBT,38.47,37.67,2.12371,0.8,52456.93,2018018058.63
03/18/2016,ProShares UltraShort 20+ Year Treasury,TBT,37.67,37.93,-0.68547,-0.26,52406.93,1974169015.43
03/17/2016,ProShares UltraShort 20+ Year Treasury,TBT,37.93,38.55,-1.60830,-0.62,52406.93,1987794816.97
03/16/2016,ProShares UltraShort 20+ Year Treasury,TBT,38.55,38.38,0.44294,0.17,52256.93,2014504612.95
03/15/2016,ProShares UltraShort 20+ Year Treasury,TBT,38.38,38.52,-0.36345,-0.14,52106.93,1999863935.02
03/14/2016,ProShares UltraShort 20+ Year Treasury,TBT,38.52,38.75,-0.59355,-0.23,51956.93,2001380905.08
03/11/2016,ProShares UltraShort 20+ Year Treasury,TBT,38.75,38.08,1.75945,0.67,51956.93,2013330998.75
03/10/2016,ProShares UltraShort 20+ Year Treasury,TBT,38.08,37.86,0.58109,0.22,52256.93,1989943856.32
03/09/2016,ProShares UltraShort 20+ Year Treasury,TBT,37.86,37.24,1.66488,0.62,52256.93,1978447331.94
03/08/2016,ProShares UltraShort 20+ Year Treasury,TBT,37.24,38.11,-2.28287,-0.87,52256.93,1946048035.96
03/07/2016,ProShares UltraShort 20+ Year Treasury,TBT,38.11,38.19,-0.20948,-0.08,52356.93,1995322564.19
03/04/2016,ProShares UltraShort 20+ Year Treasury,TBT,38.19,37.54,1.73149,0.65,52456.93,2003330118.51
03/03/2016,ProShares UltraShort 20+ Year Treasury,TBT,37.54,37.98,-1.15850,-0.44,52756.93,1980495114.66
03/02/2016,ProShares UltraShort 20+ Year Treasury,TBT,37.98,38.2,-0.57592,-0.22,53006.93,2013203163.42
03/01/2016,ProShares UltraShort 20+ Year Treasury,TBT,38.2,36.98,3.29908,1.22,53006.93,2024864687.8
02/29/2016,ProShares UltraShort 20+ Year Treasury,TBT,36.98,37.19,-0.56467,-0.21,53406.93,1974988234.42
02/26/2016,ProShares UltraShort 20+ Year Treasury,TBT,37.19,36.32,2.39537,0.87,53406.93,1986203689.51
02/25/2016,ProShares UltraShort 20+ Year Treasury,TBT,36.32,36.69,-1.00845,-0.37,53606.93,1947003661.28
02/24/2016,ProShares UltraShort 20+ Year Treasury,TBT,36.69,36.65,0.10914,0.04,53606.93,1966838225.01
02/23/2016,ProShares UltraShort 20+ Year Treasury,TBT,36.65,36.98,-0.89237,-0.33,53706.93,1968358947.85
02/22/2016,ProShares UltraShort 20+ Year Treasury,TBT,36.98,36.79,0.51644,0.19,54056.93,1999025234.42
02/19/2016,ProShares UltraShort 20+ Year Treasury,TBT,36.79,37.11,-0.86230,-0.32,54056.93,1988754417.91
02/18/2016,ProShares UltraShort 20+ Year Treasury,TBT,37.11,37.91,-2.11026,-0.8,54356.93,2017185635.19
02/17/2016,ProShares UltraShort 20+ Year Treasury,TBT,37.91,37.24,1.79914,0.67,54556.93,2068253178.39
02/16/2016,ProShares UltraShort 20+ Year Treasury,TBT,37.24,36.77,1.27822,0.47,54806.93,2041010035.96
02/12/2016,ProShares UltraShort 20+ Year Treasury,TBT,36.77,35.74,2.88193,1.03,55006.93,2022604779.33
02/11/2016,ProShares UltraShort 20+ Year Treasury,TBT,35.74,36.19,-1.24344,-0.45,55506.93,1983817642.46
02/10/2016,ProShares UltraShort 20+ Year Treasury,TBT,36.19,36.59,-1.09319,-0.4,55456.93,2006986260.51
02/09/2016,ProShares UltraShort 20+ Year Treasury,TBT,36.59,36.66,-0.19094,-0.07,55356.93,2025510032.11
02/08/2016,ProShares UltraShort 20+ Year Treasury,TBT,36.66,38.35,-4.40678,-1.69,55156.93,2022053017.14
02/05/2016,ProShares UltraShort 20+ Year Treasury,TBT,38.35,38.61,-0.67340,-0.26,55156.93,2115268227.15
02/04/2016,ProShares UltraShort 20+ Year Treasury,TBT,38.61,38.75,-0.36129,-0.14,55106.93,2127678528.69
02/03/2016,ProShares UltraShort 20+ Year Treasury,TBT,38.75,38.37,0.99036,0.38,55106.93,2135393498.75
02/02/2016,ProShares UltraShort 20+ Year Treasury,TBT,38.37,39.89,-3.81048,-1.52,55106.93,2114452865.73
02/01/2016,ProShares UltraShort 20+ Year Treasury,TBT,39.89,39.55,0.85967,0.34,55106.93,2198215397.81
01/29/2016,ProShares UltraShort 20+ Year Treasury,TBT,39.55,40.12,-1.42074,-0.57,55456.93,2193321541.95
01/28/2016,ProShares UltraShort 20+ Year Treasury,TBT,40.12,40.13,-0.02492,-0.01,55656.93,2232955991.48
01/27/2016,ProShares UltraShort 20+ Year Treasury,TBT,40.13,40.01,0.29993,0.12,55656.93,2233512560.77
01/26/2016,ProShares UltraShort 20+ Year Treasury,TBT,40.01,40.3,-0.71960,-0.29,55806.93,2232835229.29
01/25/2016,ProShares UltraShort 20+ Year Treasury,TBT,40.3,40.63,-0.81221,-0.33,55806.93,2249019238.7
01/22/2016,ProShares UltraShort 20+ Year Treasury,TBT,40.63,40.3,0.81886,0.33,56106.93,2279624525.27
01/21/2016,ProShares UltraShort 20+ Year Treasury,TBT,40.3,39.71,1.48577,0.59,56456.93,2275214238.7
01/20/2016,ProShares UltraShort 20+ Year Treasury,TBT,39.71,40.44,-1.80514,-0.73,56656.93,2249846650.59
01/19/2016,ProShares UltraShort 20+ Year Treasury,TBT,40.44,40.59,-0.36955,-0.15,57006.93,2305360208.76
01/15/2016,ProShares UltraShort 20+ Year Treasury,TBT,40.59,41.76,-2.80172,-1.17,56256.93,2283468748.11
01/14/2016,ProShares UltraShort 20+ Year Treasury,TBT,41.76,41.07,1.68006,0.69,56406.93,2355553355.04
01/13/2016,ProShares UltraShort 20+ Year Treasury,TBT,41.07,41.65,-1.39256,-0.58,56706.93,2328953574.03
01/12/2016,ProShares UltraShort 20+ Year Treasury,TBT,41.65,42.85,-2.80047,-1.2,57006.93,2374338592.85
01/11/2016,ProShares UltraShort 20+ Year Treasury,TBT,42.85,42.35,1.18064,0.5,57006.93,2442746907.65
01/08/2016,ProShares UltraShort 20+ Year Treasury,TBT,42.35,42.45,-0.23557,-0.1,57306.93,2426948443.15
01/07/2016,ProShares UltraShort 20+ Year Treasury,TBT,42.45,42.67,-0.51558,-0.22,57306.93,2432679136.05
01/06/2016,ProShares UltraShort 20+ Year Treasury,TBT,42.67,43.88,-2.75752,-1.21,57306.93,2445286660.43
01/05/2016,ProShares UltraShort 20+ Year Treasury,TBT,43.88,43.51,0.85038,0.37,57306.93,2514628044.52
01/04/2016,ProShares UltraShort 20+ Year Treasury,TBT,43.51,43.96,-1.02366,-0.45,58056.93,2526056980.79
12/31/2015,ProShares UltraShort 20+ Year Treasury,TBT,43.96,44.45,-1.10236,-0.49,58056.93,2552182598.84
12/30/2015,ProShares UltraShort 20+ Year Treasury,TBT,44.45,44.43,0.04501,0.02,57906.93,2573962994.05
12/29/2015,ProShares UltraShort 20+ Year Treasury,TBT,44.43,42.87,3.63891,1.56,58056.93,2579469355.47
12/28/2015,ProShares UltraShort 20+ Year Treasury,TBT,42.87,43.3,-0.99307,-0.43,58556.93,2510335546.23
12/24/2015,ProShares UltraShort 20+ Year Treasury,TBT,43.3,43.84,-1.23175,-0.54,58556.93,2535515025.7
12/23/2015,ProShares UltraShort 20+ Year Treasury,TBT,43.84,43.3,1.24711,0.54,58556.93,2567135767.36
12/22/2015,ProShares UltraShort 20+ Year Treasury,TBT,43.3,42.67,1.47645,0.63,58756.93,2544175025.7
12/21/2015,ProShares UltraShort 20+ Year Treasury,TBT,42.67,42.43,0.56564,0.24,59106.93,2522092660.43
12/18/2015,ProShares UltraShort 20+ Year Treasury,TBT,42.43,42.84,-0.95705,-0.41,59406.93,2520635997.47
12/17/2015,ProShares UltraShort 20+ Year Treasury,TBT,42.84,43.93,-2.48122,-1.09,59856.93,2564270838.36
12/16/2015,ProShares UltraShort 20+ Year Treasury,TBT,43.93,43.75,0.41143,0.18,60106.93,2640497390.97
12/15/2015,ProShares UltraShort 20+ Year Treasury,TBT,43.75,43.28,1.08595,0.47,60206.93,2634053143.75
12/14/2015,ProShares UltraShort 20+ Year Treasury,TBT,43.28,42.13,2.72965,1.15,60206.93,2605755887.12
12/11/2015,ProShares UltraShort 20+ Year Treasury,TBT,42.13,43.68,-3.54853,-1.55,60756.93,2559689418.77
12/10/2015,ProShares UltraShort 20+ Year Treasury,TBT,43.68,43.52,0.36765,0.16,60756.93,2653862658.72
12/09/2015,ProShares UltraShort 20+ Year Treasury,TBT,43.52,43.72,-0.45746,-0.2,60756.93,2644141550.08
12/08/2015,ProShares UltraShort 20+ Year Treasury,TBT,43.72,43.33,0.90007,0.39,60756.93,2656292935.88
12/07/2015,ProShares UltraShort 20+ Year Treasury,TBT,43.33,44.41,-2.43188,-1.08,60956.93,2641263733.57
12/04/2015,ProShares UltraShort 20+ Year Treasury,TBT,44.41,45.48,-2.35268,-1.07,60956.93,2707097216.89
12/03/2015,ProShares UltraShort 20+ Year Treasury,TBT,45.48,42.9,6.01399,2.58,60956.93,2772321130.92
12/02/2015,ProShares UltraShort 20+ Year Treasury,TBT,42.9,43.13,-0.53327,-0.23,61206.93,2625777254.1
12/01/2015,ProShares UltraShort 20+ Year Treasury,TBT,43.13,44.35,-2.75085,-1.22,61206.93,2639854847.77
11/30/2015,ProShares UltraShort 20+ Year Treasury,TBT,44.35,44.55,-0.44893,-0.2,61206.93,2714527301.15
11/27/2015,ProShares UltraShort 20+ Year Treasury,TBT,44.55,44.47,0.17990,0.08,61206.93,2726768686.95
11/25/2015,ProShares UltraShort 20+ Year Treasury,TBT,44.47,44.66,-0.42544,-0.19,61206.93,2721872132.63
11/24/2015,ProShares UltraShort 20+ Year Treasury,TBT,44.66,44.7,-0.08949,-0.04,61206.93,2733501449.14
11/23/2015,ProShares UltraShort 20+ Year Treasury,TBT,44.7,44.95,-0.55617,-0.25,61206.93,2735949726.3
11/20/2015,ProShares UltraShort 20+ Year Treasury,TBT,44.95,44.68,0.60430,0.27,61206.93,2751251458.55
11/19/2015,ProShares UltraShort 20+ Year Treasury,TBT,44.68,45.31,-1.39042,-0.63,61206.93,2734725587.72
11/18/2015,ProShares UltraShort 20+ Year Treasury,TBT,45.31,45.41,-0.22022,-0.1,61206.93,2773285952.99
11/17/2015,ProShares UltraShort 20+ Year Treasury,TBT,45.41,45.84,-0.93805,-0.43,61206.93,2779406645.89
11/16/2015,ProShares UltraShort 20+ Year Treasury,TBT,45.84,45.66,0.39422,0.18,61206.93,2805725625.36
11/13/2015,ProShares UltraShort 20+ Year Treasury,TBT,45.66,46.05,-0.84691,-0.39,61206.93,2794708378.14
11/12/2015,ProShares UltraShort 20+ Year Treasury,TBT,46.05,46.12,-0.15178,-0.07,61206.93,2818579080.45
11/11/2015,ProShares UltraShort 20+ Year Treasury,TBT,46.12,46.12,0.00000,0,61206.93,2822863565.48
11/10/2015,ProShares UltraShort 20+ Year Treasury,TBT,46.12,46.37,-0.53914,-0.25,61206.93,2822863565.48
11/09/2015,ProShares UltraShort 20+ Year Treasury,TBT,46.37,46.13,0.52027,0.24,61106.93,2833528297.73
11/06/2015,ProShares UltraShort 20+ Year Treasury,TBT,46.13,44.9,2.73942,1.23,61106.93,2818862634.77
11/05/2015,ProShares UltraShort 20+ Year Treasury,TBT,44.9,44.59,0.69522,0.31,61306.93,2752681112.1
11/04/2015,ProShares UltraShort 20+ Year Treasury,TBT,44.59,44.69,-0.22376,-0.1,61606.93,2747052964.11
11/03/2015,ProShares UltraShort 20+ Year Treasury,TBT,44.69,44,1.56818,0.69,61606.93,2753213657.01
11/02/2015,ProShares UltraShort 20+ Year Treasury,TBT,44,43.69,0.70954,0.31,61556.93,2708504876
10/30/2015,ProShares UltraShort 20+ Year Treasury,TBT,43.69,44.23,-1.22089,-0.54,61556.93,2689422228.01
10/29/2015,ProShares UltraShort 20+ Year Treasury,TBT,44.23,42.72,3.53464,1.51,61556.93,2722662969.67
10/28/2015,ProShares UltraShort 20+ Year Treasury,TBT,42.72,42.49,0.54130,0.23,61756.93,2638256006.88
10/27/2015,ProShares UltraShort 20+ Year Treasury,TBT,42.49,42.75,-0.60819,-0.26,61956.93,2632549913.21
10/26/2015,ProShares UltraShort 20+ Year Treasury,TBT,42.75,43.26,-1.17892,-0.51,61956.93,2648658714.75
10/23/2015,ProShares UltraShort 20+ Year Treasury,TBT,43.26,42.65,1.43025,0.61,61956.93,2680256748.54
10/22/2015,ProShares UltraShort 20+ Year Treasury,TBT,42.65,42.78,-0.30388,-0.13,61956.93,2642463021.85
10/21/2015,ProShares UltraShort 20+ Year Treasury,TBT,42.78,43.66,-2.01557,-0.88,61956.93,2650517422.62
10/20/2015,ProShares UltraShort 20+ Year Treasury,TBT,43.66,43,1.53488,0.66,61956.93,2705039520.14
10/19/2015,ProShares UltraShort 20+ Year Treasury,TBT,43,42.73,0.63187,0.27,61956.93,2664147947
10/16/2015,ProShares UltraShort 20+ Year Treasury,TBT,42.73,42.88,-0.34981,-0.15,62056.93,2651692576.17
10/15/2015,ProShares UltraShort 20+ Year Treasury,TBT,42.88,42.43,1.06057,0.45,62656.93,2686729115.52
10/14/2015,ProShares UltraShort 20+ Year Treasury,TBT,42.43,43.42,-2.28006,-0.99,63806.93,2707327997.47
10/13/2015,ProShares UltraShort 20+ Year Treasury,TBT,43.42,43.98,-1.27331,-0.56,63806.93,2770496857.18
10/12/2015,ProShares UltraShort 20+ Year Treasury,TBT,43.98,43.98,0.00000,0,63856.93,2808427737.42
10/09/2015,ProShares UltraShort 20+ Year Treasury,TBT,43.98,44.27,-0.65507,-0.29,63856.93,2808427737.42
10/08/2015,ProShares UltraShort 20+ Year Treasury,TBT,44.27,43.36,2.09871,0.91,64106.93,2838013746.83
10/07/2015,ProShares UltraShort 20+ Year Treasury,TBT,43.36,43.2,0.37037,0.16,64106.93,2779676441.44
10/06/2015,ProShares UltraShort 20+ Year Treasury,TBT,43.2,43.62,-0.96286,-0.42,64106.93,2769419332.8
10/05/2015,ProShares UltraShort 20+ Year Treasury,TBT,43.62,42.57,2.46653,1.05,64106.93,2796344242.98
10/02/2015,ProShares UltraShort 20+ Year Treasury,TBT,42.57,43.03,-1.06902,-0.46,64106.93,2729031967.53
10/01/2015,ProShares UltraShort 20+ Year Treasury,TBT,43.03,43.44,-0.94383,-0.41,64106.93,2758521154.87
09/30/2015,ProShares UltraShort 20+ Year Treasury,TBT,43.44,43.07,0.85907,0.37,64106.93,2784804995.76
09/29/2015,ProShares UltraShort 20+ Year Treasury,TBT,43.07,43.33,-0.60005,-0.26,64056.93,2758931932.03
09/28/2015,ProShares UltraShort 20+ Year Treasury,TBT,43.33,44.81,-3.30283,-1.48,64456.93,2792918733.57
09/25/2015,ProShares UltraShort 20+ Year Treasury,TBT,44.81,43.97,1.91039,0.84,64456.93,2888314988.49
09/24/2015,ProShares UltraShort 20+ Year Treasury,TBT,43.97,44.63,-1.47883,-0.66,64456.93,2834171168.13
09/23/2015,ProShares UltraShort 20+ Year Treasury,TBT,44.63,44.49,0.31468,0.14,64456.93,2876712741.27
09/22/2015,ProShares UltraShort 20+ Year Treasury,TBT,44.49,46.21,-3.72214,-1.72,64456.93,2867688771.21
09/21/2015,ProShares UltraShort 20+ Year Treasury,TBT,46.21,44.6,3.60987,1.61,64506.93,2980865189.09
09/18/2015,ProShares UltraShort 20+ Year Treasury,TBT,44.6,46.45,-3.98278,-1.85,65106.93,2903769033.4
09/17/2015,ProShares UltraShort 20+ Year Treasury,TBT,46.45,47.38,-1.96285,-0.93,64506.93,2996346852.05
09/16/2015,ProShares UltraShort 20+ Year Treasury,TBT,47.38,46.92,0.98039,0.46,64506.93,3056338296.02
09/15/2015,ProShares UltraShort 20+ Year Treasury,TBT,46.92,45.04,4.17407,1.88,64506.93,3026665108.68
09/14/2015,ProShares UltraShort 20+ Year Treasury,TBT,45.04,45.11,-0.15518,-0.07,64606.93,2909896082.16
09/11/2015,ProShares UltraShort 20+ Year Treasury,TBT,45.11,45.87,-1.65686,-0.76,65006.93,2932462567.19
09/10/2015,ProShares UltraShort 20+ Year Treasury,TBT,45.87,45.19,1.50476,0.68,65206.93,2991041833.23
09/09/2015,ProShares UltraShort 20+ Year Treasury,TBT,45.19,45.65,-1.00767,-0.46,65106.93,2942182121.51
09/08/2015,ProShares UltraShort 20+ Year Treasury,TBT,45.65,44.4,2.81532,1.25,65206.93,2976696308.85
09/04/2015,ProShares UltraShort 20+ Year Treasury,TBT,44.4,45.38,-2.15954,-0.98,65456.93,2906287647.6
09/03/2015,ProShares UltraShort 20+ Year Treasury,TBT,45.38,45.7,-0.70022,-0.32,65556.93,2974973438.02
09/02/2015,ProShares UltraShort 20+ Year Treasury,TBT,45.7,45.18,1.15095,0.52,65556.93,2995951655.3
09/01/2015,ProShares UltraShort 20+ Year Treasury,TBT,45.18,45.18,0.00000,0,65556.93,2961862052.22
08/31/2015,ProShares UltraShort 20+ Year Treasury,TBT,45.18,44.74,0.98346,0.44,65556.93,2961862052.22
08/28/2015,ProShares UltraShort 20+ Year Treasury,TBT,44.74,44.65,0.20157,0.09,65506.93,2930780003.46
08/27/2015,ProShares UltraShort 20+ Year Treasury,TBT,44.65,45.18,-1.17309,-0.53,65606.93,2929349379.85
08/26/2015,ProShares UltraShort 20+ Year Treasury,TBT,45.18,43.96,2.77525,1.22,65956.93,2979934052.22
08/25/2015,ProShares UltraShort 20+ Year Treasury,TBT,43.96,41.88,4.96657,2.08,66806.93,2936832598.84
08/24/2015,ProShares UltraShort 20+ Year Treasury,TBT,41.88,42.31,-1.01631,-0.43,67206.93,2814626186.52
08/21/2015,ProShares UltraShort 20+ Year Treasury,TBT,42.31,42.41,-0.23579,-0.1,67756.93,2866795665.99
08/20/2015,ProShares UltraShort 20+ Year Treasury,TBT,42.41,43.43,-2.34861,-1.02,68156.93,2890535358.89
08/19/2015,ProShares UltraShort 20+ Year Treasury,TBT,43.43,44.16,-1.65308,-0.73,68406.93,2970912926.47
08/18/2015,ProShares UltraShort 20+ Year Treasury,TBT,44.16,43.23,2.15128,0.93,68406.93,3020849984.64
08/17/2015,ProShares UltraShort 20+ Year Treasury,TBT,43.23,43.89,-1.50376,-0.66,68406.93,2957231540.67
08/14/2015,ProShares UltraShort 20+ Year Treasury,TBT,43.89,44.09,-0.45362,-0.2,68556.93,3008963613.81
08/13/2015,ProShares UltraShort 20+ Year Treasury,TBT,44.09,43.54,1.26321,0.55,68806.93,3033697499.61
08/12/2015,ProShares UltraShort 20+ Year Treasury,TBT,43.54,43.36,0.41513,0.18,68806.93,2995853688.66
08/11/2015,ProShares UltraShort 20+ Year Treasury,TBT,43.36,44.88,-3.38681,-1.52,68856.93,2985636441.44
08/10/2015,ProShares UltraShort 20+ Year Treasury,TBT,44.88,43.74,2.60631,1.14,68856.93,3090298973.52
08/07/2015,ProShares UltraShort 20+ Year Treasury,TBT,43.74,45.05,-2.90788,-1.31,68656.93,3003054074.46
08/06/2015,ProShares UltraShort 20+ Year Treasury,TBT,45.05,45.68,-1.37916,-0.63,68656.93,3092994651.45
08/05/2015,ProShares UltraShort 20+ Year Treasury,TBT,45.68,44.86,1.82791,0.82,68656.93,3136248516.72
08/04/2015,ProShares UltraShort 20+ Year Treasury,TBT,44.86,44.42,0.99054,0.44,68556.93,3075463834.94
08/03/2015,ProShares UltraShort 20+ Year Treasury,TBT,44.42,45.55,-2.48079,-1.13,68556.93,3045298786.18
07/31/2015,ProShares UltraShort 20+ Year Treasury,TBT,45.55,45.98,-0.93519,-0.43,68356.93,3113658115.95
07/30/2015,ProShares UltraShort 20+ Year Treasury,TBT,45.98,46.57,-1.26691,-0.59,68356.93,3143051595.42
07/29/2015,ProShares UltraShort 20+ Year Treasury,TBT,46.57,46.19,0.82269,0.38,68156.93,3174068183.53
07/28/2015,ProShares UltraShort 20+ Year Treasury,TBT,46.19,45.89,0.65374,0.3,68156.93,3148168550.51
07/27/2015,ProShares UltraShort 20+ Year Treasury,TBT,45.89,46.35,-0.99245,-0.46,68156.93,3127721471.81
07/24/2015,ProShares UltraShort 20+ Year Treasury,TBT,46.35,46.52,-0.36543,-0.17,67806.93,3142851159.15
07/23/2015,ProShares UltraShort 20+ Year Treasury,TBT,46.52,47.5,-2.06316,-0.98,67806.93,3154378337.08
07/22/2015,ProShares UltraShort 20+ Year Treasury,TBT,47.5,48.26,-1.57480,-0.76,67806.93,3220829127.5
07/21/2015,ProShares UltraShort 20+ Year Treasury,TBT,48.26,48.73,-0.96450,-0.47,67806.93,3272362393.54
07/20/2015,ProShares UltraShort 20+ Year Treasury,TBT,48.73,48.37,0.74426,0.36,67806.93,3304231650.17
07/17/2015,ProShares UltraShort 20+ Year Treasury,TBT,48.37,48.98,-1.24541,-0.61,67406.93,3260473155.73
07/16/2015,ProShares UltraShort 20+ Year Treasury,TBT,48.98,49.36,-0.76985,-0.38,67406.93,3301591382.42
07/15/2015,ProShares UltraShort 20+ Year Treasury,TBT,49.36,50.45,-2.16056,-1.09,67406.93,3327206015.44
07/14/2015,ProShares UltraShort 20+ Year Treasury,TBT,50.45,50.72,-0.53233,-0.27,67306.93,3395634568.05
07/13/2015,ProShares UltraShort 20+ Year Treasury,TBT,50.72,50.82,-0.19677,-0.1,67206.93,3408735438.88
07/10/2015,ProShares UltraShort 20+ Year Treasury,TBT,50.82,48.95,3.82022,1.87,67556.93,3433243131.78
07/09/2015,ProShares UltraShort 20+ Year Treasury,TBT,48.95,47.09,3.94988,1.86,67856.93,3321596674.55
07/08/2015,ProShares UltraShort 20+ Year Treasury,TBT,47.09,47.59,-1.05064,-0.5,67856.93,3195382786.61
07/07/2015,ProShares UltraShort 20+ Year Treasury,TBT,47.59,48.6,-2.07819,-1.01,67856.93,3229311251.11
07/06/2015,ProShares UltraShort 20+ Year Treasury,TBT,48.6,50.87,-4.46236,-2.27,67706.93,3290556749.4
07/02/2015,ProShares UltraShort 20+ Year Treasury,TBT,50.87,50.94,-0.13742,-0.07,67856.93,3451881978.23
07/01/2015,ProShares UltraShort 20+ Year Treasury,TBT,50.94,49.4,3.11741,1.54,67856.93,3456631963.26
06/30/2015,ProShares UltraShort 20+ Year Treasury,TBT,49.4,49.33,0.14190,0.07,67756.93,3347192292.6
06/29/2015,ProShares UltraShort 20+ Year Treasury,TBT,49.33,52.16,-5.42561,-2.83,67756.93,3342449307.57
06/26/2015,ProShares UltraShort 20+ Year Treasury,TBT,52.16,50.52,3.24624,1.64,68156.93,3555065416.64
06/25/2015,ProShares UltraShort 20+ Year Treasury,TBT,50.52,50.32,0.39746,0.2,68106.93,3440762053.08
06/24/2015,ProShares UltraShort 20+ Year Treasury,TBT,50.32,51.33,-1.96766,-1.01,68106.93,3427140667.28
06/23/2015,ProShares UltraShort 20+ Year Treasury,TBT,51.33,50.53,1.58322,0.8,68106.93,3495928665.57
06/22/2015,ProShares UltraShort 20+ Year Treasury,TBT,50.53,48.86,3.41793,1.67,67106.93,3390913122.37
06/19/2015,ProShares UltraShort 20+ Year Treasury,TBT,48.86,50.41,-3.07479,-1.55,66956.93,3271515550.94
06/18/2015,ProShares UltraShort 20+ Year Treasury,TBT,50.41,49.28,2.29302,1.13,67656.93,3410585790.89
06/17/2015,ProShares UltraShort 20+ Year Treasury,TBT,49.28,48.93,0.71531,0.35,67656.93,3334133461.12
06/16/2015,ProShares UltraShort 20+ Year Treasury,TBT,48.93,49.59,-1.33091,-0.66,67656.93,3310453535.97
06/15/2015,ProShares UltraShort 20+ Year Treasury,TBT,49.59,49.79,-0.40169,-0.2,67256.93,3335271109.11
06/12/2015,ProShares UltraShort 20+ Year Treasury,TBT,49.79,49.89,-0.20044,-0.1,67256.93,3348722494.91
06/11/2015,ProShares UltraShort 20+ Year Treasury,TBT,49.89,51.86,-3.79869,-1.97,67656.93,3375404187.81
06/10/2015,ProShares UltraShort 20+ Year Treasury,TBT,51.86,50.87,1.94614,0.99,68156.93,3534618337.94
06/09/2015,ProShares UltraShort 20+ Year Treasury,TBT,50.87,50.07,1.59776,0.8,68306.93,3474773478.23
06/08/2015,ProShares UltraShort 20+ Year Treasury,TBT,50.07,50.24,-0.33838,-0.17,67906.93,3400099935.03
06/05/2015,ProShares UltraShort 20+ Year Treasury,TBT,50.24,48.92,2.69828,1.32,67456.93,3389036112.96
06/04/2015,ProShares UltraShort 20+ Year Treasury,TBT,48.92,50.24,-2.62739,-1.32,67456.93,3299992966.68
06/03/2015,ProShares UltraShort 20+ Year Treasury,TBT,50.24,48.76,3.03527,1.48,67056.93,3368940112.96
06/02/2015,ProShares UltraShort 20+ Year Treasury,TBT,48.76,47.59,2.45850,1.17,66756.93,3255067858.04
06/01/2015,ProShares UltraShort 20+ Year Treasury,TBT,47.59,45.92,3.63676,1.67,66056.93,3143649251.11
05/29/2015,ProShares UltraShort 20+ Year Treasury,TBT,45.92,46.57,-1.39575,-0.65,65706.93,3017262179.68
05/28/2015,ProShares UltraShort 20+ Year Treasury,TBT,46.57,46.43,0.30153,0.14,65656.93,3057643183.53
05/27/2015,ProShares UltraShort 20+ Year Treasury,TBT,46.43,46.65,-0.47160,-0.22,65006.93,3018271713.47
05/26/2015,ProShares UltraShort 20+ Year Treasury,TBT,46.65,48.64,-4.09128,-1.99,65006.93,3032573237.85
05/22/2015,ProShares UltraShort 20+ Year Treasury,TBT,48.64,48.24,0.82919,0.4,65506.93,3186257026.56
05/21/2015,ProShares UltraShort 20+ Year Treasury,TBT,48.24,49.53,-2.60448,-1.29,65506.93,3160054254.96
05/20/2015,ProShares UltraShort 20+ Year Treasury,TBT,49.53,49.33,0.40543,0.2,65506.93,3244558193.37
05/19/2015,ProShares UltraShort 20+ Year Treasury,TBT,49.33,48.98,0.71458,0.35,65406.93,3226523807.57
05/18/2015,ProShares UltraShort 20+ Year Treasury,TBT,48.98,47.39,3.35514,1.59,65406.93,3203631382.42
05/15/2015,ProShares UltraShort 20+ Year Treasury,TBT,47.39,49.55,-4.35923,-2.16,65656.93,3111481865.31
05/14/2015,ProShares UltraShort 20+ Year Treasury,TBT,49.55,49.75,-0.40201,-0.2,65656.93,3253300831.95
05/13/2015,ProShares UltraShort 20+ Year Treasury,TBT,49.75,48.83,1.88409,0.92,65606.93,3263944717.75
05/12/2015,ProShares UltraShort 20+ Year Treasury,TBT,48.83,49.16,-0.67128,-0.33,65506.93,3198703343.07
05/11/2015,ProShares UltraShort 20+ Year Treasury,TBT,49.16,46.98,4.64027,2.18,65506.93,3220320629.64
05/08/2015,ProShares UltraShort 20+ Year Treasury,TBT,46.98,47.13,-0.31827,-0.15,65506.93,3077515524.42
05/07/2015,ProShares UltraShort 20+ Year Treasury,TBT,47.13,48.52,-2.86480,-1.39,65556.93,3089698063.77
05/06/2015,ProShares UltraShort 20+ Year Treasury,TBT,48.52,47.16,2.88380,1.36,66306.93,3217212195.08
05/05/2015,ProShares UltraShort 20+ Year Treasury,TBT,47.16,46.57,1.26691,0.59,66956.93,3157688771.64
05/04/2015,ProShares UltraShort 20+ Year Treasury,TBT,46.57,45.89,1.48180,0.68,66806.93,3111198683.53
05/01/2015,ProShares UltraShort 20+ Year Treasury,TBT,45.89,44.71,2.63923,1.18,66806.93,3065769971.81
04/30/2015,ProShares UltraShort 20+ Year Treasury,TBT,44.71,44.55,0.35915,0.16,66806.93,2986937795.59
04/29/2015,ProShares UltraShort 20+ Year Treasury,TBT,44.55,43.45,2.53165,1.1,66556.93,2965111186.95
04/28/2015,ProShares UltraShort 20+ Year Treasury,TBT,43.45,42.58,2.04321,0.87,66656.93,2896243565.05
04/27/2015,ProShares UltraShort 20+ Year Treasury,TBT,42.58,42.68,-0.23430,-0.1,66156.93,2816962036.82
04/24/2015,ProShares UltraShort 20+ Year Treasury,TBT,42.68,42.97,-0.67489,-0.29,65656.93,2802237729.72
04/23/2015,ProShares UltraShort 20+ Year Treasury,TBT,42.97,43.27,-0.69332,-0.3,65656.93,2821278239.13
04/22/2015,ProShares UltraShort 20+ Year Treasury,TBT,43.27,42.22,2.48697,1.05,64856.93,2806359317.83
04/21/2015,ProShares UltraShort 20+ Year Treasury,TBT,42.22,42.01,0.49988,0.21,64406.93,2719260542.38
04/20/2015,ProShares UltraShort 20+ Year Treasury,TBT,42.01,41.07,2.28878,0.94,64406.93,2705735087.29
04/17/2015,ProShares UltraShort 20+ Year Treasury,TBT,41.07,41.81,-1.76991,-0.74,64406.93,2645192574.03
04/16/2015,ProShares UltraShort 20+ Year Treasury,TBT,41.81,41.81,0.00000,0,64556.93,2699125201.49
04/15/2015,ProShares UltraShort 20+ Year Treasury,TBT,41.81,41.7,0.26379,0.11,64556.93,2699125201.49
04/14/2015,ProShares UltraShort 20+ Year Treasury,TBT,41.7,42.22,-1.23164,-0.52,64356.93,2683683939.3
04/13/2015,ProShares UltraShort 20+ Year Treasury,TBT,42.22,42.32,-0.23629,-0.1,64556.93,2725593542.38
04/10/2015,ProShares UltraShort 20+ Year Treasury,TBT,42.32,42.52,-0.47037,-0.2,64556.93,2732049235.28
04/09/2015,ProShares UltraShort 20+ Year Treasury,TBT,42.52,41.4,2.70531,1.12,64656.93,2749212621.08
04/08/2015,ProShares UltraShort 20+ Year Treasury,TBT,41.4,41.56,-0.38499,-0.16,64656.93,2676796860.6
04/07/2015,ProShares UltraShort 20+ Year Treasury,TBT,41.56,42.13,-1.35296,-0.57,64656.93,2687141969.24
04/06/2015,ProShares UltraShort 20+ Year Treasury,TBT,42.13,41.58,1.32275,0.55,64556.93,2719783418.77
04/02/2015,ProShares UltraShort 20+ Year Treasury,TBT,41.58,40.84,1.81195,0.74,64306.93,2673882107.82
04/01/2015,ProShares UltraShort 20+ Year Treasury,TBT,40.84,41.91,-2.55309,-1.07,64306.93,2626294980.36
03/31/2015,ProShares UltraShort 20+ Year Treasury,TBT,41.91,42.11,-0.47495,-0.2,64306.93,2695103394.39
03/30/2015,ProShares UltraShort 20+ Year Treasury,TBT,42.11,41.68,1.03167,0.43,64456.93,2714281280.19
03/27/2015,ProShares UltraShort 20+ Year Treasury,TBT,41.68,42.87,-2.77583,-1.19,64456.93,2686564800.72
03/26/2015,ProShares UltraShort 20+ Year Treasury,TBT,42.87,41.41,3.52572,1.46,64506.93,2765412046.23
03/25/2015,ProShares UltraShort 20+ Year Treasury,TBT,41.41,40.88,1.29648,0.53,64206.93,2658808929.89
03/24/2015,ProShares UltraShort 20+ Year Treasury,TBT,40.88,41.56,-1.63619,-0.68,64106.93,2620691257.52
03/23/2015,ProShares UltraShort 20+ Year Treasury,TBT,41.56,41.51,0.12045,0.05,64106.93,2664283969.24
03/20/2015,ProShares UltraShort 20+ Year Treasury,TBT,41.51,42.03,-1.23721,-0.52,64106.93,2661078622.79
03/19/2015,ProShares UltraShort 20+ Year Treasury,TBT,42.03,41.98,0.11910,0.05,64106.93,2694414225.87
03/18/2015,ProShares UltraShort 20+ Year Treasury,TBT,41.98,43.26,-2.95885,-1.28,63706.93,2674416879.42
03/17/2015,ProShares UltraShort 20+ Year Treasury,TBT,43.26,44.21,-2.14884,-0.95,63706.93,2755961748.54
03/16/2015,ProShares UltraShort 20+ Year Treasury,TBT,44.21,44.49,-0.62935,-0.28,63706.93,2816483331.09
03/13/2015,ProShares UltraShort 20+ Year Treasury,TBT,44.49,44.29,0.45157,0.2,63956.93,2845443771.21
03/12/2015,ProShares UltraShort 20+ Year Treasury,TBT,44.29,44.38,-0.20279,-0.09,63906.93,2830437885.41
03/11/2015,ProShares UltraShort 20+ Year Treasury,TBT,44.38,45.01,-1.39969,-0.63,63906.93,2836189509.02
03/10/2015,ProShares UltraShort 20+ Year Treasury,TBT,45.01,46.31,-2.80717,-1.3,64106.93,2885452874.29
03/09/2015,ProShares UltraShort 20+ Year Treasury,TBT,46.31,47.05,-1.57279,-0.74,63856.93,2957214381.99
03/06/2015,ProShares UltraShort 20+ Year Treasury,TBT,47.05,45.01,4.53233,2.04,63356.93,2980943509.45
03/05/2015,ProShares UltraShort 20+ Year Treasury,TBT,45.01,45.11,-0.22168,-0.1,63656.93,2865198374.29
03/04/2015,ProShares UltraShort 20+ Year Treasury,TBT,45.11,44.99,0.26673,0.12,63556.93,2867053067.19
03/03/2015,ProShares UltraShort 20+ Year Treasury,TBT,44.99,44.57,0.94234,0.42,63306.93,2848178735.71
03/02/2015,ProShares UltraShort 20+ Year Treasury,TBT,44.57,43.25,3.05202,1.32,62856.93,2801533325.53
02/27/2015,ProShares UltraShort 20+ Year Treasury,TBT,43.25,43.41,-0.36858,-0.16,62356.93,2696937179.25
02/26/2015,ProShares UltraShort 20+ Year Treasury,TBT,43.41,42.84,1.33053,0.57,61806.93,2683038787.89
02/25/2015,ProShares UltraShort 20+ Year Treasury,TBT,42.84,43.25,-0.94798,-0.41,61656.93,2641382838.36
02/24/2015,ProShares UltraShort 20+ Year Treasury,TBT,43.25,44.13,-1.99411,-0.88,61506.93,2660174679.25
02/23/2015,ProShares UltraShort 20+ Year Treasury,TBT,44.13,45.54,-3.09618,-1.41,61656.93,2720920276.77
02/20/2015,ProShares UltraShort 20+ Year Treasury,TBT,45.54,45.42,0.26420,0.12,62006.93,2823795546.66
02/19/2015,ProShares UltraShort 20+ Year Treasury,TBT,45.42,44.85,1.27090,0.57,62456.93,2836793715.18
02/18/2015,ProShares UltraShort 20+ Year Treasury,TBT,44.85,45.63,-1.70940,-0.78,62206.93,2789980765.65
02/17/2015,ProShares UltraShort 20+ Year Treasury,TBT,45.63,43.91,3.91710,1.72,62206.93,2838502170.27
02/13/2015,ProShares UltraShort 20+ Year Treasury,TBT,43.91,43.12,1.83210,0.79,62606.93,2749070252.39
02/12/2015,ProShares UltraShort 20+ Year Treasury,TBT,43.12,43.02,0.23245,0.1,62606.93,2699610778.48
02/11/2015,ProShares UltraShort 20+ Year Treasury,TBT,43.02,43.13,-0.25504,-0.11,62806.93,2701954085.58
02/10/2015,ProShares UltraShort 20+ Year Treasury,TBT,43.13,42.36,1.81775,0.77,62856.93,2711019347.77
02/09/2015,ProShares UltraShort 20+ Year Treasury,TBT,42.36,42.33,0.07087,0.03,62906.93,2664737512.44
02/06/2015,ProShares UltraShort 20+ Year Treasury,TBT,42.33,40.93,3.42047,1.4,63206.93,2675549304.57
02/05/2015,ProShares UltraShort 20+ Year Treasury,TBT,40.93,40.43,1.23671,0.5,63206.93,2587059603.97
02/04/2015,ProShares UltraShort 20+ Year Treasury,TBT,40.43,40.27,0.39732,0.16,63206.93,2555456139.47
02/03/2015,ProShares UltraShort 20+ Year Treasury,TBT,40.27,38.65,4.19146,1.62,63306.93,2549370030.83
02/02/2015,ProShares UltraShort 20+ Year Treasury,TBT,38.65,38.65,0.00000,0,63306.93,2446812805.85
01/30/2015,ProShares UltraShort 20+ Year Treasury,TBT,38.65,39.54,-2.25089,-0.89,63756.93,2464205305.85
01/29/2015,ProShares UltraShort 20+ Year Treasury,TBT,39.54,39.17,0.94460,0.37,63756.93,2520948972.66
01/28/2015,ProShares UltraShort 20+ Year Treasury,TBT,39.17,40.69,-3.73556,-1.52,64256.93,2516943908.93
01/27/2015,ProShares UltraShort 20+ Year Treasury,TBT,40.69,40.64,0.12303,0.05,65006.93,2645131941.01
01/26/2015,ProShares UltraShort 20+ Year Treasury,TBT,40.64,40.58,0.14786,0.06,65356.93,2656105594.56
01/23/2015,ProShares UltraShort 20+ Year Treasury,TBT,40.58,41.71,-2.70918,-1.13,65556.93,2660300178.82
01/22/2015,ProShares UltraShort 20+ Year Treasury,TBT,41.71,41.24,1.13967,0.47,65856.93,2746892508.59
01/21/2015,ProShares UltraShort 20+ Year Treasury,TBT,41.24,40.65,1.45141,0.59,65706.93,2709753751.96
01/20/2015,ProShares UltraShort 20+ Year Treasury,TBT,40.65,41.23,-1.40674,-0.58,65506.93,2662856663.85
01/16/2015,ProShares UltraShort 20+ Year Treasury,TBT,41.23,40.84,0.95495,0.39,61656.93,2542115182.67
01/15/2015,ProShares UltraShort 20+ Year Treasury,TBT,40.84,41.45,-1.47165,-0.61,62206.93,2540530980.36
01/14/2015,ProShares UltraShort 20+ Year Treasury,TBT,41.45,41.96,-1.21544,-0.51,62456.93,2588839707.05
01/13/2015,ProShares UltraShort 20+ Year Treasury,TBT,41.96,42.11,-0.35621,-0.15,62406.93,2618594740.84
01/12/2015,ProShares UltraShort 20+ Year Treasury,TBT,42.11,43.1,-2.29698,-0.99,62506.93,2632166780.19
01/09/2015,ProShares UltraShort 20+ Year Treasury,TBT,43.1,43.7,-1.37300,-0.6,62806.93,2706978639.9
01/08/2015,ProShares UltraShort 20+ Year Treasury,TBT,43.7,42.47,2.89616,1.23,63656.93,2781807797.3
01/07/2015,ProShares UltraShort 20+ Year Treasury,TBT,42.47,42.65,-0.42204,-0.18,63556.93,2699262774.63
01/06/2015,ProShares UltraShort 20+ Year Treasury,TBT,42.65,44.01,-3.09021,-1.36,63506.93,2708570521.85
01/05/2015,ProShares UltraShort 20+ Year Treasury,TBT,44.01,45.53,-3.33846,-1.52,62806.93,2764132945.29
01/02/2015,ProShares UltraShort 20+ Year Treasury,TBT,45.53,46.48,-2.04389,-0.95,63056.93,2870981977.37
12/31/2014,ProShares UltraShort 20+ Year Treasury,TBT,46.48,46.67,-0.40711,-0.19,63356.93,2944830059.92
12/30/2014,ProShares UltraShort 20+ Year Treasury,TBT,46.67,46.98,-0.65986,-0.31,64056.93,2989536876.43
12/29/2014,ProShares UltraShort 20+ Year Treasury,TBT,46.98,47.63,-1.36469,-0.65,65156.93,3061072524.42
12/26/2014,ProShares UltraShort 20+ Year Treasury,TBT,47.63,47.94,-0.64664,-0.31,65756.93,3132002528.27
12/24/2014,ProShares UltraShort 20+ Year Treasury,TBT,47.94,48.31,-0.76589,-0.37,65756.93,3152387176.26
12/23/2014,ProShares UltraShort 20+ Year Treasury,TBT,48.31,46.62,3.62505,1.69,65756.93,3176717239.99
12/22/2014,ProShares UltraShort 20+ Year Treasury,TBT,46.62,47.05,-0.91392,-0.43,65606.93,3058595029.98
12/19/2014,ProShares UltraShort 20+ Year Treasury,TBT,47.05,47.72,-1.40402,-0.67,66506.93,3129151009.45
12/18/2014,ProShares UltraShort 20+ Year Treasury,TBT,47.72,46.66,2.27175,1.06,67106.93,3202342651.88
12/17/2014,ProShares UltraShort 20+ Year Treasury,TBT,46.66,45.88,1.70009,0.78,67806.93,3163871307.14
12/16/2014,ProShares UltraShort 20+ Year Treasury,TBT,45.88,46.61,-1.56619,-0.73,68006.93,3120157902.52
12/15/2014,ProShares UltraShort 20+ Year Treasury,TBT,46.61,46.85,-0.51227,-0.24,68006.93,3169802960.69
12/12/2014,ProShares UltraShort 20+ Year Treasury,TBT,46.85,48.07,-2.53797,-1.22,68406.93,3204864623.65
12/11/2014,ProShares UltraShort 20+ Year Treasury,TBT,48.07,48.25,-0.37306,-0.18,68506.93,3293128077.03
12/10/2014,ProShares UltraShort 20+ Year Treasury,TBT,48.25,48.94,-1.40989,-0.69,68706.93,3315109324.25
12/09/2014,ProShares UltraShort 20+ Year Treasury,TBT,48.94,49.42,-0.97127,-0.48,68856.93,3369858105.26
12/08/2014,ProShares UltraShort 20+ Year Treasury,TBT,49.42,50.6,-2.33202,-1.18,68706.93,3395496431.18
12/05/2014,ProShares UltraShort 20+ Year Treasury,TBT,50.6,50.47,0.25758,0.13,68806.93,3481630607.4
12/04/2014,ProShares UltraShort 20+ Year Treasury,TBT,50.47,51.09,-1.21354,-0.62,69256.93,3495397206.63
12/03/2014,ProShares UltraShort 20+ Year Treasury,TBT,51.09,51.34,-0.48695,-0.25,69456.93,3548554502.61
12/02/2014,ProShares UltraShort 20+ Year Treasury,TBT,51.34,50.31,2.04731,1.03,69906.93,3589021734.86
12/01/2014,ProShares UltraShort 20+ Year Treasury,TBT,50.31,49.76,1.10531,0.55,70056.93,3524564097.99
11/28/2014,ProShares UltraShort 20+ Year Treasury,TBT,49.76,50.4,-1.26984,-0.64,70306.93,3498472787.04
11/26/2014,ProShares UltraShort 20+ Year Treasury,TBT,50.4,50.87,-0.92392,-0.47,70306.93,3543469221.6
11/25/2014,ProShares UltraShort 20+ Year Treasury,TBT,50.87,51.85,-1.89007,-0.98,70806.93,3601948478.23
11/24/2014,ProShares UltraShort 20+ Year Treasury,TBT,51.85,51.94,-0.17328,-0.09,71006.93,3681709268.65
11/21/2014,ProShares UltraShort 20+ Year Treasury,TBT,51.94,52.54,-1.14199,-0.6,71656.93,3721860892.26
11/20/2014,ProShares UltraShort 20+ Year Treasury,TBT,52.54,52.79,-0.47357,-0.25,71956.93,3780617049.66
11/19/2014,ProShares UltraShort 20+ Year Treasury,TBT,52.79,52.39,0.76350,0.4,71956.93,3798606281.91
11/18/2014,ProShares UltraShort 20+ Year Treasury,TBT,52.39,52.68,-0.55049,-0.29,71956.93,3769823510.31
11/17/2014,ProShares UltraShort 20+ Year Treasury,TBT,52.68,52.4,0.53435,0.28,72106.93,3798593019.72
11/14/2014,ProShares UltraShort 20+ Year Treasury,TBT,52.4,52.94,-1.02002,-0.54,72306.93,3788883079.6
11/13/2014,ProShares UltraShort 20+ Year Treasury,TBT,52.94,53.04,-0.18854,-0.1,72556.93,3841163821.26
11/12/2014,ProShares UltraShort 20+ Year Treasury,TBT,53.04,53.23,-0.35694,-0.19,72556.93,3848419514.16
11/11/2014,ProShares UltraShort 20+ Year Treasury,TBT,53.23,53.23,0.00000,0,72956.93,3883497330.67
11/10/2014,ProShares UltraShort 20+ Year Treasury,TBT,53.23,52.5,1.39048,0.73,72956.93,3883497330.67
11/07/2014,ProShares UltraShort 20+ Year Treasury,TBT,52.5,53.38,-1.64856,-0.88,73356.93,3851238772.5
11/06/2014,ProShares UltraShort 20+ Year Treasury,TBT,53.38,52.87,0.96463,0.51,73706.93,3934475870.02
11/05/2014,ProShares UltraShort 20+ Year Treasury,TBT,52.87,52.67,0.37972,0.2,72956.93,3857232836.23
11/04/2014,ProShares UltraShort 20+ Year Treasury,TBT,52.67,52.96,-0.54758,-0.29,72956.93,3842641450.43
11/03/2014,ProShares UltraShort 20+ Year Treasury,TBT,52.96,52.88,0.15129,0.08,73206.93,3877038959.84
10/31/2014,ProShares UltraShort 20+ Year Treasury,TBT,52.88,52.47,0.78140,0.41,73206.93,3871182405.52
10/30/2014,ProShares UltraShort 20+ Year Treasury,TBT,52.47,52.69,-0.41754,-0.22,74356.93,3901508064.63
10/29/2014,ProShares UltraShort 20+ Year Treasury,TBT,52.69,52.85,-0.30274,-0.16,74256.93,3912597589.01
10/28/2014,ProShares UltraShort 20+ Year Treasury,TBT,52.85,52.4,0.85878,0.45,74256.93,3924478697.65
10/27/2014,ProShares UltraShort 20+ Year Treasury,TBT,52.4,52.72,-0.60698,-0.32,74256.93,3891063079.6
10/24/2014,ProShares UltraShort 20+ Year Treasury,TBT,52.72,52.66,0.11394,0.06,74656.93,3935913296.88
10/23/2014,ProShares UltraShort 20+ Year Treasury,TBT,52.66,51.83,1.60139,0.83,74756.93,3936699881.14
10/22/2014,ProShares UltraShort 20+ Year Treasury,TBT,51.83,51.55,0.54316,0.28,74756.93,3874651630.07
10/21/2014,ProShares UltraShort 20+ Year Treasury,TBT,51.55,51.1,0.88063,0.45,75006.93,3866607189.95
10/20/2014,ProShares UltraShort 20+ Year Treasury,TBT,51.1,51.3,-0.38986,-0.2,75006.93,3832854071.9
10/17/2014,ProShares UltraShort 20+ Year Treasury,TBT,51.3,50.74,1.10367,0.56,75906.93,3894025457.7
10/16/2014,ProShares UltraShort 20+ Year Treasury,TBT,50.74,49.7,2.09256,1.04,75706.93,3841369577.46
10/15/2014,ProShares UltraShort 20+ Year Treasury,TBT,49.7,51.21,-2.94864,-1.51,76006.93,3777544371.3
10/14/2014,ProShares UltraShort 20+ Year Treasury,TBT,51.21,52.72,-2.86419,-1.51,75006.93,3841104834.09
10/13/2014,ProShares UltraShort 20+ Year Treasury,TBT,52.72,52.73,-0.01896,-0.01,74706.93,3938549296.88
10/10/2014,ProShares UltraShort 20+ Year Treasury,TBT,52.73,53.27,-1.01370,-0.54,74706.93,3939296366.17
10/09/2014,ProShares UltraShort 20+ Year Treasury,TBT,53.27,53.26,0.01878,0.01,75006.93,3995619107.83
10/08/2014,ProShares UltraShort 20+ Year Treasury,TBT,53.26,53.18,0.15043,0.08,75006.93,3994869038.54
10/07/2014,ProShares UltraShort 20+ Year Treasury,TBT,53.18,54.6,-2.60073,-1.42,74906.93,3983550484.22
10/06/2014,ProShares UltraShort 20+ Year Treasury,TBT,54.6,54.73,-0.23753,-0.13,75256.93,4109028323.4
10/03/2014,ProShares UltraShort 20+ Year Treasury,TBT,54.73,55.09,-0.65348,-0.36,74806.93,4094183224.17
10/02/2014,ProShares UltraShort 20+ Year Treasury,TBT,55.09,54.37,1.32426,0.72,74906.93,4126622718.61
10/01/2014,ProShares UltraShort 20+ Year Treasury,TBT,54.37,56.34,-3.49663,-1.97,74906.93,4072689729.73
09/30/2014,ProShares UltraShort 20+ Year Treasury,TBT,56.34,55.79,0.98584,0.55,75256.93,4239975379.86
09/29/2014,ProShares UltraShort 20+ Year Treasury,TBT,55.79,56.57,-1.37882,-0.78,75556.93,4215321068.91
09/26/2014,ProShares UltraShort 20+ Year Treasury,TBT,56.57,56.61,-0.07066,-0.04,75406.93,4265769973.53
09/25/2014,ProShares UltraShort 20+ Year Treasury,TBT,56.61,57.9,-2.22798,-1.29,75256.93,4260294750.69
09/24/2014,ProShares UltraShort 20+ Year Treasury,TBT,57.9,57.3,1.04712,0.6,75106.93,4348691189.1
09/23/2014,ProShares UltraShort 20+ Year Treasury,TBT,57.3,58.09,-1.35996,-0.79,75256.93,4312222031.7
09/22/2014,ProShares UltraShort 20+ Year Treasury,TBT,58.09,58.35,-0.44559,-0.26,75256.93,4371675005.61
09/19/2014,ProShares UltraShort 20+ Year Treasury,TBT,58.35,59.59,-2.08089,-1.24,76006.93,4435004307.15
09/18/2014,ProShares UltraShort 20+ Year Treasury,TBT,59.59,59.67,-0.13407,-0.08,76156.93,4538191399.11
09/17/2014,ProShares UltraShort 20+ Year Treasury,TBT,59.67,59.47,0.33630,0.2,76456.93,4562184953.43
09/16/2014,ProShares UltraShort 20+ Year Treasury,TBT,59.47,59.23,0.40520,0.24,76456.93,4546893567.63
09/15/2014,ProShares UltraShort 20+ Year Treasury,TBT,59.23,59.52,-0.48723,-0.29,76831.93,4550755154.67
09/12/2014,ProShares UltraShort 20+ Year Treasury,TBT,59.52,57.58,3.36923,1.94,76681.93,4564108414.08
09/11/2014,ProShares UltraShort 20+ Year Treasury,TBT,57.58,57.88,-0.51831,-0.3,77056.93,4436937971.82
09/10/2014,ProShares UltraShort 20+ Year Treasury,TBT,57.88,57.14,1.29506,0.74,76831.93,4447032050.52
09/09/2014,ProShares UltraShort 20+ Year Treasury,TBT,57.14,56.97,0.29840,0.17,76831.93,4390176423.06
09/08/2014,ProShares UltraShort 20+ Year Treasury,TBT,56.97,57.28,-0.54120,-0.31,76981.93,4385660495.13
09/05/2014,ProShares UltraShort 20+ Year Treasury,TBT,57.28,56.65,1.11209,0.63,77131.93,4418116893.12
09/04/2014,ProShares UltraShort 20+ Year Treasury,TBT,56.65,55.73,1.65082,0.92,77356.93,4382270027.85
09/03/2014,ProShares UltraShort 20+ Year Treasury,TBT,55.73,56.06,-0.58866,-0.33,76681.93,4273483903.17
09/02/2014,ProShares UltraShort 20+ Year Treasury,TBT,56.06,54.39,3.07042,1.67,76981.93,4315606939.74
08/29/2014,ProShares UltraShort 20+ Year Treasury,TBT,54.39,54.16,0.42467,0.23,77281.93,4203364118.31
08/28/2014,ProShares UltraShort 20+ Year Treasury,TBT,54.16,54.93,-1.40178,-0.77,77206.93,4181527274.64
08/27/2014,ProShares UltraShort 20+ Year Treasury,TBT,54.93,55.78,-1.52384,-0.85,76906.93,4224497609.97
08/26/2014,ProShares UltraShort 20+ Year Treasury,TBT,55.78,55.47,0.55886,0.31,76831.93,4285684999.62
08/25/2014,ProShares UltraShort 20+ Year Treasury,TBT,55.47,55.92,-0.80472,-0.45,76831.93,4261867101.63
08/22/2014,ProShares UltraShort 20+ Year Treasury,TBT,55.92,56.6,-1.20141,-0.68,76606.93,4283859469.68
08/21/2014,ProShares UltraShort 20+ Year Treasury,TBT,56.6,57.17,-0.99703,-0.57,76606.93,4335952181.4
08/20/2014,ProShares UltraShort 20+ Year Treasury,TBT,57.17,57.17,0.00000,0,76606.93,4379618130.93
08/19/2014,ProShares UltraShort 20+ Year Treasury,TBT,57.17,56.69,0.84671,0.48,76606.93,4379618130.93
08/18/2014,ProShares UltraShort 20+ Year Treasury,TBT,56.69,55.54,2.07058,1.15,76531.93,4338595055.01
08/15/2014,ProShares UltraShort 20+ Year Treasury,TBT,55.54,56.81,-2.23552,-1.27,76756.93,4263079836.66
08/14/2014,ProShares UltraShort 20+ Year Treasury,TBT,56.81,57.83,-1.76379,-1.02,76531.93,4347778886.49
08/13/2014,ProShares UltraShort 20+ Year Treasury,TBT,57.83,58.38,-0.94210,-0.55,76681.93,4434515954.07
08/12/2014,ProShares UltraShort 20+ Year Treasury,TBT,58.38,57.71,1.16098,0.67,76681.93,4476691015.02
08/11/2014,ProShares UltraShort 20+ Year Treasury,TBT,57.71,57.6,0.19097,0.11,76606.93,4420985872.59
08/08/2014,ProShares UltraShort 20+ Year Treasury,TBT,57.6,57.79,-0.32878,-0.19,76531.93,4408239110.4
08/07/2014,ProShares UltraShort 20+ Year Treasury,TBT,57.79,58.64,-1.44952,-0.85,76531.93,4422780176.91
08/06/2014,ProShares UltraShort 20+ Year Treasury,TBT,58.64,58.65,-0.01705,-0.01,76231.93,4470240316.56
08/05/2014,ProShares UltraShort 20+ Year Treasury,TBT,58.65,59,-0.59322,-0.35,75331.93,4418217635.85
08/04/2014,ProShares UltraShort 20+ Year Treasury,TBT,59,59.07,-0.11850,-0.07,75256.93,4440158811
08/01/2014,ProShares UltraShort 20+ Year Treasury,TBT,59.07,59.45,-0.63919,-0.38,75181.93,4440996546.03
07/31/2014,ProShares UltraShort 20+ Year Treasury,TBT,59.45,59.4,0.08418,0.05,74881.93,4451730679.05
07/30/2014,ProShares UltraShort 20+ Year Treasury,TBT,59.4,57.67,2.99983,1.73,74881.93,4447986582.6
07/29/2014,ProShares UltraShort 20+ Year Treasury,TBT,57.67,58.49,-1.40195,-0.82,74506.93,4296814595.43
07/28/2014,ProShares UltraShort 20+ Year Treasury,TBT,58.49,58.15,0.58469,0.34,74131.93,4335976527.21
07/25/2014,ProShares UltraShort 20+ Year Treasury,TBT,58.15,59.3,-1.93929,-1.15,73531.93,4275881671.35
07/24/2014,ProShares UltraShort 20+ Year Treasury,TBT,59.3,58.47,1.41953,0.83,73531.93,4360443389.7
07/23/2014,ProShares UltraShort 20+ Year Treasury,TBT,58.47,58.37,0.17132,0.1,73306.93,4286256138.63
07/22/2014,ProShares UltraShort 20+ Year Treasury,TBT,58.37,58.61,-0.40949,-0.24,72856.93,4252658945.73
07/21/2014,ProShares UltraShort 20+ Year Treasury,TBT,58.61,59.24,-1.06347,-0.63,72481.93,4248165858.69
07/18/2014,ProShares UltraShort 20+ Year Treasury,TBT,59.24,59.16,0.13523,0.08,71881.93,4258285473.96
07/17/2014,ProShares UltraShort 20+ Year Treasury,TBT,59.16,60.45,-2.13400,-1.29,71281.93,4217038919.64
07/16/2014,ProShares UltraShort 20+ Year Treasury,TBT,60.45,60.84,-0.64103,-0.39,70831.93,4281790108.05
07/15/2014,ProShares UltraShort 20+ Year Treasury,TBT,60.84,60.91,-0.11492,-0.07,70756.93,4304851560.36
07/14/2014,ProShares UltraShort 20+ Year Treasury,TBT,60.91,60.4,0.84437,0.51,70756.93,4309804545.39
07/11/2014,ProShares UltraShort 20+ Year Treasury,TBT,60.4,60.85,-0.73952,-0.45,70681.93,4269188511.6
07/10/2014,ProShares UltraShort 20+ Year Treasury,TBT,60.85,60.77,0.13164,0.08,70681.93,4300995379.65
07/09/2014,ProShares UltraShort 20+ Year Treasury,TBT,60.77,61.23,-0.75127,-0.46,70606.93,4290783075.33
07/08/2014,ProShares UltraShort 20+ Year Treasury,TBT,61.23,62.52,-2.06334,-1.29,70606.93,4323262262.67
07/07/2014,ProShares UltraShort 20+ Year Treasury,TBT,62.52,63.55,-1.62077,-1.03,70081.93,4381522201.08
07/03/2014,ProShares UltraShort 20+ Year Treasury,TBT,63.55,63.22,0.52199,0.33,69706.93,4429875337.95
07/02/2014,ProShares UltraShort 20+ Year Treasury,TBT,63.22,61.73,2.41374,1.49,69706.93,4406872051.38
07/01/2014,ProShares UltraShort 20+ Year Treasury,TBT,61.73,60.52,1.99934,1.21,69706.93,4303008727.17
06/30/2014,ProShares UltraShort 20+ Year Treasury,TBT,60.52,61.08,-0.91683,-0.56,69706.93,4218663343.08
06/27/2014,ProShares UltraShort 20+ Year Treasury,TBT,61.08,60.69,0.64261,0.39,69256.93,4230213223.32
06/26/2014,ProShares UltraShort 20+ Year Treasury,TBT,60.69,61.5,-1.31707,-0.81,68881.93,4180444271.01
06/25/2014,ProShares UltraShort 20+ Year Treasury,TBT,61.5,62.06,-0.90235,-0.56,68356.93,4203951133.5
06/24/2014,ProShares UltraShort 20+ Year Treasury,TBT,62.06,62.95,-1.41382,-0.89,68131.93,4228267513.74
06/23/2014,ProShares UltraShort 20+ Year Treasury,TBT,62.95,63.08,-0.20609,-0.13,67981.93,4279462430.55
06/20/2014,ProShares UltraShort 20+ Year Treasury,TBT,63.08,63.29,-0.33181,-0.21,67306.93,4245721081.32
06/19/2014,ProShares UltraShort 20+ Year Treasury,TBT,63.29,62.44,1.36131,0.85,67306.93,4259855536.41
06/18/2014,ProShares UltraShort 20+ Year Treasury,TBT,62.44,63.04,-0.95178,-0.6,67231.93,4197961646.76
06/17/2014,ProShares UltraShort 20+ Year Treasury,TBT,63.04,62.01,1.66102,1.03,67231.93,4238300804.16
06/16/2014,ProShares UltraShort 20+ Year Treasury,TBT,62.01,62.37,-0.57720,-0.36,67231.93,4169051917.29
06/13/2014,ProShares UltraShort 20+ Year Treasury,TBT,62.37,62.3,0.11236,0.07,67231.93,4193255411.73
06/12/2014,ProShares UltraShort 20+ Year Treasury,TBT,62.3,63.64,-2.10559,-1.34,67606.93,4211911676.7
06/11/2014,ProShares UltraShort 20+ Year Treasury,TBT,63.64,63.62,0.03144,0.02,67606.93,4302504961.56
06/10/2014,ProShares UltraShort 20+ Year Treasury,TBT,63.62,63.26,0.56908,0.36,67606.93,4301152822.98
06/09/2014,ProShares UltraShort 20+ Year Treasury,TBT,63.26,63.03,0.36491,0.23,67606.93,4276814328.54
06/06/2014,ProShares UltraShort 20+ Year Treasury,TBT,63.03,62.94,0.14299,0.09,67981.93,4284900984.87
06/05/2014,ProShares UltraShort 20+ Year Treasury,TBT,62.94,63.22,-0.44290,-0.28,68431.93,4307105611.26
06/04/2014,ProShares UltraShort 20+ Year Treasury,TBT,63.22,63,0.34921,0.22,69106.93,4368940051.38
06/03/2014,ProShares UltraShort 20+ Year Treasury,TBT,63,61.78,1.97475,1.22,69106.93,4353736527
06/02/2014,ProShares UltraShort 20+ Year Treasury,TBT,61.78,60.48,2.14947,1.3,69106.93,4269426073.62
05/30/2014,ProShares UltraShort 20+ Year Treasury,TBT,60.48,60.28,0.33179,0.2,69106.93,4179587065.92
05/29/2014,ProShares UltraShort 20+ Year Treasury,TBT,60.28,59.96,0.53369,0.32,69106.93,4165765680.12
05/28/2014,ProShares UltraShort 20+ Year Treasury,TBT,59.96,61.65,-2.74128,-1.69,68356.93,4098681462.84
05/27/2014,ProShares UltraShort 20+ Year Treasury,TBT,61.65,62.4,-1.20192,-0.75,66706.93,4112482172.85
05/23/2014,ProShares UltraShort 20+ Year Treasury,TBT,62.4,63.09,-1.09368,-0.69,67006.93,4181232369.6
05/22/2014,ProShares UltraShort 20+ Year Treasury,TBT,63.09,62.8,0.46178,0.29,66781.93,4213271900.61
05/21/2014,ProShares UltraShort 20+ Year Treasury,TBT,62.8,61.94,1.38844,0.86,67156.93,4217455141.2
05/20/2014,ProShares UltraShort 20+ Year Treasury,TBT,61.94,62.16,-0.35393,-0.22,67756.93,4196864182.26
05/19/2014,ProShares UltraShort 20+ Year Treasury,TBT,62.16,61.4,1.23779,0.76,67756.93,4211770706.64
05/16/2014,ProShares UltraShort 20+ Year Treasury,TBT,61.4,61.21,0.31041,0.19,67606.93,4151065440.6
05/15/2014,ProShares UltraShort 20+ Year Treasury,TBT,61.21,62.03,-1.32194,-0.82,67381.93,4124447874.09
05/14/2014,ProShares UltraShort 20+ Year Treasury,TBT,62.03,63.76,-2.71330,-1.73,66406.93,4119221805.87
05/13/2014,ProShares UltraShort 20+ Year Treasury,TBT,63.76,64.64,-1.36139,-0.88,65506.93,4176721793.04
05/12/2014,ProShares UltraShort 20+ Year Treasury,TBT,64.64,64.1,0.84243,0.54,65506.93,4234367890.56
05/09/2014,ProShares UltraShort 20+ Year Treasury,TBT,64.1,63.31,1.24783,0.79,65506.93,4198994148.9
05/08/2014,ProShares UltraShort 20+ Year Treasury,TBT,63.31,63.12,0.30101,0.19,65881.93,4170984924.99
05/07/2014,ProShares UltraShort 20+ Year Treasury,TBT,63.12,62.64,0.76628,0.48,65881.93,4158467358.48
05/06/2014,ProShares UltraShort 20+ Year Treasury,TBT,62.64,63.29,-1.02702,-0.65,65881.93,4126844032.56
05/05/2014,ProShares UltraShort 20+ Year Treasury,TBT,63.29,62.45,1.34508,0.84,66256.93,4193401036.41
05/02/2014,ProShares UltraShort 20+ Year Treasury,TBT,62.45,63.27,-1.29603,-0.82,66181.93,4133061466.05
05/01/2014,ProShares UltraShort 20+ Year Treasury,TBT,63.27,64.47,-1.86133,-1.2,65431.93,4139878147.83
04/30/2014,ProShares UltraShort 20+ Year Treasury,TBT,64.47,65.26,-1.21054,-0.79,64306.93,4145867712.63
04/29/2014,ProShares UltraShort 20+ Year Treasury,TBT,65.26,64.59,1.03731,0.67,64306.93,4196670186.54
04/28/2014,ProShares UltraShort 20+ Year Treasury,TBT,64.59,64.16,0.67020,0.43,64381.93,4158428794.11
04/25/2014,ProShares UltraShort 20+ Year Treasury,TBT,64.16,64.73,-0.88058,-0.57,64381.93,4130744564.64
04/24/2014,ProShares UltraShort 20+ Year Treasury,TBT,64.73,64.84,-0.16965,-0.11,64381.93,4167442264.17
04/23/2014,ProShares UltraShort 20+ Year Treasury,TBT,64.84,65.63,-1.20372,-0.79,64381.93,4174524276.36
04/22/2014,ProShares UltraShort 20+ Year Treasury,TBT,65.63,66.18,-0.83107,-0.55,64306.93,4220463750.27
04/21/2014,ProShares UltraShort 20+ Year Treasury,TBT,66.18,65.95,0.34875,0.23,64306.93,4255832561.22
04/17/2014,ProShares UltraShort 20+ Year Treasury,TBT,65.95,64.64,2.02661,1.31,64306.93,4241041967.55
04/16/2014,ProShares UltraShort 20+ Year Treasury,TBT,64.64,64.82,-0.27769,-0.18,64381.93,4161647890.56
04/15/2014,ProShares UltraShort 20+ Year Treasury,TBT,64.82,65.39,-0.87169,-0.57,64381.93,4173236637.78
04/14/2014,ProShares UltraShort 20+ Year Treasury,TBT,65.39,65.24,0.22992,0.15,64381.93,4209934337.31
04/11/2014,ProShares UltraShort 20+ Year Treasury,TBT,65.24,65.84,-0.91130,-0.6,64156.93,4185598047.96
04/10/2014,ProShares UltraShort 20+ Year Treasury,TBT,65.84,67.35,-2.24202,-1.51,64156.93,4224092205.36
04/09/2014,ProShares UltraShort 20+ Year Treasury,TBT,67.35,66.86,0.73287,0.49,64156.93,4320969168.15
04/08/2014,ProShares UltraShort 20+ Year Treasury,TBT,66.86,67.25,-0.57993,-0.39,64156.93,4289532272.94
04/07/2014,ProShares UltraShort 20+ Year Treasury,TBT,67.25,67.99,-1.08840,-0.74,64081.93,4309509725.25
04/04/2014,ProShares UltraShort 20+ Year Treasury,TBT,67.99,68.93,-1.36370,-0.94,64006.93,4351831102.71
04/03/2014,ProShares UltraShort 20+ Year Treasury,TBT,68.93,69.54,-0.87719,-0.61,64456.93,4443016115.97
04/02/2014,ProShares UltraShort 20+ Year Treasury,TBT,69.54,68.51,1.50343,1.03,64456.93,4482334842.66
04/01/2014,ProShares UltraShort 20+ Year Treasury,TBT,68.51,67.56,1.40616,0.95,64456.93,4415944205.79
03/31/2014,ProShares UltraShort 20+ Year Treasury,TBT,67.56,67.17,0.58062,0.39,64231.93,4339509123.24
03/28/2014,ProShares UltraShort 20+ Year Treasury,TBT,67.17,66.37,1.20536,0.8,63856.93,4289269920.93
03/27/2014,ProShares UltraShort 20+ Year Treasury,TBT,66.37,67.36,-1.46971,-0.99,63706.93,4228228877.73
03/26/2014,ProShares UltraShort 20+ Year Treasury,TBT,67.36,68.02,-0.97030,-0.66,62806.93,4230674737.44
03/25/2014,ProShares UltraShort 20+ Year Treasury,TBT,68.02,67.91,0.16198,0.11,62806.93,4272127310.58
03/24/2014,ProShares UltraShort 20+ Year Treasury,TBT,67.91,68.81,-1.30795,-0.9,62731.93,4260125298.39
03/21/2014,ProShares UltraShort 20+ Year Treasury,TBT,68.81,70.05,-1.77016,-1.24,62506.93,4301101784.49
03/20/2014,ProShares UltraShort 20+ Year Treasury,TBT,70.05,70.29,-0.34144,-0.24,62506.93,4378610376.45
03/19/2014,ProShares UltraShort 20+ Year Treasury,TBT,70.29,69.24,1.51646,1.05,62506.93,4393612039.41
03/18/2014,ProShares UltraShort 20+ Year Treasury,TBT,69.24,69.34,-0.14422,-0.1,62506.93,4327979763.96
03/17/2014,ProShares UltraShort 20+ Year Treasury,TBT,69.34,68.44,1.31502,0.9,62431.93,4329029956.86
03/14/2014,ProShares UltraShort 20+ Year Treasury,TBT,68.44,68.77,-0.47986,-0.33,62431.93,4272841220.76
03/13/2014,ProShares UltraShort 20+ Year Treasury,TBT,68.77,70.4,-2.31534,-1.63,62281.93,4283128257.33
03/12/2014,ProShares UltraShort 20+ Year Treasury,TBT,70.4,71.42,-1.42817,-1.02,62281.93,4384647801.6
03/11/2014,ProShares UltraShort 20+ Year Treasury,TBT,71.42,71.95,-0.73662,-0.53,62281.93,4448175369.18
03/10/2014,ProShares UltraShort 20+ Year Treasury,TBT,71.95,71.9,0.06954,0.05,62356.93,4486581041.55
03/07/2014,ProShares UltraShort 20+ Year Treasury,TBT,71.9,71,1.26761,0.9,63031.93,4531995695.1
03/06/2014,ProShares UltraShort 20+ Year Treasury,TBT,71,69.98,1.45756,1.02,63331.93,4496566959
03/05/2014,ProShares UltraShort 20+ Year Treasury,TBT,69.98,69.85,0.18611,0.13,63331.93,4431968391.42
03/04/2014,ProShares UltraShort 20+ Year Treasury,TBT,69.85,68,2.72059,1.85,63331.93,4423735240.65
03/03/2014,ProShares UltraShort 20+ Year Treasury,TBT,68,68.9,-1.30624,-0.9,63256.93,4301471172
02/28/2014,ProShares UltraShort 20+ Year Treasury,TBT,68.9,68.95,-0.07252,-0.05,62506.93,4306727408.1
02/27/2014,ProShares UltraShort 20+ Year Treasury,TBT,68.95,69.92,-1.38730,-0.97,62431.93,4304681504.55
02/26/2014,ProShares UltraShort 20+ Year Treasury,TBT,69.92,70.56,-0.90703,-0.64,62281.93,4354752475.68
02/25/2014,ProShares UltraShort 20+ Year Treasury,TBT,70.56,71.84,-1.78174,-1.28,62281.93,4394612910.24
02/24/2014,ProShares UltraShort 20+ Year Treasury,TBT,71.84,71.53,0.43338,0.31,62281.93,4474333779.36
02/21/2014,ProShares UltraShort 20+ Year Treasury,TBT,71.53,72.25,-0.99654,-0.72,62131.93,4444296881.37
02/20/2014,ProShares UltraShort 20+ Year Treasury,TBT,72.25,71.8,0.62674,0.45,62131.93,4489031870.25
02/19/2014,ProShares UltraShort 20+ Year Treasury,TBT,71.8,71.18,0.87103,0.62,62131.93,4461072502.2
02/18/2014,ProShares UltraShort 20+ Year Treasury,TBT,71.18,71.74,-0.78060,-0.56,62056.93,4417212206.22
02/14/2014,ProShares UltraShort 20+ Year Treasury,TBT,71.74,71.57,0.23753,0.17,62431.93,4478866586.46
02/13/2014,ProShares UltraShort 20+ Year Treasury,TBT,71.57,72.56,-1.36439,-0.99,62206.93,4452149908.53
02/12/2014,ProShares UltraShort 20+ Year Treasury,TBT,72.56,71.6,1.34078,0.96,62056.93,4502850768.24
02/11/2014,ProShares UltraShort 20+ Year Treasury,TBT,71.6,71.15,0.63247,0.45,61906.93,4432536116.4
02/10/2014,ProShares UltraShort 20+ Year Treasury,TBT,71.15,71.24,-0.12633,-0.09,61906.93,4404677998.35
02/07/2014,ProShares UltraShort 20+ Year Treasury,TBT,71.24,71.5,-0.36364,-0.26,61906.93,4410249621.96
02/06/2014,ProShares UltraShort 20+ Year Treasury,TBT,71.5,70.95,0.77519,0.55,63031.93,4506782923.5
02/05/2014,ProShares UltraShort 20+ Year Treasury,TBT,70.95,69.58,1.96896,1.37,63031.93,4472115362.55
02/04/2014,ProShares UltraShort 20+ Year Treasury,TBT,69.58,68.34,1.81446,1.24,63256.93,4401417119.82
02/03/2014,ProShares UltraShort 20+ Year Treasury,TBT,68.34,70.34,-2.84333,-2,63331.93,4328104027.86
01/31/2014,ProShares UltraShort 20+ Year Treasury,TBT,70.34,70.7,-0.50919,-0.36,63781.93,4486420885.86
01/30/2014,ProShares UltraShort 20+ Year Treasury,TBT,70.7,70.36,0.48323,0.34,63256.93,4472264880.3
01/29/2014,ProShares UltraShort 20+ Year Treasury,TBT,70.36,71.63,-1.77300,-1.27,63181.93,4445480524.44
01/28/2014,ProShares UltraShort 20+ Year Treasury,TBT,71.63,71.82,-0.26455,-0.19,62356.93,4466626824.27
01/27/2014,ProShares UltraShort 20+ Year Treasury,TBT,71.82,71.2,0.87079,0.62,62056.93,4456928640.78
01/24/2014,ProShares UltraShort 20+ Year Treasury,TBT,71.2,71.97,-1.06989,-0.77,60556.93,4311653344.8
01/23/2014,ProShares UltraShort 20+ Year Treasury,TBT,71.97,73.99,-2.73010,-2.02,60106.93,4325895680.13
01/22/2014,ProShares UltraShort 20+ Year Treasury,TBT,73.99,73.46,0.72148,0.53,59956.93,4436213176.71
01/21/2014,ProShares UltraShort 20+ Year Treasury,TBT,73.46,73.97,-0.68947,-0.51,59956.93,4404436004.34
01/17/2014,ProShares UltraShort 20+ Year Treasury,TBT,73.97,74.42,-0.60468,-0.45,58906.93,4357345538.13
01/16/2014,ProShares UltraShort 20+ Year Treasury,TBT,74.42,75.25,-1.10299,-0.83,58906.93,4383853656.18
01/15/2014,ProShares UltraShort 20+ Year Treasury,TBT,75.25,75.11,0.18639,0.14,58681.93,4415815157.25
01/14/2014,ProShares UltraShort 20+ Year Treasury,TBT,75.11,74.29,1.10378,0.82,58681.93,4407599687.19
01/13/2014,ProShares UltraShort 20+ Year Treasury,TBT,74.29,75.11,-1.09173,-0.82,58306.93,4331621755.41
01/10/2014,ProShares UltraShort 20+ Year Treasury,TBT,75.11,77.28,-2.80797,-2.17,57931.93,4351267187.19
01/09/2014,ProShares UltraShort 20+ Year Treasury,TBT,77.28,78.11,-1.06260,-0.83,57856.93,4471183473.12
01/08/2014,ProShares UltraShort 20+ Year Treasury,TBT,78.11,77.52,0.76109,0.59,57856.93,4519204724.19
01/07/2014,ProShares UltraShort 20+ Year Treasury,TBT,77.52,77.94,-0.53888,-0.42,57781.93,4479255136.08
01/06/2014,ProShares UltraShort 20+ Year Treasury,TBT,77.94,78.97,-1.30429,-1.03,57781.93,4503523546.26
01/03/2014,ProShares UltraShort 20+ Year Treasury,TBT,78.97,78.66,0.39410,0.31,58006.93,4580807183.13
01/02/2014,ProShares UltraShort 20+ Year Treasury,TBT,78.66,79.31,-0.81957,-0.65,58006.93,4562825035.14
12/31/2013,ProShares UltraShort 20+ Year Treasury,TBT,79.31,78.35,1.22527,0.96,57931.93,4594581288.99
12/30/2013,ProShares UltraShort 20+ Year Treasury,TBT,78.35,79.44,-1.37210,-1.09,57931.93,4538966637.15
12/27/2013,ProShares UltraShort 20+ Year Treasury,TBT,79.44,78.87,0.72271,0.57,57331.93,4554448439.76
12/26/2013,ProShares UltraShort 20+ Year Treasury,TBT,78.87,78.35,0.66369,0.52,57331.93,4521769240.23
12/24/2013,ProShares UltraShort 20+ Year Treasury,TBT,78.35,76.86,1.93859,1.49,57331.93,4491956637.15
12/23/2013,ProShares UltraShort 20+ Year Treasury,TBT,76.86,76.43,0.56261,0.43,57481.93,4418061062.94
12/20/2013,ProShares UltraShort 20+ Year Treasury,TBT,76.43,78.46,-2.58731,-2.03,57631.93,4404808333.47
12/19/2013,ProShares UltraShort 20+ Year Treasury,TBT,78.46,78.89,-0.54506,-0.43,57631.93,4521801149.34
12/18/2013,ProShares UltraShort 20+ Year Treasury,TBT,78.89,77.71,1.51847,1.18,57931.93,4570249878.81
12/17/2013,ProShares UltraShort 20+ Year Treasury,TBT,77.71,78.37,-0.84216,-0.66,57931.93,4501890202.59
12/16/2013,ProShares UltraShort 20+ Year Treasury,TBT,78.37,77.92,0.57752,0.45,57856.93,4534247525.73
12/13/2013,ProShares UltraShort 20+ Year Treasury,TBT,77.92,78.57,-0.82729,-0.65,57106.93,4449771907.68
12/12/2013,ProShares UltraShort 20+ Year Treasury,TBT,78.57,78.1,0.60179,0.47,57106.93,4486891411.53
12/11/2013,ProShares UltraShort 20+ Year Treasury,TBT,78.1,76.82,1.66623,1.28,56956.93,4448336154.9
12/10/2013,ProShares UltraShort 20+ Year Treasury,TBT,76.82,78.43,-2.05279,-1.61,56881.93,4369669785.78
12/09/2013,ProShares UltraShort 20+ Year Treasury,TBT,78.43,79.16,-0.92218,-0.73,56806.93,4455367441.47
12/06/2013,ProShares UltraShort 20+ Year Treasury,TBT,79.16,79.15,0.01263,0.01,56506.93,4473088499.64
12/05/2013,ProShares UltraShort 20+ Year Treasury,TBT,79.15,78.92,0.29143,0.23,56506.93,4472523430.35
12/04/2013,ProShares UltraShort 20+ Year Treasury,TBT,78.92,77.13,2.32076,1.79,56356.93,4447688836.68
12/03/2013,ProShares UltraShort 20+ Year Treasury,TBT,77.13,77.75,-0.79743,-0.62,56281.93,4341025183.77
12/02/2013,ProShares UltraShort 20+ Year Treasury,TBT,77.75,76.53,1.59415,1.22,55981.93,4352594979.75
11/29/2013,ProShares UltraShort 20+ Year Treasury,TBT,76.53,76.6,-0.09138,-0.07,55606.93,4255598276.37
11/27/2013,ProShares UltraShort 20+ Year Treasury,TBT,76.6,75.98,0.81600,0.62,55456.93,4248000761.4
11/26/2013,ProShares UltraShort 20+ Year Treasury,TBT,75.98,77.32,-1.73306,-1.34,55306.93,4202220465.42
11/25/2013,ProShares UltraShort 20+ Year Treasury,TBT,77.32,77.49,-0.21938,-0.17,54556.93,4218341750.28
11/22/2013,ProShares UltraShort 20+ Year Treasury,TBT,77.49,78.71,-1.54999,-1.22,54406.93,4215992928.21
11/21/2013,ProShares UltraShort 20+ Year Treasury,TBT,78.71,79.29,-0.73149,-0.58,54256.93,4270562881.59
11/20/2013,ProShares UltraShort 20+ Year Treasury,TBT,79.29,76.73,3.33637,2.56,54931.93,4355552650.41
11/19/2013,ProShares UltraShort 20+ Year Treasury,TBT,76.73,75.8,1.22691,0.93,54931.93,4214926912.17
11/18/2013,ProShares UltraShort 20+ Year Treasury,TBT,75.8,76.75,-1.23779,-0.95,54856.93,4158155218.2
11/15/2013,ProShares UltraShort 20+ Year Treasury,TBT,76.75,76.74,0.01303,0.01,54781.93,4204513050.75
11/14/2013,ProShares UltraShort 20+ Year Treasury,TBT,76.74,77.56,-1.05725,-0.82,55306.93,4244253731.46
11/13/2013,ProShares UltraShort 20+ Year Treasury,TBT,77.56,78.28,-0.91978,-0.72,55306.93,4289605413.24
11/12/2013,ProShares UltraShort 20+ Year Treasury,TBT,78.28,78,0.35897,0.28,55531.93,4347039402.12
11/11/2013,ProShares UltraShort 20+ Year Treasury,TBT,78,78,0.00000,0,55756.93,4349040462
11/08/2013,ProShares UltraShort 20+ Year Treasury,TBT,78,75.07,3.90302,2.93,55756.93,4349040462
11/07/2013,ProShares UltraShort 20+ Year Treasury,TBT,75.07,76.2,-1.48294,-1.13,55756.93,4185672660.03
11/06/2013,ProShares UltraShort 20+ Year Treasury,TBT,76.2,75.92,0.36881,0.28,55756.93,4248677989.8
11/05/2013,ProShares UltraShort 20+ Year Treasury,TBT,75.92,74.22,2.29049,1.7,55756.93,4233066049.68
11/04/2013,ProShares UltraShort 20+ Year Treasury,TBT,74.22,74.44,-0.29554,-0.22,55756.93,4138279270.38
11/01/2013,ProShares UltraShort 20+ Year Treasury,TBT,74.44,72.88,2.14050,1.56,56731.93,4223124794.76
10/31/2013,ProShares UltraShort 20+ Year Treasury,TBT,72.88,72.94,-0.08226,-0.06,56731.93,4134622985.52
10/30/2013,ProShares UltraShort 20+ Year Treasury,TBT,72.94,72.67,0.37154,0.27,56281.93,4105203901.26
10/29/2013,ProShares UltraShort 20+ Year Treasury,TBT,72.67,72.27,0.55348,0.4,56281.93,4090007780.43
10/28/2013,ProShares UltraShort 20+ Year Treasury,TBT,72.27,72.07,0.27751,0.2,56281.93,4067495008.83
10/25/2013,ProShares UltraShort 20+ Year Treasury,TBT,72.07,72.56,-0.67530,-0.49,55981.93,4034617623.03
10/24/2013,ProShares UltraShort 20+ Year Treasury,TBT,72.56,71.84,1.00223,0.72,55906.93,4056606768.24
10/23/2013,ProShares UltraShort 20+ Year Treasury,TBT,71.84,72.56,-0.99228,-0.72,55156.93,3962473779.36
10/22/2013,ProShares UltraShort 20+ Year Treasury,TBT,72.56,74.44,-2.52552,-1.88,55156.93,4002186768.24
10/21/2013,ProShares UltraShort 20+ Year Treasury,TBT,74.44,73.81,0.85354,0.63,54781.93,4077966794.76
10/18/2013,ProShares UltraShort 20+ Year Treasury,TBT,73.81,73.89,-0.10827,-0.08,54631.93,4032382679.49
10/17/2013,ProShares UltraShort 20+ Year Treasury,TBT,73.89,75.71,-2.40391,-1.82,54106.93,3997960983.81
10/16/2013,ProShares UltraShort 20+ Year Treasury,TBT,75.71,77.14,-1.85377,-1.43,53506.93,4051009594.59
10/15/2013,ProShares UltraShort 20+ Year Treasury,TBT,77.14,76.1,1.36662,1.04,53806.93,4150666503.06
10/14/2013,ProShares UltraShort 20+ Year Treasury,TBT,76.1,76.1,0.00000,0,53506.93,4071877296.9
10/11/2013,ProShares UltraShort 20+ Year Treasury,TBT,76.1,76.36,-0.34049,-0.26,53506.93,4071877296.9
10/10/2013,ProShares UltraShort 20+ Year Treasury,TBT,76.36,75.89,0.61932,0.47,53881.93,4114424098.44
10/09/2013,ProShares UltraShort 20+ Year Treasury,TBT,75.89,75.16,0.97126,0.73,53356.93,4049257341.81
10/08/2013,ProShares UltraShort 20+ Year Treasury,TBT,75.16,75.36,-0.26539,-0.2,53206.93,3999032783.64
10/07/2013,ProShares UltraShort 20+ Year Treasury,TBT,75.36,76.15,-1.03743,-0.79,53056.93,3998370169.44
10/04/2013,ProShares UltraShort 20+ Year Treasury,TBT,76.15,75.57,0.76750,0.58,52906.93,4028862643.35
10/03/2013,ProShares UltraShort 20+ Year Treasury,TBT,75.57,75.66,-0.11895,-0.09,52531.93,3969837874.53
10/02/2013,ProShares UltraShort 20+ Year Treasury,TBT,75.66,76.01,-0.46047,-0.35,52531.93,3974565748.14
10/01/2013,ProShares UltraShort 20+ Year Treasury,TBT,76.01,75.22,1.05025,0.79,52006.93,3953046673.29
09/30/2013,ProShares UltraShort 20+ Year Treasury,TBT,75.22,75.07,0.19981,0.15,52006.93,3911961199.38
09/27/2013,ProShares UltraShort 20+ Year Treasury,TBT,75.07,75.3,-0.30544,-0.23,51781.93,3887269410.03
09/26/2013,ProShares UltraShort 20+ Year Treasury,TBT,75.3,74.29,1.35954,1.01,51781.93,3899179253.7
09/25/2013,ProShares UltraShort 20+ Year Treasury,TBT,74.29,74.86,-0.76142,-0.57,51781.93,3846879505.41
09/24/2013,ProShares UltraShort 20+ Year Treasury,TBT,74.86,76.79,-2.51335,-1.93,51781.93,3876395204.94
09/23/2013,ProShares UltraShort 20+ Year Treasury,TBT,76.79,77.32,-0.68546,-0.53,51706.93,3970575077.91
09/20/2013,ProShares UltraShort 20+ Year Treasury,TBT,77.32,78.54,-1.55335,-1.22,51556.93,3986381750.28
09/19/2013,ProShares UltraShort 20+ Year Treasury,TBT,78.54,77.15,1.80169,1.39,52006.93,4084624203.66
09/18/2013,ProShares UltraShort 20+ Year Treasury,TBT,77.15,79.76,-3.27232,-2.61,52006.93,4012334572.35
09/17/2013,ProShares UltraShort 20+ Year Treasury,TBT,79.76,80.67,-1.12805,-0.91,52006.93,4148072657.04
09/16/2013,ProShares UltraShort 20+ Year Treasury,TBT,80.67,80.09,0.72419,0.58,51856.93,4183298462.43
09/13/2013,ProShares UltraShort 20+ Year Treasury,TBT,80.09,80.08,0.01249,0.01,51331.93,4111174193.61
09/12/2013,ProShares UltraShort 20+ Year Treasury,TBT,80.08,80.52,-0.54645,-0.44,51706.93,4140690874.32
09/11/2013,ProShares UltraShort 20+ Year Treasury,TBT,80.52,81.36,-1.03245,-0.84,51706.93,4163441923.08
09/10/2013,ProShares UltraShort 20+ Year Treasury,TBT,81.36,79.92,1.80180,1.44,52381.93,4261793743.44
09/09/2013,ProShares UltraShort 20+ Year Treasury,TBT,79.92,80.93,-1.24799,-1.01,52381.93,4186363765.68
09/06/2013,ProShares UltraShort 20+ Year Treasury,TBT,80.93,81.21,-0.34479,-0.28,52381.93,4239269513.97
09/05/2013,ProShares UltraShort 20+ Year Treasury,TBT,81.21,78.98,2.82350,2.23,52456.93,4260027204.09
09/04/2013,ProShares UltraShort 20+ Year Treasury,TBT,78.98,78.5,0.61146,0.48,52456.93,4143048252.42
09/03/2013,ProShares UltraShort 20+ Year Treasury,TBT,78.5,75.91,3.41194,2.59,52231.93,4100206426.5
08/30/2013,ProShares UltraShort 20+ Year Treasury,TBT,75.91,76.6,-0.90078,-0.69,52456.93,3982005480.39
08/29/2013,ProShares UltraShort 20+ Year Treasury,TBT,76.6,78.02,-1.82005,-1.42,52306.93,4006710761.4
08/28/2013,ProShares UltraShort 20+ Year Treasury,TBT,78.02,76.62,1.82720,1.4,52306.93,4080986600.58
08/27/2013,ProShares UltraShort 20+ Year Treasury,TBT,76.62,78.94,-2.93894,-2.32,52306.93,4007756899.98
08/26/2013,ProShares UltraShort 20+ Year Treasury,TBT,78.94,79.43,-0.61690,-0.49,52081.93,4111347475.26
08/23/2013,ProShares UltraShort 20+ Year Treasury,TBT,79.43,81.84,-2.94477,-2.41,51556.93,4095166870.47
08/22/2013,ProShares UltraShort 20+ Year Treasury,TBT,81.84,81.78,0.07337,0.06,51556.93,4219419069.36
08/21/2013,ProShares UltraShort 20+ Year Treasury,TBT,81.78,80.99,0.97543,0.79,51556.93,4216325653.62
08/20/2013,ProShares UltraShort 20+ Year Treasury,TBT,80.99,82.47,-1.79459,-1.48,51556.93,4175595679.71
08/19/2013,ProShares UltraShort 20+ Year Treasury,TBT,82.47,81.29,1.45159,1.18,51706.93,4264270434.63
08/16/2013,ProShares UltraShort 20+ Year Treasury,TBT,81.29,79.55,2.18730,1.74,51781.93,4209353008.41
08/15/2013,ProShares UltraShort 20+ Year Treasury,TBT,79.55,78.42,1.44096,1.13,52156.93,4149083701.95
08/14/2013,ProShares UltraShort 20+ Year Treasury,TBT,78.42,78.55,-0.16550,-0.13,52156.93,4090146372.18
08/13/2013,ProShares UltraShort 20+ Year Treasury,TBT,78.55,76.17,3.12459,2.38,52231.93,4102818022.95
08/12/2013,ProShares UltraShort 20+ Year Treasury,TBT,76.17,75.51,0.87406,0.66,53056.93,4041346281.93
08/09/2013,ProShares UltraShort 20+ Year Treasury,TBT,75.51,75.59,-0.10583,-0.08,52831.93,3989338958.79
08/08/2013,ProShares UltraShort 20+ Year Treasury,TBT,75.59,75.99,-0.52639,-0.4,52831.93,3993565513.11
08/07/2013,ProShares UltraShort 20+ Year Treasury,TBT,75.99,77.36,-1.77094,-1.37,52831.93,4014698284.71
08/06/2013,ProShares UltraShort 20+ Year Treasury,TBT,77.36,77.36,0.00000,0,52831.93,4087078027.44
08/05/2013,ProShares UltraShort 20+ Year Treasury,TBT,77.36,76.31,1.37597,1.05,52606.93,4069672027.44
08/02/2013,ProShares UltraShort 20+ Year Treasury,TBT,76.31,78.57,-2.87642,-2.26,52681.93,4020158001.99
08/01/2013,ProShares UltraShort 20+ Year Treasury,TBT,78.57,75.33,4.30108,3.24,52681.93,4139219161.53
07/31/2013,ProShares UltraShort 20+ Year Treasury,TBT,75.33,76.03,-0.92069,-0.7,52756.93,3974179461.57
07/30/2013,ProShares UltraShort 20+ Year Treasury,TBT,76.03,75.71,0.42267,0.32,52756.93,4011109311.87
07/29/2013,ProShares UltraShort 20+ Year Treasury,TBT,75.71,74.74,1.29783,0.97,52681.93,3988548844.59
07/26/2013,ProShares UltraShort 20+ Year Treasury,TBT,74.74,76.04,-1.70963,-1.3,52681.93,3937447373.46
07/25/2013,ProShares UltraShort 20+ Year Treasury,TBT,76.04,75.68,0.47569,0.36,52756.93,4011636881.16
07/24/2013,ProShares UltraShort 20+ Year Treasury,TBT,75.68,74.17,2.03586,1.51,52756.93,3992644386.72
07/23/2013,ProShares UltraShort 20+ Year Treasury,TBT,74.17,73.3,1.18690,0.87,52756.93,3912981423.93
07/22/2013,ProShares UltraShort 20+ Year Treasury,TBT,73.3,73.71,-0.55623,-0.41,52756.93,3867082895.7
07/19/2013,ProShares UltraShort 20+ Year Treasury,TBT,73.71,75.4,-2.24138,-1.69,52531.93,3872128486.59
07/18/2013,ProShares UltraShort 20+ Year Treasury,TBT,75.4,73.83,2.12651,1.57,52456.93,3955252446.6
07/17/2013,ProShares UltraShort 20+ Year Treasury,TBT,73.83,74.25,-0.56566,-0.42,52081.93,3845208818.07
07/16/2013,ProShares UltraShort 20+ Year Treasury,TBT,74.25,74.93,-0.90751,-0.68,51781.93,3844808228.25
07/15/2013,ProShares UltraShort 20+ Year Treasury,TBT,74.93,76,-1.40789,-1.07,51781.93,3880019939.97
07/12/2013,ProShares UltraShort 20+ Year Treasury,TBT,76,75.4,0.79576,0.6,51406.93,3906926604
07/11/2013,ProShares UltraShort 20+ Year Treasury,TBT,75.4,77.22,-2.35690,-1.82,52156.93,3932632446.6
07/10/2013,ProShares UltraShort 20+ Year Treasury,TBT,77.22,76.23,1.29870,0.99,52156.93,4027558057.38
07/09/2013,ProShares UltraShort 20+ Year Treasury,TBT,76.23,75.91,0.42155,0.32,52156.93,3975922697.67
07/08/2013,ProShares UltraShort 20+ Year Treasury,TBT,75.91,77.08,-1.51790,-1.17,51781.93,3930766230.39
07/05/2013,ProShares UltraShort 20+ Year Treasury,TBT,77.08,72.58,6.20006,4.5,51706.93,3985570087.32
07/03/2013,ProShares UltraShort 20+ Year Treasury,TBT,72.58,71.86,1.00195,0.72,51856.93,3763775906.82
07/02/2013,ProShares UltraShort 20+ Year Treasury,TBT,71.86,72.35,-0.67726,-0.49,51856.93,3726438917.94
07/01/2013,ProShares UltraShort 20+ Year Treasury,TBT,72.35,72.7,-0.48143,-0.35,51631.93,3735570063.15
06/28/2013,ProShares UltraShort 20+ Year Treasury,TBT,72.7,73.78,-1.46381,-1.08,51556.93,3748188738.3
06/27/2013,ProShares UltraShort 20+ Year Treasury,TBT,73.78,74.67,-1.19191,-0.89,52156.93,3848138221.62
06/26/2013,ProShares UltraShort 20+ Year Treasury,TBT,74.67,75.79,-1.47777,-1.12,53056.93,3961760888.43
06/25/2013,ProShares UltraShort 20+ Year Treasury,TBT,75.79,74.39,1.88197,1.4,53131.93,4026868898.91
06/24/2013,ProShares UltraShort 20+ Year Treasury,TBT,74.39,74.68,-0.38832,-0.29,54106.93,4025014449.0539
06/21/2013,ProShares UltraShort 20+ Year Treasury,TBT,74.68,73.31,1.86878,1.37,54106.93,4040705457.72
06/20/2013,ProShares UltraShort 20+ Year Treasury,TBT,73.31,70.83,3.50134,2.48,54856.93,4021561464.99
06/19/2013,ProShares UltraShort 20+ Year Treasury,TBT,70.83,68.94,2.74151,1.89,56356.93,3991761281.07
06/18/2013,ProShares UltraShort 20+ Year Treasury,TBT,68.94,69.17,-0.33251,-0.23,56356.93,3885246685.26
06/17/2013,ProShares UltraShort 20+ Year Treasury,TBT,69.17,67.91,1.85540,1.26,56356.93,3898208778.93
06/14/2013,ProShares UltraShort 20+ Year Treasury,TBT,67.91,68.79,-1.27926,-0.88,56356.93,3827199048.39
06/13/2013,ProShares UltraShort 20+ Year Treasury,TBT,68.79,70.11,-1.88276,-1.32,56956.93,3918067145.91
06/12/2013,ProShares UltraShort 20+ Year Treasury,TBT,70.11,69.07,1.50572,1.04,57406.93,4024799792.19
06/11/2013,ProShares UltraShort 20+ Year Treasury,TBT,69.07,69.93,-1.22980,-0.86,57406.93,3965096586.03
06/10/2013,ProShares UltraShort 20+ Year Treasury,TBT,69.93,68.86,1.55388,1.07,57406.93,4014466544.97
06/07/2013,ProShares UltraShort 20+ Year Treasury,TBT,68.86,66.62,3.36235,2.24,57406.93,3953041130.94
06/06/2013,ProShares UltraShort 20+ Year Treasury,TBT,66.62,67.32,-1.03981,-0.7,57631.93,3839439109.98
06/05/2013,ProShares UltraShort 20+ Year Treasury,TBT,67.32,68.33,-1.47812,-1.01,58006.93,3905026460.28
06/04/2013,ProShares UltraShort 20+ Year Treasury,TBT,68.33,67.69,0.94549,0.64,57706.93,3943114458.57
06/03/2013,ProShares UltraShort 20+ Year Treasury,TBT,67.69,68.37,-0.99459,-0.68,57331.93,3880798274.01
05/31/2013,ProShares UltraShort 20+ Year Treasury,TBT,68.37,67.94,0.63291,0.43,56506.93,3863378735.73
05/30/2013,ProShares UltraShort 20+ Year Treasury,TBT,67.94,67.57,0.54758,0.37,56581.93,3844176256.26
05/29/2013,ProShares UltraShort 20+ Year Treasury,TBT,67.57,68.01,-0.64696,-0.44,56431.93,3813105442.53
05/28/2013,ProShares UltraShort 20+ Year Treasury,TBT,68.01,65.41,3.97493,2.6,55906.93,3802230241.29
05/24/2013,ProShares UltraShort 20+ Year Treasury,TBT,65.41,65.96,-0.83384,-0.55,55906.93,3656872225.89
05/23/2013,ProShares UltraShort 20+ Year Treasury,TBT,65.96,66.26,-0.45276,-0.3,56281.93,3712356036.84
05/22/2013,ProShares UltraShort 20+ Year Treasury,TBT,66.26,64.86,2.15850,1.4,55981.93,3709362615.54
05/21/2013,ProShares UltraShort 20+ Year Treasury,TBT,64.86,65.46,-0.91659,-0.6,55681.93,3611529914.94
05/20/2013,ProShares UltraShort 20+ Year Treasury,TBT,65.46,65.28,0.27574,0.18,55456.93,3630210572.34
05/17/2013,ProShares UltraShort 20+ Year Treasury,TBT,65.28,63.46,2.86795,1.82,55081.93,3595748325.12
05/16/2013,ProShares UltraShort 20+ Year Treasury,TBT,63.46,65.18,-2.63885,-1.72,55081.93,3495499214.34
05/15/2013,ProShares UltraShort 20+ Year Treasury,TBT,65.18,65.33,-0.22960,-0.15,54931.93,3580463132.22
05/14/2013,ProShares UltraShort 20+ Year Treasury,TBT,65.33,64.54,1.22405,0.79,55006.93,3593602671.57
05/13/2013,ProShares UltraShort 20+ Year Treasury,TBT,64.54,64.01,0.82800,0.53,54931.93,3545306697.66
05/10/2013,ProShares UltraShort 20+ Year Treasury,TBT,64.01,62.08,3.10889,1.93,55606.93,3559399525.29
05/09/2013,ProShares UltraShort 20+ Year Treasury,TBT,62.08,61.65,0.69749,0.43,56206.93,3489326152.32
05/08/2013,ProShares UltraShort 20+ Year Treasury,TBT,61.65,62.23,-0.93203,-0.58,56131.93,3460533422.85
05/07/2013,ProShares UltraShort 20+ Year Treasury,TBT,62.23,61.9,0.53312,0.33,56131.93,3493089941.67
05/06/2013,ProShares UltraShort 20+ Year Treasury,TBT,61.9,61.3,0.97879,0.6,56206.93,3479208905.1
05/03/2013,ProShares UltraShort 20+ Year Treasury,TBT,61.3,58.6,4.60751,2.7,56206.93,3445484747.7
05/02/2013,ProShares UltraShort 20+ Year Treasury,TBT,58.6,58.82,-0.37402,-0.22,56431.93,3306911039.4
05/01/2013,ProShares UltraShort 20+ Year Treasury,TBT,58.82,59.85,-1.72097,-1.03,56431.93,3319326063.78
04/30/2013,ProShares UltraShort 20+ Year Treasury,TBT,59.85,59.59,0.43631,0.26,56056.93,3355007200.65
04/29/2013,ProShares UltraShort 20+ Year Treasury,TBT,59.59,59.26,0.55687,0.33,56356.93,3358309399.11
04/26/2013,ProShares UltraShort 20+ Year Treasury,TBT,59.26,60.4,-1.88742,-1.14,55906.93,3313044612.54
04/25/2013,ProShares UltraShort 20+ Year Treasury,TBT,60.4,60,0.66667,0.4,56131.93,3390368511.6
04/24/2013,ProShares UltraShort 20+ Year Treasury,TBT,60,60.06,-0.09990,-0.06,55831.93,3349915740
04/23/2013,ProShares UltraShort 20+ Year Treasury,TBT,60.06,59.89,0.28385,0.17,55831.93,3353265655.74
04/22/2013,ProShares UltraShort 20+ Year Treasury,TBT,59.89,59.97,-0.13340,-0.08,55831.93,3343774227.81
04/19/2013,ProShares UltraShort 20+ Year Treasury,TBT,59.97,59.61,0.60393,0.36,55681.93,3339245282.13
04/18/2013,ProShares UltraShort 20+ Year Treasury,TBT,59.61,60.1,-0.81531,-0.49,55531.93,3310258287.69
04/17/2013,ProShares UltraShort 20+ Year Treasury,TBT,60.1,60.53,-0.71039,-0.43,55531.93,3337468932.9
04/16/2013,ProShares UltraShort 20+ Year Treasury,TBT,60.53,60.04,0.81612,0.49,55231.93,3343188662.37
04/15/2013,ProShares UltraShort 20+ Year Treasury,TBT,60.04,60.88,-1.37976,-0.84,54406.93,3266592017.16
04/12/2013,ProShares UltraShort 20+ Year Treasury,TBT,60.88,62.68,-2.87173,-1.8,54256.93,3303161837.52
04/11/2013,ProShares UltraShort 20+ Year Treasury,TBT,62.68,62.89,-0.33392,-0.21,54706.93,3429030309.72
04/10/2013,ProShares UltraShort 20+ Year Treasury,TBT,62.89,61.33,2.54362,1.56,54781.93,3445235514.81
04/09/2013,ProShares UltraShort 20+ Year Treasury,TBT,61.33,60.73,0.98798,0.6,54781.93,3359775705.57
04/08/2013,ProShares UltraShort 20+ Year Treasury,TBT,60.73,59.9,1.38564,0.83,54331.93,3299578048.17
04/05/2013,ProShares UltraShort 20+ Year Treasury,TBT,59.9,62.63,-4.35893,-2.73,52756.93,3160140047.1
04/04/2013,ProShares UltraShort 20+ Year Treasury,TBT,62.63,64.27,-2.55173,-1.64,50281.93,3149157213.27
04/03/2013,ProShares UltraShort 20+ Year Treasury,TBT,64.27,65.37,-1.68273,-1.1,50056.93,3217158826.83
04/02/2013,ProShares UltraShort 20+ Year Treasury,TBT,65.37,64.95,0.64665,0.42,49981.93,3267318698.73
04/01/2013,ProShares UltraShort 20+ Year Treasury,TBT,64.95,65.71,-1.15660,-0.76,50056.93,3251197538.55
03/28/2013,ProShares UltraShort 20+ Year Treasury,TBT,65.71,65.23,0.73586,0.48,47356.93,3111823804.59
03/27/2013,ProShares UltraShort 20+ Year Treasury,TBT,65.23,66.09,-1.30126,-0.86,52231.93,3407088728.67
03/26/2013,ProShares UltraShort 20+ Year Treasury,TBT,66.09,66.36,-0.40687,-0.27,49381.93,3263651687.61
03/25/2013,ProShares UltraShort 20+ Year Treasury,TBT,66.36,66.25,0.16604,0.11,49081.93,3257076808.44
03/22/2013,ProShares UltraShort 20+ Year Treasury,TBT,66.25,66.69,-0.65977,-0.44,49081.93,3251677796.25
03/21/2013,ProShares UltraShort 20+ Year Treasury,TBT,66.69,67.17,-0.71460,-0.48,49156.93,3278275595.01
03/20/2013,ProShares UltraShort 20+ Year Treasury,TBT,67.17,66.26,1.37338,0.91,48931.93,3286757670.93
03/19/2013,ProShares UltraShort 20+ Year Treasury,TBT,66.26,67.54,-1.89517,-1.28,49231.93,3262107615.54
03/18/2013,ProShares UltraShort 20+ Year Treasury,TBT,67.54,68.56,-1.48775,-1.02,48556.93,3279534984.66
03/15/2013,ProShares UltraShort 20+ Year Treasury,TBT,68.56,69.02,-0.66647,-0.46,48256.93,3308495052.24
03/14/2013,ProShares UltraShort 20+ Year Treasury,TBT,69.02,68.42,0.87694,0.6,48481.93,3346222739.58
03/13/2013,ProShares UltraShort 20+ Year Treasury,TBT,68.42,68.44,-0.02922,-0.02,48481.93,3317133582.18
03/12/2013,ProShares UltraShort 20+ Year Treasury,TBT,68.44,69.35,-1.31218,-0.91,48781.93,3338635220.76
03/11/2013,ProShares UltraShort 20+ Year Treasury,TBT,69.35,69.37,-0.02883,-0.02,48781.93,3383026776.15
03/08/2013,ProShares UltraShort 20+ Year Treasury,TBT,69.37,68.06,1.92477,1.31,48931.93,3394407914.73
03/07/2013,ProShares UltraShort 20+ Year Treasury,TBT,68.06,66.9,1.73393,1.16,49906.93,3396665587.74
03/06/2013,ProShares UltraShort 20+ Year Treasury,TBT,66.9,65.85,1.59453,1.05,50356.93,3368878550.1
03/05/2013,ProShares UltraShort 20+ Year Treasury,TBT,65.85,65.44,0.62653,0.41,50356.93,3316003774.65
03/04/2013,ProShares UltraShort 20+ Year Treasury,TBT,65.44,64.94,0.76994,0.5,49531.93,3241369433.76
03/01/2013,ProShares UltraShort 20+ Year Treasury,TBT,64.94,65.61,-1.02119,-0.67,49456.93,3211732969.26
02/28/2013,ProShares UltraShort 20+ Year Treasury,TBT,65.61,65.84,-0.34933,-0.23,49606.93,3254710611.69
02/27/2013,ProShares UltraShort 20+ Year Treasury,TBT,65.84,65.18,1.01258,0.66,49606.93,3266120205.36
02/26/2013,ProShares UltraShort 20+ Year Treasury,TBT,65.18,65.55,-0.56445,-0.37,49531.93,3228491132.22
02/25/2013,ProShares UltraShort 20+ Year Treasury,TBT,65.55,67.12,-2.33909,-1.57,49306.93,3232069195.95
02/22/2013,ProShares UltraShort 20+ Year Treasury,TBT,67.12,67.39,-0.40065,-0.27,49006.93,3289345074.48
02/21/2013,ProShares UltraShort 20+ Year Treasury,TBT,67.39,68.42,-1.50541,-1.03,49306.93,3322793945.31
02/20/2013,ProShares UltraShort 20+ Year Treasury,TBT,68.42,68.38,0.05850,0.04,49381.93,3378711582.18
02/19/2013,ProShares UltraShort 20+ Year Treasury,TBT,68.38,67.83,0.81085,0.55,49456.93,3381864805.02
02/15/2013,ProShares UltraShort 20+ Year Treasury,TBT,67.83,67.53,0.44425,0.3,48031.93,3258005744.07
02/14/2013,ProShares UltraShort 20+ Year Treasury,TBT,67.53,68.63,-1.60280,-1.1,53281.93,3598128665.37
02/13/2013,ProShares UltraShort 20+ Year Treasury,TBT,68.63,67.92,1.04535,0.71,51031.93,3502321287.27
02/12/2013,ProShares UltraShort 20+ Year Treasury,TBT,67.92,66.94,1.46400,0.98,49381.93,3354020617.68
02/11/2013,ProShares UltraShort 20+ Year Treasury,TBT,66.94,67.41,-0.69723,-0.47,49006.93,3280523827.26
02/08/2013,ProShares UltraShort 20+ Year Treasury,TBT,67.41,67.26,0.22302,0.15,49006.93,3303557083.89
02/07/2013,ProShares UltraShort 20+ Year Treasury,TBT,67.26,67.7,-0.64993,-0.44,49456.93,3326473044.54
02/06/2013,ProShares UltraShort 20+ Year Treasury,TBT,67.7,68.62,-1.34072,-0.92,49606.93,3358389093.3
02/05/2013,ProShares UltraShort 20+ Year Treasury,TBT,68.62,67.63,1.46385,0.99,48856.93,3352562467.98
02/04/2013,ProShares UltraShort 20+ Year Treasury,TBT,67.63,68.49,-1.25566,-0.86,49381.93,3339699858.27
02/01/2013,ProShares UltraShort 20+ Year Treasury,TBT,68.49,67.53,1.42159,0.96,48181.93,3299980317.21
01/31/2013,ProShares UltraShort 20+ Year Treasury,TBT,67.53,68.2,-0.98240,-0.67,48706.93,3289178915.37
01/30/2013,ProShares UltraShort 20+ Year Treasury,TBT,68.2,67.55,0.96225,0.65,48781.93,3326927557.8
01/29/2013,ProShares UltraShort 20+ Year Treasury,TBT,67.55,67.11,0.65564,0.44,48781.93,3295219303.95
01/28/2013,ProShares UltraShort 20+ Year Treasury,TBT,67.11,66.78,0.49416,0.33,48256.93,3238522505.19
01/25/2013,ProShares UltraShort 20+ Year Treasury,TBT,66.78,64.61,3.35861,2.17,48106.93,3212580718.62
01/24/2013,ProShares UltraShort 20+ Year Treasury,TBT,64.61,64.4,0.32609,0.21,48256.93,3117880182.69
01/23/2013,ProShares UltraShort 20+ Year Treasury,TBT,64.4,64.27,0.20227,0.13,46006.93,2962846227.6
01/22/2013,ProShares UltraShort 20+ Year Treasury,TBT,64.27,64.6,-0.51084,-0.33,45631.93,2932764076.83
01/18/2013,ProShares UltraShort 20+ Year Treasury,TBT,64.6,65.42,-1.25344,-0.82,44656.93,2884837613.4
01/17/2013,ProShares UltraShort 20+ Year Treasury,TBT,65.42,64.31,1.72601,1.11,47656.93,3117716295.18
01/16/2013,ProShares UltraShort 20+ Year Treasury,TBT,64.31,64.26,0.07781,0.05,46081.93,2963528853.99
01/15/2013,ProShares UltraShort 20+ Year Treasury,TBT,64.26,64.89,-0.97087,-0.63,45256.93,2908210257.54
01/14/2013,ProShares UltraShort 20+ Year Treasury,TBT,64.89,65.16,-0.41436,-0.27,44806.93,2907521622.81
01/11/2013,ProShares UltraShort 20+ Year Treasury,TBT,65.16,65.78,-0.94254,-0.62,44806.93,2919619493.64
01/10/2013,ProShares UltraShort 20+ Year Treasury,TBT,65.78,65.15,0.96700,0.63,44806.93,2947399789.62
01/09/2013,ProShares UltraShort 20+ Year Treasury,TBT,65.15,65.59,-0.67083,-0.44,44731.93,2914285174.35
01/08/2013,ProShares UltraShort 20+ Year Treasury,TBT,65.59,66.23,-0.96633,-0.64,45031.93,2953644223.11
01/07/2013,ProShares UltraShort 20+ Year Treasury,TBT,66.23,66.6,-0.55556,-0.37,44956.93,2977497407.67
01/04/2013,ProShares UltraShort 20+ Year Treasury,TBT,66.6,66.51,0.13532,0.09,45181.93,3009116471.4
01/03/2013,ProShares UltraShort 20+ Year Treasury,TBT,66.51,65.09,2.18159,1.42,45331.93,3015026597.79
01/02/2013,ProShares UltraShort 20+ Year Treasury,TBT,65.09,62.67,3.86150,2.42,46306.93,3014118008.61
12/31/2012,ProShares UltraShort 20+ Year Treasury,TBT,62.67,61.52,1.86931,1.15,46306.93,2902055240.43
12/28/2012,ProShares UltraShort 20+ Year Treasury,TBT,61.52,61.59,-0.11365,-0.07,46306.93,2848802272.08
12/27/2012,ProShares UltraShort 20+ Year Treasury,TBT,61.59,62.76,-1.86424,-1.17,46306.93,2852043757.11
12/26/2012,ProShares UltraShort 20+ Year Treasury,TBT,62.76,62.86,-0.15908,-0.1,45556.93,2859152864.04
12/24/2012,ProShares UltraShort 20+ Year Treasury,TBT,62.86,62.55,0.49560,0.31,45406.93,2854279556.94
12/21/2012,ProShares UltraShort 20+ Year Treasury,TBT,62.55,64.01,-2.28089,-1.46,45556.93,2849585908.95
12/20/2012,ProShares UltraShort 20+ Year Treasury,TBT,64.01,63.94,0.10948,0.07,46006.93,2944903525.29
12/19/2012,ProShares UltraShort 20+ Year Treasury,TBT,63.94,64.77,-1.28146,-0.83,46006.93,2941683040.26
12/18/2012,ProShares UltraShort 20+ Year Treasury,TBT,64.77,62.95,2.89118,1.82,46081.93,2984726541.33
12/17/2012,ProShares UltraShort 20+ Year Treasury,TBT,62.95,61.67,2.07556,1.28,46456.93,2924463680.55
12/14/2012,ProShares UltraShort 20+ Year Treasury,TBT,61.67,62.38,-1.13819,-0.71,46606.93,2874249311.43
12/13/2012,ProShares UltraShort 20+ Year Treasury,TBT,62.38,62.25,0.20884,0.13,47581.93,2968160731.02
12/12/2012,ProShares UltraShort 20+ Year Treasury,TBT,62.25,60.96,2.11614,1.29,48481.93,3018000080.25
12/11/2012,ProShares UltraShort 20+ Year Treasury,TBT,60.96,60.25,1.17842,0.71,48706.93,2969174391.84
12/10/2012,ProShares UltraShort 20+ Year Treasury,TBT,60.25,60.5,-0.41322,-0.25,48781.93,2939111222.25
12/07/2012,ProShares UltraShort 20+ Year Treasury,TBT,60.5,59.49,1.69776,1.01,48706.93,2946769204.5
12/06/2012,ProShares UltraShort 20+ Year Treasury,TBT,59.49,59.79,-0.50176,-0.3,48631.93,2893113456.21
12/05/2012,ProShares UltraShort 20+ Year Treasury,TBT,59.79,59.85,-0.10025,-0.06,48556.93,2903218784.91
12/04/2012,ProShares UltraShort 20+ Year Treasury,TBT,59.85,60.45,-0.99256,-0.6,48406.93,2897154700.65
12/03/2012,ProShares UltraShort 20+ Year Treasury,TBT,60.45,60.26,0.31530,0.19,48181.93,2912597608.05
11/30/2012,ProShares UltraShort 20+ Year Treasury,TBT,60.26,60.29,-0.04976,-0.03,48106.93,2898923541.54
11/29/2012,ProShares UltraShort 20+ Year Treasury,TBT,60.29,59.94,0.58392,0.35,48181.93,2904888499.41
11/28/2012,ProShares UltraShort 20+ Year Treasury,TBT,59.94,60.22,-0.46496,-0.28,48256.93,2892520324.26
11/27/2012,ProShares UltraShort 20+ Year Treasury,TBT,60.22,60.45,-0.38048,-0.23,48256.93,2906032264.38
11/26/2012,ProShares UltraShort 20+ Year Treasury,TBT,60.45,61.21,-1.24163,-0.76,48256.93,2917131358.05
11/23/2012,ProShares UltraShort 20+ Year Treasury,TBT,61.21,61.15,0.09812,0.06,48181.93,2949215874.09
11/21/2012,ProShares UltraShort 20+ Year Treasury,TBT,61.15,60.72,0.70817,0.43,48181.93,2946324958.35
11/20/2012,ProShares UltraShort 20+ Year Treasury,TBT,60.72,59.75,1.62343,0.97,48331.93,2934714728.88
11/19/2012,ProShares UltraShort 20+ Year Treasury,TBT,59.75,58.93,1.39148,0.82,48181.93,2878870257.75
11/16/2012,ProShares UltraShort 20+ Year Treasury,TBT,58.93,59,-0.11864,-0.07,48106.93,2834941325.97
11/15/2012,ProShares UltraShort 20+ Year Treasury,TBT,59,59.07,-0.11850,-0.07,48031.93,2833883811
11/14/2012,ProShares UltraShort 20+ Year Treasury,TBT,59.07,58.96,0.18657,0.11,47956.93,2832815796.03
11/13/2012,ProShares UltraShort 20+ Year Treasury,TBT,58.96,59.65,-1.15675,-0.69,47956.93,2827540533.84
11/12/2012,ProShares UltraShort 20+ Year Treasury,TBT,59.65,59.65,0.00000,0,47056.93,2806945814.85
11/09/2012,ProShares UltraShort 20+ Year Treasury,TBT,59.65,60.11,-0.76526,-0.46,47056.93,2806945814.85
11/08/2012,ProShares UltraShort 20+ Year Treasury,TBT,60.11,61.3,-1.94127,-1.19,48106.93,2891707502.19
11/07/2012,ProShares UltraShort 20+ Year Treasury,TBT,61.3,63.56,-3.55570,-2.26,47656.93,2921369747.7
11/06/2012,ProShares UltraShort 20+ Year Treasury,TBT,63.56,62.52,1.66347,1.04,47431.93,3014773407.24
11/05/2012,ProShares UltraShort 20+ Year Treasury,TBT,62.52,63.64,-1.75990,-1.12,47356.93,2960755201.08
11/02/2012,ProShares UltraShort 20+ Year Treasury,TBT,63.64,63.17,0.74402,0.47,47206.93,3004248961.56
11/01/2012,ProShares UltraShort 20+ Year Treasury,TBT,63.17,62.15,1.64119,1.02,47206.93,2982061704.93
10/31/2012,ProShares UltraShort 20+ Year Treasury,TBT,62.15,63.77,-2.54038,-1.62,47131.93,2929249387.35
10/26/2012,ProShares UltraShort 20+ Year Treasury,TBT,63.77,65.28,-2.31311,-1.51,47131.93,3005603112.33
10/25/2012,ProShares UltraShort 20+ Year Treasury,TBT,65.28,64.12,1.80911,1.16,47281.93,3086564325.12
10/24/2012,ProShares UltraShort 20+ Year Treasury,TBT,64.12,63.75,0.58039,0.37,47131.93,3022099287.48
10/23/2012,ProShares UltraShort 20+ Year Treasury,TBT,63.75,64.53,-1.20874,-0.78,47131.93,3004660473.75
10/22/2012,ProShares UltraShort 20+ Year Treasury,TBT,64.53,64.35,0.27972,0.18,46606.93,3007545128.37
10/19/2012,ProShares UltraShort 20+ Year Treasury,TBT,64.35,66.02,-2.52954,-1.67,46906.93,3018460881.15
10/18/2012,ProShares UltraShort 20+ Year Treasury,TBT,66.02,65.56,0.70165,0.46,47806.93,3156213452.58
10/17/2012,ProShares UltraShort 20+ Year Treasury,TBT,65.56,63.87,2.64600,1.69,47806.93,3134222265.24
10/16/2012,ProShares UltraShort 20+ Year Treasury,TBT,63.87,62.31,2.50361,1.56,47806.93,3053428555.23
10/15/2012,ProShares UltraShort 20+ Year Treasury,TBT,62.31,62.12,0.30586,0.19,47806.93,2978849745.99
10/12/2012,ProShares UltraShort 20+ Year Treasury,TBT,62.12,62.58,-0.73506,-0.46,47812.5,2970112500
10/11/2012,ProShares UltraShort 20+ Year Treasury,TBT,62.58,63.48,-1.41777,-0.9,48337.5,3024960750
10/10/2012,ProShares UltraShort 20+ Year Treasury,TBT,63.48,64.43,-1.47447,-0.95,48337.5,3068464500
10/09/2012,ProShares UltraShort 20+ Year Treasury,TBT,64.43,65.26,-1.27184,-0.83,48337.5,3114385125
10/08/2012,ProShares UltraShort 20+ Year Treasury,TBT,65.26,65.26,0.00000,0,46687.5,3046826250
10/05/2012,ProShares UltraShort 20+ Year Treasury,TBT,65.26,63.4,2.93375,1.86,46687.5,3046826250
10/04/2012,ProShares UltraShort 20+ Year Treasury,TBT,63.4,62.16,1.99485,1.24,49237.5,3121657500
10/03/2012,ProShares UltraShort 20+ Year Treasury,TBT,62.16,61.8,0.58252,0.36,48787.5,3032631000
10/02/2012,ProShares UltraShort 20+ Year Treasury,TBT,61.8,62.12,-0.51513,-0.32,48525,2998845000
10/01/2012,ProShares UltraShort 20+ Year Treasury,TBT,62.12,62.36,-0.38486,-0.24,48525,3014373000
09/28/2012,ProShares UltraShort 20+ Year Treasury,TBT,62.36,62.28,0.12845,0.08,48018.75,2994449250
09/27/2012,ProShares UltraShort 20+ Year Treasury,TBT,62.28,61.56,1.16959,0.72,48000,2989440000
09/26/2012,ProShares UltraShort 20+ Year Treasury,TBT,61.56,63.16,-2.53325,-1.6,48000,2954880000
09/25/2012,ProShares UltraShort 20+ Year Treasury,TBT,63.16,64.2,-1.61994,-1.04,47831.25,3021021750
09/24/2012,ProShares UltraShort 20+ Year Treasury,TBT,64.2,65.4,-1.83486,-1.2,47043.75,3020208750
09/21/2012,ProShares UltraShort 20+ Year Treasury,TBT,65.4,65.36,0.06120,0.04,46931.25,3069303750
09/20/2012,ProShares UltraShort 20+ Year Treasury,TBT,65.36,65.84,-0.72904,-0.48,46950,3068652000
09/19/2012,ProShares UltraShort 20+ Year Treasury,TBT,65.84,66.72,-1.31894,-0.88,46950,3091188000
09/18/2012,ProShares UltraShort 20+ Year Treasury,TBT,66.72,67.24,-0.77335,-0.52,46950,3132504000
09/17/2012,ProShares UltraShort 20+ Year Treasury,TBT,67.24,68.6,-1.98251,-1.36,46856.25,3150614250
09/14/2012,ProShares UltraShort 20+ Year Treasury,TBT,68.6,65.76,4.31873,2.84,46762.5,3207907500
09/13/2012,ProShares UltraShort 20+ Year Treasury,TBT,65.76,65,1.16923,0.76,47737.5,3139218000
09/12/2012,ProShares UltraShort 20+ Year Treasury,TBT,65,63.2,2.84810,1.8,47756.25,3104156250
09/11/2012,ProShares UltraShort 20+ Year Treasury,TBT,63.2,63.12,0.12674,0.08,48056.25,3037155000
09/10/2012,ProShares UltraShort 20+ Year Treasury,TBT,63.12,62.8,0.50955,0.32,48056.25,3033310500
09/07/2012,ProShares UltraShort 20+ Year Treasury,TBT,62.8,62.24,0.89974,0.56,47868.75,3006157500
09/06/2012,ProShares UltraShort 20+ Year Treasury,TBT,62.24,60.24,3.32005,2,47606.25,2963013000
09/05/2012,ProShares UltraShort 20+ Year Treasury,TBT,60.24,59.88,0.60120,0.36,47437.5,2857635000
09/04/2012,ProShares UltraShort 20+ Year Treasury,TBT,59.88,59.88,0.00000,0,46837.5,2804629500
08/31/2012,ProShares UltraShort 20+ Year Treasury,TBT,59.88,61.04,-1.90039,-1.16,46556.25,2787788250
08/30/2012,ProShares UltraShort 20+ Year Treasury,TBT,61.04,61.76,-1.16580,-0.72,48318.75,2949376500
08/29/2012,ProShares UltraShort 20+ Year Treasury,TBT,61.76,61.28,0.78329,0.48,47381.25,2926266000
08/28/2012,ProShares UltraShort 20+ Year Treasury,TBT,61.28,61.56,-0.45484,-0.28,47343.75,2901225000
08/27/2012,ProShares UltraShort 20+ Year Treasury,TBT,61.56,62.4,-1.34615,-0.84,47062.5,2897167500
08/24/2012,ProShares UltraShort 20+ Year Treasury,TBT,62.4,62.16,0.38610,0.24,47212.5,2946060000
08/23/2012,ProShares UltraShort 20+ Year Treasury,TBT,62.16,63.2,-1.64557,-1.04,47718.75,2966197500
08/22/2012,ProShares UltraShort 20+ Year Treasury,TBT,63.2,65.2,-3.06748,-2,48112.5,3040710000
08/21/2012,ProShares UltraShort 20+ Year Treasury,TBT,65.2,65.56,-0.54912,-0.36,48468.75,3160162500
08/20/2012,ProShares UltraShort 20+ Year Treasury,TBT,65.56,65.8,-0.36474,-0.24,48525,3181299000
08/17/2012,ProShares UltraShort 20+ Year Treasury,TBT,65.8,66.4,-0.90361,-0.6,48731.25,3206516250
08/16/2012,ProShares UltraShort 20+ Year Treasury,TBT,66.4,65.4,1.52905,1,49200,3266880000
08/15/2012,ProShares UltraShort 20+ Year Treasury,TBT,65.4,63.44,3.08953,1.96,49575,3242205000
08/14/2012,ProShares UltraShort 20+ Year Treasury,TBT,63.44,61.56,3.05393,1.88,49687.5,3152175000
08/13/2012,ProShares UltraShort 20+ Year Treasury,TBT,61.56,61.52,0.06502,0.04,49725,3061071000
08/10/2012,ProShares UltraShort 20+ Year Treasury,TBT,61.52,62.24,-1.15681,-0.72,49762.5,3061389000
08/09/2012,ProShares UltraShort 20+ Year Treasury,TBT,62.24,62.08,0.25773,0.16,50231.25,3126393000
08/08/2012,ProShares UltraShort 20+ Year Treasury,TBT,62.08,61.56,0.84470,0.52,50268.75,3120684000
08/07/2012,ProShares UltraShort 20+ Year Treasury,TBT,61.56,60,2.60000,1.56,50400,3102624000
08/06/2012,ProShares UltraShort 20+ Year Treasury,TBT,60,60.4,-0.66225,-0.4,50662.5,3039750000
08/03/2012,ProShares UltraShort 20+ Year Treasury,TBT,60.4,58.04,4.06616,2.36,50681.25,3061147500
08/02/2012,ProShares UltraShort 20+ Year Treasury,TBT,58.04,59.48,-2.42098,-1.44,50793.75,2948069250
08/01/2012,ProShares UltraShort 20+ Year Treasury,TBT,59.48,58.72,1.29428,0.76,50887.5,3026788500
07/31/2012,ProShares UltraShort 20+ Year Treasury,TBT,58.72,58.8,-0.13605,-0.08,50831.25,2984811000
07/30/2012,ProShares UltraShort 20+ Year Treasury,TBT,58.8,60.24,-2.39044,-1.44,50831.25,2988877500
07/27/2012,ProShares UltraShort 20+ Year Treasury,TBT,60.24,57.12,5.46218,3.12,50831.25,3062074500
07/26/2012,ProShares UltraShort 20+ Year Treasury,TBT,57.12,56.68,0.77629,0.44,51206.25,2924901000
07/25/2012,ProShares UltraShort 20+ Year Treasury,TBT,56.68,56.72,-0.07052,-0.04,51206.25,2902370250
07/24/2012,ProShares UltraShort 20+ Year Treasury,TBT,56.72,57.68,-1.66436,-0.96,51206.25,2904418500
07/23/2012,ProShares UltraShort 20+ Year Treasury,TBT,57.68,58.4,-1.23288,-0.72,51206.25,2953576500
07/20/2012,ProShares UltraShort 20+ Year Treasury,TBT,58.4,59.84,-2.40642,-1.44,51206.25,2990445000
07/19/2012,ProShares UltraShort 20+ Year Treasury,TBT,59.84,59.12,1.21786,0.72,51656.25,3091110000
07/18/2012,ProShares UltraShort 20+ Year Treasury,TBT,59.12,59.44,-0.53836,-0.32,50568.75,2989624500
07/17/2012,ProShares UltraShort 20+ Year Treasury,TBT,59.44,58.44,1.71116,1,50512.5,3002463000
07/16/2012,ProShares UltraShort 20+ Year Treasury,TBT,58.44,59.28,-1.41700,-0.84,49987.5,2921269500
07/13/2012,ProShares UltraShort 20+ Year Treasury,TBT,59.28,58.84,0.74779,0.44,49987.5,2963259000
07/12/2012,ProShares UltraShort 20+ Year Treasury,TBT,58.84,59.44,-1.00942,-0.6,49950,2939058000
07/11/2012,ProShares UltraShort 20+ Year Treasury,TBT,59.44,59.56,-0.20148,-0.12,49893.75,2965684500
07/10/2012,ProShares UltraShort 20+ Year Treasury,TBT,59.56,60.12,-0.93147,-0.56,49912.5,2972788500
07/09/2012,ProShares UltraShort 20+ Year Treasury,TBT,60.12,61.12,-1.63613,-1,49912.5,3000739500
07/06/2012,ProShares UltraShort 20+ Year Treasury,TBT,61.12,62.4,-2.05128,-1.28,49912.5,3050652000
07/05/2012,ProShares UltraShort 20+ Year Treasury,TBT,62.4,62.96,-0.88945,-0.56,50006.25,3120390000
07/03/2012,ProShares UltraShort 20+ Year Treasury,TBT,62.96,61.68,2.07523,1.28,49987.5,3147213000
07/02/2012,ProShares UltraShort 20+ Year Treasury,TBT,61.68,63.68,-3.14070,-2,49987.5,3083229000
06/29/2012,ProShares UltraShort 20+ Year Treasury,TBT,63.68,61.44,3.64583,2.24,50006.25,3184398000
06/28/2012,ProShares UltraShort 20+ Year Treasury,TBT,61.44,62.08,-1.03093,-0.64,50156.25,3081600000
06/27/2012,ProShares UltraShort 20+ Year Treasury,TBT,62.08,62.2,-0.19293,-0.12,50268.75,3120684000
06/26/2012,ProShares UltraShort 20+ Year Treasury,TBT,62.2,61.84,0.58215,0.36,49893.75,3103391250
06/25/2012,ProShares UltraShort 20+ Year Treasury,TBT,61.84,63.6,-2.76730,-1.76,49800,3079632000
06/22/2012,ProShares UltraShort 20+ Year Treasury,TBT,63.6,62.12,2.38249,1.48,50006.25,3180397500
06/21/2012,ProShares UltraShort 20+ Year Treasury,TBT,62.12,62.96,-1.33418,-0.84,50081.25,3111047250
06/20/2012,ProShares UltraShort 20+ Year Treasury,TBT,62.96,63.12,-0.25349,-0.16,50081.25,3153115500
06/19/2012,ProShares UltraShort 20+ Year Treasury,TBT,63.12,62.04,1.74081,1.08,50175,3167046000
06/18/2012,ProShares UltraShort 20+ Year Treasury,TBT,62.04,62.4,-0.57692,-0.36,50231.25,3116346750
06/15/2012,ProShares UltraShort 20+ Year Treasury,TBT,62.4,62.76,-0.57361,-0.36,50231.25,3134430000
06/14/2012,ProShares UltraShort 20+ Year Treasury,TBT,62.76,62.8,-0.06369,-0.04,51075,3205467000
06/13/2012,ProShares UltraShort 20+ Year Treasury,TBT,62.8,64.2,-2.18069,-1.4,51075,3207510000
06/12/2012,ProShares UltraShort 20+ Year Treasury,TBT,64.2,63.08,1.77552,1.12,51168.75,3285033750
06/11/2012,ProShares UltraShort 20+ Year Treasury,TBT,63.08,64.12,-1.62196,-1.04,50981.25,3215897250
06/08/2012,ProShares UltraShort 20+ Year Treasury,TBT,64.12,64.04,0.12492,0.08,50981.25,3268917750
06/07/2012,ProShares UltraShort 20+ Year Treasury,TBT,64.04,63.16,1.39329,0.88,51468.75,3296058750
06/06/2012,ProShares UltraShort 20+ Year Treasury,TBT,63.16,61.04,3.47313,2.12,51506.25,3253134750
06/05/2012,ProShares UltraShort 20+ Year Treasury,TBT,61.04,59.88,1.93721,1.16,51506.25,3143941500
06/04/2012,ProShares UltraShort 20+ Year Treasury,TBT,59.88,59.28,1.01215,0.6,51056.25,3057248250
06/01/2012,ProShares UltraShort 20+ Year Treasury,TBT,59.28,62.24,-4.75578,-2.96,50362.5,2985489000
05/31/2012,ProShares UltraShort 20+ Year Treasury,TBT,62.24,63.28,-1.64349,-1.04,51000,3174240000
05/30/2012,ProShares UltraShort 20+ Year Treasury,TBT,63.28,66.24,-4.46860,-2.96,49368.75,3124054500
05/29/2012,ProShares UltraShort 20+ Year Treasury,TBT,66.24,66.4,-0.24096,-0.16,48675,3224232000
05/25/2012,ProShares UltraShort 20+ Year Treasury,TBT,66.4,66.44,-0.06020,-0.04,48337.5,3209610000
05/24/2012,ProShares UltraShort 20+ Year Treasury,TBT,66.44,65.24,1.83936,1.2,49612.5,3296254500
05/23/2012,ProShares UltraShort 20+ Year Treasury,TBT,65.24,67.64,-3.54820,-2.4,48956.25,3193905750
05/22/2012,ProShares UltraShort 20+ Year Treasury,TBT,67.64,65.44,3.36186,2.2,48675,3292377000
05/21/2012,ProShares UltraShort 20+ Year Treasury,TBT,65.44,65.36,0.12240,0.08,47962.5,3138666000
05/18/2012,ProShares UltraShort 20+ Year Treasury,TBT,65.36,65.64,-0.42657,-0.28,47662.5,3115221000
05/17/2012,ProShares UltraShort 20+ Year Treasury,TBT,65.64,68.12,-3.64063,-2.48,47625,3126105000
05/16/2012,ProShares UltraShort 20+ Year Treasury,TBT,68.12,68.72,-0.87311,-0.6,47625,3244215000
05/15/2012,ProShares UltraShort 20+ Year Treasury,TBT,68.72,69.16,-0.63621,-0.44,47493.75,3263770500
05/14/2012,ProShares UltraShort 20+ Year Treasury,TBT,69.16,70.84,-2.37154,-1.68,47512.5,3285964500
05/11/2012,ProShares UltraShort 20+ Year Treasury,TBT,70.84,72.04,-1.66574,-1.2,46818.75,3316640250
05/10/2012,ProShares UltraShort 20+ Year Treasury,TBT,72.04,71.72,0.44618,0.32,46893.75,3378225750
05/09/2012,ProShares UltraShort 20+ Year Treasury,TBT,71.72,71.4,0.44818,0.32,46987.5,3369943500
05/08/2012,ProShares UltraShort 20+ Year Treasury,TBT,71.4,72.52,-1.54440,-1.12,46950,3352230000
05/07/2012,ProShares UltraShort 20+ Year Treasury,TBT,72.52,72.72,-0.27503,-0.2,46968.75,3406173750
05/04/2012,ProShares UltraShort 20+ Year Treasury,TBT,72.72,73.8,-1.46341,-1.08,46968.75,3415567500
05/03/2012,ProShares UltraShort 20+ Year Treasury,TBT,73.8,73.84,-0.05417,-0.04,47137.5,3478747500
05/02/2012,ProShares UltraShort 20+ Year Treasury,TBT,73.84,75.12,-1.70394,-1.28,47100,3477864000
05/01/2012,ProShares UltraShort 20+ Year Treasury,TBT,75.12,73.8,1.78862,1.32,47081.25,3536743500
04/30/2012,ProShares UltraShort 20+ Year Treasury,TBT,73.8,74.04,-0.32415,-0.24,47100,3475980000
04/27/2012,ProShares UltraShort 20+ Year Treasury,TBT,74.04,74.56,-0.69742,-0.52,47118.75,3488672250
04/26/2012,ProShares UltraShort 20+ Year Treasury,TBT,74.56,74.92,-0.48051,-0.36,47081.25,3510378000
04/25/2012,ProShares UltraShort 20+ Year Treasury,TBT,74.92,74.08,1.13391,0.84,47118.75,3530136750
04/24/2012,ProShares UltraShort 20+ Year Treasury,TBT,74.08,73.36,0.98146,0.72,47118.75,3490557000
04/23/2012,ProShares UltraShort 20+ Year Treasury,TBT,73.36,74.6,-1.66220,-1.24,47118.75,3456631500
04/20/2012,ProShares UltraShort 20+ Year Treasury,TBT,74.6,74.12,0.64760,0.48,47025,3508065000
04/19/2012,ProShares UltraShort 20+ Year Treasury,TBT,74.12,74.56,-0.59013,-0.44,47118.75,3492441750
04/18/2012,ProShares UltraShort 20+ Year Treasury,TBT,74.56,75.36,-1.06157,-0.8,47081.25,3510378000
04/17/2012,ProShares UltraShort 20+ Year Treasury,TBT,75.36,74.32,1.39935,1.04,47006.25,3542391000
04/16/2012,ProShares UltraShort 20+ Year Treasury,TBT,74.32,75.28,-1.27524,-0.96,46856.25,3482356500
04/13/2012,ProShares UltraShort 20+ Year Treasury,TBT,75.28,76.92,-2.13209,-1.64,46687.5,3514635000
04/12/2012,ProShares UltraShort 20+ Year Treasury,TBT,76.92,76.32,0.78616,0.6,47587.5,3660430500
04/11/2012,ProShares UltraShort 20+ Year Treasury,TBT,76.32,75.08,1.65157,1.24,47756.25,3644757000
04/10/2012,ProShares UltraShort 20+ Year Treasury,TBT,75.08,76.28,-1.57315,-1.2,47850,3592578000
04/09/2012,ProShares UltraShort 20+ Year Treasury,TBT,76.28,80.4,-5.12438,-4.12,47850,3649998000
04/05/2012,ProShares UltraShort 20+ Year Treasury,TBT,80.4,82.04,-1.99902,-1.64,46575,3744630000
04/04/2012,ProShares UltraShort 20+ Year Treasury,TBT,82.04,83,-1.15663,-0.96,47568.75,3902540250
04/03/2012,ProShares UltraShort 20+ Year Treasury,TBT,83,81.08,2.36803,1.92,46950,3896850000
04/02/2012,ProShares UltraShort 20+ Year Treasury,TBT,81.08,81.36,-0.34415,-0.28,47025,3812787000
03/30/2012,ProShares UltraShort 20+ Year Treasury,TBT,81.36,79.32,2.57186,2.04,46593.75,3790867500
03/29/2012,ProShares UltraShort 20+ Year Treasury,TBT,79.32,80.28,-1.19581,-0.96,47493.75,3767204250
03/28/2012,ProShares UltraShort 20+ Year Treasury,TBT,80.28,80.24,0.04985,0.04,47493.75,3812798250
03/27/2012,ProShares UltraShort 20+ Year Treasury,TBT,80.24,81.08,-1.03601,-0.84,47268.75,3792844500
03/26/2012,ProShares UltraShort 20+ Year Treasury,TBT,81.08,80.68,0.49579,0.4,47118.75,3820388250
03/23/2012,ProShares UltraShort 20+ Year Treasury,TBT,80.68,82.12,-1.75353,-1.44,46443.75,3747081750
03/22/2012,ProShares UltraShort 20+ Year Treasury,TBT,82.12,82.52,-0.48473,-0.4,46312.5,3803182500
03/21/2012,ProShares UltraShort 20+ Year Treasury,TBT,82.52,84.84,-2.73456,-2.32,46200,3812424000
03/20/2012,ProShares UltraShort 20+ Year Treasury,TBT,84.84,85.36,-0.60918,-0.52,45375,3849615000
03/19/2012,ProShares UltraShort 20+ Year Treasury,TBT,85.36,83.56,2.15414,1.8,44587.5,3805989000
03/16/2012,ProShares UltraShort 20+ Year Treasury,TBT,83.56,83.52,0.04789,0.04,43443.75,3630159750
03/15/2012,ProShares UltraShort 20+ Year Treasury,TBT,83.52,83.48,0.04792,0.04,43612.5,3642516000
03/14/2012,ProShares UltraShort 20+ Year Treasury,TBT,83.48,79.12,5.51062,4.36,43068.75,3595379250
03/13/2012,ProShares UltraShort 20+ Year Treasury,TBT,79.12,77.08,2.64660,2.04,42993.75,3401665500
03/12/2012,ProShares UltraShort 20+ Year Treasury,TBT,77.08,77.64,-0.72128,-0.56,43106.25,3322629750
03/09/2012,ProShares UltraShort 20+ Year Treasury,TBT,77.64,77.16,0.62208,0.48,43387.5,3368605500
03/08/2012,ProShares UltraShort 20+ Year Treasury,TBT,77.16,75.8,1.79420,1.36,43575,3362247000
03/07/2012,ProShares UltraShort 20+ Year Treasury,TBT,75.8,74.84,1.28274,0.96,43575,3302985000
03/06/2012,ProShares UltraShort 20+ Year Treasury,TBT,74.84,76.52,-2.19550,-1.68,43575,3261153000
03/05/2012,ProShares UltraShort 20+ Year Treasury,TBT,76.52,75.88,0.84344,0.64,43350,3317142000
03/02/2012,ProShares UltraShort 20+ Year Treasury,TBT,75.88,77,-1.45455,-1.12,42562.5,3229642500
03/01/2012,ProShares UltraShort 20+ Year Treasury,TBT,77,75.2,2.39362,1.8,42693.75,3287418750
02/29/2012,ProShares UltraShort 20+ Year Treasury,TBT,75.2,74.56,0.85837,0.64,42581.25,3202110000
02/28/2012,ProShares UltraShort 20+ Year Treasury,TBT,74.56,74.08,0.64795,0.48,42393.75,3160878000
02/27/2012,ProShares UltraShort 20+ Year Treasury,TBT,74.08,75.6,-2.01058,-1.52,42375,3139140000
02/24/2012,ProShares UltraShort 20+ Year Treasury,TBT,75.6,76.32,-0.94340,-0.72,41475,3135510000
02/23/2012,ProShares UltraShort 20+ Year Treasury,TBT,76.32,76.96,-0.83160,-0.64,41437.5,3162510000
02/22/2012,ProShares UltraShort 20+ Year Treasury,TBT,76.96,78.12,-1.48490,-1.16,41437.5,3189030000
02/21/2012,ProShares UltraShort 20+ Year Treasury,TBT,78.12,77.4,0.93023,0.72,40931.25,3197549250
02/17/2012,ProShares UltraShort 20+ Year Treasury,TBT,77.4,77,0.51948,0.4,40668.75,3147761250
02/16/2012,ProShares UltraShort 20+ Year Treasury,TBT,77,75.52,1.95975,1.48,41925,3228225000
02/15/2012,ProShares UltraShort 20+ Year Treasury,TBT,75.52,74.76,1.01659,0.76,41437.5,3129360000
02/14/2012,ProShares UltraShort 20+ Year Treasury,TBT,74.76,76.8,-2.65625,-2.04,41193.75,3079644750
02/13/2012,ProShares UltraShort 20+ Year Treasury,TBT,76.8,76.44,0.47096,0.36,40893.75,3140640000
02/10/2012,ProShares UltraShort 20+ Year Treasury,TBT,76.44,78.52,-2.64901,-2.08,40612.5,3104419500
02/09/2012,ProShares UltraShort 20+ Year Treasury,TBT,78.52,77.16,1.76257,1.36,40893.75,3210977250
02/08/2012,ProShares UltraShort 20+ Year Treasury,TBT,77.16,77.2,-0.05181,-0.04,40762.5,3145234500
02/07/2012,ProShares UltraShort 20+ Year Treasury,TBT,77.2,75.8,1.84697,1.4,40762.5,3146865000
02/06/2012,ProShares UltraShort 20+ Year Treasury,TBT,75.8,77.6,-2.31959,-1.8,40893.75,3099746250
02/03/2012,ProShares UltraShort 20+ Year Treasury,TBT,77.6,74.08,4.75162,3.52,40743.75,3161715000
02/02/2012,ProShares UltraShort 20+ Year Treasury,TBT,74.08,74.2,-0.16173,-0.12,41006.25,3037743000
02/01/2012,ProShares UltraShort 20+ Year Treasury,TBT,74.2,72.2,2.77008,2,41006.25,3042663750
01/31/2012,ProShares UltraShort 20+ Year Treasury,TBT,72.2,73.48,-1.74197,-1.28,41081.25,2966066250
01/30/2012,ProShares UltraShort 20+ Year Treasury,TBT,73.48,75.8,-3.06069,-2.32,41081.25,3018650250
01/27/2012,ProShares UltraShort 20+ Year Treasury,TBT,75.8,76.52,-0.94093,-0.72,40706.25,3085533750
01/26/2012,ProShares UltraShort 20+ Year Treasury,TBT,76.52,78.2,-2.14834,-1.68,41325,3162189000
01/25/2012,ProShares UltraShort 20+ Year Treasury,TBT,78.2,78.52,-0.40754,-0.32,41550,3249210000
01/24/2012,ProShares UltraShort 20+ Year Treasury,TBT,78.52,78.24,0.35787,0.28,41512.5,3259561500
01/23/2012,ProShares UltraShort 20+ Year Treasury,TBT,78.24,77.08,1.50493,1.16,40893.75,3199527000
01/20/2012,ProShares UltraShort 20+ Year Treasury,TBT,77.08,75.52,2.06568,1.56,40931.25,3154980750
01/19/2012,ProShares UltraShort 20+ Year Treasury,TBT,75.52,73.4,2.88828,2.12,41362.5,3123696000
01/18/2012,ProShares UltraShort 20+ Year Treasury,TBT,73.4,71.84,2.17149,1.56,40706.25,2987838750
01/17/2012,ProShares UltraShort 20+ Year Treasury,TBT,71.84,72.24,-0.55371,-0.4,40762.5,2928378000
01/13/2012,ProShares UltraShort 20+ Year Treasury,TBT,72.24,74.28,-2.74637,-2.04,40387.5,2917593000
01/12/2012,ProShares UltraShort 20+ Year Treasury,TBT,74.28,73.76,0.70499,0.52,41775,3103047000
01/11/2012,ProShares UltraShort 20+ Year Treasury,TBT,73.76,75.6,-2.43386,-1.84,41287.5,3045366000
01/10/2012,ProShares UltraShort 20+ Year Treasury,TBT,75.6,75.6,0.00000,0,41193.75,3114247500
01/09/2012,ProShares UltraShort 20+ Year Treasury,TBT,75.6,75.36,0.31847,0.24,41193.75,3114247500
01/06/2012,ProShares UltraShort 20+ Year Treasury,TBT,75.36,76.44,-1.41287,-1.08,40856.25,3078927000
01/05/2012,ProShares UltraShort 20+ Year Treasury,TBT,76.44,76.12,0.42039,0.32,41231.25,3151716750
01/04/2012,ProShares UltraShort 20+ Year Treasury,TBT,76.12,74.88,1.65598,1.24,41231.25,3138522750
01/03/2012,ProShares UltraShort 20+ Year Treasury,TBT,74.88,72.28,3.59712,2.6,41343.75,3095820000
12/30/2011,ProShares UltraShort 20+ Year Treasury,TBT,72.28,72.8,-0.71429,-0.52,41400,2992392000
12/29/2011,ProShares UltraShort 20+ Year Treasury,TBT,72.8,72.56,0.33076,0.24,42975,3128580000
12/28/2011,ProShares UltraShort 20+ Year Treasury,TBT,72.56,76.28,-4.87677,-3.72,42637.5,3093777000
12/27/2011,ProShares UltraShort 20+ Year Treasury,TBT,76.28,77.36,-1.39607,-1.08,42543.75,3245237250
12/23/2011,ProShares UltraShort 20+ Year Treasury,TBT,77.36,74.92,3.25681,2.44,42543.75,3291184500
12/22/2011,ProShares UltraShort 20+ Year Treasury,TBT,74.92,75.44,-0.68929,-0.52,44100,3303972000
12/21/2011,ProShares UltraShort 20+ Year Treasury,TBT,75.44,73.56,2.55574,1.88,44043.75,3322660500
12/20/2011,ProShares UltraShort 20+ Year Treasury,TBT,73.56,70.52,4.31083,3.04,44081.25,3242616750
12/19/2011,ProShares UltraShort 20+ Year Treasury,TBT,70.52,71.88,-1.89204,-1.36,44287.5,3123154500
12/16/2011,ProShares UltraShort 20+ Year Treasury,TBT,71.88,73.8,-2.60163,-1.92,43631.25,3136214250
12/15/2011,ProShares UltraShort 20+ Year Treasury,TBT,73.8,73.24,0.76461,0.56,43650,3221370000
12/14/2011,ProShares UltraShort 20+ Year Treasury,TBT,73.24,75.76,-3.32629,-2.52,43275,3169461000
12/13/2011,ProShares UltraShort 20+ Year Treasury,TBT,75.76,77.12,-1.76349,-1.36,43275,3278514000
12/12/2011,ProShares UltraShort 20+ Year Treasury,TBT,77.12,78.8,-2.13198,-1.68,43275,3337368000
12/09/2011,ProShares UltraShort 20+ Year Treasury,TBT,78.8,76.04,3.62967,2.76,43275,3410070000
12/08/2011,ProShares UltraShort 20+ Year Treasury,TBT,76.04,77.28,-1.60455,-1.24,43387.5,3299185500
12/07/2011,ProShares UltraShort 20+ Year Treasury,TBT,77.28,79.16,-2.37494,-1.88,43387.5,3352986000
12/06/2011,ProShares UltraShort 20+ Year Treasury,TBT,79.16,77.44,2.22107,1.72,43387.5,3434554500
12/05/2011,ProShares UltraShort 20+ Year Treasury,TBT,77.44,77.28,0.20704,0.16,43237.5,3348312000
12/02/2011,ProShares UltraShort 20+ Year Treasury,TBT,77.28,80.08,-3.49650,-2.8,43237.5,3341394000
12/01/2011,ProShares UltraShort 20+ Year Treasury,TBT,80.08,78.2,2.40409,1.88,44250,3543540000
11/30/2011,ProShares UltraShort 20+ Year Treasury,TBT,78.2,75.36,3.76858,2.84,44250,3460350000
11/29/2011,ProShares UltraShort 20+ Year Treasury,TBT,75.36,74.32,1.39935,1.04,43856.25,3305007000
11/28/2011,ProShares UltraShort 20+ Year Treasury,TBT,74.32,74.64,-0.42872,-0.32,43856.25,3259396500
11/25/2011,ProShares UltraShort 20+ Year Treasury,TBT,74.64,72.16,3.43681,2.48,43481.25,3245440500
11/23/2011,ProShares UltraShort 20+ Year Treasury,TBT,72.16,74.44,-3.06287,-2.28,43443.75,3134901000
11/22/2011,ProShares UltraShort 20+ Year Treasury,TBT,74.44,75.36,-1.22081,-0.92,43368.75,3228369750
11/21/2011,ProShares UltraShort 20+ Year Treasury,TBT,75.36,76.92,-2.02808,-1.56,43350,3266856000
11/18/2011,ProShares UltraShort 20+ Year Treasury,TBT,76.92,76.28,0.83901,0.64,43012.5,3308521500
11/17/2011,ProShares UltraShort 20+ Year Treasury,TBT,76.28,78.48,-2.80326,-2.2,43668.75,3331052250
11/16/2011,ProShares UltraShort 20+ Year Treasury,TBT,78.48,79.68,-1.50602,-1.2,43200,3390336000
11/15/2011,ProShares UltraShort 20+ Year Treasury,TBT,79.68,79.44,0.30211,0.24,43143.75,3437694000
11/14/2011,ProShares UltraShort 20+ Year Treasury,TBT,79.44,80.76,-1.63447,-1.32,43143.75,3427339500
11/11/2011,ProShares UltraShort 20+ Year Treasury,TBT,80.76,80.76,0.00000,0,42675,3446433000
11/10/2011,ProShares UltraShort 20+ Year Treasury,TBT,80.76,78.2,3.27366,2.56,42675,3446433000
11/09/2011,ProShares UltraShort 20+ Year Treasury,TBT,78.2,81.4,-3.93120,-3.2,44981.25,3517533750
11/08/2011,ProShares UltraShort 20+ Year Treasury,TBT,81.4,78.96,3.09017,2.44,44231.25,3600423750
11/07/2011,ProShares UltraShort 20+ Year Treasury,TBT,78.96,80.88,-2.37389,-1.92,43481.25,3433279500
11/04/2011,ProShares UltraShort 20+ Year Treasury,TBT,80.88,81.32,-0.54107,-0.44,42843.75,3465202500
11/03/2011,ProShares UltraShort 20+ Year Treasury,TBT,81.32,79.24,2.62494,2.08,43781.25,3560291250
11/02/2011,ProShares UltraShort 20+ Year Treasury,TBT,79.24,78.36,1.12302,0.88,43368.75,3436539750
11/01/2011,ProShares UltraShort 20+ Year Treasury,TBT,78.36,84.24,-6.98006,-5.88,43462.5,3405721500
10/31/2011,ProShares UltraShort 20+ Year Treasury,TBT,84.24,88.8,-5.13514,-4.56,43387.5,3654963000
10/28/2011,ProShares UltraShort 20+ Year Treasury,TBT,88.8,91.92,-3.39426,-3.12,43106.25,3827835000
10/27/2011,ProShares UltraShort 20+ Year Treasury,TBT,91.92,85.48,7.53393,6.44,44531.25,4093312500
10/26/2011,ProShares UltraShort 20+ Year Treasury,TBT,85.48,83.28,2.64169,2.2,44156.25,3774476250
10/25/2011,ProShares UltraShort 20+ Year Treasury,TBT,83.28,87.36,-4.67033,-4.08,44362.5,3694509000
10/24/2011,ProShares UltraShort 20+ Year Treasury,TBT,87.36,86.72,0.73801,0.64,44456.25,3883698000
10/21/2011,ProShares UltraShort 20+ Year Treasury,TBT,86.72,85.24,1.73627,1.48,44137.5,3827604000
10/20/2011,ProShares UltraShort 20+ Year Treasury,TBT,85.24,84.32,1.09108,0.92,45375,3867765000
10/19/2011,ProShares UltraShort 20+ Year Treasury,TBT,84.32,83.92,0.47664,0.4,45450,3832344000
10/18/2011,ProShares UltraShort 20+ Year Treasury,TBT,83.92,83.44,0.57526,0.48,45450,3814164000
10/17/2011,ProShares UltraShort 20+ Year Treasury,TBT,83.44,85.76,-2.70522,-2.32,45806.25,3822073500
10/14/2011,ProShares UltraShort 20+ Year Treasury,TBT,85.76,83.72,2.43669,2.04,45656.25,3915480000
10/13/2011,ProShares UltraShort 20+ Year Treasury,TBT,83.72,85.92,-2.56052,-2.2,46762.5,3914956500
10/12/2011,ProShares UltraShort 20+ Year Treasury,TBT,85.92,83.08,3.41839,2.84,46837.5,4024278000
10/11/2011,ProShares UltraShort 20+ Year Treasury,TBT,83.08,80.6,3.07692,2.48,47043.75,3908394750
10/10/2011,ProShares UltraShort 20+ Year Treasury,TBT,80.6,80.6,0.00000,0,46668.75,3761501250
10/07/2011,ProShares UltraShort 20+ Year Treasury,TBT,80.6,78.72,2.38821,1.88,46668.75,3761501250
10/06/2011,ProShares UltraShort 20+ Year Treasury,TBT,78.72,76.88,2.39334,1.84,48356.25,3806604000
10/05/2011,ProShares UltraShort 20+ Year Treasury,TBT,76.88,73.76,4.22993,3.12,47850,3678708000
10/04/2011,ProShares UltraShort 20+ Year Treasury,TBT,73.76,73.76,0.00000,0,47268.75,3486543000
10/03/2011,ProShares UltraShort 20+ Year Treasury,TBT,73.76,78.28,-5.77414,-4.52,47231.25,3483777000
09/30/2011,ProShares UltraShort 20+ Year Treasury,TBT,78.28,80.56,-2.83019,-2.28,47043.75,3682584750
09/29/2011,ProShares UltraShort 20+ Year Treasury,TBT,80.56,83.2,-3.17308,-2.64,48037.5,3869901000
09/28/2011,ProShares UltraShort 20+ Year Treasury,TBT,83.2,84.04,-0.99952,-0.84,48112.5,4002960000
09/27/2011,ProShares UltraShort 20+ Year Treasury,TBT,84.04,80.84,3.95844,3.2,48150,4046526000
09/26/2011,ProShares UltraShort 20+ Year Treasury,TBT,80.84,77.32,4.55251,3.52,48412.5,3913666500
09/23/2011,ProShares UltraShort 20+ Year Treasury,TBT,77.32,74.92,3.20342,2.4,48450,3746154000
09/22/2011,ProShares UltraShort 20+ Year Treasury,TBT,74.92,82.12,-8.76766,-7.2,49443.75,3704325750
09/21/2011,ProShares UltraShort 20+ Year Treasury,TBT,82.12,87.72,-6.38395,-5.6,49387.5,4055701500
09/20/2011,ProShares UltraShort 20+ Year Treasury,TBT,87.72,87.24,0.55021,0.48,49256.25,4320758250
09/19/2011,ProShares UltraShort 20+ Year Treasury,TBT,87.24,92.08,-5.25630,-4.84,48881.25,4264400250
09/16/2011,ProShares UltraShort 20+ Year Treasury,TBT,92.08,92.4,-0.34632,-0.32,48506.25,4466455500
09/15/2011,ProShares UltraShort 20+ Year Treasury,TBT,92.4,90.84,1.71731,1.56,49368.75,4561672500
09/14/2011,ProShares UltraShort 20+ Year Treasury,TBT,90.84,91.44,-0.65617,-0.6,48243.75,4382462250
09/13/2011,ProShares UltraShort 20+ Year Treasury,TBT,91.44,88.92,2.83401,2.52,47868.75,4377118500
09/12/2011,ProShares UltraShort 20+ Year Treasury,TBT,88.92,89.28,-0.40323,-0.36,47868.75,4256489250
09/09/2011,ProShares UltraShort 20+ Year Treasury,TBT,89.28,91.32,-2.23390,-2.04,47718.75,4260330000
09/08/2011,ProShares UltraShort 20+ Year Treasury,TBT,91.32,92.72,-1.50992,-1.4,48768.75,4453562250
09/07/2011,ProShares UltraShort 20+ Year Treasury,TBT,92.72,89.8,3.25167,2.92,48337.5,4481853000
09/06/2011,ProShares UltraShort 20+ Year Treasury,TBT,89.8,91.48,-1.83647,-1.68,48337.5,4340707500
09/02/2011,ProShares UltraShort 20+ Year Treasury,TBT,91.48,98.36,-6.99471,-6.88,48000,4391040000
09/01/2011,ProShares UltraShort 20+ Year Treasury,TBT,98.36,101.16,-2.76789,-2.8,49125,4831935000
08/31/2011,ProShares UltraShort 20+ Year Treasury,TBT,101.16,98.52,2.67966,2.64,48412.5,4897408500
08/30/2011,ProShares UltraShort 20+ Year Treasury,TBT,98.52,102.4,-3.78906,-3.88,48412.5,4769599500
08/29/2011,ProShares UltraShort 20+ Year Treasury,TBT,102.4,99.64,2.76997,2.76,47943.75,4909440000
08/26/2011,ProShares UltraShort 20+ Year Treasury,TBT,99.64,101.56,-1.89051,-1.92,48018.75,4784588250
08/25/2011,ProShares UltraShort 20+ Year Treasury,TBT,101.56,102.48,-0.89774,-0.92,48843.75,4960571250
08/24/2011,ProShares UltraShort 20+ Year Treasury,TBT,102.48,97.92,4.65686,4.56,49050,5026644000
08/23/2011,ProShares UltraShort 20+ Year Treasury,TBT,97.92,95.48,2.55551,2.44,49162.5,4813992000
08/22/2011,ProShares UltraShort 20+ Year Treasury,TBT,95.48,95.2,0.29412,0.28,48637.5,4643908500
08/19/2011,ProShares UltraShort 20+ Year Treasury,TBT,95.2,96.8,-1.65289,-1.6,48637.5,4630290000
08/18/2011,ProShares UltraShort 20+ Year Treasury,TBT,96.8,101.08,-4.23427,-4.28,48900,4733520000
08/17/2011,ProShares UltraShort 20+ Year Treasury,TBT,101.08,103.84,-2.65794,-2.76,48900,4942812000
08/16/2011,ProShares UltraShort 20+ Year Treasury,TBT,103.84,107.36,-3.27869,-3.52,48918.75,5079723000
08/15/2011,ProShares UltraShort 20+ Year Treasury,TBT,107.36,105.96,1.32125,1.4,48918.75,5251917000
08/12/2011,ProShares UltraShort 20+ Year Treasury,TBT,105.96,110.04,-3.70774,-4.08,49106.25,5203298250
08/11/2011,ProShares UltraShort 20+ Year Treasury,TBT,110.04,101.72,8.17932,8.32,50268.75,5531573250
08/10/2011,ProShares UltraShort 20+ Year Treasury,TBT,101.72,102.96,-1.20435,-1.24,50287.5,5115244500
08/09/2011,ProShares UltraShort 20+ Year Treasury,TBT,102.96,106.48,-3.30579,-3.52,50343.75,5183392500
08/08/2011,ProShares UltraShort 20+ Year Treasury,TBT,106.48,112.52,-5.36793,-6.04,50343.75,5360602500
08/05/2011,ProShares UltraShort 20+ Year Treasury,TBT,112.52,108.84,3.38111,3.68,49856.25,5609825250
08/04/2011,ProShares UltraShort 20+ Year Treasury,TBT,108.84,114.72,-5.12552,-5.88,50493.75,5495739750
08/03/2011,ProShares UltraShort 20+ Year Treasury,TBT,114.72,116.44,-1.47716,-1.72,49856.25,5719509000
08/02/2011,ProShares UltraShort 20+ Year Treasury,TBT,116.44,122.64,-5.05545,-6.2,49725,5789979000
08/01/2011,ProShares UltraShort 20+ Year Treasury,TBT,122.64,125.2,-2.04473,-2.56,48975,6006294000
07/29/2011,ProShares UltraShort 20+ Year Treasury,TBT,125.2,130.56,-4.10539,-5.36,48225,6037770000
07/28/2011,ProShares UltraShort 20+ Year Treasury,TBT,130.56,131.64,-0.82042,-1.08,47043.75,6142032000
07/27/2011,ProShares UltraShort 20+ Year Treasury,TBT,131.64,131.48,0.12169,0.16,46893.75,6173093250
07/26/2011,ProShares UltraShort 20+ Year Treasury,TBT,131.48,133.68,-1.64572,-2.2,46443.75,6106424250
07/25/2011,ProShares UltraShort 20+ Year Treasury,TBT,133.68,131.12,1.95241,2.56,46462.5,6211107000
07/22/2011,ProShares UltraShort 20+ Year Treasury,TBT,131.12,133.48,-1.76806,-2.36,46462.5,6092163000
07/21/2011,ProShares UltraShort 20+ Year Treasury,TBT,133.48,131.4,1.58295,2.08,46968.75,6269388750
07/20/2011,ProShares UltraShort 20+ Year Treasury,TBT,131.4,128.6,2.17729,2.8,46968.75,6171693750
07/19/2011,ProShares UltraShort 20+ Year Treasury,TBT,128.6,132.68,-3.07507,-4.08,46256.25,5948553750
07/18/2011,ProShares UltraShort 20+ Year Treasury,TBT,132.68,131.28,1.06642,1.4,46275,6139767000
07/15/2011,ProShares UltraShort 20+ Year Treasury,TBT,131.28,131,0.21374,0.28,46256.25,6072520500
07/14/2011,ProShares UltraShort 20+ Year Treasury,TBT,131,128.32,2.08853,2.68,46575,6101325000
07/13/2011,ProShares UltraShort 20+ Year Treasury,TBT,128.32,128.92,-0.46540,-0.6,46200,5928384000
07/12/2011,ProShares UltraShort 20+ Year Treasury,TBT,128.92,129.52,-0.46325,-0.6,45843.75,5910176250
07/11/2011,ProShares UltraShort 20+ Year Treasury,TBT,129.52,132.68,-2.38167,-3.16,44550,5770116000
07/08/2011,ProShares UltraShort 20+ Year Treasury,TBT,132.68,137.12,-3.23804,-4.44,43856.25,5818847250
07/07/2011,ProShares UltraShort 20+ Year Treasury,TBT,137.12,136.4,0.52786,0.72,44081.25,6044421000
07/06/2011,ProShares UltraShort 20+ Year Treasury,TBT,136.4,138,-1.15942,-1.6,44081.25,6012682500
07/05/2011,ProShares UltraShort 20+ Year Treasury,TBT,138,138.88,-0.63364,-0.88,43912.5,6059925000
07/01/2011,ProShares UltraShort 20+ Year Treasury,TBT,138.88,137.92,0.69606,0.96,43743.75,6075132000
06/30/2011,ProShares UltraShort 20+ Year Treasury,TBT,137.92,137.4,0.37846,0.52,45112.5,6221916000
06/29/2011,ProShares UltraShort 20+ Year Treasury,TBT,137.4,135.88,1.11863,1.52,45281.25,6221643750
06/28/2011,ProShares UltraShort 20+ Year Treasury,TBT,135.88,133.64,1.67614,2.24,45300,6155364000
06/27/2011,ProShares UltraShort 20+ Year Treasury,TBT,133.64,129.28,3.37252,4.36,45375,6063915000
06/24/2011,ProShares UltraShort 20+ Year Treasury,TBT,129.28,128.52,0.59135,0.76,45131.25,5834568000
06/23/2011,ProShares UltraShort 20+ Year Treasury,TBT,128.52,131.08,-1.95301,-2.56,45112.5,5797858500
06/22/2011,ProShares UltraShort 20+ Year Treasury,TBT,131.08,131.2,-0.09146,-0.12,45000,5898600000
06/21/2011,ProShares UltraShort 20+ Year Treasury,TBT,131.2,130.6,0.45942,0.6,44718.75,5867100000
06/20/2011,ProShares UltraShort 20+ Year Treasury,TBT,130.6,130.64,-0.03062,-0.04,44718.75,5840268750
06/17/2011,ProShares UltraShort 20+ Year Treasury,TBT,130.64,128.92,1.33416,1.72,44606.25,5827360500
06/16/2011,ProShares UltraShort 20+ Year Treasury,TBT,128.92,130.76,-1.40716,-1.84,44662.5,5757889500
06/15/2011,ProShares UltraShort 20+ Year Treasury,TBT,130.76,135.36,-3.39835,-4.6,44062.5,5761612500
06/14/2011,ProShares UltraShort 20+ Year Treasury,TBT,135.36,131.32,3.07645,4.04,43593.75,5900850000
06/13/2011,ProShares UltraShort 20+ Year Treasury,TBT,131.32,130.44,0.67464,0.88,43725,5741967000
06/10/2011,ProShares UltraShort 20+ Year Treasury,TBT,130.44,132.16,-1.30145,-1.72,43725,5703489000
06/09/2011,ProShares UltraShort 20+ Year Treasury,TBT,132.16,131.64,0.39502,0.52,43537.5,5753916000
06/08/2011,ProShares UltraShort 20+ Year Treasury,TBT,131.64,134.28,-1.96604,-2.64,43425,5716467000
06/07/2011,ProShares UltraShort 20+ Year Treasury,TBT,134.28,134.08,0.14916,0.2,43425,5831109000
06/06/2011,ProShares UltraShort 20+ Year Treasury,TBT,134.08,132.84,0.93345,1.24,43518.75,5834994000
06/03/2011,ProShares UltraShort 20+ Year Treasury,TBT,132.84,133.76,-0.68780,-0.92,43650,5798466000
06/02/2011,ProShares UltraShort 20+ Year Treasury,TBT,133.76,129.52,3.27363,4.24,44025,5888784000
06/01/2011,ProShares UltraShort 20+ Year Treasury,TBT,129.52,132.56,-2.29330,-3.04,44025,5702118000
05/31/2011,ProShares UltraShort 20+ Year Treasury,TBT,132.56,133.6,-0.77844,-1.04,43800,5806128000
05/27/2011,ProShares UltraShort 20+ Year Treasury,TBT,133.6,133,0.45113,0.6,43537.5,5816610000
05/26/2011,ProShares UltraShort 20+ Year Treasury,TBT,133,135.76,-2.03300,-2.76,43537.5,5790487500
05/25/2011,ProShares UltraShort 20+ Year Treasury,TBT,135.76,134.76,0.74206,1,43500,5905560000
05/24/2011,ProShares UltraShort 20+ Year Treasury,TBT,134.76,135.4,-0.47267,-0.64,43500,5862060000
05/23/2011,ProShares UltraShort 20+ Year Treasury,TBT,135.4,136.6,-0.87848,-1.2,43443.75,5882283750
05/20/2011,ProShares UltraShort 20+ Year Treasury,TBT,136.6,136.96,-0.26285,-0.36,43443.75,5934416250
05/19/2011,ProShares UltraShort 20+ Year Treasury,TBT,136.96,136.32,0.46948,0.64,43293.75,5929512000
05/18/2011,ProShares UltraShort 20+ Year Treasury,TBT,136.32,133.96,1.76172,2.36,43293.75,5901804000
05/17/2011,ProShares UltraShort 20+ Year Treasury,TBT,133.96,136,-1.50000,-2.04,43218.75,5789583750
05/16/2011,ProShares UltraShort 20+ Year Treasury,TBT,136,138.24,-1.62037,-2.24,43312.5,5890500000
05/13/2011,ProShares UltraShort 20+ Year Treasury,TBT,138.24,140,-1.25714,-1.76,43312.5,5987520000
05/12/2011,ProShares UltraShort 20+ Year Treasury,TBT,140,137.64,1.71462,2.36,43181.25,6045375000
05/11/2011,ProShares UltraShort 20+ Year Treasury,TBT,137.64,139.44,-1.29088,-1.8,42993.75,5917659750
05/10/2011,ProShares UltraShort 20+ Year Treasury,TBT,139.44,137.96,1.07277,1.48,42768.75,5963674500
05/09/2011,ProShares UltraShort 20+ Year Treasury,TBT,137.96,137.76,0.14518,0.2,42825,5908137000
05/06/2011,ProShares UltraShort 20+ Year Treasury,TBT,137.76,137.12,0.46674,0.64,42825,5899572000
05/05/2011,ProShares UltraShort 20+ Year Treasury,TBT,137.12,139.32,-1.57910,-2.2,42993.75,5895303000
05/04/2011,ProShares UltraShort 20+ Year Treasury,TBT,139.32,140.72,-0.99488,-1.4,42993.75,5989889250
05/03/2011,ProShares UltraShort 20+ Year Treasury,TBT,140.72,142.48,-1.23526,-1.76,42993.75,6050080500
05/02/2011,ProShares UltraShort 20+ Year Treasury,TBT,142.48,143.2,-0.50279,-0.72,43162.5,6149793000
04/29/2011,ProShares UltraShort 20+ Year Treasury,TBT,143.2,144.08,-0.61077,-0.88,43293.75,6199665000
04/28/2011,ProShares UltraShort 20+ Year Treasury,TBT,144.08,145.92,-1.26096,-1.84,43181.25,6221554500
04/27/2011,ProShares UltraShort 20+ Year Treasury,TBT,145.92,143.04,2.01342,2.88,43556.25,6355728000
04/26/2011,ProShares UltraShort 20+ Year Treasury,TBT,143.04,145.96,-2.00055,-2.92,43725,6254424000
04/25/2011,ProShares UltraShort 20+ Year Treasury,TBT,145.96,146.84,-0.59929,-0.88,43331.25,6324629250
04/21/2011,ProShares UltraShort 20+ Year Treasury,TBT,146.84,145.88,0.65808,0.96,43293.75,6357254250
04/20/2011,ProShares UltraShort 20+ Year Treasury,TBT,145.88,144.72,0.80155,1.16,43668.75,6370397250
04/19/2011,ProShares UltraShort 20+ Year Treasury,TBT,144.72,146.04,-0.90386,-1.32,43256.25,6260044500
04/18/2011,ProShares UltraShort 20+ Year Treasury,TBT,146.04,146.8,-0.51771,-0.76,42918.75,6267854250
04/15/2011,ProShares UltraShort 20+ Year Treasury,TBT,146.8,150.28,-2.31568,-3.48,42543.75,6245422500
04/14/2011,ProShares UltraShort 20+ Year Treasury,TBT,150.28,150.72,-0.29193,-0.44,41400,6221592000
04/13/2011,ProShares UltraShort 20+ Year Treasury,TBT,150.72,152.12,-0.92033,-1.4,40781.25,6146550000
04/12/2011,ProShares UltraShort 20+ Year Treasury,TBT,152.12,155.12,-1.93399,-3,40818.75,6209348250
04/11/2011,ProShares UltraShort 20+ Year Treasury,TBT,155.12,155.04,0.05160,0.08,40706.25,6314353500
04/08/2011,ProShares UltraShort 20+ Year Treasury,TBT,155.04,154.76,0.18093,0.28,40650,6302376000
04/07/2011,ProShares UltraShort 20+ Year Treasury,TBT,154.76,153,1.15033,1.76,40593.75,6282288750
04/06/2011,ProShares UltraShort 20+ Year Treasury,TBT,153,149.6,2.27273,3.4,40800,6242400000
04/05/2011,ProShares UltraShort 20+ Year Treasury,TBT,149.6,148.32,0.86300,1.28,40818.75,6106485000
04/04/2011,ProShares UltraShort 20+ Year Treasury,TBT,148.32,148.48,-0.10776,-0.16,40800,6051456000
04/01/2011,ProShares UltraShort 20+ Year Treasury,TBT,148.48,149.56,-0.72212,-1.08,40631.25,6032928000
03/31/2011,ProShares UltraShort 20+ Year Treasury,TBT,149.56,150.28,-0.47911,-0.72,40275,6023529000
03/30/2011,ProShares UltraShort 20+ Year Treasury,TBT,150.28,151.48,-0.79218,-1.2,40275,6052527000
03/29/2011,ProShares UltraShort 20+ Year Treasury,TBT,151.48,149.08,1.60987,2.4,40293.75,6103697250
03/28/2011,ProShares UltraShort 20+ Year Treasury,TBT,149.08,149.8,-0.48064,-0.72,40293.75,6006992250
03/25/2011,ProShares UltraShort 20+ Year Treasury,TBT,149.8,148.16,1.10691,1.64,40143.75,6013533750
03/24/2011,ProShares UltraShort 20+ Year Treasury,TBT,148.16,147,0.78912,1.16,39900,5911584000
03/23/2011,ProShares UltraShort 20+ Year Treasury,TBT,147,146.8,0.13624,0.2,39768.75,5846006250
03/22/2011,ProShares UltraShort 20+ Year Treasury,TBT,146.8,146.96,-0.10887,-0.16,39468.75,5794012500
03/21/2011,ProShares UltraShort 20+ Year Treasury,TBT,146.96,146.36,0.40995,0.6,39225,5764506000
03/18/2011,ProShares UltraShort 20+ Year Treasury,TBT,146.36,146.08,0.19168,0.28,39037.5,5713528500
03/17/2011,ProShares UltraShort 20+ Year Treasury,TBT,146.08,144.52,1.07944,1.56,38793.75,5666991000
03/16/2011,ProShares UltraShort 20+ Year Treasury,TBT,144.52,148.36,-2.58830,-3.84,38343.75,5541438750
03/15/2011,ProShares UltraShort 20+ Year Treasury,TBT,148.36,150.96,-1.72231,-2.6,37931.25,5627480250
03/14/2011,ProShares UltraShort 20+ Year Treasury,TBT,150.96,152.24,-0.84078,-1.28,37968.75,5731762500
03/11/2011,ProShares UltraShort 20+ Year Treasury,TBT,152.24,151.92,0.21064,0.32,38081.25,5797489500
03/10/2011,ProShares UltraShort 20+ Year Treasury,TBT,151.92,155.12,-2.06292,-3.2,38100,5788152000
03/09/2011,ProShares UltraShort 20+ Year Treasury,TBT,155.12,158.16,-1.92210,-3.04,38231.25,5930431500
03/08/2011,ProShares UltraShort 20+ Year Treasury,TBT,158.16,155.76,1.54083,2.4,38362.5,6067413000
03/07/2011,ProShares UltraShort 20+ Year Treasury,TBT,155.76,155.48,0.18009,0.28,38381.25,5978263500
03/04/2011,ProShares UltraShort 20+ Year Treasury,TBT,155.48,157.48,-1.27000,-2,38550,5993754000
03/03/2011,ProShares UltraShort 20+ Year Treasury,TBT,157.48,153.4,2.65971,4.08,38418.75,6050184750
03/02/2011,ProShares UltraShort 20+ Year Treasury,TBT,153.4,150.32,2.04896,3.08,38287.5,5873302500
03/01/2011,ProShares UltraShort 20+ Year Treasury,TBT,150.32,150.4,-0.05319,-0.08,38137.5,5732829000
02/28/2011,ProShares UltraShort 20+ Year Treasury,TBT,150.4,151.8,-0.92227,-1.4,37912.5,5702040000
02/25/2011,ProShares UltraShort 20+ Year Treasury,TBT,151.8,152.68,-0.57637,-0.88,37687.5,5720962500
02/24/2011,ProShares UltraShort 20+ Year Treasury,TBT,152.68,155.92,-2.07799,-3.24,37687.5,5754127500
02/23/2011,ProShares UltraShort 20+ Year Treasury,TBT,155.92,156.32,-0.25589,-0.4,37950,5917164000
02/22/2011,ProShares UltraShort 20+ Year Treasury,TBT,156.32,161.32,-3.09943,-5,37950,5932344000
02/18/2011,ProShares UltraShort 20+ Year Treasury,TBT,161.32,159.6,1.07769,1.72,37931.25,6119069250
02/17/2011,ProShares UltraShort 20+ Year Treasury,TBT,159.6,160.28,-0.42426,-0.68,37612.5,6002955000
02/16/2011,ProShares UltraShort 20+ Year Treasury,TBT,160.28,160,0.17500,0.28,37218.75,5965421250
02/15/2011,ProShares UltraShort 20+ Year Treasury,TBT,160,160.04,-0.02499,-0.04,36843.75,5895000000
02/14/2011,ProShares UltraShort 20+ Year Treasury,TBT,160.04,162.4,-1.45320,-2.36,36693.75,5872467750
02/11/2011,ProShares UltraShort 20+ Year Treasury,TBT,162.4,165.16,-1.67111,-2.76,36300,5895120000
02/10/2011,ProShares UltraShort 20+ Year Treasury,TBT,165.16,161.4,2.32962,3.76,36018.75,5948856750
02/09/2011,ProShares UltraShort 20+ Year Treasury,TBT,161.4,165,-2.18182,-3.6,35887.5,5792242500
02/08/2011,ProShares UltraShort 20+ Year Treasury,TBT,165,162.36,1.62602,2.64,35587.5,5871937500
02/07/2011,ProShares UltraShort 20+ Year Treasury,TBT,162.36,163.72,-0.83069,-1.36,35531.25,5768853750
02/04/2011,ProShares UltraShort 20+ Year Treasury,TBT,163.72,160,2.32500,3.72,35362.5,5789548500
02/03/2011,ProShares UltraShort 20+ Year Treasury,TBT,160,158.92,0.67959,1.08,35287.5,5646000000
02/02/2011,ProShares UltraShort 20+ Year Treasury,TBT,158.92,157.56,0.86316,1.36,35137.5,5584051500
02/01/2011,ProShares UltraShort 20+ Year Treasury,TBT,157.56,155.6,1.25964,1.96,35100,5530356000
01/31/2011,ProShares UltraShort 20+ Year Treasury,TBT,155.6,153.48,1.38129,2.12,35231.25,5481982500
01/28/2011,ProShares UltraShort 20+ Year Treasury,TBT,153.48,155.32,-1.18465,-1.84,35400,5433192000
01/27/2011,ProShares UltraShort 20+ Year Treasury,TBT,155.32,157.32,-1.27129,-2,35493.75,5512889250
01/26/2011,ProShares UltraShort 20+ Year Treasury,TBT,157.32,151.28,3.99260,6.04,35700,5616324000
01/25/2011,ProShares UltraShort 20+ Year Treasury,TBT,151.28,155.72,-2.85127,-4.44,35718.75,5403532500
01/24/2011,ProShares UltraShort 20+ Year Treasury,TBT,155.72,156.72,-0.63808,-1,35625,5547525000
01/21/2011,ProShares UltraShort 20+ Year Treasury,TBT,156.72,159.2,-1.55779,-2.48,35512.5,5565519000
01/20/2011,ProShares UltraShort 20+ Year Treasury,TBT,159.2,154.52,3.02873,4.68,35662.5,5677470000
01/19/2011,ProShares UltraShort 20+ Year Treasury,TBT,154.52,156.44,-1.22731,-1.92,36187.5,5591692500
01/18/2011,ProShares UltraShort 20+ Year Treasury,TBT,156.44,155.08,0.87697,1.36,36187.5,5661172500
01/14/2011,ProShares UltraShort 20+ Year Treasury,TBT,155.08,153.32,1.14793,1.76,36187.5,5611957500
01/13/2011,ProShares UltraShort 20+ Year Treasury,TBT,153.32,154.64,-0.85360,-1.32,36225,5554017000
01/12/2011,ProShares UltraShort 20+ Year Treasury,TBT,154.64,153.04,1.04548,1.6,36112.5,5584437000
01/11/2011,ProShares UltraShort 20+ Year Treasury,TBT,153.04,153.2,-0.10444,-0.16,36300,5555352000
01/10/2011,ProShares UltraShort 20+ Year Treasury,TBT,153.2,153.52,-0.20844,-0.32,36225,5549670000
01/07/2011,ProShares UltraShort 20+ Year Treasury,TBT,153.52,155.88,-1.51399,-2.36,36375,5584290000
01/06/2011,ProShares UltraShort 20+ Year Treasury,TBT,155.88,156.84,-0.61209,-0.96,36412.5,5675980500
01/05/2011,ProShares UltraShort 20+ Year Treasury,TBT,156.84,151.48,3.53842,5.36,36806.25,5772692250
01/04/2011,ProShares UltraShort 20+ Year Treasury,TBT,151.48,149.56,1.28377,1.92,36956.25,5598132750
01/03/2011,ProShares UltraShort 20+ Year Treasury,TBT,149.56,147.24,1.57566,2.32,37143.75,5555219250
12/31/2010,ProShares UltraShort 20+ Year Treasury,TBT,147.24,151.52,-2.82471,-4.28,36975,5444199000
12/30/2010,ProShares UltraShort 20+ Year Treasury,TBT,151.52,150.44,0.71789,1.08,36618.75,5548473000
12/29/2010,ProShares UltraShort 20+ Year Treasury,TBT,150.44,157.56,-4.51891,-7.12,36093.75,5429943750
12/28/2010,ProShares UltraShort 20+ Year Treasury,TBT,157.56,151.4,4.06869,6.16,35718.75,5627846250
12/27/2010,ProShares UltraShort 20+ Year Treasury,TBT,151.4,154.32,-1.89217,-2.92,35625,5393625000
12/23/2010,ProShares UltraShort 20+ Year Treasury,TBT,154.32,152.92,0.91551,1.4,35493.75,5477395500
12/22/2010,ProShares UltraShort 20+ Year Treasury,TBT,152.92,152,0.60526,0.92,35400,5413368000
12/21/2010,ProShares UltraShort 20+ Year Treasury,TBT,152,153.52,-0.99010,-1.52,35400,5380800000
12/20/2010,ProShares UltraShort 20+ Year Treasury,TBT,153.52,151.36,1.42706,2.16,35400,5434608000
12/17/2010,ProShares UltraShort 20+ Year Treasury,TBT,151.36,160.2,-5.51810,-8.84,34875,5278680000
12/16/2010,ProShares UltraShort 20+ Year Treasury,TBT,160.2,161.28,-0.66964,-1.08,34181.25,5475836250
12/15/2010,ProShares UltraShort 20+ Year Treasury,TBT,161.28,159,1.43396,2.28,34593.75,5579280000
12/14/2010,ProShares UltraShort 20+ Year Treasury,TBT,159,151.64,4.85360,7.36,35400,5628600000
12/13/2010,ProShares UltraShort 20+ Year Treasury,TBT,151.64,152.84,-0.78513,-1.2,35925,5447667000
12/10/2010,ProShares UltraShort 20+ Year Treasury,TBT,152.84,151.56,0.84455,1.28,36018.75,5505105750
12/09/2010,ProShares UltraShort 20+ Year Treasury,TBT,151.56,153.76,-1.43080,-2.2,36018.75,5459001750
12/08/2010,ProShares UltraShort 20+ Year Treasury,TBT,153.76,152.56,0.78658,1.2,36075,5546892000
12/07/2010,ProShares UltraShort 20+ Year Treasury,TBT,152.56,144.44,5.62171,8.12,36506.25,5569393500
12/06/2010,ProShares UltraShort 20+ Year Treasury,TBT,144.44,147.84,-2.29978,-3.4,36581.25,5283795750
12/03/2010,ProShares UltraShort 20+ Year Treasury,TBT,147.84,145.64,1.51057,2.2,36750,5433120000
12/02/2010,ProShares UltraShort 20+ Year Treasury,TBT,145.64,144.48,0.80288,1.16,36731.25,5349539250
12/01/2010,ProShares UltraShort 20+ Year Treasury,TBT,144.48,138.4,4.39306,6.08,36918.75,5334021000
11/30/2010,ProShares UltraShort 20+ Year Treasury,TBT,138.4,140.52,-1.50868,-2.12,36862.5,5101770000
11/29/2010,ProShares UltraShort 20+ Year Treasury,TBT,140.52,143.24,-1.89891,-2.72,36431.25,5119319250
11/26/2010,ProShares UltraShort 20+ Year Treasury,TBT,143.24,147.56,-2.92762,-4.32,36412.5,5215726500
11/24/2010,ProShares UltraShort 20+ Year Treasury,TBT,147.56,141.64,4.17961,5.92,36412.5,5373028500
11/23/2010,ProShares UltraShort 20+ Year Treasury,TBT,141.64,143.48,-1.28241,-1.84,36431.25,5160122250
11/22/2010,ProShares UltraShort 20+ Year Treasury,TBT,143.48,145.88,-1.64519,-2.4,36487.5,5235226500
11/19/2010,ProShares UltraShort 20+ Year Treasury,TBT,145.88,147.56,-1.13852,-1.68,36581.25,5336472750
11/18/2010,ProShares UltraShort 20+ Year Treasury,TBT,147.56,147.24,0.21733,0.32,36450,5378562000
11/17/2010,ProShares UltraShort 20+ Year Treasury,TBT,147.24,146.24,0.68381,1,36206.25,5331008250
11/16/2010,ProShares UltraShort 20+ Year Treasury,TBT,146.24,152.04,-3.81479,-5.8,36375,5319480000
11/15/2010,ProShares UltraShort 20+ Year Treasury,TBT,152.04,147,3.42857,5.04,36750,5587470000
11/12/2010,ProShares UltraShort 20+ Year Treasury,TBT,147,145.64,0.93381,1.36,36750,5402250000
11/11/2010,ProShares UltraShort 20+ Year Treasury,TBT,145.64,145.64,0.00000,0,36937.5,5379577500
11/10/2010,ProShares UltraShort 20+ Year Treasury,TBT,145.64,146.16,-0.35577,-0.52,36937.5,5379577500
11/09/2010,ProShares UltraShort 20+ Year Treasury,TBT,146.16,141.12,3.57143,5.04,36975,5404266000
11/08/2010,ProShares UltraShort 20+ Year Treasury,TBT,141.12,140.6,0.36984,0.52,36750,5186160000
11/05/2010,ProShares UltraShort 20+ Year Treasury,TBT,140.6,137.2,2.47813,3.4,36543.75,5138051250
11/04/2010,ProShares UltraShort 20+ Year Treasury,TBT,137.2,138.72,-1.09573,-1.52,36243.75,4972642500
11/03/2010,ProShares UltraShort 20+ Year Treasury,TBT,138.72,133.24,4.11288,5.48,36918.75,5121369000
11/02/2010,ProShares UltraShort 20+ Year Treasury,TBT,133.24,137.04,-2.77291,-3.8,36206.25,4824120750
11/01/2010,ProShares UltraShort 20+ Year Treasury,TBT,137.04,136.28,0.55768,0.76,35868.75,4915453500
10/29/2010,ProShares UltraShort 20+ Year Treasury,TBT,136.28,139.04,-1.98504,-2.76,35756.25,4872861750
10/28/2010,ProShares UltraShort 20+ Year Treasury,TBT,139.04,138.48,0.40439,0.56,35868.75,4987191000
10/27/2010,ProShares UltraShort 20+ Year Treasury,TBT,138.48,136.4,1.52493,2.08,35906.25,4972297500
10/26/2010,ProShares UltraShort 20+ Year Treasury,TBT,136.4,132.64,2.83474,3.76,35718.75,4872037500
10/25/2010,ProShares UltraShort 20+ Year Treasury,TBT,132.64,134.04,-1.04446,-1.4,35812.5,4750170000
10/22/2010,ProShares UltraShort 20+ Year Treasury,TBT,134.04,134.28,-0.17873,-0.24,35700,4785228000
10/21/2010,ProShares UltraShort 20+ Year Treasury,TBT,134.28,132.08,1.66566,2.2,35512.5,4768618500
10/20/2010,ProShares UltraShort 20+ Year Treasury,TBT,132.08,132.72,-0.48222,-0.64,35268.75,4658296500
10/19/2010,ProShares UltraShort 20+ Year Treasury,TBT,132.72,133.68,-0.71813,-0.96,35250,4678380000
10/18/2010,ProShares UltraShort 20+ Year Treasury,TBT,133.68,137.2,-2.56560,-3.52,35250,4712220000
10/15/2010,ProShares UltraShort 20+ Year Treasury,TBT,137.2,132.92,3.21998,4.28,35175,4826010000
10/14/2010,ProShares UltraShort 20+ Year Treasury,TBT,132.92,130,2.24615,2.92,35175,4675461000
10/13/2010,ProShares UltraShort 20+ Year Treasury,TBT,130,128.64,1.05721,1.36,35118.75,4565437500
10/12/2010,ProShares UltraShort 20+ Year Treasury,TBT,128.64,126.8,1.45110,1.84,35118.75,4517676000
10/11/2010,ProShares UltraShort 20+ Year Treasury,TBT,126.8,126.8,0.00000,0,35118.75,4453057500
10/08/2010,ProShares UltraShort 20+ Year Treasury,TBT,126.8,125.48,1.05196,1.32,35118.75,4453057500
10/07/2010,ProShares UltraShort 20+ Year Treasury,TBT,125.48,123.56,1.55390,1.92,35268.75,4425522750
10/06/2010,ProShares UltraShort 20+ Year Treasury,TBT,123.56,126.48,-2.30867,-2.92,35268.75,4357806750
10/05/2010,ProShares UltraShort 20+ Year Treasury,TBT,126.48,125.68,0.63654,0.8,34800,4401504000
10/04/2010,ProShares UltraShort 20+ Year Treasury,TBT,125.68,126.36,-0.53814,-0.68,34687.5,4359525000
10/01/2010,ProShares UltraShort 20+ Year Treasury,TBT,126.36,124.92,1.15274,1.44,34800,4397328000
09/30/2010,ProShares UltraShort 20+ Year Treasury,TBT,124.92,125.16,-0.19175,-0.24,34668.75,4330820250
09/29/2010,ProShares UltraShort 20+ Year Treasury,TBT,125.16,123.4,1.42626,1.76,34650,4336794000
09/28/2010,ProShares UltraShort 20+ Year Treasury,TBT,123.4,125.68,-1.81413,-2.28,34331.25,4236476250
09/27/2010,ProShares UltraShort 20+ Year Treasury,TBT,125.68,129.88,-3.23375,-4.2,33825,4251126000
09/24/2010,ProShares UltraShort 20+ Year Treasury,TBT,129.88,127.24,2.07482,2.64,33506.25,4351791750
09/23/2010,ProShares UltraShort 20+ Year Treasury,TBT,127.24,127.68,-0.34461,-0.44,33506.25,4263335250
09/22/2010,ProShares UltraShort 20+ Year Treasury,TBT,127.68,129.6,-1.48148,-1.92,33412.5,4266108000
09/21/2010,ProShares UltraShort 20+ Year Treasury,TBT,129.6,133.32,-2.79028,-3.72,33112.5,4291380000
09/20/2010,ProShares UltraShort 20+ Year Treasury,TBT,133.32,135.28,-1.44885,-1.96,32887.5,4384561500
09/17/2010,ProShares UltraShort 20+ Year Treasury,TBT,135.28,135.88,-0.44157,-0.6,32962.5,4459167000
09/16/2010,ProShares UltraShort 20+ Year Treasury,TBT,135.88,133.76,1.58493,2.12,32643.75,4435632750
09/15/2010,ProShares UltraShort 20+ Year Treasury,TBT,133.76,130.16,2.76583,3.6,33037.5,4419096000
09/14/2010,ProShares UltraShort 20+ Year Treasury,TBT,130.16,132.92,-2.07644,-2.76,32775,4265994000
09/13/2010,ProShares UltraShort 20+ Year Treasury,TBT,132.92,134.24,-0.98331,-1.32,32850,4366422000
09/10/2010,ProShares UltraShort 20+ Year Treasury,TBT,134.24,132.92,0.99308,1.32,33300,4470192000
09/09/2010,ProShares UltraShort 20+ Year Treasury,TBT,132.92,127.92,3.90869,5,34106.25,4533402750
09/08/2010,ProShares UltraShort 20+ Year Treasury,TBT,127.92,125.64,1.81471,2.28,34106.25,4362871500
09/07/2010,ProShares UltraShort 20+ Year Treasury,TBT,125.64,130.88,-4.00367,-5.24,33956.25,4266263250
09/03/2010,ProShares UltraShort 20+ Year Treasury,TBT,130.88,128.44,1.89972,2.44,33975,4446648000
09/02/2010,ProShares UltraShort 20+ Year Treasury,TBT,128.44,125.88,2.03368,2.56,34706.25,4457670750
09/01/2010,ProShares UltraShort 20+ Year Treasury,TBT,125.88,120.76,4.23981,5.12,35231.25,4434909750
08/31/2010,ProShares UltraShort 20+ Year Treasury,TBT,120.76,123.68,-2.36093,-2.92,35231.25,4254525750
08/30/2010,ProShares UltraShort 20+ Year Treasury,TBT,123.68,128.04,-3.40519,-4.36,35043.75,4334211000
08/27/2010,ProShares UltraShort 20+ Year Treasury,TBT,128.04,121.32,5.53907,6.72,35043.75,4487001750
08/26/2010,ProShares UltraShort 20+ Year Treasury,TBT,121.32,123.2,-1.52597,-1.88,35043.75,4251507750
08/25/2010,ProShares UltraShort 20+ Year Treasury,TBT,123.2,122.76,0.35842,0.44,35043.75,4317390000
08/24/2010,ProShares UltraShort 20+ Year Treasury,TBT,122.76,127.08,-3.39943,-4.32,34387.5,4221409500
08/23/2010,ProShares UltraShort 20+ Year Treasury,TBT,127.08,127,0.06299,0.08,34312.5,4360432500
08/20/2010,ProShares UltraShort 20+ Year Treasury,TBT,127,126.92,0.06303,0.08,34350,4362450000
08/19/2010,ProShares UltraShort 20+ Year Treasury,TBT,126.92,130.2,-2.51920,-3.28,33881.25,4300208250
08/18/2010,ProShares UltraShort 20+ Year Treasury,TBT,130.2,131.8,-1.21396,-1.6,33300,4335660000
08/17/2010,ProShares UltraShort 20+ Year Treasury,TBT,131.8,129.8,1.54083,2,32737.5,4314802500
08/16/2010,ProShares UltraShort 20+ Year Treasury,TBT,129.8,136.76,-5.08921,-6.96,31987.5,4151977500
08/13/2010,ProShares UltraShort 20+ Year Treasury,TBT,136.76,139.64,-2.06245,-2.88,31312.5,4282297500
08/12/2010,ProShares UltraShort 20+ Year Treasury,TBT,139.64,139.2,0.31609,0.44,30993.75,4327967250
08/11/2010,ProShares UltraShort 20+ Year Treasury,TBT,139.2,144.64,-3.76106,-5.44,30787.5,4285620000
08/10/2010,ProShares UltraShort 20+ Year Treasury,TBT,144.64,143.76,0.61213,0.88,30656.25,4434120000
08/09/2010,ProShares UltraShort 20+ Year Treasury,TBT,143.76,143.6,0.11142,0.16,30656.25,4407142500
08/06/2010,ProShares UltraShort 20+ Year Treasury,TBT,143.6,146.64,-2.07310,-3.04,30562.5,4388775000
08/05/2010,ProShares UltraShort 20+ Year Treasury,TBT,146.64,147.04,-0.27203,-0.4,30562.5,4481685000
08/04/2010,ProShares UltraShort 20+ Year Treasury,TBT,147.04,145.96,0.73993,1.08,30468.75,4480125000
08/03/2010,ProShares UltraShort 20+ Year Treasury,TBT,145.96,147.12,-0.78847,-1.16,30468.75,4447218750
08/02/2010,ProShares UltraShort 20+ Year Treasury,TBT,147.12,143.08,2.82360,4.04,30375,4468770000
07/30/2010,ProShares UltraShort 20+ Year Treasury,TBT,143.08,148.4,-3.58491,-5.32,30506.25,4364834250
07/29/2010,ProShares UltraShort 20+ Year Treasury,TBT,148.4,148.08,0.21610,0.32,30506.25,4527127500
07/28/2010,ProShares UltraShort 20+ Year Treasury,TBT,148.08,148.76,-0.45711,-0.68,31050,4597884000
07/27/2010,ProShares UltraShort 20+ Year Treasury,TBT,148.76,145.96,1.91833,2.8,31593.75,4699886250
07/26/2010,ProShares UltraShort 20+ Year Treasury,TBT,145.96,146,-0.02740,-0.04,31931.25,4660685250
07/23/2010,ProShares UltraShort 20+ Year Treasury,TBT,146,142.72,2.29821,3.28,31950,4664700000
07/22/2010,ProShares UltraShort 20+ Year Treasury,TBT,142.72,140.44,1.62347,2.28,31968.75,4562580000
07/21/2010,ProShares UltraShort 20+ Year Treasury,TBT,140.44,143.48,-2.11876,-3.04,31893.75,4479158250
07/20/2010,ProShares UltraShort 20+ Year Treasury,TBT,143.48,144.76,-0.88422,-1.28,31893.75,4576115250
07/19/2010,ProShares UltraShort 20+ Year Treasury,TBT,144.76,143.28,1.03294,1.48,31893.75,4616939250
07/16/2010,ProShares UltraShort 20+ Year Treasury,TBT,143.28,144.16,-0.61043,-0.88,31931.25,4575109500
07/15/2010,ProShares UltraShort 20+ Year Treasury,TBT,144.16,147.36,-2.17155,-3.2,31706.25,4570773000
07/14/2010,ProShares UltraShort 20+ Year Treasury,TBT,147.36,150.84,-2.30708,-3.48,31575,4652892000
07/13/2010,ProShares UltraShort 20+ Year Treasury,TBT,150.84,147.96,1.94647,2.88,31706.25,4782570750
07/12/2010,ProShares UltraShort 20+ Year Treasury,TBT,147.96,148.04,-0.05404,-0.08,31875,4716225000
07/09/2010,ProShares UltraShort 20+ Year Treasury,TBT,148.04,146.24,1.23085,1.8,31893.75,4721550750
07/08/2010,ProShares UltraShort 20+ Year Treasury,TBT,146.24,144.12,1.47100,2.12,31837.5,4655916000
07/07/2010,ProShares UltraShort 20+ Year Treasury,TBT,144.12,141.24,2.03908,2.88,31725,4572207000
07/06/2010,ProShares UltraShort 20+ Year Treasury,TBT,141.24,143.92,-1.86215,-2.68,31706.25,4478190750
07/02/2010,ProShares UltraShort 20+ Year Treasury,TBT,143.92,140.52,2.41958,3.4,31706.25,4563163500
07/01/2010,ProShares UltraShort 20+ Year Treasury,TBT,140.52,142.6,-1.45863,-2.08,31743.75,4460631750
06/30/2010,ProShares UltraShort 20+ Year Treasury,TBT,142.6,144.44,-1.27389,-1.84,31856.25,4542701250
06/29/2010,ProShares UltraShort 20+ Year Treasury,TBT,144.44,147.6,-2.14092,-3.16,31856.25,4601316750
06/28/2010,ProShares UltraShort 20+ Year Treasury,TBT,147.6,150.52,-1.93994,-2.92,31856.25,4701982500
06/25/2010,ProShares UltraShort 20+ Year Treasury,TBT,150.52,151.4,-0.58124,-0.88,31631.25,4761135750
06/24/2010,ProShares UltraShort 20+ Year Treasury,TBT,151.4,149.92,0.98719,1.48,31631.25,4788971250
06/23/2010,ProShares UltraShort 20+ Year Treasury,TBT,149.92,152.04,-1.39437,-2.12,31593.75,4736535000
06/22/2010,ProShares UltraShort 20+ Year Treasury,TBT,152.04,155.4,-2.16216,-3.36,31312.5,4760752500
06/21/2010,ProShares UltraShort 20+ Year Treasury,TBT,155.4,154.56,0.54348,0.84,31312.5,4865962500
06/18/2010,ProShares UltraShort 20+ Year Treasury,TBT,154.56,153.32,0.80877,1.24,31556.25,4877334000
06/17/2010,ProShares UltraShort 20+ Year Treasury,TBT,153.32,157.52,-2.66633,-4.2,31237.5,4789333500
06/16/2010,ProShares UltraShort 20+ Year Treasury,TBT,157.52,159.12,-1.00553,-1.6,31050,4890996000
06/15/2010,ProShares UltraShort 20+ Year Treasury,TBT,159.12,157.64,0.93885,1.48,31050,4940676000
06/14/2010,ProShares UltraShort 20+ Year Treasury,TBT,157.64,154.56,1.99275,3.08,31143.75,4909500750
06/11/2010,ProShares UltraShort 20+ Year Treasury,TBT,154.56,160.2,-3.52060,-5.64,31593.75,4883130000
06/10/2010,ProShares UltraShort 20+ Year Treasury,TBT,160.2,154.44,3.72960,5.76,31556.25,5055311250
06/09/2010,ProShares UltraShort 20+ Year Treasury,TBT,154.44,153.12,0.86207,1.32,31800,4911192000
06/08/2010,ProShares UltraShort 20+ Year Treasury,TBT,153.12,154.72,-1.03413,-1.6,31725,4857732000
06/07/2010,ProShares UltraShort 20+ Year Treasury,TBT,154.72,154.4,0.20725,0.32,31837.5,4925898000
06/04/2010,ProShares UltraShort 20+ Year Treasury,TBT,154.4,163.88,-5.78472,-9.48,31725,4898340000
06/03/2010,ProShares UltraShort 20+ Year Treasury,TBT,163.88,161.36,1.56173,2.52,31725,5199093000
06/02/2010,ProShares UltraShort 20+ Year Treasury,TBT,161.36,159.16,1.38226,2.2,31912.5,5149401000
06/01/2010,ProShares UltraShort 20+ Year Treasury,TBT,159.16,160.56,-0.87195,-1.4,32025,5097099000
05/28/2010,ProShares UltraShort 20+ Year Treasury,TBT,160.56,162.04,-0.91335,-1.48,32137.5,5159997000
05/27/2010,ProShares UltraShort 20+ Year Treasury,TBT,162.04,155.92,3.92509,6.12,32137.5,5207560500
05/26/2010,ProShares UltraShort 20+ Year Treasury,TBT,155.92,152.96,1.93515,2.96,32306.25,5037190500
05/25/2010,ProShares UltraShort 20+ Year Treasury,TBT,152.96,155.88,-1.87324,-2.92,32006.25,4895676000
05/24/2010,ProShares UltraShort 20+ Year Treasury,TBT,155.88,153.84,1.32605,2.04,31743.75,4948215750
05/21/2010,ProShares UltraShort 20+ Year Treasury,TBT,153.84,157.12,-2.08758,-3.28,31425,4834422000
05/20/2010,ProShares UltraShort 20+ Year Treasury,TBT,157.12,162.2,-3.13194,-5.08,31293.75,4916874000
05/19/2010,ProShares UltraShort 20+ Year Treasury,TBT,162.2,162.96,-0.46637,-0.76,30862.5,5005897500
05/18/2010,ProShares UltraShort 20+ Year Treasury,TBT,162.96,167.88,-2.93066,-4.92,30862.5,5029353000
05/17/2010,ProShares UltraShort 20+ Year Treasury,TBT,167.88,166.64,0.74412,1.24,30787.5,5168605500
05/14/2010,ProShares UltraShort 20+ Year Treasury,TBT,166.64,174.6,-4.55899,-7.96,30750,5124180000
05/13/2010,ProShares UltraShort 20+ Year Treasury,TBT,174.6,175.32,-0.41068,-0.72,30600,5342760000
05/12/2010,ProShares UltraShort 20+ Year Treasury,TBT,175.32,172.8,1.45833,2.52,30600,5364792000
05/11/2010,ProShares UltraShort 20+ Year Treasury,TBT,172.8,172.16,0.37175,0.64,30600,5287680000
05/10/2010,ProShares UltraShort 20+ Year Treasury,TBT,172.16,165.96,3.73584,6.2,30618.75,5271324000
05/07/2010,ProShares UltraShort 20+ Year Treasury,TBT,165.96,159.96,3.75094,6,31200,5177952000
05/06/2010,ProShares UltraShort 20+ Year Treasury,TBT,159.96,173,-7.53757,-13.04,30300,4846788000
05/05/2010,ProShares UltraShort 20+ Year Treasury,TBT,173,175.52,-1.43573,-2.52,29962.5,5183512500
05/04/2010,ProShares UltraShort 20+ Year Treasury,TBT,175.52,181.64,-3.36930,-6.12,29212.5,5127378000
05/03/2010,ProShares UltraShort 20+ Year Treasury,TBT,181.64,180.76,0.48683,0.88,28856.25,5241449250
04/30/2010,ProShares UltraShort 20+ Year Treasury,TBT,180.76,184.52,-2.03772,-3.76,28556.25,5161827750
04/29/2010,ProShares UltraShort 20+ Year Treasury,TBT,184.52,187.36,-1.51580,-2.84,28312.5,5224222500
04/28/2010,ProShares UltraShort 20+ Year Treasury,TBT,187.36,183.08,2.33778,4.28,28275,5297604000
04/27/2010,ProShares UltraShort 20+ Year Treasury,TBT,183.08,189.92,-3.60152,-6.84,28331.25,5186885250
04/26/2010,ProShares UltraShort 20+ Year Treasury,TBT,189.92,189.6,0.16878,0.32,27037.5,5134962000
04/23/2010,ProShares UltraShort 20+ Year Treasury,TBT,189.6,187.92,0.89400,1.68,26231.25,4973445000
04/22/2010,ProShares UltraShort 20+ Year Treasury,TBT,187.92,186.48,0.77220,1.44,26175,4918806000
04/21/2010,ProShares UltraShort 20+ Year Treasury,TBT,186.48,190.4,-2.05882,-3.92,25800,4811184000
04/20/2010,ProShares UltraShort 20+ Year Treasury,TBT,190.4,191.96,-0.81267,-1.56,25293.75,4815930000
04/19/2010,ProShares UltraShort 20+ Year Treasury,TBT,191.96,190.48,0.77698,1.48,25162.5,4830193500
04/16/2010,ProShares UltraShort 20+ Year Treasury,TBT,190.48,193.96,-1.79418,-3.48,25162.5,4792953000
04/15/2010,ProShares UltraShort 20+ Year Treasury,TBT,193.96,193.76,0.10322,0.2,25125,4873245000
04/14/2010,ProShares UltraShort 20+ Year Treasury,TBT,193.76,190.64,1.63659,3.12,25125,4868220000
04/13/2010,ProShares UltraShort 20+ Year Treasury,TBT,190.64,192.56,-0.99709,-1.92,24825,4732638000
04/12/2010,ProShares UltraShort 20+ Year Treasury,TBT,192.56,195.56,-1.53406,-3,24450,4708092000
04/09/2010,ProShares UltraShort 20+ Year Treasury,TBT,195.56,196.44,-0.44797,-0.88,24112.5,4715440500
04/08/2010,ProShares UltraShort 20+ Year Treasury,TBT,196.44,195.6,0.42945,0.84,24168.75,4747709250
04/07/2010,ProShares UltraShort 20+ Year Treasury,TBT,195.6,202,-3.16832,-6.4,23906.25,4676062500
04/06/2010,ProShares UltraShort 20+ Year Treasury,TBT,202,202,0.00000,0,23962.5,4840425000
04/05/2010,ProShares UltraShort 20+ Year Treasury,TBT,202,195.28,3.44121,6.72,23981.25,4844212500
04/01/2010,ProShares UltraShort 20+ Year Treasury,TBT,195.28,194.64,0.32881,0.64,23962.5,4679397000
03/31/2010,ProShares UltraShort 20+ Year Treasury,TBT,194.64,197.32,-1.35820,-2.68,23812.5,4634865000
03/30/2010,ProShares UltraShort 20+ Year Treasury,TBT,197.32,197.64,-0.16191,-0.32,23681.25,4672784250
03/29/2010,ProShares UltraShort 20+ Year Treasury,TBT,197.64,197.36,0.14187,0.28,23625,4669245000
03/26/2010,ProShares UltraShort 20+ Year Treasury,TBT,197.36,199.08,-0.86397,-1.72,23625,4662630000
03/25/2010,ProShares UltraShort 20+ Year Treasury,TBT,199.08,195.72,1.71674,3.36,23625,4703265000
03/24/2010,ProShares UltraShort 20+ Year Treasury,TBT,195.72,188.52,3.81922,7.2,23643.75,4627554750
03/23/2010,ProShares UltraShort 20+ Year Treasury,TBT,188.52,187.04,0.79127,1.48,24262.5,4573966500
03/22/2010,ProShares UltraShort 20+ Year Treasury,TBT,187.04,187.88,-0.44709,-0.84,24262.5,4538058000
03/19/2010,ProShares UltraShort 20+ Year Treasury,TBT,187.88,188.44,-0.29718,-0.56,24150,4537302000
03/18/2010,ProShares UltraShort 20+ Year Treasury,TBT,188.44,187.52,0.49061,0.92,23962.5,4515493500
03/17/2010,ProShares UltraShort 20+ Year Treasury,TBT,187.52,188.76,-0.65692,-1.24,23718.75,4447740000
03/16/2010,ProShares UltraShort 20+ Year Treasury,TBT,188.76,191.52,-1.44110,-2.76,23475,4431141000
03/15/2010,ProShares UltraShort 20+ Year Treasury,TBT,191.52,191.52,0.00000,0,23175,4438476000
03/12/2010,ProShares UltraShort 20+ Year Treasury,TBT,191.52,193.28,-0.91060,-1.76,23081.25,4420521000
03/11/2010,ProShares UltraShort 20+ Year Treasury,TBT,193.28,195.16,-0.96331,-1.88,23062.5,4457520000
03/10/2010,ProShares UltraShort 20+ Year Treasury,TBT,195.16,194.6,0.28777,0.56,23081.25,4504536750
03/09/2010,ProShares UltraShort 20+ Year Treasury,TBT,194.6,194.24,0.18534,0.36,23400,4553640000
03/08/2010,ProShares UltraShort 20+ Year Treasury,TBT,194.24,192.32,0.99834,1.92,23437.5,4552500000
03/05/2010,ProShares UltraShort 20+ Year Treasury,TBT,192.32,187.68,2.47229,4.64,23531.25,4525530000
03/04/2010,ProShares UltraShort 20+ Year Treasury,TBT,187.68,189.52,-0.97087,-1.84,23625,4433940000
03/03/2010,ProShares UltraShort 20+ Year Treasury,TBT,189.52,188.6,0.48780,0.92,23625,4477410000
03/02/2010,ProShares UltraShort 20+ Year Treasury,TBT,188.6,188,0.31915,0.6,23587.5,4448602500
03/01/2010,ProShares UltraShort 20+ Year Treasury,TBT,188,186.4,0.85837,1.6,23456.25,4409775000
02/26/2010,ProShares UltraShort 20+ Year Treasury,TBT,186.4,189.84,-1.81205,-3.44,23250,4333800000
02/25/2010,ProShares UltraShort 20+ Year Treasury,TBT,189.84,193.16,-1.71878,-3.32,22837.5,4335471000
02/24/2010,ProShares UltraShort 20+ Year Treasury,TBT,193.16,193.04,0.06216,0.12,22612.5,4367830500
02/23/2010,ProShares UltraShort 20+ Year Treasury,TBT,193.04,199.36,-3.17014,-6.32,22556.25,4354258500
02/22/2010,ProShares UltraShort 20+ Year Treasury,TBT,199.36,197.8,0.78868,1.56,22537.5,4493076000
02/19/2010,ProShares UltraShort 20+ Year Treasury,TBT,197.8,201.16,-1.67031,-3.36,22631.25,4476461250
02/18/2010,ProShares UltraShort 20+ Year Treasury,TBT,201.16,198.76,1.20749,2.4,22593.75,4544958750
02/17/2010,ProShares UltraShort 20+ Year Treasury,TBT,198.76,194.16,2.36918,4.6,22931.25,4557815250
02/16/2010,ProShares UltraShort 20+ Year Treasury,TBT,194.16,195.52,-0.69558,-1.36,22931.25,4452331500
02/12/2010,ProShares UltraShort 20+ Year Treasury,TBT,195.52,196.96,-0.73111,-1.44,22931.25,4483518000
02/11/2010,ProShares UltraShort 20+ Year Treasury,TBT,196.96,194.48,1.27520,2.48,23062.5,4542390000
02/10/2010,ProShares UltraShort 20+ Year Treasury,TBT,194.48,190.52,2.07852,3.96,23531.25,4576357500
02/09/2010,ProShares UltraShort 20+ Year Treasury,TBT,190.52,187.92,1.38357,2.6,23718.75,4518896250
02/08/2010,ProShares UltraShort 20+ Year Treasury,TBT,187.92,186.4,0.81545,1.52,23643.75,4443133500
02/05/2010,ProShares UltraShort 20+ Year Treasury,TBT,186.4,189.64,-1.70850,-3.24,23456.25,4372245000
02/04/2010,ProShares UltraShort 20+ Year Treasury,TBT,189.64,195.12,-2.80853,-5.48,23343.75,4426908750
02/03/2010,ProShares UltraShort 20+ Year Treasury,TBT,195.12,190.44,2.45747,4.68,23437.5,4573125000
02/02/2010,ProShares UltraShort 20+ Year Treasury,TBT,190.44,191.56,-0.58467,-1.12,23625,4499145000
02/01/2010,ProShares UltraShort 20+ Year Treasury,TBT,191.56,188.32,1.72048,3.24,23700,4539972000
01/29/2010,ProShares UltraShort 20+ Year Treasury,TBT,188.32,192,-1.91667,-3.68,24018.75,4523211000
01/28/2010,ProShares UltraShort 20+ Year Treasury,TBT,192,191.24,0.39741,0.76,24018.75,4611600000
01/27/2010,ProShares UltraShort 20+ Year Treasury,TBT,191.24,192.12,-0.45805,-0.88,24168.75,4622031750
01/26/2010,ProShares UltraShort 20+ Year Treasury,TBT,192.12,191.52,0.31328,0.6,24393.75,4686527250
01/25/2010,ProShares UltraShort 20+ Year Treasury,TBT,191.52,189.2,1.22622,2.32,24468.75,4686255000
01/22/2010,ProShares UltraShort 20+ Year Treasury,TBT,189.2,189.2,0.00000,0,24468.75,4629487500
01/21/2010,ProShares UltraShort 20+ Year Treasury,TBT,189.2,191.4,-1.14943,-2.2,24675,4668510000
01/20/2010,ProShares UltraShort 20+ Year Treasury,TBT,191.4,195.04,-1.86628,-3.64,24562.5,4701262500
01/19/2010,ProShares UltraShort 20+ Year Treasury,TBT,195.04,193.88,0.59831,1.16,24450,4768728000
01/15/2010,ProShares UltraShort 20+ Year Treasury,TBT,193.88,196.96,-1.56377,-3.08,24356.25,4722189750
01/14/2010,ProShares UltraShort 20+ Year Treasury,TBT,196.96,202.16,-2.57222,-5.2,24037.5,4734426000
01/13/2010,ProShares UltraShort 20+ Year Treasury,TBT,202.16,197.24,2.49442,4.92,23662.5,4783611000
01/12/2010,ProShares UltraShort 20+ Year Treasury,TBT,197.24,204.12,-3.37057,-6.88,23643.75,4663493250
01/11/2010,ProShares UltraShort 20+ Year Treasury,TBT,204.12,202.4,0.84980,1.72,23081.25,4711344750
01/08/2010,ProShares UltraShort 20+ Year Treasury,TBT,202.4,202.36,0.01977,0.04,23118.75,4679235000
01/07/2010,ProShares UltraShort 20+ Year Treasury,TBT,202.36,201.48,0.43677,0.88,23137.5,4682104500
01/06/2010,ProShares UltraShort 20+ Year Treasury,TBT,201.48,196.72,2.41968,4.76,23137.5,4661743500
01/05/2010,ProShares UltraShort 20+ Year Treasury,TBT,196.72,200.92,-2.09038,-4.2,23156.25,4555297500
01/04/2010,ProShares UltraShort 20+ Year Treasury,TBT,200.92,199.84,0.54043,1.08,22856.25,4592277750
12/31/2009,ProShares UltraShort 20+ Year Treasury,TBT,199.84,197.64,1.11313,2.2,22893.75,4575087000
12/30/2009,ProShares UltraShort 20+ Year Treasury,TBT,197.64,200.64,-1.49522,-3,23025,4550661000
12/29/2009,ProShares UltraShort 20+ Year Treasury,TBT,200.64,204.12,-1.70488,-3.48,23043.75,4623498000
12/28/2009,ProShares UltraShort 20+ Year Treasury,TBT,204.12,203.36,0.37372,0.76,23081.25,4711344750
12/24/2009,ProShares UltraShort 20+ Year Treasury,TBT,203.36,198.6,2.39678,4.76,23081.25,4693803000
12/23/2009,ProShares UltraShort 20+ Year Treasury,TBT,198.6,198.56,0.02015,0.04,23081.25,4583936250
12/22/2009,ProShares UltraShort 20+ Year Treasury,TBT,198.56,196.44,1.07921,2.12,23025,4571844000
12/21/2009,ProShares UltraShort 20+ Year Treasury,TBT,196.44,190.24,3.25904,6.2,23193.75,4556180250
12/18/2009,ProShares UltraShort 20+ Year Treasury,TBT,190.24,187.84,1.27768,2.4,23306.25,4433781000
12/17/2009,ProShares UltraShort 20+ Year Treasury,TBT,187.84,195.2,-3.77049,-7.36,23362.5,4388412000
12/16/2009,ProShares UltraShort 20+ Year Treasury,TBT,195.2,195.52,-0.16367,-0.32,23175,4523760000
12/15/2009,ProShares UltraShort 20+ Year Treasury,TBT,195.52,192.24,1.70620,3.28,23156.25,4527510000
12/14/2009,ProShares UltraShort 20+ Year Treasury,TBT,192.24,193.56,-0.68196,-1.32,23343.75,4487602500
12/11/2009,ProShares UltraShort 20+ Year Treasury,TBT,193.56,193.2,0.18634,0.36,23362.5,4522045500
12/10/2009,ProShares UltraShort 20+ Year Treasury,TBT,193.2,188.48,2.50424,4.72,23662.5,4571595000
12/09/2009,ProShares UltraShort 20+ Year Treasury,TBT,188.48,186.92,0.83458,1.56,24037.5,4530588000
12/08/2009,ProShares UltraShort 20+ Year Treasury,TBT,186.92,188.48,-0.82767,-1.56,24225,4528137000
12/07/2009,ProShares UltraShort 20+ Year Treasury,TBT,188.48,189.56,-0.56974,-1.08,24281.25,4576530000
12/04/2009,ProShares UltraShort 20+ Year Treasury,TBT,189.56,184.6,2.68689,4.96,24337.5,4613416500
12/03/2009,ProShares UltraShort 20+ Year Treasury,TBT,184.6,181.44,1.74162,3.16,24712.5,4561927500
12/02/2009,ProShares UltraShort 20+ Year Treasury,TBT,181.44,181.4,0.02205,0.04,24712.5,4483836000
12/01/2009,ProShares UltraShort 20+ Year Treasury,TBT,181.4,177.2,2.37020,4.2,24656.25,4472643750
11/30/2009,ProShares UltraShort 20+ Year Treasury,TBT,177.2,177.84,-0.35987,-0.64,24675,4372410000
11/27/2009,ProShares UltraShort 20+ Year Treasury,TBT,177.84,179.88,-1.13409,-2.04,24393.75,4338184500
11/25/2009,ProShares UltraShort 20+ Year Treasury,TBT,179.88,181.2,-0.72848,-1.32,24393.75,4387947750
11/24/2009,ProShares UltraShort 20+ Year Treasury,TBT,181.2,183,-0.98361,-1.8,24356.25,4413352500
11/23/2009,ProShares UltraShort 20+ Year Treasury,TBT,183,183.6,-0.32680,-0.6,24356.25,4457193750
11/20/2009,ProShares UltraShort 20+ Year Treasury,TBT,183.6,183.24,0.19646,0.36,24393.75,4478692500
11/19/2009,ProShares UltraShort 20+ Year Treasury,TBT,183.24,184.16,-0.49957,-0.92,24431.25,4476782250
11/18/2009,ProShares UltraShort 20+ Year Treasury,TBT,184.16,181.36,1.54389,2.8,24206.25,4457823000
11/17/2009,ProShares UltraShort 20+ Year Treasury,TBT,181.36,181.72,-0.19811,-0.36,24243.75,4396846500
11/16/2009,ProShares UltraShort 20+ Year Treasury,TBT,181.72,187.8,-3.23749,-6.08,23868.75,4337429250
11/13/2009,ProShares UltraShort 20+ Year Treasury,TBT,187.8,189.76,-1.03288,-1.96,23512.5,4415647500
11/12/2009,ProShares UltraShort 20+ Year Treasury,TBT,189.76,191.72,-1.02232,-1.96,23568.75,4472406000
11/11/2009,ProShares UltraShort 20+ Year Treasury,TBT,191.72,191.72,0.00000,0,23643.75,4532979750
11/10/2009,ProShares UltraShort 20+ Year Treasury,TBT,191.72,191.04,0.35595,0.68,23643.75,4532979750
11/09/2009,ProShares UltraShort 20+ Year Treasury,TBT,191.04,190.84,0.10480,0.2,23793.75,4545558000
11/06/2009,ProShares UltraShort 20+ Year Treasury,TBT,190.84,192.08,-0.64556,-1.24,23812.5,4544377500
11/05/2009,ProShares UltraShort 20+ Year Treasury,TBT,192.08,193.8,-0.88751,-1.72,24281.25,4663942500
11/04/2009,ProShares UltraShort 20+ Year Treasury,TBT,193.8,188,3.08511,5.8,24525,4752945000
11/03/2009,ProShares UltraShort 20+ Year Treasury,TBT,188,184.12,2.10732,3.88,24525,4610700000
11/02/2009,ProShares UltraShort 20+ Year Treasury,TBT,184.12,182.2,1.05379,1.92,24806.25,4567326750
10/30/2009,ProShares UltraShort 20+ Year Treasury,TBT,182.2,189.28,-3.74049,-7.08,24825,4523115000
10/29/2009,ProShares UltraShort 20+ Year Treasury,TBT,189.28,183.4,3.20611,5.88,24618.75,4659837000
10/28/2009,ProShares UltraShort 20+ Year Treasury,TBT,183.4,186.24,-1.52491,-2.84,25012.5,4587292500
10/27/2009,ProShares UltraShort 20+ Year Treasury,TBT,186.24,191.28,-2.63488,-5.04,25012.5,4658328000
10/26/2009,ProShares UltraShort 20+ Year Treasury,TBT,191.28,187.04,2.26689,4.24,24900,4762872000
10/23/2009,ProShares UltraShort 20+ Year Treasury,TBT,187.04,184.84,1.19022,2.2,25050,4685352000
10/22/2009,ProShares UltraShort 20+ Year Treasury,TBT,184.84,183.84,0.54395,1,25143.75,4647570750
10/21/2009,ProShares UltraShort 20+ Year Treasury,TBT,183.84,179.88,2.20147,3.96,25162.5,4625874000
10/20/2009,ProShares UltraShort 20+ Year Treasury,TBT,179.88,183.4,-1.91930,-3.52,25293.75,4549839750
10/19/2009,ProShares UltraShort 20+ Year Treasury,TBT,183.4,185.24,-0.99331,-1.84,24956.25,4576976250
10/16/2009,ProShares UltraShort 20+ Year Treasury,TBT,185.24,189.6,-2.29958,-4.36,24956.25,4622895750
10/15/2009,ProShares UltraShort 20+ Year Treasury,TBT,189.6,187.28,1.23879,2.32,24956.25,4731705000
10/14/2009,ProShares UltraShort 20+ Year Treasury,TBT,187.28,180.36,3.83677,6.92,24993.75,4680829500
10/13/2009,ProShares UltraShort 20+ Year Treasury,TBT,180.36,184.96,-2.48702,-4.6,25106.25,4528163250
10/12/2009,ProShares UltraShort 20+ Year Treasury,TBT,184.96,185,-0.02162,-0.04,24881.25,4602036000
10/09/2009,ProShares UltraShort 20+ Year Treasury,TBT,185,177.44,4.26060,7.56,24881.25,4603031250
10/08/2009,ProShares UltraShort 20+ Year Treasury,TBT,177.44,172,3.16279,5.44,25275,4484796000
10/07/2009,ProShares UltraShort 20+ Year Treasury,TBT,172,175.72,-2.11700,-3.72,24825,4269900000
10/06/2009,ProShares UltraShort 20+ Year Treasury,TBT,175.72,173.84,1.08145,1.88,24525,4309533000
10/05/2009,ProShares UltraShort 20+ Year Treasury,TBT,173.84,173.4,0.25375,0.44,24525,4263426000
10/02/2009,ProShares UltraShort 20+ Year Treasury,TBT,173.4,170.84,1.49848,2.56,24487.5,4246132500
10/01/2009,ProShares UltraShort 20+ Year Treasury,TBT,170.84,175.84,-2.84349,-5,24506.25,4186647750
09/30/2009,ProShares UltraShort 20+ Year Treasury,TBT,175.84,174.56,0.73327,1.28,23756.25,4177299000
09/29/2009,ProShares UltraShort 20+ Year Treasury,TBT,174.56,175.64,-0.61489,-1.08,23756.25,4146891000
09/28/2009,ProShares UltraShort 20+ Year Treasury,TBT,175.64,178.28,-1.48082,-2.64,23325,4096803000
09/25/2009,ProShares UltraShort 20+ Year Treasury,TBT,178.28,183.12,-2.64308,-4.84,23193.75,4134981750
09/24/2009,ProShares UltraShort 20+ Year Treasury,TBT,183.12,184.16,-0.56473,-1.04,22556.25,4130500500
09/23/2009,ProShares UltraShort 20+ Year Treasury,TBT,184.16,185.32,-0.62594,-1.16,22162.5,4081446000
09/22/2009,ProShares UltraShort 20+ Year Treasury,TBT,185.32,187.68,-1.25746,-2.36,22162.5,4107154500
09/21/2009,ProShares UltraShort 20+ Year Treasury,TBT,187.68,187.16,0.27784,0.52,22162.5,4159458000
09/18/2009,ProShares UltraShort 20+ Year Treasury,TBT,187.16,183.92,1.76164,3.24,22068.75,4130387250
09/17/2009,ProShares UltraShort 20+ Year Treasury,TBT,183.92,189.24,-2.81124,-5.32,22125,4069230000
09/16/2009,ProShares UltraShort 20+ Year Treasury,TBT,189.24,189.04,0.10580,0.2,21975,4158549000
09/15/2009,ProShares UltraShort 20+ Year Treasury,TBT,189.04,186.44,1.39455,2.6,21975,4154154000
09/14/2009,ProShares UltraShort 20+ Year Treasury,TBT,186.44,183.96,1.34812,2.48,21975,4097019000
09/11/2009,ProShares UltraShort 20+ Year Treasury,TBT,183.96,184.08,-0.06519,-0.12,21975,4042521000
09/10/2009,ProShares UltraShort 20+ Year Treasury,TBT,184.08,194.24,-5.23064,-10.16,21262.5,3914001000
09/09/2009,ProShares UltraShort 20+ Year Treasury,TBT,194.24,192.92,0.68422,1.32,20981.25,4075398000
09/08/2009,ProShares UltraShort 20+ Year Treasury,TBT,192.92,190.8,1.11111,2.12,21206.25,4091109750
09/04/2009,ProShares UltraShort 20+ Year Treasury,TBT,190.8,184,3.69565,6.8,21225,4049730000
09/03/2009,ProShares UltraShort 20+ Year Treasury,TBT,184,181.52,1.36624,2.48,21337.5,3926100000
09/02/2009,ProShares UltraShort 20+ Year Treasury,TBT,181.52,186.96,-2.90971,-5.44,21150,3839148000
09/01/2009,ProShares UltraShort 20+ Year Treasury,TBT,186.96,186.4,0.30043,0.56,21075,3940182000
08/31/2009,ProShares UltraShort 20+ Year Treasury,TBT,186.4,187.76,-0.72433,-1.36,20831.25,3882945000
08/28/2009,ProShares UltraShort 20+ Year Treasury,TBT,187.76,188.96,-0.63506,-1.2,20775,3900714000
08/27/2009,ProShares UltraShort 20+ Year Treasury,TBT,188.96,187.16,0.96174,1.8,20775,3925644000
08/26/2009,ProShares UltraShort 20+ Year Treasury,TBT,187.16,189.04,-0.99450,-1.88,20437.5,3825082500
08/25/2009,ProShares UltraShort 20+ Year Treasury,TBT,189.04,192.44,-1.76678,-3.4,20175,3813882000
08/24/2009,ProShares UltraShort 20+ Year Treasury,TBT,192.44,197.28,-2.45337,-4.84,19968.75,3842786250
08/21/2009,ProShares UltraShort 20+ Year Treasury,TBT,197.28,190.32,3.65700,6.96,19968.75,3939435000
08/20/2009,ProShares UltraShort 20+ Year Treasury,TBT,190.32,193.16,-1.47028,-2.84,20062.5,3818295000
08/19/2009,ProShares UltraShort 20+ Year Treasury,TBT,193.16,197.52,-2.20737,-4.36,19668.75,3799215750
08/18/2009,ProShares UltraShort 20+ Year Treasury,TBT,197.52,196.4,0.57026,1.12,19406.25,3833122500
08/17/2009,ProShares UltraShort 20+ Year Treasury,TBT,196.4,200.28,-1.93729,-3.88,19406.25,3811387500
08/14/2009,ProShares UltraShort 20+ Year Treasury,TBT,200.28,201.68,-0.69417,-1.4,19275,3860397000
08/13/2009,ProShares UltraShort 20+ Year Treasury,TBT,201.68,208.72,-3.37294,-7.04,19218.75,3876037500
08/12/2009,ProShares UltraShort 20+ Year Treasury,TBT,208.72,204.88,1.87427,3.84,19143.75,3995683500
08/11/2009,ProShares UltraShort 20+ Year Treasury,TBT,204.88,209.2,-2.06501,-4.32,19350,3964428000
08/10/2009,ProShares UltraShort 20+ Year Treasury,TBT,209.2,215.04,-2.71577,-5.84,19368.75,4051942500
08/07/2009,ProShares UltraShort 20+ Year Treasury,TBT,215.04,209.6,2.59542,5.44,19162.5,4120704000
08/06/2009,ProShares UltraShort 20+ Year Treasury,TBT,209.6,212.68,-1.44819,-3.08,19743.75,4138290000
08/05/2009,ProShares UltraShort 20+ Year Treasury,TBT,212.68,207.04,2.72411,5.64,20043.75,4262904750
08/04/2009,ProShares UltraShort 20+ Year Treasury,TBT,207.04,204.32,1.33125,2.72,20287.5,4200324000
08/03/2009,ProShares UltraShort 20+ Year Treasury,TBT,204.32,197.56,3.42175,6.76,20550,4198776000
07/31/2009,ProShares UltraShort 20+ Year Treasury,TBT,197.56,206.88,-4.50503,-9.32,20550,4059858000
07/30/2009,ProShares UltraShort 20+ Year Treasury,TBT,206.88,210.24,-1.59817,-3.36,20100,4158288000
07/29/2009,ProShares UltraShort 20+ Year Treasury,TBT,210.24,211.24,-0.47340,-1,19856.25,4174578000
07/28/2009,ProShares UltraShort 20+ Year Treasury,TBT,211.24,217.64,-2.94064,-6.4,19856.25,4194434250
07/27/2009,ProShares UltraShort 20+ Year Treasury,TBT,217.64,214.04,1.68193,3.6,19968.75,4345998750
07/24/2009,ProShares UltraShort 20+ Year Treasury,TBT,214.04,217,-1.36406,-2.96,20081.25,4298190750
07/23/2009,ProShares UltraShort 20+ Year Treasury,TBT,217,208.88,3.88740,8.12,20325,4410525000
07/22/2009,ProShares UltraShort 20+ Year Treasury,TBT,208.88,203.12,2.83576,5.76,20456.25,4272901500
07/21/2009,ProShares UltraShort 20+ Year Treasury,TBT,203.12,209.32,-2.96197,-6.2,20606.25,4185541500
07/20/2009,ProShares UltraShort 20+ Year Treasury,TBT,209.32,213.64,-2.02209,-4.32,20268.75,4242654750
07/17/2009,ProShares UltraShort 20+ Year Treasury,TBT,213.64,208.52,2.45540,5.12,20381.25,4354250250
07/16/2009,ProShares UltraShort 20+ Year Treasury,TBT,208.52,210.84,-1.10036,-2.32,20268.75,4226439750
07/15/2009,ProShares UltraShort 20+ Year Treasury,TBT,210.84,202.48,4.12880,8.36,20175,4253697000
07/14/2009,ProShares UltraShort 20+ Year Treasury,TBT,202.48,195.68,3.47506,6.8,20400,4130592000
07/13/2009,ProShares UltraShort 20+ Year Treasury,TBT,195.68,193.88,0.92841,1.8,20775,4065252000
07/10/2009,ProShares UltraShort 20+ Year Treasury,TBT,193.88,200.96,-3.52309,-7.08,20775,4027857000
07/09/2009,ProShares UltraShort 20+ Year Treasury,TBT,200.96,192,4.66667,8.96,20475,4114656000
07/08/2009,ProShares UltraShort 20+ Year Treasury,TBT,192,201.12,-4.53461,-9.12,20718.75,3978000000
07/07/2009,ProShares UltraShort 20+ Year Treasury,TBT,201.12,203.68,-1.25687,-2.56,20306.25,4083993000
07/06/2009,ProShares UltraShort 20+ Year Treasury,TBT,203.68,202.4,0.63241,1.28,20306.25,4135977000
07/02/2009,ProShares UltraShort 20+ Year Treasury,TBT,202.4,204.84,-1.19117,-2.44,20156.25,4079625000
07/01/2009,ProShares UltraShort 20+ Year Treasury,TBT,204.84,202.96,0.92629,1.88,20062.5,4109602500
06/30/2009,ProShares UltraShort 20+ Year Treasury,TBT,202.96,202.32,0.31633,0.64,20062.5,4071885000
06/29/2009,ProShares UltraShort 20+ Year Treasury,TBT,202.32,202.2,0.05935,0.12,19875,4021110000
06/26/2009,ProShares UltraShort 20+ Year Treasury,TBT,202.2,204.04,-0.90178,-1.84,19462.5,3935317500
06/25/2009,ProShares UltraShort 20+ Year Treasury,TBT,204.04,210.48,-3.05967,-6.44,19125,3902265000
06/24/2009,ProShares UltraShort 20+ Year Treasury,TBT,210.48,207.4,1.48505,3.08,18937.5,3985965000
06/23/2009,ProShares UltraShort 20+ Year Treasury,TBT,207.4,211.12,-1.76203,-3.72,18937.5,3927637500
06/22/2009,ProShares UltraShort 20+ Year Treasury,TBT,211.12,217.84,-3.08483,-6.72,18937.5,3998085000
06/19/2009,ProShares UltraShort 20+ Year Treasury,TBT,217.84,224.2,-2.83675,-6.36,18806.25,4096753500
06/18/2009,ProShares UltraShort 20+ Year Treasury,TBT,224.2,214.24,4.64899,9.96,18637.5,4178527500
06/17/2009,ProShares UltraShort 20+ Year Treasury,TBT,214.24,216.88,-1.21726,-2.64,19012.5,4073238000
06/16/2009,ProShares UltraShort 20+ Year Treasury,TBT,216.88,220.4,-1.59710,-3.52,18937.5,4107165000
06/15/2009,ProShares UltraShort 20+ Year Treasury,TBT,220.4,226.12,-2.52963,-5.72,18843.75,4153162500
06/12/2009,ProShares UltraShort 20+ Year Treasury,TBT,226.12,230.12,-1.73822,-4,19050,4307586000
06/11/2009,ProShares UltraShort 20+ Year Treasury,TBT,230.12,234.92,-2.04325,-4.8,18918.75,4353582750
06/10/2009,ProShares UltraShort 20+ Year Treasury,TBT,234.92,228.68,2.72870,6.24,18993.75,4462011750
06/09/2009,ProShares UltraShort 20+ Year Treasury,TBT,228.68,227.8,0.38630,0.88,19293.75,4412094750
06/08/2009,ProShares UltraShort 20+ Year Treasury,TBT,227.8,229.64,-0.80125,-1.84,19181.25,4369488750
06/05/2009,ProShares UltraShort 20+ Year Treasury,TBT,229.64,225.36,1.89918,4.28,19125,4391865000
06/04/2009,ProShares UltraShort 20+ Year Treasury,TBT,225.36,215.6,4.52690,9.76,19143.75,4314235500
06/03/2009,ProShares UltraShort 20+ Year Treasury,TBT,215.6,218.88,-1.49854,-3.28,19312.5,4163775000
06/02/2009,ProShares UltraShort 20+ Year Treasury,TBT,218.88,224.72,-2.59879,-5.84,19106.25,4181976000
06/01/2009,ProShares UltraShort 20+ Year Treasury,TBT,224.72,209.96,7.02991,14.76,19106.25,4293556500
05/29/2009,ProShares UltraShort 20+ Year Treasury,TBT,209.96,223.32,-5.98245,-13.36,19331.25,4058789250
05/28/2009,ProShares UltraShort 20+ Year Treasury,TBT,223.32,228.48,-2.25840,-5.16,19050,4254246000
05/27/2009,ProShares UltraShort 20+ Year Treasury,TBT,228.48,217.92,4.84581,10.56,18581.25,4245444000
05/26/2009,ProShares UltraShort 20+ Year Treasury,TBT,217.92,214.88,1.41474,3.04,18525,4036968000
05/22/2009,ProShares UltraShort 20+ Year Treasury,TBT,214.88,209.6,2.51908,5.28,18356.25,3944391000
05/21/2009,ProShares UltraShort 20+ Year Treasury,TBT,209.6,200.28,4.65349,9.32,18225,3819960000
05/20/2009,ProShares UltraShort 20+ Year Treasury,TBT,200.28,203.64,-1.64997,-3.36,18225,3650103000
05/19/2009,ProShares UltraShort 20+ Year Treasury,TBT,203.64,201.92,0.85182,1.72,18150,3696066000
05/18/2009,ProShares UltraShort 20+ Year Treasury,TBT,201.92,196.48,2.76873,5.44,18093.75,3653490000
05/15/2009,ProShares UltraShort 20+ Year Treasury,TBT,196.48,195.24,0.63512,1.24,18093.75,3555060000
05/14/2009,ProShares UltraShort 20+ Year Treasury,TBT,195.24,196.24,-0.50958,-1,18018.75,3517980750
05/13/2009,ProShares UltraShort 20+ Year Treasury,TBT,196.24,201.16,-2.44581,-4.92,18018.75,3535999500
05/12/2009,ProShares UltraShort 20+ Year Treasury,TBT,201.16,202.64,-0.73036,-1.48,17962.5,3613336500
05/11/2009,ProShares UltraShort 20+ Year Treasury,TBT,202.64,209.04,-3.06162,-6.4,17925,3632322000
05/08/2009,ProShares UltraShort 20+ Year Treasury,TBT,209.04,209.72,-0.32424,-0.68,17793.75,3719605500
05/07/2009,ProShares UltraShort 20+ Year Treasury,TBT,209.72,199.76,4.98598,9.96,17812.5,3735637500
05/06/2009,ProShares UltraShort 20+ Year Treasury,TBT,199.76,198.36,0.70579,1.4,18131.25,3621898500
05/05/2009,ProShares UltraShort 20+ Year Treasury,TBT,198.36,199.16,-0.40169,-0.8,18131.25,3596514750
05/04/2009,ProShares UltraShort 20+ Year Treasury,TBT,199.16,200.84,-0.83649,-1.68,18243.75,3633425250
05/01/2009,ProShares UltraShort 20+ Year Treasury,TBT,200.84,198.48,1.18904,2.36,18262.5,3667840500
04/30/2009,ProShares UltraShort 20+ Year Treasury,TBT,198.48,197.32,0.58788,1.16,18262.5,3624741000
04/29/2009,ProShares UltraShort 20+ Year Treasury,TBT,197.32,193.24,2.11136,4.08,18450,3640554000
04/28/2009,ProShares UltraShort 20+ Year Treasury,TBT,193.24,186.76,3.46969,6.48,18506.25,3576147750
04/27/2009,ProShares UltraShort 20+ Year Treasury,TBT,186.76,189.76,-1.58094,-3,18618.75,3477237750
04/24/2009,ProShares UltraShort 20+ Year Treasury,TBT,189.76,185.24,2.44008,4.52,18618.75,3533094000
04/23/2009,ProShares UltraShort 20+ Year Treasury,TBT,185.24,187.6,-1.25800,-2.36,18806.25,3483669750
04/22/2009,ProShares UltraShort 20+ Year Treasury,TBT,187.6,182.84,2.60337,4.76,18843.75,3535087500
04/21/2009,ProShares UltraShort 20+ Year Treasury,TBT,182.84,179.52,1.84938,3.32,18956.25,3465960750
04/20/2009,ProShares UltraShort 20+ Year Treasury,TBT,179.52,185.52,-3.23415,-6,19012.5,3413124000
04/17/2009,ProShares UltraShort 20+ Year Treasury,TBT,185.52,180.96,2.51989,4.56,18731.25,3475021500
04/16/2009,ProShares UltraShort 20+ Year Treasury,TBT,180.96,177.2,2.12190,3.76,19106.25,3457467000
04/15/2009,ProShares UltraShort 20+ Year Treasury,TBT,177.2,177.96,-0.42706,-0.76,19106.25,3385627500
04/14/2009,ProShares UltraShort 20+ Year Treasury,TBT,177.96,179.64,-0.93520,-1.68,19106.25,3400148250
04/13/2009,ProShares UltraShort 20+ Year Treasury,TBT,179.64,184.24,-2.49674,-4.6,19068.75,3425510250
04/09/2009,ProShares UltraShort 20+ Year Treasury,TBT,184.24,178.56,3.18100,5.68,18918.75,3485590500
04/08/2009,ProShares UltraShort 20+ Year Treasury,TBT,178.56,182.52,-2.16963,-3.96,18918.75,3378132000
04/07/2009,ProShares UltraShort 20+ Year Treasury,TBT,182.52,184.72,-1.19099,-2.2,18862.5,3442783500
04/06/2009,ProShares UltraShort 20+ Year Treasury,TBT,184.72,182.76,1.07244,1.96,18787.5,3470427000
04/03/2009,ProShares UltraShort 20+ Year Treasury,TBT,182.76,174.84,4.52986,7.92,18731.25,3423323250
04/02/2009,ProShares UltraShort 20+ Year Treasury,TBT,174.84,170.24,2.70207,4.6,18693.75,3268415293.71
04/01/2009,ProShares UltraShort 20+ Year Treasury,TBT,170.24,174.48,-2.43008,-4.24,18656.25,3176040042.56
03/31/2009,ProShares UltraShort 20+ Year Treasury,TBT,174.48,176.52,-1.15568,-2.04,18243.75,3183169543.62
03/30/2009,ProShares UltraShort 20+ Year Treasury,TBT,176.52,178.04,-0.85374,-1.52,18018.75,3180669794.13
03/27/2009,ProShares UltraShort 20+ Year Treasury,TBT,178.04,179.48,-0.80232,-1.44,17812.5,3171337544.51
03/26/2009,ProShares UltraShort 20+ Year Treasury,TBT,179.48,183.72,-2.30786,-4.24,17718.75,3180161294.87
03/25/2009,ProShares UltraShort 20+ Year Treasury,TBT,183.72,177.76,3.35284,5.96,17512.5,3217396545.93
03/24/2009,ProShares UltraShort 20+ Year Treasury,TBT,177.76,182.48,-2.58658,-4.72,17456.25,3103023044.44
03/23/2009,ProShares UltraShort 20+ Year Treasury,TBT,182.48,180.48,1.10816,2,17418.75,3178573545.62
03/20/2009,ProShares UltraShort 20+ Year Treasury,TBT,180.48,178.68,1.00739,1.8,17343.75,3130200045.12
03/19/2009,ProShares UltraShort 20+ Year Treasury,TBT,178.68,177.08,0.90355,1.6,17343.75,3098981294.67
03/18/2009,ProShares UltraShort 20+ Year Treasury,TBT,177.08,194.16,-8.79687,-17.08,17156.25,3038028794.27
03/17/2009,ProShares UltraShort 20+ Year Treasury,TBT,194.16,191.68,1.29382,2.48,17193.75,3338338548.54
03/16/2009,ProShares UltraShort 20+ Year Treasury,TBT,191.68,186.8,2.61242,4.88,17193.75,3295698047.92
03/13/2009,ProShares UltraShort 20+ Year Treasury,TBT,186.8,184.84,1.06038,1.96,17362.5,3243315046.7
03/12/2009,ProShares UltraShort 20+ Year Treasury,TBT,184.84,186.4,-0.83691,-1.56,17325,3202353046.21
03/11/2009,ProShares UltraShort 20+ Year Treasury,TBT,186.4,190.08,-1.93603,-3.68,17250,3215400046.6
03/10/2009,ProShares UltraShort 20+ Year Treasury,TBT,190.08,183.84,3.39426,6.24,17587.5,3343032047.52
03/09/2009,ProShares UltraShort 20+ Year Treasury,TBT,183.84,178.76,2.84180,5.08,17587.5,3233286045.96
03/06/2009,ProShares UltraShort 20+ Year Treasury,TBT,178.76,178.68,0.04477,0.08,17625,3150645044.69
03/05/2009,ProShares UltraShort 20+ Year Treasury,TBT,178.68,191.32,-6.60673,-12.64,17418.75,3112382294.67
03/04/2009,ProShares UltraShort 20+ Year Treasury,TBT,191.32,190.12,0.63118,1.2,17043.75,3260810297.83
03/03/2009,ProShares UltraShort 20+ Year Treasury,TBT,190.12,188.32,0.95582,1.8,17156.25,3261746297.53
03/02/2009,ProShares UltraShort 20+ Year Treasury,TBT,188.32,193.44,-2.64682,-5.12,17156.25,3230865047.08
02/27/2009,ProShares UltraShort 20+ Year Treasury,TBT,193.44,189.24,2.21940,4.2,17006.25,3289689048.36
02/26/2009,ProShares UltraShort 20+ Year Treasury,TBT,189.24,187.04,1.17622,2.2,16931.25,3204069797.31
02/25/2009,ProShares UltraShort 20+ Year Treasury,TBT,187.04,181.2,3.22296,5.84,16968.75,3173835046.76
02/24/2009,ProShares UltraShort 20+ Year Treasury,TBT,181.2,182.68,-0.81016,-1.48,17325,3139290045.3
02/23/2009,ProShares UltraShort 20+ Year Treasury,TBT,182.68,184.72,-1.10437,-2.04,17325,3164931045.67
02/20/2009,ProShares UltraShort 20+ Year Treasury,TBT,184.72,192,-3.79167,-7.28,17325,3200274046.18
02/19/2009,ProShares UltraShort 20+ Year Treasury,TBT,192,182.8,5.03282,9.2,16893.75,3243600048
02/18/2009,ProShares UltraShort 20+ Year Treasury,TBT,182.8,179.88,1.62330,2.92,16706.25,3053902545.7
02/17/2009,ProShares UltraShort 20+ Year Treasury,TBT,179.88,192.72,-6.66252,-12.84,16518.75,2971392794.97
02/13/2009,ProShares UltraShort 20+ Year Treasury,TBT,192.72,180.56,6.73460,12.16,16312.5,3143745048.18
02/12/2009,ProShares UltraShort 20+ Year Treasury,TBT,180.56,180.16,0.22202,0.4,16312.5,2945385045.14
02/11/2009,ProShares UltraShort 20+ Year Treasury,TBT,180.16,184.36,-2.27815,-4.2,16106.25,2901702045.04
02/10/2009,ProShares UltraShort 20+ Year Treasury,TBT,184.36,195.04,-5.47580,-10.68,15956.25,2941694296.09
02/09/2009,ProShares UltraShort 20+ Year Treasury,TBT,195.04,194.4,0.32922,0.64,15731.25,3068223048.76
02/06/2009,ProShares UltraShort 20+ Year Treasury,TBT,194.4,191.6,1.46138,2.8,15731.25,3058155048.6
02/05/2009,ProShares UltraShort 20+ Year Treasury,TBT,191.6,193.96,-1.21675,-2.36,15693.75,3006922547.9
02/04/2009,ProShares UltraShort 20+ Year Treasury,TBT,193.96,191.64,1.21060,2.32,15656.25,3036686298.49
02/03/2009,ProShares UltraShort 20+ Year Treasury,TBT,191.64,183.6,4.37908,8.04,15637.5,2996770547.91
02/02/2009,ProShares UltraShort 20+ Year Treasury,TBT,183.6,191.84,-4.29525,-8.24,15637.5,2871045045.9
01/30/2009,ProShares UltraShort 20+ Year Treasury,TBT,191.84,189.76,1.09612,2.08,15712.5,3014286047.96
01/29/2009,ProShares UltraShort 20+ Year Treasury,TBT,189.76,182.64,3.89838,7.12,16218.75,3077670047.44
01/28/2009,ProShares UltraShort 20+ Year Treasury,TBT,182.64,172.32,5.98886,10.32,16293.75,2975890545.66
01/27/2009,ProShares UltraShort 20+ Year Treasury,TBT,172.32,180.72,-4.64807,-8.4,16087.5,2772198043.08
01/26/2009,ProShares UltraShort 20+ Year Treasury,TBT,180.72,178.56,1.20968,2.16,16087.5,2907333045.18
01/23/2009,ProShares UltraShort 20+ Year Treasury,TBT,178.56,175.24,1.89454,3.32,15956.25,2849148044.64
01/22/2009,ProShares UltraShort 20+ Year Treasury,TBT,175.24,169.84,3.17946,5.4,15956.25,2796173293.81
01/21/2009,ProShares UltraShort 20+ Year Treasury,TBT,169.84,159.32,6.60306,10.52,15656.25,2659057542.46
01/20/2009,ProShares UltraShort 20+ Year Treasury,TBT,159.32,156.68,1.68496,2.64,15450,2461494039.83
01/16/2009,ProShares UltraShort 20+ Year Treasury,TBT,156.68,154.56,1.37164,2.12,15206.25,2382515289.17
01/15/2009,ProShares UltraShort 20+ Year Treasury,TBT,154.56,155.68,-0.71942,-1.12,15018.75,2321298038.64
01/14/2009,ProShares UltraShort 20+ Year Treasury,TBT,155.68,162.32,-4.09069,-6.64,14475,2253468038.92
01/13/2009,ProShares UltraShort 20+ Year Treasury,TBT,162.32,161.24,0.66981,1.08,14456.25,2346538540.58
01/12/2009,ProShares UltraShort 20+ Year Treasury,TBT,161.24,166,-2.86747,-4.76,14325,2309763040.31
01/09/2009,ProShares UltraShort 20+ Year Treasury,TBT,166,166.2,-0.12034,-0.2,14325,2377950041.5
01/08/2009,ProShares UltraShort 20+ Year Treasury,TBT,166.2,167.44,-0.74056,-1.24,13668.75,2271746291.55
01/07/2009,ProShares UltraShort 20+ Year Treasury,TBT,167.44,167.64,-0.11930,-0.2,13106.25,2194510541.86
01/06/2009,ProShares UltraShort 20+ Year Treasury,TBT,167.64,166.08,0.93931,1.56,12881.25,2159412791.91
01/05/2009,ProShares UltraShort 20+ Year Treasury,TBT,166.08,156.36,6.21642,9.72,12468.75,2070810041.52
01/02/2009,ProShares UltraShort 20+ Year Treasury,TBT,156.36,149.64,4.49078,6.72,11550,1805958039.09
12/31/2008,ProShares UltraShort 20+ Year Treasury,TBT,149.64,142.92,4.70193,6.72,10612.5,1588054537.41
12/30/2008,ProShares UltraShort 20+ Year Treasury,TBT,142.92,144.8,-1.29834,-1.88,10350,1479222035.73
12/29/2008,ProShares UltraShort 20+ Year Treasury,TBT,144.8,144.12,0.47183,0.68,9843.75,1425375036.2
12/26/2008,ProShares UltraShort 20+ Year Treasury,TBT,144.12,145.52,-0.96207,-1.4,9562.5,1378147536.03
12/24/2008,ProShares UltraShort 20+ Year Treasury,TBT,145.52,145.16,0.24800,0.36,9562.5,1391535036.38
12/23/2008,ProShares UltraShort 20+ Year Treasury,TBT,145.16,144.32,0.58204,0.84,9562.5,1388092536.29
12/22/2008,ProShares UltraShort 20+ Year Treasury,TBT,144.32,143.2,0.78212,1.12,9075,1309704036.08
12/19/2008,ProShares UltraShort 20+ Year Treasury,TBT,143.2,142.56,0.44893,0.64,8512.5,1218990035.8
12/18/2008,ProShares UltraShort 20+ Year Treasury,TBT,142.56,148.68,-4.11622,-6.12,8081.25,1152063035.64
12/17/2008,ProShares UltraShort 20+ Year Treasury,TBT,148.68,158.76,-6.34921,-10.08,7556.25,1123463287.17
12/16/2008,ProShares UltraShort 20+ Year Treasury,TBT,158.76,166.28,-4.52249,-7.52,6712.5,1065676539.69
12/15/2008,ProShares UltraShort 20+ Year Treasury,TBT,166.28,169.04,-1.63275,-2.76,6637.5,1103683541.57
12/12/2008,ProShares UltraShort 20+ Year Treasury,TBT,169.04,170.4,-0.79812,-1.36,6206.25,1049104542.26
12/11/2008,ProShares UltraShort 20+ Year Treasury,TBT,170.4,171.2,-0.46729,-0.8,5700,971280042.6
12/10/2008,ProShares UltraShort 20+ Year Treasury,TBT,171.2,170.28,0.54029,0.92,5418.75,927690042.8
12/09/2008,ProShares UltraShort 20+ Year Treasury,TBT,170.28,174.36,-2.33999,-4.08,5268.75,897162792.57
12/08/2008,ProShares UltraShort 20+ Year Treasury,TBT,174.36,172.64,0.99629,1.72,5100,889236043.59
12/05/2008,ProShares UltraShort 20+ Year Treasury,TBT,172.64,170.64,1.17206,2,4612.5,796302043.16
12/04/2008,ProShares UltraShort 20+ Year Treasury,TBT,170.64,175.8,-2.93515,-5.16,4350,742284042.66
12/03/2008,ProShares UltraShort 20+ Year Treasury,TBT,175.8,176.68,-0.49808,-0.88,4256.25,748248793.95
12/02/2008,ProShares UltraShort 20+ Year Treasury,TBT,176.68,178.68,-1.11932,-2,3956.25,698990294.17
12/01/2008,ProShares UltraShort 20+ Year Treasury,TBT,178.68,193.48,-7.64937,-14.8,3618.75,646598294.67
11/28/2008,ProShares UltraShort 20+ Year Treasury,TBT,193.48,197.28,-1.92620,-3.8,3506.25,678389298.37
11/26/2008,ProShares UltraShort 20+ Year Treasury,TBT,197.28,201.04,-1.87027,-3.76,3412.5,673218049.32
11/25/2008,ProShares UltraShort 20+ Year Treasury,TBT,201.04,209,-3.80861,-7.96,2906.25,584272550.26
11/24/2008,ProShares UltraShort 20+ Year Treasury,TBT,209,203.96,2.47107,5.04,2643.75,552543802.25
11/21/2008,ProShares UltraShort 20+ Year Treasury,TBT,203.96,205.52,-0.75905,-1.56,2531.25,516273800.99
11/20/2008,ProShares UltraShort 20+ Year Treasury,TBT,205.52,223.4,-8.00358,-17.88,2531.25,520222551.38
11/19/2008,ProShares UltraShort 20+ Year Treasury,TBT,223.4,234.76,-4.83898,-11.36,2400,536160055.85
11/18/2008,ProShares UltraShort 20+ Year Treasury,TBT,234.76,239.16,-1.83977,-4.4,2306.25,541415308.69
11/17/2008,ProShares UltraShort 20+ Year Treasury,TBT,239.16,241.32,-0.89508,-2.16,2306.25,551562809.79
11/14/2008,ProShares UltraShort 20+ Year Treasury,TBT,241.32,249.68,-3.34829,-8.36,2231.25,538445310.33
11/13/2008,ProShares UltraShort 20+ Year Treasury,TBT,249.68,241.44,3.41286,8.24,2081.25,519646562.42
11/12/2008,ProShares UltraShort 20+ Year Treasury,TBT,241.44,243.72,-0.93550,-2.28,2062.5,497970060.36
11/11/2008,ProShares UltraShort 20+ Year Treasury,TBT,243.72,243.72,0.00000,0,2006.25,488963310.93
11/10/2008,ProShares UltraShort 20+ Year Treasury,TBT,243.72,248.44,-1.89986,-4.72,1950,475254060.93
11/07/2008,ProShares UltraShort 20+ Year Treasury,TBT,248.44,244.4,1.65303,4.04,1950,484458062.11
11/06/2008,ProShares UltraShort 20+ Year Treasury,TBT,244.4,242.32,0.85837,2.08,1950,476580061.1
11/05/2008,ProShares UltraShort 20+ Year Treasury,TBT,242.32,246.6,-1.73560,-4.28,1893.75,458893560.58
11/04/2008,ProShares UltraShort 20+ Year Treasury,TBT,246.6,254.92,-3.26377,-8.32,1818.75,448503811.65
11/03/2008,ProShares UltraShort 20+ Year Treasury,TBT,254.92,258.36,-1.33148,-3.44,1818.75,463635813.73
10/31/2008,ProShares UltraShort 20+ Year Treasury,TBT,258.36,251.64,2.67048,6.72,1818.75,469892314.59
10/30/2008,ProShares UltraShort 20+ Year Treasury,TBT,251.64,249.16,0.99534,2.48,1818.75,457670312.91
10/29/2008,ProShares UltraShort 20+ Year Treasury,TBT,249.16,243.2,2.45066,5.96,1818.75,453159812.29
10/28/2008,ProShares UltraShort 20+ Year Treasury,TBT,243.2,238.32,2.04767,4.88,1818.75,442320060.8
10/27/2008,ProShares UltraShort 20+ Year Treasury,TBT,238.32,237.6,0.30303,0.72,1781.25,424507559.58
10/24/2008,ProShares UltraShort 20+ Year Treasury,TBT,237.6,229.12,3.70112,8.48,1781.25,423225059.4
10/23/2008,ProShares UltraShort 20+ Year Treasury,TBT,229.12,237.72,-3.61770,-8.6,1781.25,408120057.28
10/22/2008,ProShares UltraShort 20+ Year Treasury,TBT,237.72,244.28,-2.68544,-6.56,1781.25,423438809.43
10/21/2008,ProShares UltraShort 20+ Year Treasury,TBT,244.28,251.64,-2.92481,-7.36,1781.25,435123811.07
10/20/2008,ProShares UltraShort 20+ Year Treasury,TBT,251.64,254.48,-1.11600,-2.84,1781.25,448233812.91
10/17/2008,ProShares UltraShort 20+ Year Treasury,TBT,254.48,249.2,2.11878,5.28,1725,438978063.62
10/16/2008,ProShares UltraShort 20+ Year Treasury,TBT,249.2,250.52,-0.52690,-1.32,1725,429870062.3
10/15/2008,ProShares UltraShort 20+ Year Treasury,TBT,250.52,249.84,0.27217,0.68,1725,432147062.63
10/14/2008,ProShares UltraShort 20+ Year Treasury,TBT,249.84,241.24,3.56491,8.6,1650,412236062.46
10/13/2008,ProShares UltraShort 20+ Year Treasury,TBT,241.24,241.24,0.00000,0,1500,361860060.31
10/10/2008,ProShares UltraShort 20+ Year Treasury,TBT,241.24,240.24,0.41625,1,1500,361860060.31
10/09/2008,ProShares UltraShort 20+ Year Treasury,TBT,240.24,235.32,2.09077,4.92,1500,360360060.06
10/08/2008,ProShares UltraShort 20+ Year Treasury,TBT,235.32,229.32,2.61643,6,1425,335331058.83
10/07/2008,ProShares UltraShort 20+ Year Treasury,TBT,229.32,224.04,2.35672,5.28,1425,326781057.33
10/06/2008,ProShares UltraShort 20+ Year Treasury,TBT,224.04,237.64,-5.72294,-13.6,1406.25,315056306.01
10/03/2008,ProShares UltraShort 20+ Year Treasury,TBT,237.64,239.12,-0.61894,-1.48,1387.5,329725559.41
10/02/2008,ProShares UltraShort 20+ Year Treasury,TBT,239.12,245.8,-2.71766,-6.68,1387.5,331779059.78
10/01/2008,ProShares UltraShort 20+ Year Treasury,TBT,245.8,250.32,-1.80569,-4.52,1350,331830061.45
09/30/2008,ProShares UltraShort 20+ Year Treasury,TBT,250.32,238.44,4.98239,11.88,1350,337932062.58
09/29/2008,ProShares UltraShort 20+ Year Treasury,TBT,238.44,253.24,-5.84426,-14.8,1331.25,317423309.61
09/26/2008,ProShares UltraShort 20+ Year Treasury,TBT,253.24,257.36,-1.60087,-4.12,1293.75,327629313.31
09/25/2008,ProShares UltraShort 20+ Year Treasury,TBT,257.36,255.48,0.73587,1.88,1293.75,332959564.34
09/24/2008,ProShares UltraShort 20+ Year Treasury,TBT,255.48,260.56,-1.94965,-5.08,1312.5,335317563.87
09/23/2008,ProShares UltraShort 20+ Year Treasury,TBT,260.56,258.96,0.61786,1.6,1275,332214065.14
09/22/2008,ProShares UltraShort 20+ Year Treasury,TBT,258.96,256.12,1.10886,2.84,1275,330174064.74
09/19/2008,ProShares UltraShort 20+ Year Treasury,TBT,256.12,237.68,7.75833,18.44,1237.5,316948564.03
09/18/2008,ProShares UltraShort 20+ Year Treasury,TBT,237.68,235.96,0.72894,1.72,1237.5,294129059.42
09/17/2008,ProShares UltraShort 20+ Year Treasury,TBT,235.96,236.88,-0.38838,-0.92,1237.5,292000558.99
09/16/2008,ProShares UltraShort 20+ Year Treasury,TBT,236.88,239.84,-1.23416,-2.96,1200,284256059.22
09/15/2008,ProShares UltraShort 20+ Year Treasury,TBT,239.84,253.8,-5.50039,-13.96,1200,287808059.96
09/12/2008,ProShares UltraShort 20+ Year Treasury,TBT,253.8,245.96,3.18751,7.84,1200,304560063.45
09/11/2008,ProShares UltraShort 20+ Year Treasury,TBT,245.96,247.28,-0.53381,-1.32,1181.25,290540311.49
09/10/2008,ProShares UltraShort 20+ Year Treasury,TBT,247.28,244.92,0.96358,2.36,1181.25,292099561.82
09/09/2008,ProShares UltraShort 20+ Year Treasury,TBT,244.92,250.4,-2.18850,-5.48,1143.75,280127311.23
09/08/2008,ProShares UltraShort 20+ Year Treasury,TBT,250.4,251.24,-0.33434,-0.84,1143.75,286395062.6
09/05/2008,ProShares UltraShort 20+ Year Treasury,TBT,251.24,251.52,-0.11132,-0.28,1143.75,287355812.81
09/04/2008,ProShares UltraShort 20+ Year Treasury,TBT,251.52,254.24,-1.06986,-2.72,1143.75,287676062.88
09/03/2008,ProShares UltraShort 20+ Year Treasury,TBT,254.24,257.4,-1.22766,-3.16,1143.75,290787063.56
09/02/2008,ProShares UltraShort 20+ Year Treasury,TBT,257.4,261.44,-1.54529,-4.04,1143.75,294401314.35
08/29/2008,ProShares UltraShort 20+ Year Treasury,TBT,261.44,259.48,0.75536,1.96,1143.75,299022065.36
08/28/2008,ProShares UltraShort 20+ Year Treasury,TBT,259.48,259.28,0.07714,0.2,1143.75,296780314.87
08/27/2008,ProShares UltraShort 20+ Year Treasury,TBT,259.28,260.08,-0.30760,-0.8,1143.75,296551564.82
08/26/2008,ProShares UltraShort 20+ Year Treasury,TBT,260.08,260.6,-0.19954,-0.52,1143.75,297466565.02
08/25/2008,ProShares UltraShort 20+ Year Treasury,TBT,260.6,265.2,-1.73454,-4.6,1143.75,298061315.15
08/22/2008,ProShares UltraShort 20+ Year Treasury,TBT,265.2,265.64,-0.16564,-0.44,1143.75,303322566.3
08/21/2008,ProShares UltraShort 20+ Year Treasury,TBT,265.64,263.92,0.65171,1.72,1143.75,303825816.41
08/20/2008,ProShares UltraShort 20+ Year Treasury,TBT,263.92,266.08,-0.81179,-2.16,1143.75,301858565.98
08/19/2008,ProShares UltraShort 20+ Year Treasury,TBT,266.08,263.92,0.81843,2.16,1143.75,304329066.52
08/18/2008,ProShares UltraShort 20+ Year Treasury,TBT,263.92,266.64,-1.02010,-2.72,1143.75,301858565.98
08/15/2008,ProShares UltraShort 20+ Year Treasury,TBT,266.64,270.08,-1.27370,-3.44,1143.75,304969566.66
08/14/2008,ProShares UltraShort 20+ Year Treasury,TBT,270.08,274.72,-1.68899,-4.64,1143.75,308904067.52
08/13/2008,ProShares UltraShort 20+ Year Treasury,TBT,274.72,272.56,0.79249,2.16,1125,309060068.68
08/12/2008,ProShares UltraShort 20+ Year Treasury,TBT,272.56,277.76,-1.87212,-5.2,1125,306630068.14
08/11/2008,ProShares UltraShort 20+ Year Treasury,TBT,277.76,273.48,1.56501,4.28,1125,312480069.44
08/08/2008,ProShares UltraShort 20+ Year Treasury,TBT,273.48,274.24,-0.27713,-0.76,1125,307665068.37
08/07/2008,ProShares UltraShort 20+ Year Treasury,TBT,274.24,284.32,-3.54530,-10.08,1125,308520068.56
08/06/2008,ProShares UltraShort 20+ Year Treasury,TBT,284.32,280.04,1.52835,4.28,1125,319860071.08
08/05/2008,ProShares UltraShort 20+ Year Treasury,TBT,280.04,276.88,1.14129,3.16,1125,315045070.01
08/04/2008,ProShares UltraShort 20+ Year Treasury,TBT,276.88,275.88,0.36248,1,1125,311490069.22
08/01/2008,ProShares UltraShort 20+ Year Treasury,TBT,275.88,278.52,-0.94787,-2.64,1087.5,300019568.97
07/31/2008,ProShares UltraShort 20+ Year Treasury,TBT,278.52,281.6,-1.09375,-3.08,1087.5,302890569.63
07/30/2008,ProShares UltraShort 20+ Year Treasury,TBT,281.6,280.44,0.41364,1.16,1087.5,306240070.4
07/29/2008,ProShares UltraShort 20+ Year Treasury,TBT,280.44,279.8,0.22873,0.64,1087.5,304978570.11
07/28/2008,ProShares UltraShort 20+ Year Treasury,TBT,279.8,286.96,-2.49512,-7.16,1087.5,304282569.95
07/25/2008,ProShares UltraShort 20+ Year Treasury,TBT,286.96,280.24,2.39794,6.72,1050,301308071.74
07/24/2008,ProShares UltraShort 20+ Year Treasury,TBT,280.24,287.76,-2.61329,-7.52,1050,294252070.06
07/23/2008,ProShares UltraShort 20+ Year Treasury,TBT,287.76,284.68,1.08192,3.08,1050,302148071.94
07/22/2008,ProShares UltraShort 20+ Year Treasury,TBT,284.68,283.12,0.55100,1.56,1050,298914071.17
07/21/2008,ProShares UltraShort 20+ Year Treasury,TBT,283.12,284.2,-0.38001,-1.08,1050,297276070.78
07/18/2008,ProShares UltraShort 20+ Year Treasury,TBT,284.2,282.64,0.55194,1.56,1012.5,287752571.05
07/17/2008,ProShares UltraShort 20+ Year Treasury,TBT,282.64,278.12,1.62520,4.52,1012.5,286173070.66
07/16/2008,ProShares UltraShort 20+ Year Treasury,TBT,278.12,269.88,3.05321,8.24,975,271167069.53
07/15/2008,ProShares UltraShort 20+ Year Treasury,TBT,269.88,269.72,0.05932,0.16,975,263133067.47
07/14/2008,ProShares UltraShort 20+ Year Treasury,TBT,269.72,273.88,-1.51891,-4.16,862.5,232633567.43
07/11/2008,ProShares UltraShort 20+ Year Treasury,TBT,273.88,266.32,2.83869,7.56,862.5,236221568.47
07/10/2008,ProShares UltraShort 20+ Year Treasury,TBT,266.32,266.8,-0.17991,-0.48,825,219714066.58
07/09/2008,ProShares UltraShort 20+ Year Treasury,TBT,266.8,268.76,-0.72928,-1.96,825,220110066.7
07/08/2008,ProShares UltraShort 20+ Year Treasury,TBT,268.76,272.48,-1.36524,-3.72,806.25,216687817.19
07/07/2008,ProShares UltraShort 20+ Year Treasury,TBT,272.48,274.76,-0.82982,-2.28,806.25,219687068.12
07/03/2008,ProShares UltraShort 20+ Year Treasury,TBT,274.76,273.12,0.60047,1.64,768.75,211221818.69
07/02/2008,ProShares UltraShort 20+ Year Treasury,TBT,273.12,276.48,-1.21528,-3.36,768.75,209961068.28
07/01/2008,ProShares UltraShort 20+ Year Treasury,TBT,276.48,275.56,0.33387,0.92,768.75,212544069.12
06/30/2008,ProShares UltraShort 20+ Year Treasury,TBT,275.56,275.76,-0.07253,-0.2,731.25,201503318.89
06/27/2008,ProShares UltraShort 20+ Year Treasury,TBT,275.76,280.88,-1.82284,-5.12,675,186138068.94
06/26/2008,ProShares UltraShort 20+ Year Treasury,TBT,280.88,285.8,-1.72148,-4.92,675,189594070.22
06/25/2008,ProShares UltraShort 20+ Year Treasury,TBT,285.8,285.56,0.08405,0.24,600,171480071.45
06/24/2008,ProShares UltraShort 20+ Year Treasury,TBT,285.56,289.8,-1.46308,-4.24,600,171336071.39
06/23/2008,ProShares UltraShort 20+ Year Treasury,TBT,289.8,289.16,0.22133,0.64,600,173880072.45
06/20/2008,ProShares UltraShort 20+ Year Treasury,TBT,289.16,293.48,-1.47199,-4.32,600,173496072.29
06/19/2008,ProShares UltraShort 20+ Year Treasury,TBT,293.48,291.8,0.57574,1.68,600,176088073.37
06/18/2008,ProShares UltraShort 20+ Year Treasury,TBT,291.8,296.8,-1.68464,-5,600,175080072.95
06/17/2008,ProShares UltraShort 20+ Year Treasury,TBT,296.8,296.2,0.20257,0.6,525,155820074.2
06/16/2008,ProShares UltraShort 20+ Year Treasury,TBT,296.2,298.36,-0.72396,-2.16,525,155505074.05
06/13/2008,ProShares UltraShort 20+ Year Treasury,TBT,298.36,295.24,1.05677,3.12,525,156639074.59
06/12/2008,ProShares UltraShort 20+ Year Treasury,TBT,295.24,289.4,2.01797,5.84,487.5,143929573.81
06/11/2008,ProShares UltraShort 20+ Year Treasury,TBT,289.4,289.56,-0.05526,-0.16,450,130230072.35
06/10/2008,ProShares UltraShort 20+ Year Treasury,TBT,289.56,283.28,2.21689,6.28,450,130302072.39
06/09/2008,ProShares UltraShort 20+ Year Treasury,TBT,283.28,284.76,-0.51974,-1.48,431.25,122164570.82
06/06/2008,ProShares UltraShort 20+ Year Treasury,TBT,284.76,291.4,-2.27865,-6.64,393.75,112124321.19
06/05/2008,ProShares UltraShort 20+ Year Treasury,TBT,291.4,287.24,1.44827,4.16,393.75,114738822.85
06/04/2008,ProShares UltraShort 20+ Year Treasury,TBT,287.24,282.48,1.68508,4.76,393.75,113100821.81
06/03/2008,ProShares UltraShort 20+ Year Treasury,TBT,282.48,287.32,-1.68453,-4.84,393.75,111226570.62
06/02/2008,ProShares UltraShort 20+ Year Treasury,TBT,287.32,289.32,-0.69128,-2,318.75,91583321.83
05/30/2008,ProShares UltraShort 20+ Year Treasury,TBT,289.32,294.6,-1.79226,-5.28,318.75,92220822.33
05/29/2008,ProShares UltraShort 20+ Year Treasury,TBT,294.6,289.12,1.89541,5.48,318.75,93903823.65
05/28/2008,ProShares UltraShort 20+ Year Treasury,TBT,289.12,284.64,1.57392,4.48,243.75,70473072.28
05/27/2008,ProShares UltraShort 20+ Year Treasury,TBT,284.64,277.68,2.50648,6.96,243.75,69381071.16
05/23/2008,ProShares UltraShort 20+ Year Treasury,TBT,277.68,283.28,-1.97684,-5.6,206.25,57271569.42
05/22/2008,ProShares UltraShort 20+ Year Treasury,TBT,283.28,277.76,1.98733,5.52,187.5,53115070.82
05/21/2008,ProShares UltraShort 20+ Year Treasury,TBT,277.76,276.12,0.59394,1.64,168.75,46872069.44
05/20/2008,ProShares UltraShort 20+ Year Treasury,TBT,276.12,279.52,-1.21637,-3.4,168.75,46595319.03
05/19/2008,ProShares UltraShort 20+ Year Treasury,TBT,279.52,280.08,-0.19994,-0.56,131.25,36687069.88
05/16/2008,ProShares UltraShort 20+ Year Treasury,TBT,280.08,279.96,0.04286,0.12,131.25,36760570.02
05/15/2008,ProShares UltraShort 20+ Year Treasury,TBT,279.96,285.36,-1.89235,-5.4,75,20997069.99
05/14/2008,ProShares UltraShort 20+ Year Treasury,TBT,285.36,283.68,0.59222,1.68,75,21402071.34
05/13/2008,ProShares UltraShort 20+ Year Treasury,TBT,283.68,275.92,2.81241,7.76,75,21276070.92
05/12/2008,ProShares UltraShort 20+ Year Treasury,TBT,275.92,276.2,-0.10138,-0.28,75,20694068.98
05/09/2008,ProShares UltraShort 20+ Year Treasury,TBT,276.2,279.28,-1.10284,-3.08,75,20715069.05
05/08/2008,ProShares UltraShort 20+ Year Treasury,TBT,279.28,284.64,-1.88308,-5.36,37.5,10473069.82
05/07/2008,ProShares UltraShort 20+ Year Treasury,TBT,284.64,286.48,-0.64228,-1.84,37.5,10674071.16
05/06/2008,ProShares UltraShort 20+ Year Treasury,TBT,286.48,281.32,1.83421,5.16,37.5,10743071.62
05/05/2008,ProShares UltraShort 20+ Year Treasury,TBT,281.32,280.2,0.39971,1.12,37.5,10549570.33
05/02/2008,ProShares UltraShort 20+ Year Treasury,TBT,280.2,274.04,2.24785,6.16,37.5,10507570.05
05/01/2008,ProShares UltraShort 20+ Year Treasury,TBT,274.04,275.68,-0.59489,-1.64,37.5,10276568.51
04/30/2008,ProShares UltraShort 20+ Year Treasury,TBT,275.68,280,-1.54286,-4.32,37.5,10338068.92
04/29/2008,ProShares UltraShort 20+ Year Treasury,TBT,280,280,0.00000,0,37.5,10500070
04/28/2008,ProShares UltraShort 20+ Year Treasury,TBT,280,280,0.00000,0,0,70
