Date,ProShares Name,Ticker,NAV,Prior NAV,NAV Change (%),NAV Change ($),Shares Outstanding (000),Assets Under Management
07/07/2017,ProShares Ultra Bloomberg Crude Oil,UCO,13.5681,14.3935,-5.73453,-0.8254,61261.32,831199675.1877
07/06/2017,ProShares Ultra Bloomberg Crude Oil,UCO,14.3935,14.1684,1.58875,0.2251,61261.32,881764766.2395
07/05/2017,ProShares Ultra Bloomberg Crude Oil,UCO,14.1684,15.4422,-8.24882,-1.2738,61761.32,875059043.7828
07/03/2017,ProShares Ultra Bloomberg Crude Oil,UCO,15.4422,14.8031,4.31734,0.6391,62361.32,962995929.3774
06/30/2017,ProShares Ultra Bloomberg Crude Oil,UCO,14.8031,14.1222,4.82149,0.6809,64761.32,958668251.6827
06/29/2017,ProShares Ultra Bloomberg Crude Oil,UCO,14.1222,13.9917,0.93270,0.1305,65261.32,921633370.9374
06/28/2017,ProShares Ultra Bloomberg Crude Oil,UCO,13.9917,13.6843,2.24637,0.3074,66961.32,936902659.0689
06/27/2017,ProShares Ultra Bloomberg Crude Oil,UCO,13.6843,13.1536,4.03464,0.5307,66961.32,916318750.2231
06/26/2017,ProShares Ultra Bloomberg Crude Oil,UCO,13.1536,12.9505,1.56828,0.2031,66961.32,880782379.2912
06/23/2017,ProShares Ultra Bloomberg Crude Oil,UCO,12.9505,12.7723,1.39521,0.1782,66961.32,867182535.8085
06/22/2017,ProShares Ultra Bloomberg Crude Oil,UCO,12.7723,12.6422,1.02909,0.1301,66961.32,855250029.1191
06/21/2017,ProShares Ultra Bloomberg Crude Oil,UCO,12.6422,13.2603,-4.66128,-0.6181,66961.32,846538361.7774
06/20/2017,ProShares Ultra Bloomberg Crude Oil,UCO,13.2603,13.8299,-4.11861,-0.5696,65161.32,864058611.8151
06/19/2017,ProShares Ultra Bloomberg Crude Oil,UCO,13.8299,14.1498,-2.26081,-0.3199,64661.32,894259547.9783
06/16/2017,ProShares Ultra Bloomberg Crude Oil,UCO,14.1498,13.9695,1.29067,0.1803,63361.32,896549963.2866
06/15/2017,ProShares Ultra Bloomberg Crude Oil,UCO,13.9695,14.1133,-1.01890,-0.1438,61961.32,865568617.8315
06/14/2017,ProShares Ultra Bloomberg Crude Oil,UCO,14.1133,15.2521,-7.46651,-1.1388,61461.32,867422005.2161
06/13/2017,ProShares Ultra Bloomberg Crude Oil,UCO,15.2521,15.0328,1.45881,0.2193,57511.32,877168358.0157
06/12/2017,ProShares Ultra Bloomberg Crude Oil,UCO,15.0328,14.8766,1.04997,0.1562,57511.32,864556126.1976
06/09/2017,ProShares Ultra Bloomberg Crude Oil,UCO,14.8766,14.7548,0.82549,0.1218,57311.32,852597538.4822
06/08/2017,ProShares Ultra Bloomberg Crude Oil,UCO,14.7548,14.8081,-0.35994,-0.0533,56311.32,830862220.0716
06/07/2017,ProShares Ultra Bloomberg Crude Oil,UCO,14.8081,16.5001,-10.25448,-1.692,54861.32,812391868.2677
06/06/2017,ProShares Ultra Bloomberg Crude Oil,UCO,16.5001,15.9681,3.33164,0.532,48311.32,797141561.6317
06/05/2017,ProShares Ultra Bloomberg Crude Oil,UCO,15.9681,16.1449,-1.09508,-0.1768,48311.32,771439940.9877
06/02/2017,ProShares Ultra Bloomberg Crude Oil,UCO,16.1449,16.6266,-2.89716,-0.4817,48061.32,775945156.8333
06/01/2017,ProShares Ultra Bloomberg Crude Oil,UCO,16.6266,16.5994,0.16386,0.0272,48061.32,799096293.2322
05/31/2017,ProShares Ultra Bloomberg Crude Oil,UCO,16.5994,17.5467,-5.39874,-0.9473,48061.32,797789025.4098
05/30/2017,ProShares Ultra Bloomberg Crude Oil,UCO,17.5467,17.6471,-0.56893,-0.1004,48061.32,843317511.0039
05/26/2017,ProShares Ultra Bloomberg Crude Oil,UCO,17.6471,17.021,3.67840,0.6261,48061.32,848142867.2307
05/25/2017,ProShares Ultra Bloomberg Crude Oil,UCO,17.021,18.8245,-9.58060,-1.8035,48061.32,818051676.657
05/24/2017,ProShares Ultra Bloomberg Crude Oil,UCO,18.8245,18.9055,-0.42845,-0.081,48061.32,904730261.8665
05/23/2017,ProShares Ultra Bloomberg Crude Oil,UCO,18.9055,18.6576,1.32868,0.2479,49611.32,937926753.5435
05/22/2017,ProShares Ultra Bloomberg Crude Oil,UCO,18.6576,18.3257,1.81112,0.3319,50911.32,949882988.0592
05/19/2017,ProShares Ultra Bloomberg Crude Oil,UCO,18.3257,17.6096,4.06653,0.7161,51911.32,951311221.9469
05/18/2017,ProShares Ultra Bloomberg Crude Oil,UCO,17.6096,17.4335,1.01012,0.1761,53411.32,940551927.8432
05/17/2017,ProShares Ultra Bloomberg Crude Oil,UCO,17.4335,17.1468,1.67203,0.2867,54511.32,950323044.9195
05/16/2017,ProShares Ultra Bloomberg Crude Oil,UCO,17.1468,17.2594,-0.65240,-0.1126,55661.32,954413470.3356
05/15/2017,ProShares Ultra Bloomberg Crude Oil,UCO,17.2594,16.5788,4.10524,0.6806,55661.32,960680934.6298
05/12/2017,ProShares Ultra Bloomberg Crude Oil,UCO,16.5788,16.5997,-0.12591,-0.0209,56861.32,942692402.2796
05/11/2017,ProShares Ultra Bloomberg Crude Oil,UCO,16.5997,16.2592,2.09420,0.3405,56861.32,943880803.8049
05/10/2017,ProShares Ultra Bloomberg Crude Oil,UCO,16.2592,15.3129,6.17976,0.9463,58161.32,945656485.3664
05/09/2017,ProShares Ultra Bloomberg Crude Oil,UCO,15.3129,15.6952,-2.43578,-0.3823,58161.32,890618431.0893
05/08/2017,ProShares Ultra Bloomberg Crude Oil,UCO,15.6952,15.5359,1.02537,0.1593,57961.32,909714462.5784
05/05/2017,ProShares Ultra Bloomberg Crude Oil,UCO,15.5359,15.0759,3.05123,0.46,57711.32,896597249.7803
05/04/2017,ProShares Ultra Bloomberg Crude Oil,UCO,15.0759,16.6521,-9.46547,-1.5762,55861.32,842159628.9603
05/03/2017,ProShares Ultra Bloomberg Crude Oil,UCO,16.6521,16.5216,0.78988,0.1305,50061.32,833626056.8157
05/02/2017,ProShares Ultra Bloomberg Crude Oil,UCO,16.5216,17.3473,-4.75982,-0.8257,46861.32,774223934.9472
05/01/2017,ProShares Ultra Bloomberg Crude Oil,UCO,17.3473,17.676,-1.85958,-0.3287,46111.32,799906849.3941
04/28/2017,ProShares Ultra Bloomberg Crude Oil,UCO,17.676,17.4566,1.25683,0.2194,45011.32,795620039.292
04/27/2017,ProShares Ultra Bloomberg Crude Oil,UCO,17.4566,17.9233,-2.60387,-0.4667,44711.32,780507576.3422
04/26/2017,ProShares Ultra Bloomberg Crude Oil,UCO,17.9233,17.8806,0.23881,0.0427,42361.32,759254592.9861
04/25/2017,ProShares Ultra Bloomberg Crude Oil,UCO,17.8806,17.653,1.28930,0.2276,41561.32,743141284.7502
04/24/2017,ProShares Ultra Bloomberg Crude Oil,UCO,17.653,17.9336,-1.56466,-0.2806,41111.32,725738079.001
04/21/2017,ProShares Ultra Bloomberg Crude Oil,UCO,17.9336,18.7412,-4.30922,-0.8076,40161.32,720236994.5512
04/20/2017,ProShares Ultra Bloomberg Crude Oil,UCO,18.7412,18.8372,-0.50963,-0.096,38011.32,712377694.1604
04/19/2017,ProShares Ultra Bloomberg Crude Oil,UCO,18.8372,20.369,-7.52025,-1.5318,37561.32,707550040.5924
04/18/2017,ProShares Ultra Bloomberg Crude Oil,UCO,20.369,20.5771,-1.01132,-0.2081,37561.32,765086465.973
04/17/2017,ProShares Ultra Bloomberg Crude Oil,UCO,20.5771,20.936,-1.71427,-0.3589,37561.32,772902976.0407
04/13/2017,ProShares Ultra Bloomberg Crude Oil,UCO,20.936,20.8757,0.28885,0.0603,38461.32,805226132.712
04/12/2017,ProShares Ultra Bloomberg Crude Oil,UCO,20.8757,21.0895,-1.01377,-0.2138,38461.32,802906915.2969
04/11/2017,ProShares Ultra Bloomberg Crude Oil,UCO,21.0895,20.8431,1.18217,0.2464,39111.32,824838119.8715
04/10/2017,ProShares Ultra Bloomberg Crude Oil,UCO,20.8431,20.1951,3.20870,0.648,39861.32,830833416.3627
04/07/2017,ProShares Ultra Bloomberg Crude Oil,UCO,20.1951,19.7821,2.08775,0.413,42161.32,851452012.9467
04/06/2017,ProShares Ultra Bloomberg Crude Oil,UCO,19.7821,19.3659,2.14914,0.4162,43011.32,850854174.0257
04/05/2017,ProShares Ultra Bloomberg Crude Oil,UCO,19.3659,19.2756,0.46847,0.0903,44211.32,856191943.8903
04/04/2017,ProShares Ultra Bloomberg Crude Oil,UCO,19.2756,18.6879,3.14482,0.5877,45111.32,869547701.9652
04/03/2017,ProShares Ultra Bloomberg Crude Oil,UCO,18.6879,18.9586,-1.42785,-0.2707,45511.32,850510940.9643
03/31/2017,ProShares Ultra Bloomberg Crude Oil,UCO,18.9586,18.7725,0.99134,0.1861,46611.32,883685314.4762
03/30/2017,ProShares Ultra Bloomberg Crude Oil,UCO,18.7725,18.1567,3.39159,0.6158,47261.32,887213073.3825
03/29/2017,ProShares Ultra Bloomberg Crude Oil,UCO,18.1567,17.3396,4.71233,0.8171,47661.32,865372234.3739
03/28/2017,ProShares Ultra Bloomberg Crude Oil,UCO,17.3396,16.887,2.68017,0.4526,47661.32,826428172.2532
03/27/2017,ProShares Ultra Bloomberg Crude Oil,UCO,16.887,17.0587,-1.00652,-0.1717,47661.32,804856660.179
03/24/2017,ProShares Ultra Bloomberg Crude Oil,UCO,17.0587,16.8679,1.13114,0.1908,46911.32,800246083.3079
03/23/2017,ProShares Ultra Bloomberg Crude Oil,UCO,16.8679,17.1103,-1.41669,-0.2424,46911.32,791295404.0243
03/22/2017,ProShares Ultra Bloomberg Crude Oil,UCO,17.1103,17.2537,-0.83113,-0.1434,45761.32,782989862.2651
03/21/2017,ProShares Ultra Bloomberg Crude Oil,UCO,17.2537,17.74,-2.74126,-0.4863,45661.32,787826665.1229
03/20/2017,ProShares Ultra Bloomberg Crude Oil,UCO,17.74,18.0335,-1.62753,-0.2935,45411.32,805596763.58
03/17/2017,ProShares Ultra Bloomberg Crude Oil,UCO,18.0335,17.9828,0.28194,0.0507,44861.32,809006560.1195
03/16/2017,ProShares Ultra Bloomberg Crude Oil,UCO,17.9828,18.0857,-0.56896,-0.1029,44861.32,806732091.3476
03/15/2017,ProShares Ultra Bloomberg Crude Oil,UCO,18.0857,17.347,4.25837,0.7387,44861.32,811348320.8669
03/14/2017,ProShares Ultra Bloomberg Crude Oil,UCO,17.347,17.7758,-2.41227,-0.4288,44861.32,778209265.999
03/13/2017,ProShares Ultra Bloomberg Crude Oil,UCO,17.7758,17.8426,-0.37438,-0.0668,44861.32,797445798.7286
03/10/2017,ProShares Ultra Bloomberg Crude Oil,UCO,17.8426,18.4347,-3.21188,-0.5921,44011.32,785276324.7042
03/09/2017,ProShares Ultra Bloomberg Crude Oil,UCO,18.4347,19.1899,-3.93540,-0.7552,44011.32,811335425.4999
03/08/2017,ProShares Ultra Bloomberg Crude Oil,UCO,19.1899,21.4364,-10.47984,-2.2465,40661.32,780286607.0983
03/07/2017,ProShares Ultra Bloomberg Crude Oil,UCO,21.4364,21.4929,-0.26288,-0.0565,38261.32,820184895.7388
03/06/2017,ProShares Ultra Bloomberg Crude Oil,UCO,21.4929,21.5506,-0.26774,-0.0577,38261.32,822346660.1493
03/03/2017,ProShares Ultra Bloomberg Crude Oil,UCO,21.5506,20.9891,2.67520,0.5615,38011.32,819166688.1402
03/02/2017,ProShares Ultra Bloomberg Crude Oil,UCO,20.9891,21.9688,-4.45951,-0.9797,38011.32,797823333.6447
03/01/2017,ProShares Ultra Bloomberg Crude Oil,UCO,21.9688,22.0909,-0.55272,-0.1221,35411.32,777944140.9096
02/28/2017,ProShares Ultra Bloomberg Crude Oil,UCO,22.0909,22.0834,0.03396,0.0075,35411.32,782267862.7153
02/27/2017,ProShares Ultra Bloomberg Crude Oil,UCO,22.0834,22.0038,0.36176,0.0796,34011.32,751085517.8378
02/24/2017,ProShares Ultra Bloomberg Crude Oil,UCO,22.0038,22.3635,-1.60842,-0.3597,34011.32,748378217.0046
02/23/2017,ProShares Ultra Bloomberg Crude Oil,UCO,22.3635,21.6962,3.07565,0.6673,34011.32,760612087.7295
02/22/2017,ProShares Ultra Bloomberg Crude Oil,UCO,21.6962,22.2507,-2.49206,-0.5545,35411.32,768291015.8954
02/21/2017,ProShares Ultra Bloomberg Crude Oil,UCO,22.2507,21.857,1.80125,0.3937,35411.32,787926591.1719
02/17/2017,ProShares Ultra Bloomberg Crude Oil,UCO,21.857,21.8172,0.18242,0.0398,36711.32,802399255.669
02/16/2017,ProShares Ultra Bloomberg Crude Oil,UCO,21.8172,21.7533,0.29375,0.0639,36711.32,800938145.2524
02/15/2017,ProShares Ultra Bloomberg Crude Oil,UCO,21.7533,21.8588,-0.48264,-0.1055,36711.32,798592292.0961
02/14/2017,ProShares Ultra Bloomberg Crude Oil,UCO,21.8588,21.6504,0.96257,0.2084,36711.32,802465336.0396
02/13/2017,ProShares Ultra Bloomberg Crude Oil,UCO,21.6504,22.4084,-3.38266,-0.758,36711.32,794814697.5768
02/10/2017,ProShares Ultra Bloomberg Crude Oil,UCO,22.4084,21.6933,3.29641,0.7151,37011.32,829364395.8628
02/09/2017,ProShares Ultra Bloomberg Crude Oil,UCO,21.6933,21.2117,2.27045,0.4816,40361.32,875570158.0761
02/08/2017,ProShares Ultra Bloomberg Crude Oil,UCO,21.2117,21.0913,0.57085,0.1204,40361.32,856132147.8089
02/07/2017,ProShares Ultra Bloomberg Crude Oil,UCO,21.0913,21.782,-3.17097,-0.6907,39861.32,840726995.2421
02/06/2017,ProShares Ultra Bloomberg Crude Oil,UCO,21.782,22.4681,-3.05366,-0.6861,36261.32,789844006.894
02/03/2017,ProShares Ultra Bloomberg Crude Oil,UCO,22.4681,22.2277,1.08153,0.2404,36661.32,823710136.4877
02/02/2017,ProShares Ultra Bloomberg Crude Oil,UCO,22.2277,22.5122,-1.26376,-0.2845,37061.32,823787835.8809
02/01/2017,ProShares Ultra Bloomberg Crude Oil,UCO,22.5122,21.6359,4.05021,0.8763,37961.32,854592760.5674
01/31/2017,ProShares Ultra Bloomberg Crude Oil,UCO,21.6359,21.4894,0.68173,0.1465,38361.32,829981618.4803
01/30/2017,ProShares Ultra Bloomberg Crude Oil,UCO,21.4894,21.9366,-2.03860,-0.4472,38961.32,837255325.5398
01/27/2017,ProShares Ultra Bloomberg Crude Oil,UCO,21.9366,22.4461,-2.26988,-0.5095,38961.32,854678826.5022
01/26/2017,ProShares Ultra Bloomberg Crude Oil,UCO,22.4461,21.6029,3.90318,0.8432,38961.32,874529617.5137
01/25/2017,ProShares Ultra Bloomberg Crude Oil,UCO,21.6029,21.9586,-1.61987,-0.3557,39911.32,862200190.0193
01/24/2017,ProShares Ultra Bloomberg Crude Oil,UCO,21.9586,21.6068,1.62819,0.3518,40311.32,885180085.4762
01/23/2017,ProShares Ultra Bloomberg Crude Oil,UCO,21.6068,21.9967,-1.77254,-0.3899,40311.32,870998564.1556
01/20/2017,ProShares Ultra Bloomberg Crude Oil,UCO,21.9967,21.1063,4.21865,0.8904,40861.32,898814131.6539
01/19/2017,ProShares Ultra Bloomberg Crude Oil,UCO,21.1063,20.9213,0.88427,0.185,41863.93,883592729.0779
01/18/2017,ProShares Ultra Bloomberg Crude Oil,UCO,20.9213,22.0565,-5.14678,-1.1352,41763.93,873755771.4729
01/17/2017,ProShares Ultra Bloomberg Crude Oil,UCO,22.0565,21.9677,0.40423,0.0888,41263.93,910137938.2145
01/13/2017,ProShares Ultra Bloomberg Crude Oil,UCO,21.9677,22.546,-2.56498,-0.5783,41713.93,916359165.9641
01/12/2017,ProShares Ultra Bloomberg Crude Oil,UCO,22.546,21.9028,2.93661,0.6432,41713.93,940482333.418
01/11/2017,ProShares Ultra Bloomberg Crude Oil,UCO,21.9028,20.8084,5.25941,1.0944,42313.93,926793611.7124
01/10/2017,ProShares Ultra Bloomberg Crude Oil,UCO,20.8084,21.7726,-4.42850,-0.9642,42313.93,880485243.4372
01/09/2017,ProShares Ultra Bloomberg Crude Oil,UCO,21.7726,23.4864,-7.29699,-1.7138,39713.93,864675577.6358
01/06/2017,ProShares Ultra Bloomberg Crude Oil,UCO,23.4864,23.325,0.69196,0.1614,39463.93,926865716.0112
01/05/2017,ProShares Ultra Bloomberg Crude Oil,UCO,23.325,22.9364,1.69425,0.3886,39763.93,927493737.225
01/04/2017,ProShares Ultra Bloomberg Crude Oil,UCO,22.9364,22.1634,3.48773,0.773,39763.93,912041472.8612
01/03/2017,ProShares Ultra Bloomberg Crude Oil,UCO,22.1634,23.3356,-5.02323,-1.1722,39763.93,881303952.6522
12/30/2016,ProShares Ultra Bloomberg Crude Oil,UCO,23.3356,23.3876,-0.22234,-0.052,40013.93,933749134.9148
12/29/2016,ProShares Ultra Bloomberg Crude Oil,UCO,23.3876,23.5856,-0.83950,-0.198,40013.93,935829859.4308
12/28/2016,ProShares Ultra Bloomberg Crude Oil,UCO,23.5856,23.4492,0.58168,0.1364,40313.93,950828298.1648
12/27/2016,ProShares Ultra Bloomberg Crude Oil,UCO,23.4492,22.7186,3.21587,0.7306,41288.93,968192447.7036
12/23/2016,ProShares Ultra Bloomberg Crude Oil,UCO,22.7186,22.6686,0.22057,0.05,42238.93,959609423.2538
12/22/2016,ProShares Ultra Bloomberg Crude Oil,UCO,22.6686,22.2688,1.79534,0.3998,42238.93,957497476.6038
12/21/2016,ProShares Ultra Bloomberg Crude Oil,UCO,22.2688,22.9556,-2.99186,-0.6868,42238.93,940610351.1904
12/20/2016,ProShares Ultra Bloomberg Crude Oil,UCO,22.9556,22.7118,1.07345,0.2438,42238.93,969620050.3748
12/19/2016,ProShares Ultra Bloomberg Crude Oil,UCO,22.7118,22.6884,0.10314,0.0234,43138.93,979762818.5094
12/16/2016,ProShares Ultra Bloomberg Crude Oil,UCO,22.6884,21.8946,3.62555,0.7938,43713.93,991799197.4772
12/15/2016,ProShares Ultra Bloomberg Crude Oil,UCO,21.8946,22.0114,-0.53063,-0.1168,43713.93,957099077.4618
12/14/2016,ProShares Ultra Bloomberg Crude Oil,UCO,22.0114,23.5228,-6.42526,-1.5114,43713.93,962204864.8362
12/13/2016,ProShares Ultra Bloomberg Crude Oil,UCO,23.5228,23.3462,0.75644,0.1766,43713.93,1028274103.1724
12/12/2016,ProShares Ultra Bloomberg Crude Oil,UCO,23.3462,22.2432,4.95882,1.103,47138.93,1100514957.6046
12/09/2016,ProShares Ultra Bloomberg Crude Oil,UCO,22.2432,21.7486,2.27417,0.4946,47438.93,1055193674.5056
12/08/2016,ProShares Ultra Bloomberg Crude Oil,UCO,21.7486,20.8954,4.08320,0.8532,47438.93,1031730378.2438
12/07/2016,ProShares Ultra Bloomberg Crude Oil,UCO,20.8954,21.8934,-4.55845,-0.998,47438.93,991255480.6082
12/06/2016,ProShares Ultra Bloomberg Crude Oil,UCO,21.8934,22.6458,-3.32247,-0.7524,47438.93,1038599535.7422
12/05/2016,ProShares Ultra Bloomberg Crude Oil,UCO,22.6458,22.5516,0.41771,0.0942,47438.93,1074292588.9314
12/02/2016,ProShares Ultra Bloomberg Crude Oil,UCO,22.5516,22.0174,2.42626,0.5342,49638.93,1119437361.4428
12/01/2016,ProShares Ultra Bloomberg Crude Oil,UCO,22.0174,20.664,6.54955,1.3534,50138.93,1103928943.4342
11/30/2016,ProShares Ultra Bloomberg Crude Oil,UCO,20.664,17.4212,18.61410,3.2428,51488.93,1063967311.512
11/29/2016,ProShares Ultra Bloomberg Crude Oil,UCO,17.4212,18.9076,-7.86139,-1.4864,51938.93,904838539.5796
11/28/2016,ProShares Ultra Bloomberg Crude Oil,UCO,18.9076,18.1074,4.41919,0.8002,49563.93,937135019.5908
11/25/2016,ProShares Ultra Bloomberg Crude Oil,UCO,18.1074,19.6668,-7.92910,-1.5594,49513.93,896568590.4042
11/23/2016,ProShares Ultra Bloomberg Crude Oil,UCO,19.6668,19.725,-0.29506,-0.0582,49513.93,973780617.5244
11/22/2016,ProShares Ultra Bloomberg Crude Oil,UCO,19.725,19.8988,-0.87342,-0.1738,49513.93,976662328.425
11/21/2016,ProShares Ultra Bloomberg Crude Oil,UCO,19.8988,18.4074,8.10218,1.4914,49263.93,980293149.9804
11/18/2016,ProShares Ultra Bloomberg Crude Oil,UCO,18.4074,18.1086,1.65004,0.2988,49363.93,908661660.3042
11/17/2016,ProShares Ultra Bloomberg Crude Oil,UCO,18.1086,18.204,-0.52406,-0.0954,49363.93,893911717.1238
11/16/2016,ProShares Ultra Bloomberg Crude Oil,UCO,18.204,18.435,-1.25305,-0.231,48863.93,889519036.332
11/15/2016,ProShares Ultra Bloomberg Crude Oil,UCO,18.435,16.586,11.14796,1.849,48863.93,900806604.855
11/14/2016,ProShares Ultra Bloomberg Crude Oil,UCO,16.586,16.7466,-0.95900,-0.1606,48663.93,807139992.738
11/11/2016,ProShares Ultra Bloomberg Crude Oil,UCO,16.7466,17.691,-5.33831,-0.9444,48588.93,813699425.3778
11/10/2016,ProShares Ultra Bloomberg Crude Oil,UCO,17.691,18.15,-2.52893,-0.459,47388.93,838357613.703
11/09/2016,ProShares Ultra Bloomberg Crude Oil,UCO,18.15,17.8914,1.44539,0.2586,47388.93,860109133.95
11/08/2016,ProShares Ultra Bloomberg Crude Oil,UCO,17.8914,17.7824,0.61297,0.109,47388.93,847854355.8762
11/07/2016,ProShares Ultra Bloomberg Crude Oil,UCO,17.7824,17.1538,3.66449,0.6286,45813.93,814681682.1792
11/04/2016,ProShares Ultra Bloomberg Crude Oil,UCO,17.1538,17.6214,-2.65359,-0.4676,45038.93,772588848.8954
11/03/2016,ProShares Ultra Bloomberg Crude Oil,UCO,17.6214,18.1596,-2.96372,-0.5382,44538.93,784838353.9662
11/02/2016,ProShares Ultra Bloomberg Crude Oil,UCO,18.1596,19.2266,-5.54960,-1.067,42188.93,766134147.7068
11/01/2016,ProShares Ultra Bloomberg Crude Oil,UCO,19.2266,19.4072,-0.93058,-0.1806,40213.93,773177204.2178
10/31/2016,ProShares Ultra Bloomberg Crude Oil,UCO,19.4072,21.001,-7.58916,-1.5938,40213.93,780439840.5176
10/28/2016,ProShares Ultra Bloomberg Crude Oil,UCO,21.001,21.8798,-4.01649,-0.8788,39638.93,832457231.933
10/27/2016,ProShares Ultra Bloomberg Crude Oil,UCO,21.8798,21.4416,2.04369,0.4382,39638.93,867291926.2534
10/26/2016,ProShares Ultra Bloomberg Crude Oil,UCO,21.4416,22.1158,-3.04850,-0.6742,39638.93,849922145.8128
10/25/2016,ProShares Ultra Bloomberg Crude Oil,UCO,22.1158,22.6114,-2.19181,-0.4956,39638.93,876646714.4414
10/24/2016,ProShares Ultra Bloomberg Crude Oil,UCO,22.6114,22.8534,-1.05892,-0.242,40088.93,906466899.6362
10/21/2016,ProShares Ultra Bloomberg Crude Oil,UCO,22.8534,22.5978,1.13108,0.2556,40088.93,916168421.4222
10/20/2016,ProShares Ultra Bloomberg Crude Oil,UCO,22.5978,23.629,-4.36413,-1.0312,40088.93,905921690.1474
10/19/2016,ProShares Ultra Bloomberg Crude Oil,UCO,23.629,22.6212,4.45511,1.0078,40088.93,947261397.857
10/18/2016,ProShares Ultra Bloomberg Crude Oil,UCO,22.6212,22.4192,0.90101,0.202,40088.93,906859771.1796
10/17/2016,ProShares Ultra Bloomberg Crude Oil,UCO,22.4192,22.7316,-1.37430,-0.3124,40088.93,898761806.7136
10/14/2016,ProShares Ultra Bloomberg Crude Oil,UCO,22.7316,22.839,-0.47025,-0.1074,40963.93,931175739.3828
10/13/2016,ProShares Ultra Bloomberg Crude Oil,UCO,22.839,22.6444,0.85937,0.1946,40963.93,935575265.787
10/12/2016,ProShares Ultra Bloomberg Crude Oil,UCO,22.6444,23.1794,-2.30808,-0.535,41413.93,937793664.4252
10/11/2016,ProShares Ultra Bloomberg Crude Oil,UCO,23.1794,23.7376,-2.35154,-0.5582,41688.93,966324453.5802
10/10/2016,ProShares Ultra Bloomberg Crude Oil,UCO,23.7376,22.3822,6.05570,1.3554,42288.93,1003837775.9808
10/07/2016,ProShares Ultra Bloomberg Crude Oil,UCO,22.3822,22.9562,-2.50041,-0.574,42288.93,946519356.1926
10/06/2016,ProShares Ultra Bloomberg Crude Oil,UCO,22.9562,22.408,2.44645,0.5482,42988.93,986862543.7346
10/05/2016,ProShares Ultra Bloomberg Crude Oil,UCO,22.408,21.4062,4.67995,1.0018,44188.93,990185610.664
10/04/2016,ProShares Ultra Bloomberg Crude Oil,UCO,21.4062,21.5128,-0.49552,-0.1066,45763.93,979631902.5846
10/03/2016,ProShares Ultra Bloomberg Crude Oil,UCO,21.5128,21.0176,2.35612,0.4952,46263.93,995266737.8424
09/30/2016,ProShares Ultra Bloomberg Crude Oil,UCO,21.0176,20.6638,1.71217,0.3538,46613.93,979712998.2208
09/29/2016,ProShares Ultra Bloomberg Crude Oil,UCO,20.6638,20.0012,3.31280,0.6626,48113.93,994216688.7254
09/28/2016,ProShares Ultra Bloomberg Crude Oil,UCO,20.0012,18.0758,10.65181,1.9254,49013.93,980337476.7196
09/27/2016,ProShares Ultra Bloomberg Crude Oil,UCO,18.0758,19.1262,-5.49194,-1.0504,49013.93,885966050.1214
09/26/2016,ProShares Ultra Bloomberg Crude Oil,UCO,19.1262,17.957,6.51111,1.1692,49013.93,937450285.3446
09/23/2016,ProShares Ultra Bloomberg Crude Oil,UCO,17.957,19.5076,-7.94870,-1.5506,49913.93,896304494.881
09/22/2016,ProShares Ultra Bloomberg Crude Oil,UCO,19.5076,18.7,4.31872,0.8076,49913.93,973701039.3908
09/21/2016,ProShares Ultra Bloomberg Crude Oil,UCO,18.7,17.666,5.85305,1.034,49913.93,933390547.1
09/20/2016,ProShares Ultra Bloomberg Crude Oil,UCO,17.666,17.515,0.86212,0.151,49913.93,881779540.378
09/19/2016,ProShares Ultra Bloomberg Crude Oil,UCO,17.515,17.3258,1.09201,0.1892,49663.93,869863786.495
09/16/2016,ProShares Ultra Bloomberg Crude Oil,UCO,17.3258,18.0564,-4.04621,-0.7306,49088.93,850505035.3714
09/15/2016,ProShares Ultra Bloomberg Crude Oil,UCO,18.0564,17.7592,1.67350,0.2972,48288.93,871924289.8212
09/14/2016,ProShares Ultra Bloomberg Crude Oil,UCO,17.7592,18.863,-5.85167,-1.1038,47988.93,852245058.9336
09/13/2016,ProShares Ultra Bloomberg Crude Oil,UCO,18.863,20.0266,-5.81027,-1.1636,46413.93,875506018.179
09/12/2016,ProShares Ultra Bloomberg Crude Oil,UCO,20.0266,19.706,1.62692,0.3206,46413.93,929513270.6178
09/09/2016,ProShares Ultra Bloomberg Crude Oil,UCO,19.706,21.2954,-7.46358,-1.5894,46413.93,914632963.698
09/08/2016,ProShares Ultra Bloomberg Crude Oil,UCO,21.2954,19.5116,9.14225,1.7838,46688.93,994259503.8082
09/07/2016,ProShares Ultra Bloomberg Crude Oil,UCO,19.5116,18.9374,3.03210,0.5742,47063.93,918292635.1228
09/06/2016,ProShares Ultra Bloomberg Crude Oil,UCO,18.9374,18.593,1.85231,0.3444,46813.93,886534174.7942
09/02/2016,ProShares Ultra Bloomberg Crude Oil,UCO,18.593,17.558,5.89475,1.035,46063.93,856466706.269
09/01/2016,ProShares Ultra Bloomberg Crude Oil,UCO,17.558,18.857,-6.88869,-1.299,45313.93,795622035.614
08/31/2016,ProShares Ultra Bloomberg Crude Oil,UCO,18.857,20.31,-7.15411,-1.453,44538.93,839870659.581
08/30/2016,ProShares Ultra Bloomberg Crude Oil,UCO,20.31,20.8894,-2.77366,-0.5794,44538.93,904585729.23
08/29/2016,ProShares Ultra Bloomberg Crude Oil,UCO,20.8894,21.4962,-2.82282,-0.6068,44688.93,933524997.0102
08/26/2016,ProShares Ultra Bloomberg Crude Oil,UCO,21.4962,21.2318,1.24530,0.2644,44688.93,960642241.5546
08/25/2016,ProShares Ultra Bloomberg Crude Oil,UCO,21.2318,20.7516,2.31404,0.4802,44688.93,948826487.6694
08/24/2016,ProShares Ultra Bloomberg Crude Oil,UCO,20.7516,21.893,-5.21354,-1.1414,44688.93,927366862.0428
08/23/2016,ProShares Ultra Bloomberg Crude Oil,UCO,21.893,21.2562,2.99583,0.6368,44688.93,978374810.169
08/22/2016,ProShares Ultra Bloomberg Crude Oil,UCO,21.2562,22.8182,-6.84541,-1.562,44688.93,949916897.6346
08/19/2016,ProShares Ultra Bloomberg Crude Oil,UCO,22.8182,22.6636,0.68215,0.1546,45713.93,1043109665.9806
08/18/2016,ProShares Ultra Bloomberg Crude Oil,UCO,22.6636,21.5142,5.34252,1.1494,46313.93,1049640451.9388
08/17/2016,ProShares Ultra Bloomberg Crude Oil,UCO,21.5142,21.205,1.45815,0.3092,47163.93,1014694287.3486
08/16/2016,ProShares Ultra Bloomberg Crude Oil,UCO,21.205,20.4922,3.47840,0.7128,47813.93,1013894449.265
08/15/2016,ProShares Ultra Bloomberg Crude Oil,UCO,20.4922,19.4674,5.26419,1.0248,48313.93,990058777.8226
08/12/2016,ProShares Ultra Bloomberg Crude Oil,UCO,19.4674,18.719,3.99808,0.7484,48313.93,940546659.2842
08/11/2016,ProShares Ultra Bloomberg Crude Oil,UCO,18.719,17.3104,8.13730,1.4086,48313.93,904388511.827
08/10/2016,ProShares Ultra Bloomberg Crude Oil,UCO,17.3104,18.1632,-4.69521,-0.8528,48313.93,836333505.8032
08/09/2016,ProShares Ultra Bloomberg Crude Oil,UCO,18.1632,18.378,-1.16879,-0.2148,46838.93,850744907.8656
08/08/2016,ProShares Ultra Bloomberg Crude Oil,UCO,18.378,17.3874,5.69723,0.9906,46838.93,860805910.674
08/05/2016,ProShares Ultra Bloomberg Crude Oil,UCO,17.3874,17.4964,-0.62299,-0.109,46488.93,808321673.6442
08/04/2016,ProShares Ultra Bloomberg Crude Oil,UCO,17.4964,16.6024,5.38476,0.894,46313.93,810327097.3412
08/03/2016,ProShares Ultra Bloomberg Crude Oil,UCO,16.6024,15.5628,6.68003,1.0396,46313.93,768922441.2392
08/02/2016,ProShares Ultra Bloomberg Crude Oil,UCO,15.5628,16.0028,-2.74952,-0.44,45813.93,712993076.4924
08/01/2016,ProShares Ultra Bloomberg Crude Oil,UCO,16.0028,17.284,-7.41264,-1.2812,45438.93,727150157.0124
07/29/2016,ProShares Ultra Bloomberg Crude Oil,UCO,17.284,16.9064,2.23347,0.3776,44338.93,766354117.972
07/28/2016,ProShares Ultra Bloomberg Crude Oil,UCO,16.9064,17.5604,-3.72429,-0.654,43563.93,736509276.8712
07/27/2016,ProShares Ultra Bloomberg Crude Oil,UCO,17.5604,18.4192,-4.66253,-0.8588,43188.93,758414939.0532
07/26/2016,ProShares Ultra Bloomberg Crude Oil,UCO,18.4192,18.601,-0.97737,-0.1818,42988.93,791821754.7136
07/25/2016,ProShares Ultra Bloomberg Crude Oil,UCO,18.601,19.5402,-4.80650,-0.9392,42988.93,799637142.733
07/22/2016,ProShares Ultra Bloomberg Crude Oil,UCO,19.5402,20.0424,-2.50569,-0.5022,42538.93,831219258.6066
07/21/2016,ProShares Ultra Bloomberg Crude Oil,UCO,20.0424,20.9592,-4.37421,-0.9168,41738.93,836548390.7592
07/20/2016,ProShares Ultra Bloomberg Crude Oil,UCO,20.9592,20.6868,1.31678,0.2724,41288.93,865383004.5336
07/19/2016,ProShares Ultra Bloomberg Crude Oil,UCO,20.6868,21.1386,-2.13732,-0.4518,40913.93,846378349.1844
07/18/2016,ProShares Ultra Bloomberg Crude Oil,UCO,21.1386,21.8042,-3.05262,-0.6656,41013.93,866977124.1138
07/15/2016,ProShares Ultra Bloomberg Crude Oil,UCO,21.8042,21.5908,0.98838,0.2134,41013.93,894275997.9186
07/14/2016,ProShares Ultra Bloomberg Crude Oil,UCO,21.5908,20.6986,4.31044,0.8922,41013.93,885523624.6164
07/13/2016,ProShares Ultra Bloomberg Crude Oil,UCO,20.6986,22.735,-8.95711,-2.0364,41013.93,848930993.5938
07/12/2016,ProShares Ultra Bloomberg Crude Oil,UCO,22.735,20.857,9.00417,1.878,40638.93,923926141.755
07/11/2016,ProShares Ultra Bloomberg Crude Oil,UCO,20.857,21.4164,-2.61202,-0.5594,40938.93,853863325.581
07/08/2016,ProShares Ultra Bloomberg Crude Oil,UCO,21.4164,21.1586,1.21842,0.2578,40563.93,868733414.7012
07/07/2016,ProShares Ultra Bloomberg Crude Oil,UCO,21.1586,23.395,-9.55931,-2.2364,40363.93,854044312.7738
07/06/2016,ProShares Ultra Bloomberg Crude Oil,UCO,23.395,22.5836,3.59287,0.8114,39263.93,918579712.535
07/05/2016,ProShares Ultra Bloomberg Crude Oil,UCO,22.5836,24.9596,-9.51938,-2.376,38863.93,877687517.2988
07/01/2016,ProShares Ultra Bloomberg Crude Oil,UCO,24.9596,24.3258,2.60546,0.6338,37013.93,923852962.1068
06/30/2016,ProShares Ultra Bloomberg Crude Oil,UCO,24.3258,25.9366,-6.21053,-1.6108,36938.93,898569096.3714
06/29/2016,ProShares Ultra Bloomberg Crude Oil,UCO,25.9366,23.9738,8.18727,1.9628,36938.93,958070329.6478
06/28/2016,ProShares Ultra Bloomberg Crude Oil,UCO,23.9738,22.4742,6.67254,1.4996,36938.93,885566591.9554
06/27/2016,ProShares Ultra Bloomberg Crude Oil,UCO,22.4742,23.7448,-5.35107,-1.2706,36588.93,822306998.0286
06/24/2016,ProShares Ultra Bloomberg Crude Oil,UCO,23.7448,26.2828,-9.65651,-2.538,36088.93,856924496.2984
06/23/2016,ProShares Ultra Bloomberg Crude Oil,UCO,26.2828,25.288,3.93388,0.9948,35838.93,941947508.2524
06/22/2016,ProShares Ultra Bloomberg Crude Oil,UCO,25.288,25.9788,-2.65909,-0.6908,35988.93,910088137.704
06/21/2016,ProShares Ultra Bloomberg Crude Oil,UCO,25.9788,26.0312,-0.20130,-0.0524,35988.93,934949292.6204
06/20/2016,ProShares Ultra Bloomberg Crude Oil,UCO,26.0312,24.6196,5.73364,1.4116,35988.93,936835112.7096
06/17/2016,ProShares Ultra Bloomberg Crude Oil,UCO,24.6196,22.8412,7.78593,1.7784,35988.93,886033134.8868
06/16/2016,ProShares Ultra Bloomberg Crude Oil,UCO,22.8412,24.5472,-6.94988,-1.706,35988.93,822030416.4396
06/15/2016,ProShares Ultra Bloomberg Crude Oil,UCO,24.5472,25.1674,-2.46430,-0.6202,34338.93,842924656.1376
06/14/2016,ProShares Ultra Bloomberg Crude Oil,UCO,25.1674,25.6606,-1.92201,-0.4932,34338.93,864221662.3842
06/13/2016,ProShares Ultra Bloomberg Crude Oil,UCO,25.6606,25.868,-0.80176,-0.2074,34213.93,877950049.1398
06/10/2016,ProShares Ultra Bloomberg Crude Oil,UCO,25.868,27.4658,-5.81742,-1.5978,34213.93,885046018.844
06/09/2016,ProShares Ultra Bloomberg Crude Oil,UCO,27.4658,28.158,-2.45827,-0.6922,34213.93,939713040.9914
06/08/2016,ProShares Ultra Bloomberg Crude Oil,UCO,28.158,27.212,3.47641,0.946,34213.93,963395925.414
06/07/2016,ProShares Ultra Bloomberg Crude Oil,UCO,27.212,26.4982,2.69377,0.7138,34738.93,945315844.796
06/06/2016,ProShares Ultra Bloomberg Crude Oil,UCO,26.4982,25.3832,4.39267,1.115,34738.93,920519194.4206
06/03/2016,ProShares Ultra Bloomberg Crude Oil,UCO,25.3832,25.965,-2.24071,-0.5818,34938.93,886861924.1256
06/02/2016,ProShares Ultra Bloomberg Crude Oil,UCO,25.965,25.7974,0.64968,0.1676,34938.93,907189395.345
06/01/2016,ProShares Ultra Bloomberg Crude Oil,UCO,25.7974,25.8932,-0.36998,-0.0958,34938.93,901333630.1742
05/31/2016,ProShares Ultra Bloomberg Crude Oil,UCO,25.8932,26.14,-0.94415,-0.2468,34938.93,904680779.9556
05/27/2016,ProShares Ultra Bloomberg Crude Oil,UCO,26.14,26.3002,-0.60912,-0.1602,35388.93,925066708.62
05/26/2016,ProShares Ultra Bloomberg Crude Oil,UCO,26.3002,26.386,-0.32517,-0.0858,35388.93,930736015.6866
05/25/2016,ProShares Ultra Bloomberg Crude Oil,UCO,26.386,25.4046,3.86308,0.9814,35813.93,944986436.138
05/24/2016,ProShares Ultra Bloomberg Crude Oil,UCO,25.4046,24.8472,2.24331,0.5574,36338.93,923176057.2918
05/23/2016,ProShares Ultra Bloomberg Crude Oil,UCO,24.8472,25.1928,-1.37182,-0.3456,36338.93,902920736.0376
05/20/2016,ProShares Ultra Bloomberg Crude Oil,UCO,25.1928,25.4656,-1.07125,-0.2728,36688.93,924296951.2824
05/19/2016,ProShares Ultra Bloomberg Crude Oil,UCO,25.4656,25.5818,-0.45423,-0.1162,36688.93,934305692.2048
05/18/2016,ProShares Ultra Bloomberg Crude Oil,UCO,25.5818,25.8038,-0.86034,-0.222,36688.93,938568946.2194
05/17/2016,ProShares Ultra Bloomberg Crude Oil,UCO,25.8038,25.211,2.35135,0.5928,36938.93,953164839.3454
05/16/2016,ProShares Ultra Bloomberg Crude Oil,UCO,25.211,23.6782,6.47347,1.5328,37238.93,938830739.863
05/13/2016,ProShares Ultra Bloomberg Crude Oil,UCO,23.6782,24.2408,-2.32088,-0.5626,37238.93,881750903.3606
05/12/2016,ProShares Ultra Bloomberg Crude Oil,UCO,24.2408,23.7958,1.87008,0.445,37238.93,902701527.0664
05/11/2016,ProShares Ultra Bloomberg Crude Oil,UCO,23.7958,22.1734,7.31688,1.6224,38038.93,905166841.8814
05/10/2016,ProShares Ultra Bloomberg Crude Oil,UCO,22.1734,20.9196,5.99342,1.2538,40388.93,895559966.9822
05/09/2016,ProShares Ultra Bloomberg Crude Oil,UCO,20.9196,22.1846,-5.70215,-1.265,40388.93,844920322.7868
05/06/2016,ProShares Ultra Bloomberg Crude Oil,UCO,22.1846,21.7874,1.82307,0.3972,40388.93,896012323.0318
05/05/2016,ProShares Ultra Bloomberg Crude Oil,UCO,21.7874,21.318,2.20190,0.4694,40388.93,879969838.8442
05/04/2016,ProShares Ultra Bloomberg Crude Oil,UCO,21.318,21.3092,0.04130,0.0088,40388.93,861011273.694
05/03/2016,ProShares Ultra Bloomberg Crude Oil,UCO,21.3092,22.362,-4.70799,-1.0528,40388.93,860655851.0836
05/02/2016,ProShares Ultra Bloomberg Crude Oil,UCO,22.362,23.587,-5.19354,-1.225,40688.93,909885919.746
04/29/2016,ProShares Ultra Bloomberg Crude Oil,UCO,23.587,23.7702,-0.77071,-0.1832,40688.93,959729862.671
04/28/2016,ProShares Ultra Bloomberg Crude Oil,UCO,23.7702,23.1012,2.89595,0.669,41063.93,976097900.1966
04/27/2016,ProShares Ultra Bloomberg Crude Oil,UCO,23.1012,21.8278,5.83384,1.2734,41063.93,948626129.0196
04/26/2016,ProShares Ultra Bloomberg Crude Oil,UCO,21.8278,20.5996,5.96225,1.2282,41063.93,896335316.7374
04/25/2016,ProShares Ultra Bloomberg Crude Oil,UCO,20.5996,21.5194,-4.27428,-0.9198,41513.93,855170414.2268
04/22/2016,ProShares Ultra Bloomberg Crude Oil,UCO,21.5194,20.9856,2.54365,0.5338,41888.93,901424704.8002
04/21/2016,ProShares Ultra Bloomberg Crude Oil,UCO,20.9856,22.003,-4.62391,-1.0174,41888.93,879064392.3648
04/20/2016,ProShares Ultra Bloomberg Crude Oil,UCO,22.003,20.4022,7.84621,1.6008,42288.93,930483392.799
04/19/2016,ProShares Ultra Bloomberg Crude Oil,UCO,20.4022,19.2494,5.98876,1.1528,42288.93,862787268.8526
04/18/2016,ProShares Ultra Bloomberg Crude Oil,UCO,19.2494,19.6956,-2.26548,-0.4462,42288.93,814036586.8902
04/15/2016,ProShares Ultra Bloomberg Crude Oil,UCO,19.6956,20.5576,-4.19310,-0.862,42288.93,832905908.7948
04/14/2016,ProShares Ultra Bloomberg Crude Oil,UCO,20.5576,20.9306,-1.78208,-0.373,42288.93,869358969.0408
04/13/2016,ProShares Ultra Bloomberg Crude Oil,UCO,20.9306,21.409,-2.23457,-0.4784,42563.93,890888656.0498
04/12/2016,ProShares Ultra Bloomberg Crude Oil,UCO,21.409,19.7644,8.32102,1.6446,44113.93,944435191.597
04/11/2016,ProShares Ultra Bloomberg Crude Oil,UCO,19.7644,19.1034,3.46012,0.661,47238.93,933649167.3852
04/08/2016,ProShares Ultra Bloomberg Crude Oil,UCO,19.1034,16.8916,13.09408,2.2118,47238.93,902424232.6722
04/07/2016,ProShares Ultra Bloomberg Crude Oil,UCO,16.8916,17.3424,-2.59941,-0.4508,47888.93,808920700.6628
04/06/2016,ProShares Ultra Bloomberg Crude Oil,UCO,17.3424,15.7146,10.35852,1.6278,47888.93,830509031.6592
04/05/2016,ProShares Ultra Bloomberg Crude Oil,UCO,15.7146,15.5494,1.06242,0.1652,47888.93,752555426.5218
04/04/2016,ProShares Ultra Bloomberg Crude Oil,UCO,15.5494,16.5308,-5.93680,-0.9814,46138.93,717432724.7902
04/01/2016,ProShares Ultra Bloomberg Crude Oil,UCO,16.5308,17.986,-8.09074,-1.4552,45538.93,752794993.6364
03/31/2016,ProShares Ultra Bloomberg Crude Oil,UCO,17.986,17.9678,0.10129,0.0182,44913.93,807821998.938
03/30/2016,ProShares Ultra Bloomberg Crude Oil,UCO,17.9678,17.9306,0.20747,0.0372,44613.93,801614225.3574
03/29/2016,ProShares Ultra Bloomberg Crude Oil,UCO,17.9306,19.0022,-5.63935,-1.0716,44363.93,795471937.0498
03/28/2016,ProShares Ultra Bloomberg Crude Oil,UCO,19.0022,19.072,-0.36598,-0.0698,44113.93,838261777.6526
03/24/2016,ProShares Ultra Bloomberg Crude Oil,UCO,19.072,19.3942,-1.66132,-0.3222,44363.93,846108930.176
03/23/2016,ProShares Ultra Bloomberg Crude Oil,UCO,19.3942,21.0836,-8.01286,-1.6894,44363.93,860402989.3886
03/22/2016,ProShares Ultra Bloomberg Crude Oil,UCO,21.0836,21.1558,-0.34128,-0.0722,44363.93,935351417.7988
03/21/2016,ProShares Ultra Bloomberg Crude Oil,UCO,21.1558,20.7738,1.83885,0.382,44738.93,946487918.7614
03/18/2016,ProShares Ultra Bloomberg Crude Oil,UCO,20.7738,21.3062,-2.49880,-0.5324,45363.93,942381271.3554
03/17/2016,ProShares Ultra Bloomberg Crude Oil,UCO,21.3062,19.674,8.29623,1.6322,45438.93,968130994.2846
03/16/2016,ProShares Ultra Bloomberg Crude Oil,UCO,19.674,17.8726,10.07912,1.8014,45688.93,898884067.842
03/15/2016,ProShares Ultra Bloomberg Crude Oil,UCO,17.8726,18.6008,-3.91489,-0.7282,45688.93,816580023.9358
03/14/2016,ProShares Ultra Bloomberg Crude Oil,UCO,18.6008,19.8398,-6.24502,-1.239,45688.93,849850704.9464
03/11/2016,ProShares Ultra Bloomberg Crude Oil,UCO,19.8398,19.169,3.49940,0.6708,45413.93,901003347.9334
03/10/2016,ProShares Ultra Bloomberg Crude Oil,UCO,19.169,19.8322,-3.34406,-0.6632,45413.93,870539681.677
03/09/2016,ProShares Ultra Bloomberg Crude Oil,UCO,19.8322,18.2644,8.58391,1.5678,45413.93,900658202.0426
03/08/2016,ProShares Ultra Bloomberg Crude Oil,UCO,18.2644,19.6462,-7.03342,-1.3818,48838.93,892013807.8852
03/07/2016,ProShares Ultra Bloomberg Crude Oil,UCO,19.6462,17.706,10.95787,1.9402,48838.93,959499445.5046
03/04/2016,ProShares Ultra Bloomberg Crude Oil,UCO,17.706,16.4228,7.81353,1.2832,50038.93,885989347.698
03/03/2016,ProShares Ultra Bloomberg Crude Oil,UCO,16.4228,16.396,0.16345,0.0268,50538.93,829990788.8724
03/02/2016,ProShares Ultra Bloomberg Crude Oil,UCO,16.396,16.2616,0.82649,0.1344,50538.93,828636345.468
03/01/2016,ProShares Ultra Bloomberg Crude Oil,UCO,16.2616,15.7582,3.19453,0.5034,50788.93,825909312.8728
02/29/2016,ProShares Ultra Bloomberg Crude Oil,UCO,15.7582,14.8978,5.77535,0.8604,51163.93,806251489.0006
02/26/2016,ProShares Ultra Bloomberg Crude Oil,UCO,14.8978,15.1152,-1.43829,-0.2174,51163.93,762230041.0474
02/25/2016,ProShares Ultra Bloomberg Crude Oil,UCO,15.1152,14.4702,4.45744,0.645,51963.93,785445240.0816
02/24/2016,ProShares Ultra Bloomberg Crude Oil,UCO,14.4702,14.0772,2.79175,0.393,51663.93,747587443.2966
02/23/2016,ProShares Ultra Bloomberg Crude Oil,UCO,14.0772,15.3384,-8.22250,-1.2612,51063.93,718837197.6276
02/22/2016,ProShares Ultra Bloomberg Crude Oil,UCO,15.3384,13.9606,9.86920,1.3778,51063.93,783239029.9272
02/19/2016,ProShares Ultra Bloomberg Crude Oil,UCO,13.9606,14.966,-6.71789,-1.0054,51063.93,712883143.0398
02/18/2016,ProShares Ultra Bloomberg Crude Oil,UCO,14.966,15.0886,-0.81253,-0.1226,51563.93,771705821.278
02/17/2016,ProShares Ultra Bloomberg Crude Oil,UCO,15.0886,13.405,12.55949,1.6836,51913.93,783308569.4638
02/16/2016,ProShares Ultra Bloomberg Crude Oil,UCO,13.405,14.439,-7.16116,-1.034,52313.93,701268271.865
02/12/2016,ProShares Ultra Bloomberg Crude Oil,UCO,14.439,12.024,20.08483,2.415,52313.93,755360878.587
02/11/2016,ProShares Ultra Bloomberg Crude Oil,UCO,12.024,12.7356,-5.58749,-0.7116,52313.93,629022730.392
02/10/2016,ProShares Ultra Bloomberg Crude Oil,UCO,12.7356,12.8454,-0.85478,-0.1098,51888.93,660836695.1148
02/09/2016,ProShares Ultra Bloomberg Crude Oil,UCO,12.8454,14.5866,-11.93698,-1.7412,49888.93,640843299.9582
02/08/2016,ProShares Ultra Bloomberg Crude Oil,UCO,14.5866,15.7542,-7.41136,-1.1676,41888.93,611017110.0978
02/05/2016,ProShares Ultra Bloomberg Crude Oil,UCO,15.7542,16.6252,-5.23903,-0.871,41538.93,654412658.2686
02/04/2016,ProShares Ultra Bloomberg Crude Oil,UCO,16.6252,17.2234,-3.47318,-0.5982,41538.93,690593068.9116
02/03/2016,ProShares Ultra Bloomberg Crude Oil,UCO,17.2234,14.8398,16.06221,2.3836,41663.93,717594583.6322
02/02/2016,ProShares Ultra Bloomberg Crude Oil,UCO,14.8398,16.6756,-11.00890,-1.8358,42413.93,629414282.9334
02/01/2016,ProShares Ultra Bloomberg Crude Oil,UCO,16.6756,18.9294,-11.90635,-2.2538,40888.93,681847491.1348
01/29/2016,ProShares Ultra Bloomberg Crude Oil,UCO,18.9294,18.485,2.40411,0.4444,39388.93,745608868.3302
01/28/2016,ProShares Ultra Bloomberg Crude Oil,UCO,18.485,17.4894,5.69259,0.9956,41388.93,765074426.505
01/27/2016,ProShares Ultra Bloomberg Crude Oil,UCO,17.4894,16.593,5.40228,0.8964,41563.93,726928249.8102
01/26/2016,ProShares Ultra Bloomberg Crude Oil,UCO,16.593,15.4622,7.31332,1.1308,41788.93,693403765.269
01/25/2016,ProShares Ultra Bloomberg Crude Oil,UCO,15.4622,17.4728,-11.50703,-2.0106,41788.93,646148839.8326
01/22/2016,ProShares Ultra Bloomberg Crude Oil,UCO,17.4728,14.806,18.01162,2.6668,41788.93,730169668.5224
01/21/2016,ProShares Ultra Bloomberg Crude Oil,UCO,14.806,13.6686,8.32126,1.1374,41788.93,618726941.998
01/20/2016,ProShares Ultra Bloomberg Crude Oil,UCO,13.6686,14.8984,-8.25458,-1.2298,41788.93,571196209.6038
01/19/2016,ProShares Ultra Bloomberg Crude Oil,UCO,14.8984,15.7502,-5.40819,-0.8518,40638.93,605455083.87672
01/15/2016,ProShares Ultra Bloomberg Crude Oil,UCO,15.7502,17.6406,-10.71619,-1.8904,40563.93,638890062.26166
01/14/2016,ProShares Ultra Bloomberg Crude Oil,UCO,17.6406,16.8674,4.58399,0.7732,39013.93,688229191.77198
01/13/2016,ProShares Ultra Bloomberg Crude Oil,UCO,16.8674,17.008,-0.82667,-0.1406,39013.93,658063618.54442
01/12/2016,ProShares Ultra Bloomberg Crude Oil,UCO,17.008,18.1232,-6.15344,-1.1152,39013.93,663548977.5664
01/11/2016,ProShares Ultra Bloomberg Crude Oil,UCO,18.1232,20.2492,-10.49918,-2.126,37388.93,677607115.98256
01/08/2016,ProShares Ultra Bloomberg Crude Oil,UCO,20.2492,20.4514,-0.98869,-0.2022,36338.93,735834328.17836
01/07/2016,ProShares Ultra Bloomberg Crude Oil,UCO,20.4514,21.3114,-4.03540,-0.86,36338.93,743182060.49162
01/06/2016,ProShares Ultra Bloomberg Crude Oil,UCO,21.3114,23.8516,-10.65002,-2.5402,36338.93,774433543.12962
01/05/2016,ProShares Ultra Bloomberg Crude Oil,UCO,23.8516,24.8614,-4.06172,-1.0098,31163.93,743309671.49828
01/04/2016,ProShares Ultra Bloomberg Crude Oil,UCO,24.8614,25.155,-1.16716,-0.2936,31163.93,774779011.34462
12/31/2015,ProShares Ultra Bloomberg Crude Oil,UCO,25.155,24.4668,2.81279,0.6882,31163.93,783928742.1615
12/30/2015,ProShares Ultra Bloomberg Crude Oil,UCO,24.4668,26.1068,-6.28189,-1.64,31263.93,764928403.26444
12/29/2015,ProShares Ultra Bloomberg Crude Oil,UCO,26.1068,24.7466,5.49651,1.3602,31063.93,810979893.87644
12/28/2015,ProShares Ultra Bloomberg Crude Oil,UCO,24.7466,26.4984,-6.61097,-1.7518,31063.93,768726731.80178
12/24/2015,ProShares Ultra Bloomberg Crude Oil,UCO,26.4984,25.5804,3.58869,0.918,30563.93,809895330.15672
12/23/2015,ProShares Ultra Bloomberg Crude Oil,UCO,25.5804,23.832,7.33635,1.7484,30563.93,781837639.38732
12/22/2015,ProShares Ultra Bloomberg Crude Oil,UCO,23.832,23.5898,1.02671,0.2422,30563.93,728399658.4056
12/21/2015,ProShares Ultra Bloomberg Crude Oil,UCO,23.5898,24.0314,-1.83760,-0.4416,30438.93,718048348.76034
12/18/2015,ProShares Ultra Bloomberg Crude Oil,UCO,24.0314,24.3572,-1.33759,-0.3258,30438.93,731490181.70562
12/17/2015,ProShares Ultra Bloomberg Crude Oil,UCO,24.3572,24.9376,-2.32741,-0.5804,30188.93,735317886.17476
12/16/2015,ProShares Ultra Bloomberg Crude Oil,UCO,24.9376,27.223,-8.39511,-2.2854,29163.93,727278503.06208
12/15/2015,ProShares Ultra Bloomberg Crude Oil,UCO,27.223,26.1314,4.17735,1.0916,29163.93,793929756.2259
12/14/2015,ProShares Ultra Bloomberg Crude Oil,UCO,26.1314,25.8926,0.92227,0.2388,29163.93,762094406.63562
12/11/2015,ProShares Ultra Bloomberg Crude Oil,UCO,25.8926,27.578,-6.11139,-1.6854,29163.93,755130059.36358
12/10/2015,ProShares Ultra Bloomberg Crude Oil,UCO,27.578,27.9568,-1.35495,-0.3788,28963.93,798767352.5474
12/09/2015,ProShares Ultra Bloomberg Crude Oil,UCO,27.9568,28.4202,-1.63053,-0.4634,28838.93,806244290.48144
12/08/2015,ProShares Ultra Bloomberg Crude Oil,UCO,28.4202,28.689,-0.93694,-0.2688,28838.93,819608252.17266
12/07/2015,ProShares Ultra Bloomberg Crude Oil,UCO,28.689,32.4606,-11.61901,-3.7716,28438.93,815884557.4437
12/04/2015,ProShares Ultra Bloomberg Crude Oil,UCO,32.4606,34.3162,-5.40736,-1.8556,25538.93,829009098.27798
12/03/2015,ProShares Ultra Bloomberg Crude Oil,UCO,34.3162,32.4638,5.70605,1.8524,25538.93,876399142.90946
12/02/2015,ProShares Ultra Bloomberg Crude Oil,UCO,32.4638,35.7264,-9.13218,-3.2626,25513.93,828279227.86454
12/01/2015,ProShares Ultra Bloomberg Crude Oil,UCO,35.7264,35.3878,0.95683,0.3386,24613.93,879367226.64912
11/30/2015,ProShares Ultra Bloomberg Crude Oil,UCO,35.3878,35.4936,-0.29808,-0.1058,24613.93,871032948.83374
11/27/2015,ProShares Ultra Bloomberg Crude Oil,UCO,35.4936,37.8348,-6.18795,-2.3412,24613.93,873637102.97688
11/25/2015,ProShares Ultra Bloomberg Crude Oil,UCO,37.8348,37.5386,0.78905,0.2962,24613.93,931263243.61884
11/24/2015,ProShares Ultra Bloomberg Crude Oil,UCO,37.5386,35.6282,5.36204,1.9104,24613.93,923972596.57538
11/23/2015,ProShares Ultra Bloomberg Crude Oil,UCO,35.6282,35.889,-0.72669,-0.2608,24613.93,876950138.39906
11/20/2015,ProShares Ultra Bloomberg Crude Oil,UCO,35.889,35.5834,0.85883,0.3056,24438.93,877088877.2037
11/19/2015,ProShares Ultra Bloomberg Crude Oil,UCO,35.5834,35.9792,-1.10008,-0.3958,24288.93,864282829.18722
11/18/2015,ProShares Ultra Bloomberg Crude Oil,UCO,35.9792,35.5706,1.14870,0.4086,24088.93,866700548.98736
11/17/2015,ProShares Ultra Bloomberg Crude Oil,UCO,35.5706,37.4626,-5.05037,-1.892,23888.93,849743690.84098
11/16/2015,ProShares Ultra Bloomberg Crude Oil,UCO,37.4626,36.1082,3.75095,1.3544,22588.93,846240172.64458
11/13/2015,ProShares Ultra Bloomberg Crude Oil,UCO,36.1082,37.925,-4.79051,-1.8168,21388.93,772315881.38306
11/12/2015,ProShares Ultra Bloomberg Crude Oil,UCO,37.925,40.0462,-5.29688,-2.1212,20763.93,787472170.4025
11/11/2015,ProShares Ultra Bloomberg Crude Oil,UCO,40.0462,42.3594,-5.46089,-2.3132,20238.93,810492370.71846
11/10/2015,ProShares Ultra Bloomberg Crude Oil,UCO,42.3594,41.7684,1.41495,0.591,19188.93,812831701.22802
11/09/2015,ProShares Ultra Bloomberg Crude Oil,UCO,41.7684,42.426,-1.54999,-0.6576,19088.93,797314201.64772
11/06/2015,ProShares Ultra Bloomberg Crude Oil,UCO,42.426,43.8896,-3.33473,-1.4636,18813.93,798199934.1858
11/05/2015,ProShares Ultra Bloomberg Crude Oil,UCO,43.8896,45.7722,-4.11298,-1.8826,18688.93,820249806.96368
11/04/2015,ProShares Ultra Bloomberg Crude Oil,UCO,45.7722,48.9642,-6.51905,-3.192,18688.93,855433592.79426
11/03/2015,ProShares Ultra Bloomberg Crude Oil,UCO,48.9642,45.5568,7.47945,3.4074,18688.93,915088667.88786
11/02/2015,ProShares Ultra Bloomberg Crude Oil,UCO,45.5568,46.403,-1.82359,-0.8462,19463.93,886714516.56144
10/30/2015,ProShares Ultra Bloomberg Crude Oil,UCO,46.403,45.3036,2.42674,1.0994,19463.93,903184896.9199
10/29/2015,ProShares Ultra Bloomberg Crude Oil,UCO,45.3036,45.1508,0.33842,0.1528,19463.93,881786248.64988
10/28/2015,ProShares Ultra Bloomberg Crude Oil,UCO,45.1508,40.2284,12.23613,4.9224,19763.93,892357399.64164
10/27/2015,ProShares Ultra Bloomberg Crude Oil,UCO,40.2284,41.678,-3.47809,-1.4496,19763.93,795071414.36572
10/26/2015,ProShares Ultra Bloomberg Crude Oil,UCO,41.678,42.7544,-2.51764,-1.0764,19088.93,795588562.0774
10/23/2015,ProShares Ultra Bloomberg Crude Oil,UCO,42.7544,43.9962,-2.82252,-1.2418,18788.93,803309569.88152
10/22/2015,ProShares Ultra Bloomberg Crude Oil,UCO,43.9962,43.6176,0.86800,0.3786,18463.93,812342902.25346
10/21/2015,ProShares Ultra Bloomberg Crude Oil,UCO,43.6176,45.7208,-4.60009,-2.1032,18363.93,800990697.10608
10/20/2015,ProShares Ultra Bloomberg Crude Oil,UCO,45.7208,45.7028,0.03938,0.018,17938.93,820182381.62264
10/19/2015,ProShares Ultra Bloomberg Crude Oil,UCO,45.7028,48.7428,-6.23682,-3.04,17738.93,810718920.82324
10/16/2015,ProShares Ultra Bloomberg Crude Oil,UCO,48.7428,47.1426,3.39438,1.6002,17438.93,850022438.05524
10/15/2015,ProShares Ultra Bloomberg Crude Oil,UCO,47.1426,47.6812,-1.12959,-0.5386,17438.93,822116656.98858
10/14/2015,ProShares Ultra Bloomberg Crude Oil,UCO,47.6812,47.5646,0.24514,0.1166,16463.93,785020096.46396
10/13/2015,ProShares Ultra Bloomberg Crude Oil,UCO,47.5646,48.4212,-1.76906,-0.8566,16463.93,783100401.84118
10/12/2015,ProShares Ultra Bloomberg Crude Oil,UCO,48.4212,53.7968,-9.99242,-5.3756,16463.93,797203407.10596
10/09/2015,ProShares Ultra Bloomberg Crude Oil,UCO,53.7968,53.4312,0.68424,0.3656,16463.93,885706926.95344
10/08/2015,ProShares Ultra Bloomberg Crude Oil,UCO,53.4312,50.0826,6.68615,3.3486,16688.93,891709732.93896
10/07/2015,ProShares Ultra Bloomberg Crude Oil,UCO,50.0826,51.6158,-2.97041,-1.5332,16688.93,835825170.89058
10/06/2015,ProShares Ultra Bloomberg Crude Oil,UCO,51.6158,47.004,9.81151,4.6118,16838.93,869155013.42614
10/05/2015,ProShares Ultra Bloomberg Crude Oil,UCO,47.004,45.568,3.15133,1.436,17538.93,824400020.8332
10/02/2015,ProShares Ultra Bloomberg Crude Oil,UCO,45.568,43.996,3.57305,1.572,17888.93,815162912.6144
10/01/2015,ProShares Ultra Bloomberg Crude Oil,UCO,43.996,44.6914,-1.55600,-0.6954,17888.93,787041509.4668
09/30/2015,ProShares Ultra Bloomberg Crude Oil,UCO,44.6914,44.9714,-0.62262,-0.28,17613.93,787191338.68362
09/29/2015,ProShares Ultra Bloomberg Crude Oil,UCO,44.9714,43.4098,3.59734,1.5616,17613.93,792123240.00762
09/28/2015,ProShares Ultra Bloomberg Crude Oil,UCO,43.4098,45.9702,-5.56970,-2.5604,17613.93,764617321.76634
09/25/2015,ProShares Ultra Bloomberg Crude Oil,UCO,45.9702,44.4102,3.51271,1.56,17613.93,809716036.58766
09/24/2015,ProShares Ultra Bloomberg Crude Oil,UCO,44.4102,43.5692,1.93026,0.841,17613.93,782238300.63966
09/23/2015,ProShares Ultra Bloomberg Crude Oil,UCO,43.5692,47.4164,-8.11365,-3.8472,17613.93,767424982.73436
09/22/2015,ProShares Ultra Bloomberg Crude Oil,UCO,47.4164,48.661,-2.55770,-1.2446,17488.93,829262256.92612
09/21/2015,ProShares Ultra Bloomberg Crude Oil,UCO,48.661,44.8054,8.60521,3.8556,17488.93,851028983.3113
09/18/2015,ProShares Ultra Bloomberg Crude Oil,UCO,44.8054,49.3674,-9.24092,-4.562,17313.93,775757707.07982
09/17/2015,ProShares Ultra Bloomberg Crude Oil,UCO,49.3674,50.0218,-1.30823,-0.6544,16963.93,837465280.79442
09/16/2015,ProShares Ultra Bloomberg Crude Oil,UCO,50.0218,45.0036,11.15066,5.0182,16963.93,848566478.74594
09/15/2015,ProShares Ultra Bloomberg Crude Oil,UCO,45.0036,43.8792,2.56249,1.1244,17313.93,779189328.65988
09/14/2015,ProShares Ultra Bloomberg Crude Oil,UCO,43.8792,45.3496,-3.24237,-1.4704,17313.93,759721542.05736
09/11/2015,ProShares Ultra Bloomberg Crude Oil,UCO,45.3496,47.997,-5.51576,-2.6474,17313.93,785179949.58168
09/10/2015,ProShares Ultra Bloomberg Crude Oil,UCO,47.997,44.7244,7.31726,3.2726,17363.93,833416706.6001
09/09/2015,ProShares Ultra Bloomberg Crude Oil,UCO,44.7244,48.4502,-7.68996,-3.7258,17438.93,779945828.48252
09/08/2015,ProShares Ultra Bloomberg Crude Oil,UCO,48.4502,48.5414,-0.18788,-0.0912,17438.93,844919806.17166
09/04/2015,ProShares Ultra Bloomberg Crude Oil,UCO,48.5414,50.0016,-2.92031,-1.4602,17438.93,846510236.88862
09/03/2015,ProShares Ultra Bloomberg Crude Oil,UCO,50.0016,49.0422,1.95627,0.9594,17638.93,881974887.29328
09/02/2015,ProShares Ultra Bloomberg Crude Oil,UCO,49.0422,47.3162,3.64780,1.726,17638.93,865052094.68526
09/01/2015,ProShares Ultra Bloomberg Crude Oil,UCO,47.3162,56.105,-15.66491,-8.7888,17588.93,832241485.80946
08/31/2015,ProShares Ultra Bloomberg Crude Oil,UCO,56.105,47.8828,17.17151,8.2222,17538.93,984021852.7965
08/28/2015,ProShares Ultra Bloomberg Crude Oil,UCO,47.8828,42.7402,12.03223,5.1426,18588.93,890090175.41724
08/27/2015,ProShares Ultra Bloomberg Crude Oil,UCO,42.7402,35.5232,20.31630,7.217,19013.93,812659312.02866
08/26/2015,ProShares Ultra Bloomberg Crude Oil,UCO,35.5232,36.587,-2.90759,-1.0638,19013.93,675435755.40256
08/25/2015,ProShares Ultra Bloomberg Crude Oil,UCO,36.587,34.766,5.23788,1.821,19013.93,695662777.6471
08/24/2015,ProShares Ultra Bloomberg Crude Oil,UCO,34.766,39.0562,-10.98468,-4.2902,19013.93,661038405.1078
08/21/2015,ProShares Ultra Bloomberg Crude Oil,UCO,39.0562,40.8026,-4.28012,-1.7464,18513.93,723083881.75146
08/20/2015,ProShares Ultra Bloomberg Crude Oil,UCO,40.8026,40.9786,-0.42949,-0.176,18513.93,755416614.86658
08/19/2015,ProShares Ultra Bloomberg Crude Oil,UCO,40.9786,44.8676,-8.66772,-3.889,18513.93,758675067.12738
08/18/2015,ProShares Ultra Bloomberg Crude Oil,UCO,44.8676,43.8034,2.42949,1.0642,17813.93,799268433.73108
08/17/2015,ProShares Ultra Bloomberg Crude Oil,UCO,43.8034,45.3432,-3.39588,-1.5398,17813.93,780310845.91322
08/14/2015,ProShares Ultra Bloomberg Crude Oil,UCO,45.3432,45.0796,0.58474,0.2636,17688.93,802072840.40856
08/13/2015,ProShares Ultra Bloomberg Crude Oil,UCO,45.0796,46.9786,-4.04227,-1.899,17688.93,797410037.59068
08/12/2015,ProShares Ultra Bloomberg Crude Oil,UCO,46.9786,46.5294,0.96541,0.4492,17113.93,803988626.92738
08/11/2015,ProShares Ultra Bloomberg Crude Oil,UCO,46.5294,50.5412,-7.93768,-4.0118,16788.93,781178993.08902
08/10/2015,ProShares Ultra Bloomberg Crude Oil,UCO,50.5412,48.0298,5.22884,2.5114,16538.93,835897535.70196
08/07/2015,ProShares Ultra Bloomberg Crude Oil,UCO,48.0298,49.7942,-3.54338,-1.7644,15888.93,763142288.61234
08/06/2015,ProShares Ultra Bloomberg Crude Oil,UCO,49.7942,50.9008,-2.17403,-1.1066,15813.93,787442157.52686
08/05/2015,ProShares Ultra Bloomberg Crude Oil,UCO,50.9008,52.2508,-2.58369,-1.35,15588.93,793489176.11664
08/04/2015,ProShares Ultra Bloomberg Crude Oil,UCO,52.2508,50.9662,2.52049,1.2846,15388.93,804084076.07164
08/03/2015,ProShares Ultra Bloomberg Crude Oil,UCO,50.9662,55.572,-8.28799,-4.6058,15388.93,784315452.35446
07/31/2015,ProShares Ultra Bloomberg Crude Oil,UCO,55.572,58.9774,-5.77408,-3.4054,14988.93,832965001.3476
07/30/2015,ProShares Ultra Bloomberg Crude Oil,UCO,58.9774,59.6396,-1.11034,-0.6622,14913.93,879585009.80742
07/29/2015,ProShares Ultra Bloomberg Crude Oil,UCO,59.6396,57.694,3.37227,1.9456,14788.93,882006066.43868
07/28/2015,ProShares Ultra Bloomberg Crude Oil,UCO,57.694,56.2942,2.48658,1.3998,14538.93,838809217.8102
07/27/2015,ProShares Ultra Bloomberg Crude Oil,UCO,56.2942,58.111,-3.12643,-1.8168,14538.93,818457618.97686
07/24/2015,ProShares Ultra Bloomberg Crude Oil,UCO,58.111,58.8666,-1.28358,-0.7556,14338.93,833249752.9963
07/23/2015,ProShares Ultra Bloomberg Crude Oil,UCO,58.8666,60.695,-3.01244,-1.8284,14088.93,829367600.99778
07/22/2015,ProShares Ultra Bloomberg Crude Oil,UCO,60.695,64.9636,-6.57076,-4.2686,13963.93,847540931.6435
07/21/2015,ProShares Ultra Bloomberg Crude Oil,UCO,64.9636,63.9016,1.66193,1.062,13963.93,907147377.32788
07/20/2015,ProShares Ultra Bloomberg Crude Oil,UCO,63.9016,65.8904,-3.01835,-1.9888,13863.93,885927520.16328
07/17/2015,ProShares Ultra Bloomberg Crude Oil,UCO,65.8904,65.9702,-0.12096,-0.0798,13863.93,913500110.71032
07/16/2015,ProShares Ultra Bloomberg Crude Oil,UCO,65.9702,67.405,-2.12863,-1.4348,13863.93,914606452.58766
07/15/2015,ProShares Ultra Bloomberg Crude Oil,UCO,67.405,71.9552,-6.32366,-4.5502,13863.93,934498424.0865
07/14/2015,ProShares Ultra Bloomberg Crude Oil,UCO,71.9552,69.9158,2.91694,2.0394,13788.93,992185453.38816
07/13/2015,ProShares Ultra Bloomberg Crude Oil,UCO,69.9158,71.2898,-1.92734,-1.374,13788.93,964064302.81614
07/10/2015,ProShares Ultra Bloomberg Crude Oil,UCO,71.2898,71.319,-0.04094,-0.0292,13788.93,983010297.17034
07/09/2015,ProShares Ultra Bloomberg Crude Oil,UCO,71.319,68.3302,4.37405,2.9888,13788.93,983412934.0227
07/08/2015,ProShares Ultra Bloomberg Crude Oil,UCO,68.3302,69.9786,-2.35558,-1.6484,13888.93,949033590.17566
07/07/2015,ProShares Ultra Bloomberg Crude Oil,UCO,69.9786,70.3254,-0.49314,-0.3468,13663.93,956182922.82738
07/06/2015,ProShares Ultra Bloomberg Crude Oil,UCO,70.3254,83.3046,-15.58041,-12.9792,12763.93,897628714.89582
07/02/2015,ProShares Ultra Bloomberg Crude Oil,UCO,83.3046,83.511,-0.24715,-0.2064,11463.93,954998377.98318
07/01/2015,ProShares Ultra Bloomberg Crude Oil,UCO,83.511,90.9968,-8.22644,-7.4858,11388.93,951101208.8163
06/30/2015,ProShares Ultra Bloomberg Crude Oil,UCO,90.9968,87.5672,3.91653,3.4296,10938.93,995407925.71344
06/29/2015,ProShares Ultra Bloomberg Crude Oil,UCO,87.5672,91.5138,-4.31257,-3.9466,10738.93,940378320.06776
06/26/2015,ProShares Ultra Bloomberg Crude Oil,UCO,91.5138,91.6082,-0.10305,-0.0944,10413.93,953018609.22954
06/25/2015,ProShares Ultra Bloomberg Crude Oil,UCO,91.6082,93.3998,-1.91821,-1.7916,10263.93,940260454.53306
06/24/2015,ProShares Ultra Bloomberg Crude Oil,UCO,93.3998,95.744,-2.44840,-2.3442,9988.93,932964372.43334
06/23/2015,ProShares Ultra Bloomberg Crude Oil,UCO,95.744,93.9226,1.93926,1.8214,9913.93,949199629.8752
06/22/2015,ProShares Ultra Bloomberg Crude Oil,UCO,93.9226,92.5504,1.48265,1.3722,10263.93,964015301.76258
06/19/2015,ProShares Ultra Bloomberg Crude Oil,UCO,92.5504,95.2956,-2.88072,-2.7452,10163.93,940676092.48832
06/18/2015,ProShares Ultra Bloomberg Crude Oil,UCO,95.2956,93.9068,1.47891,1.3888,9988.93,951901392.18348
06/17/2015,ProShares Ultra Bloomberg Crude Oil,UCO,93.9068,94.282,-0.39796,-0.3752,9988.93,938028761.61644
06/16/2015,ProShares Ultra Bloomberg Crude Oil,UCO,94.282,92.9006,1.48697,1.3814,9913.93,934705459.3906
06/15/2015,ProShares Ultra Bloomberg Crude Oil,UCO,92.9006,94.0876,-1.26159,-1.187,9913.93,921010351.92998
06/12/2015,ProShares Ultra Bloomberg Crude Oil,UCO,94.0876,96.6976,-2.69914,-2.61,9913.93,932778190.75708
06/11/2015,ProShares Ultra Bloomberg Crude Oil,UCO,96.6976,98.571,-1.90056,-1.8734,9913.93,958653556.67008
06/10/2015,ProShares Ultra Bloomberg Crude Oil,UCO,98.571,94.7336,4.05073,3.8374,10013.93,987083419.3143
06/09/2015,ProShares Ultra Bloomberg Crude Oil,UCO,94.7336,88.6616,6.84851,6.072,10463.93,991286071.66888
06/08/2015,ProShares Ultra Bloomberg Crude Oil,UCO,88.6616,91.693,-3.30603,-3.0314,10913.93,967646788.67128
06/05/2015,ProShares Ultra Bloomberg Crude Oil,UCO,91.693,88.2556,3.89482,3.4374,10913.93,1000731286.0769
06/04/2015,ProShares Ultra Bloomberg Crude Oil,UCO,88.2556,93.3954,-5.50327,-5.1398,10613.93,936739051.75148
06/03/2015,ProShares Ultra Bloomberg Crude Oil,UCO,93.3954,98.614,-5.29195,-5.2186,9738.93,909571571.12682
06/02/2015,ProShares Ultra Bloomberg Crude Oil,UCO,98.614,95.2618,3.51893,3.3522,9738.93,960395168.4462
06/01/2015,ProShares Ultra Bloomberg Crude Oil,UCO,95.2618,95.5876,-0.34084,-0.3258,10214.92,973091380.2706
05/29/2015,ProShares Ultra Bloomberg Crude Oil,UCO,95.5876,87.6302,9.08066,7.9574,10564.92,1009875060.2292
05/28/2015,ProShares Ultra Bloomberg Crude Oil,UCO,87.6302,87.1182,0.58771,0.512,11314.92,991528439.6934
05/27/2015,ProShares Ultra Bloomberg Crude Oil,UCO,87.1182,88.7104,-1.79483,-1.5922,11064.92,963955652.1894
05/26/2015,ProShares Ultra Bloomberg Crude Oil,UCO,88.7104,94.0474,-5.67480,-5.337,11014.92,977137693.0368
05/22/2015,ProShares Ultra Bloomberg Crude Oil,UCO,94.0474,97.2534,-3.29654,-3.206,10664.92,1003007715.0658
05/21/2015,ProShares Ultra Bloomberg Crude Oil,UCO,97.2534,91.838,5.89669,5.4154,10664.92,1037199438.9678
05/20/2015,ProShares Ultra Bloomberg Crude Oil,UCO,91.838,88.808,3.41185,3.03,10964.92,1006996047.446
05/19/2015,ProShares Ultra Bloomberg Crude Oil,UCO,88.808,95.981,-7.47335,-7.173,10964.92,973772348.936
05/18/2015,ProShares Ultra Bloomberg Crude Oil,UCO,95.981,96.952,-1.00153,-0.971,10564.92,1014031298.577
05/15/2015,ProShares Ultra Bloomberg Crude Oil,UCO,96.952,97.922,-0.99058,-0.97,10564.92,1024289832.984
05/14/2015,ProShares Ultra Bloomberg Crude Oil,UCO,97.922,100.04,-2.11715,-2.118,10304.92,1009078082.474
05/13/2015,ProShares Ultra Bloomberg Crude Oil,UCO,100.04,100.86,-0.81301,-0.82,10204.92,1020899896.68
05/12/2015,ProShares Ultra Bloomberg Crude Oil,UCO,100.86,96.234,4.80703,4.626,10624.92,1071629128.62
05/11/2015,ProShares Ultra Bloomberg Crude Oil,UCO,96.234,96.437,-0.21050,-0.203,10714.92,1031139322.578
05/08/2015,ProShares Ultra Bloomberg Crude Oil,UCO,96.437,95.075,1.43255,1.362,10714.92,1033314450.729
05/07/2015,ProShares Ultra Bloomberg Crude Oil,UCO,95.075,101.917,-6.71331,-6.842,10714.92,1018720733.775
05/06/2015,ProShares Ultra Bloomberg Crude Oil,UCO,101.917,100.289,1.62331,1.628,10714.92,1092032195.889
05/05/2015,ProShares Ultra Bloomberg Crude Oil,UCO,100.289,96.016,4.45030,4.273,10714.92,1074588311.013
05/04/2015,ProShares Ultra Bloomberg Crude Oil,UCO,96.016,96.666,-0.67242,-0.65,11134.92,1069130190.672
05/01/2015,ProShares Ultra Bloomberg Crude Oil,UCO,96.666,97.797,-1.15648,-1.131,11134.92,1076367886.722
04/30/2015,ProShares Ultra Bloomberg Crude Oil,UCO,97.797,95.101,2.83488,2.696,11274.92,1102653057.849
04/29/2015,ProShares Ultra Bloomberg Crude Oil,UCO,95.101,90.971,4.53991,4.13,11274.92,1072255881.617
04/28/2015,ProShares Ultra Bloomberg Crude Oil,UCO,90.971,91.254,-0.31012,-0.283,11574.92,1052981774.407
04/27/2015,ProShares Ultra Bloomberg Crude Oil,UCO,91.254,92.141,-0.96266,-0.887,11574.92,1056257475.918
04/24/2015,ProShares Ultra Bloomberg Crude Oil,UCO,92.141,93.277,-1.21788,-1.136,11574.92,1066524427.297
04/23/2015,ProShares Ultra Bloomberg Crude Oil,UCO,93.277,88.108,5.86666,5.169,11574.92,1079673533.009
04/22/2015,ProShares Ultra Bloomberg Crude Oil,UCO,88.108,89.065,-1.07450,-0.957,11674.92,1028653587.036
04/21/2015,ProShares Ultra Bloomberg Crude Oil,UCO,89.065,92.743,-3.96580,-3.678,11674.92,1039826482.605
04/20/2015,ProShares Ultra Bloomberg Crude Oil,UCO,92.743,90.948,1.97366,1.795,11734.92,1088331407.331
04/17/2015,ProShares Ultra Bloomberg Crude Oil,UCO,90.948,93.346,-2.56894,-2.398,11734.92,1067267231.316
04/16/2015,ProShares Ultra Bloomberg Crude Oil,UCO,93.346,91.785,1.70071,1.561,11904.92,1111276382.282
04/15/2015,ProShares Ultra Bloomberg Crude Oil,UCO,91.785,83.748,9.59665,8.037,12414.92,1139503156.845
04/14/2015,ProShares Ultra Bloomberg Crude Oil,UCO,83.748,80.451,4.09815,3.297,13004.92,1089135788.916
04/13/2015,ProShares Ultra Bloomberg Crude Oil,UCO,80.451,79.78,0.84106,0.671,13264.92,1067175837.567
04/10/2015,ProShares Ultra Bloomberg Crude Oil,UCO,79.78,76.933,3.70062,2.847,13264.92,1058275078.26
04/09/2015,ProShares Ultra Bloomberg Crude Oil,UCO,76.933,75.619,1.73766,1.314,13264.92,1020509859.561
04/08/2015,ProShares Ultra Bloomberg Crude Oil,UCO,75.619,87.111,-13.19236,-11.492,12734.92,963001688.623
04/07/2015,ProShares Ultra Bloomberg Crude Oil,UCO,87.111,81.37,7.05543,5.741,12509.92,1089751379.787
04/06/2015,ProShares Ultra Bloomberg Crude Oil,UCO,81.37,72.525,12.19579,8.845,13149.92,1070008746.29
04/02/2015,ProShares Ultra Bloomberg Crude Oil,UCO,72.525,75.387,-3.79641,-2.862,14184.92,1028761105.425
04/01/2015,ProShares Ultra Bloomberg Crude Oil,UCO,75.387,68.249,10.45876,7.138,14184.92,1069358337.879
03/31/2015,ProShares Ultra Bloomberg Crude Oil,UCO,68.249,71.42,-4.43993,-3.171,14719.92,1004619615.333
03/30/2015,ProShares Ultra Bloomberg Crude Oil,UCO,71.42,71.988,-0.78902,-0.568,14669.92,1047725472.14
03/27/2015,ProShares Ultra Bloomberg Crude Oil,UCO,71.988,79.948,-9.95647,-7.96,14459.92,1040940504.996
03/26/2015,ProShares Ultra Bloomberg Crude Oil,UCO,79.948,73.334,9.01901,6.614,14669.92,1172830524.316
03/25/2015,ProShares Ultra Bloomberg Crude Oil,UCO,73.334,68.439,7.15235,4.895,15404.92,1129704183.278
03/24/2015,ProShares Ultra Bloomberg Crude Oil,UCO,68.439,68.269,0.24901,0.17,15604.92,1067984914.563
03/23/2015,ProShares Ultra Bloomberg Crude Oil,UCO,68.269,65.789,3.76963,2.48,15739.92,1074548393.673
03/20/2015,ProShares Ultra Bloomberg Crude Oil,UCO,65.789,62.917,4.56474,2.872,15739.92,1035513399.513
03/19/2015,ProShares Ultra Bloomberg Crude Oil,UCO,62.917,66.092,-4.80391,-3.175,16024.92,1008239702.889
03/18/2015,ProShares Ultra Bloomberg Crude Oil,UCO,66.092,62.083,6.45748,4.009,15789.92,1043587194.364
03/17/2015,ProShares Ultra Bloomberg Crude Oil,UCO,62.083,64.723,-4.07892,-2.64,15304.92,950175162.111
03/16/2015,ProShares Ultra Bloomberg Crude Oil,UCO,64.723,67.392,-3.96041,-2.669,14984.92,969868782.991
03/13/2015,ProShares Ultra Bloomberg Crude Oil,UCO,67.392,73.596,-8.42981,-6.204,13554.92,913492966.464
03/12/2015,ProShares Ultra Bloomberg Crude Oil,UCO,73.596,76.314,-3.56160,-2.718,12499.92,919943891.532
03/11/2015,ProShares Ultra Bloomberg Crude Oil,UCO,76.314,76.468,-0.20139,-0.154,12279.92,937129585.938
03/10/2015,ProShares Ultra Bloomberg Crude Oil,UCO,76.468,81.487,-6.15926,-5.019,12119.92,926785813.156
03/09/2015,ProShares Ultra Bloomberg Crude Oil,UCO,81.487,80.896,0.73057,0.591,11219.92,914277376.579
03/06/2015,ProShares Ultra Bloomberg Crude Oil,UCO,80.896,84.366,-4.11303,-3.47,11219.92,907646405.632
03/05/2015,ProShares Ultra Bloomberg Crude Oil,UCO,84.366,86.581,-2.55830,-2.215,10649.92,898490897.622
03/04/2015,ProShares Ultra Bloomberg Crude Oil,UCO,86.581,84.241,2.77774,2.34,10849.92,939396663.777
03/03/2015,ProShares Ultra Bloomberg Crude Oil,UCO,84.241,81.156,3.80132,3.085,10849.92,914007857.997
03/02/2015,ProShares Ultra Bloomberg Crude Oil,UCO,81.156,83.143,-2.38986,-1.987,10849.92,880535864.052
02/27/2015,ProShares Ultra Bloomberg Crude Oil,UCO,83.143,77.744,6.94459,5.399,11144.92,926621834.131
02/26/2015,ProShares Ultra Bloomberg Crude Oil,UCO,77.744,85.423,-8.98938,-7.679,11024.92,857121147.248
02/25/2015,ProShares Ultra Bloomberg Crude Oil,UCO,85.423,79.396,7.59106,6.027,10614.92,906758054.891
02/24/2015,ProShares Ultra Bloomberg Crude Oil,UCO,79.396,79.962,-0.70784,-0.566,10369.92,823329930.132
02/23/2015,ProShares Ultra Bloomberg Crude Oil,UCO,79.962,83.429,-4.15563,-3.467,10279.92,822002723.154
02/20/2015,ProShares Ultra Bloomberg Crude Oil,UCO,83.429,86.397,-3.43530,-2.968,9484.92,791317140.393
02/19/2015,ProShares Ultra Bloomberg Crude Oil,UCO,86.397,89.62,-3.59630,-3.223,9324.92,805644854.049
02/18/2015,ProShares Ultra Bloomberg Crude Oil,UCO,89.62,94.923,-5.58663,-5.303,9029.92,809261161.54
02/17/2015,ProShares Ultra Bloomberg Crude Oil,UCO,94.923,93.039,2.02496,1.884,9314.92,884199866.391
02/13/2015,ProShares Ultra Bloomberg Crude Oil,UCO,93.039,88.23,5.45053,4.809,9414.92,875954462.763
02/12/2015,ProShares Ultra Bloomberg Crude Oil,UCO,88.23,80.564,9.51542,7.666,9574.92,844794926.91
02/11/2015,ProShares Ultra Bloomberg Crude Oil,UCO,80.564,84.247,-4.37167,-3.683,9574.92,771393613.188
02/10/2015,ProShares Ultra Bloomberg Crude Oil,UCO,84.247,93.788,-10.17294,-9.541,9269.92,780962697.499
02/09/2015,ProShares Ultra Bloomberg Crude Oil,UCO,93.788,89.847,4.38635,3.941,9269.92,869406975.596
02/06/2015,ProShares Ultra Bloomberg Crude Oil,UCO,89.847,85.741,4.78884,4.106,9469.92,850843632.699
02/05/2015,ProShares Ultra Bloomberg Crude Oil,UCO,85.741,79.111,8.38063,6.63,9469.92,811960153.497
02/04/2015,ProShares Ultra Bloomberg Crude Oil,UCO,79.111,95.719,-17.35079,-16.608,9399.92,743636833.787
02/03/2015,ProShares Ultra Bloomberg Crude Oil,UCO,95.719,83.936,14.03808,11.783,9159.92,876778095.323
02/02/2015,ProShares Ultra Bloomberg Crude Oil,UCO,83.936,79.557,5.50423,4.379,9409.92,789830793.312
01/30/2015,ProShares Ultra Bloomberg Crude Oil,UCO,79.557,68.198,16.65591,11.359,9669.92,769309586.769
01/29/2015,ProShares Ultra Bloomberg Crude Oil,UCO,68.198,67.956,0.35611,0.242,9669.92,659468999.566
01/28/2015,ProShares Ultra Bloomberg Crude Oil,UCO,67.956,73.627,-7.70234,-5.671,9269.92,629946479.652
01/27/2015,ProShares Ultra Bloomberg Crude Oil,UCO,73.627,70.268,4.78027,3.359,9019.92,664109428.959
01/26/2015,ProShares Ultra Bloomberg Crude Oil,UCO,70.268,71.657,-1.93840,-1.389,8729.92,613433807.756
01/23/2015,ProShares Ultra Bloomberg Crude Oil,UCO,71.657,73.959,-3.11254,-2.302,8519.92,610511692.469
01/22/2015,ProShares Ultra Bloomberg Crude Oil,UCO,73.959,78.811,-6.15650,-4.852,8159.92,603499301.403
01/21/2015,ProShares Ultra Bloomberg Crude Oil,UCO,78.811,74.605,5.63769,4.206,7784.92,613537093.687
01/20/2015,ProShares Ultra Bloomberg Crude Oil,UCO,74.605,83.682,-10.84702,-9.077,7519.92,561023407.785
01/16/2015,ProShares Ultra Bloomberg Crude Oil,UCO,83.682,75.889,10.26895,7.793,7259.92,607524374.394
01/15/2015,ProShares Ultra Bloomberg Crude Oil,UCO,75.889,83.499,-9.11388,-7.61,7039.92,534252261.213
01/14/2015,ProShares Ultra Bloomberg Crude Oil,UCO,83.499,75.544,10.53029,7.955,6879.92,574466189.583
01/13/2015,ProShares Ultra Bloomberg Crude Oil,UCO,75.544,76.362,-1.07121,-0.818,6879.92,519736449.848
01/12/2015,ProShares Ultra Bloomberg Crude Oil,UCO,76.362,84.018,-9.11233,-7.656,6429.92,491001321.954
01/09/2015,ProShares Ultra Bloomberg Crude Oil,UCO,84.018,85.023,-1.18203,-1.005,6169.92,518384086.506
01/08/2015,ProShares Ultra Bloomberg Crude Oil,UCO,85.023,84.342,0.80743,0.681,5949.92,505879793.091
01/07/2015,ProShares Ultra Bloomberg Crude Oil,UCO,84.342,82.24,2.55593,2.102,5874.92,495502249.614
01/06/2015,ProShares Ultra Bloomberg Crude Oil,UCO,82.24,89.544,-8.15688,-7.304,5624.92,462593174.08
01/05/2015,ProShares Ultra Bloomberg Crude Oil,UCO,89.544,99.242,-9.77207,-9.698,5014.92,449055727.848
01/02/2015,ProShares Ultra Bloomberg Crude Oil,UCO,99.242,101.486,-2.21114,-2.244,4494.92,446084552.914
12/31/2014,ProShares Ultra Bloomberg Crude Oil,UCO,101.486,104.676,-3.04750,-3.19,4439.92,450589416.662
12/30/2014,ProShares Ultra Bloomberg Crude Oil,UCO,104.676,102.778,1.84670,1.898,4394.92,460042331.892
12/29/2014,ProShares Ultra Bloomberg Crude Oil,UCO,102.778,107.06,-3.99963,-4.282,4394.92,451700779.426
12/26/2014,ProShares Ultra Bloomberg Crude Oil,UCO,107.06,111.387,-3.88465,-4.327,4079.92,436795914.02
12/24/2014,ProShares Ultra Bloomberg Crude Oil,UCO,111.387,116.5,-4.38884,-5.113,4004.92,446095689.879
12/23/2014,ProShares Ultra Bloomberg Crude Oil,UCO,116.5,109.237,6.64885,7.263,4004.92,466572830.5
12/22/2014,ProShares Ultra Bloomberg Crude Oil,UCO,109.237,116.771,-6.45194,-7.534,3914.92,427653788.329
12/19/2014,ProShares Ultra Bloomberg Crude Oil,UCO,116.771,105.998,10.16340,10.773,3784.92,441968543.007
12/18/2014,ProShares Ultra Bloomberg Crude Oil,UCO,105.998,115.861,-8.51279,-9.863,3574.92,378934052.166
12/17/2014,ProShares Ultra Bloomberg Crude Oil,UCO,115.861,113.534,2.04961,2.327,3319.92,384648903.537
12/16/2014,ProShares Ultra Bloomberg Crude Oil,UCO,113.534,113.899,-0.32046,-0.365,3219.92,365570056.678
12/15/2014,ProShares Ultra Bloomberg Crude Oil,UCO,113.899,121.259,-6.06965,-7.36,2969.92,338270576.383
12/12/2014,ProShares Ultra Bloomberg Crude Oil,UCO,121.259,130.355,-6.97787,-9.096,2854.92,346184380.503
12/11/2014,ProShares Ultra Bloomberg Crude Oil,UCO,130.355,134.383,-2.99740,-4.028,2734.92,356510105.535
12/10/2014,ProShares Ultra Bloomberg Crude Oil,UCO,134.383,147.22,-8.71960,-12.837,2639.92,354759966.211
12/09/2014,ProShares Ultra Bloomberg Crude Oil,UCO,147.22,143.723,2.43315,3.497,2494.92,367301680.74
12/08/2014,ProShares Ultra Bloomberg Crude Oil,UCO,143.723,156.951,-8.42811,-13.228,2414.92,347079115.991
12/05/2014,ProShares Ultra Bloomberg Crude Oil,UCO,156.951,161.65,-2.90690,-4.699,2384.92,374315108.067
12/04/2014,ProShares Ultra Bloomberg Crude Oil,UCO,161.65,164.437,-1.69487,-2.787,2384.92,385521833.05
12/03/2014,ProShares Ultra Bloomberg Crude Oil,UCO,164.437,162.019,1.49242,2.418,2359.92,388057671.729
12/02/2014,ProShares Ultra Bloomberg Crude Oil,UCO,162.019,172.634,-6.14885,-10.615,2339.92,379111012.423
12/01/2014,ProShares Ultra Bloomberg Crude Oil,UCO,172.634,158.949,8.60968,13.685,2294.92,396180701.378
11/28/2014,ProShares Ultra Bloomberg Crude Oil,UCO,158.949,199.862,-20.47062,-40.913,2259.92,359211547.233
11/26/2014,ProShares Ultra Bloomberg Crude Oil,UCO,199.862,202.05,-1.08290,-2.188,2084.92,416695681.454
11/25/2014,ProShares Ultra Bloomberg Crude Oil,UCO,202.05,211.49,-4.46357,-9.44,2004.92,405093479.85
11/24/2014,ProShares Ultra Bloomberg Crude Oil,UCO,211.49,215.626,-1.91814,-4.136,2004.92,424019896.33
11/21/2014,ProShares Ultra Bloomberg Crude Oil,UCO,215.626,211.944,1.73725,3.682,2034.92,438781013.042
11/20/2014,ProShares Ultra Bloomberg Crude Oil,UCO,211.944,204.539,3.62034,7.405,2034.92,431288448.648
11/19/2014,ProShares Ultra Bloomberg Crude Oil,UCO,204.539,205.315,-0.37796,-0.776,2034.92,416219888.263
11/18/2014,ProShares Ultra Bloomberg Crude Oil,UCO,205.315,211.011,-2.69939,-5.696,2009.92,412666108.855
11/17/2014,ProShares Ultra Bloomberg Crude Oil,UCO,211.011,211.938,-0.43739,-0.927,1979.92,417784266.087
11/14/2014,ProShares Ultra Bloomberg Crude Oil,UCO,211.938,202.859,4.47552,9.079,1949.92,413261509.146
11/13/2014,ProShares Ultra Bloomberg Crude Oil,UCO,202.859,219.92,-7.75782,-17.061,1949.92,395558212.703
11/12/2014,ProShares Ultra Bloomberg Crude Oil,UCO,219.92,224.07,-1.85210,-4.15,1764.92,388140546.64
11/11/2014,ProShares Ultra Bloomberg Crude Oil,UCO,224.07,221.273,1.26405,2.797,1764.92,395464952.19
11/10/2014,ProShares Ultra Bloomberg Crude Oil,UCO,221.273,228.386,-3.11446,-7.113,1724.92,381677559.341
11/07/2014,ProShares Ultra Bloomberg Crude Oil,UCO,228.386,224.191,1.87117,4.195,1669.92,381385663.962
11/06/2014,ProShares Ultra Bloomberg Crude Oil,UCO,224.191,228.444,-1.86173,-4.253,1669.92,374380362.147
11/05/2014,ProShares Ultra Bloomberg Crude Oil,UCO,228.444,220.396,3.65161,8.048,1669.92,381482519.148
11/04/2014,ProShares Ultra Bloomberg Crude Oil,UCO,220.396,230.031,-4.18857,-9.635,1644.92,362533127.132
11/03/2014,ProShares Ultra Bloomberg Crude Oil,UCO,230.031,239.463,-3.93881,-9.432,1534.92,353078492.427
10/31/2014,ProShares Ultra Bloomberg Crude Oil,UCO,239.463,242.35,-1.19125,-2.887,1489.92,356779994.571
10/30/2014,ProShares Ultra Bloomberg Crude Oil,UCO,242.35,248.795,-2.59049,-6.445,1449.92,351387384.95
10/29/2014,ProShares Ultra Bloomberg Crude Oil,UCO,248.795,243.755,2.06765,5.04,1449.92,360732100.015
10/28/2014,ProShares Ultra Bloomberg Crude Oil,UCO,243.755,241.248,1.03918,2.507,1449.92,353424518.335
10/27/2014,ProShares Ultra Bloomberg Crude Oil,UCO,241.248,241.87,-0.25716,-0.622,1449.92,349789576.416
10/24/2014,ProShares Ultra Bloomberg Crude Oil,UCO,241.87,247.629,-2.32566,-5.759,1379.92,333760524.79
10/23/2014,ProShares Ultra Bloomberg Crude Oil,UCO,247.629,238.012,4.04055,9.617,1399.92,346660046.793
10/22/2014,ProShares Ultra Bloomberg Crude Oil,UCO,238.012,249.144,-4.46810,-11.132,1419.92,337957285.004
10/21/2014,ProShares Ultra Bloomberg Crude Oil,UCO,249.144,245.653,1.42111,3.491,1379.92,343798041.048
10/20/2014,ProShares Ultra Bloomberg Crude Oil,UCO,245.653,247.131,-0.59806,-1.478,1359.92,334067690.801
10/17/2014,ProShares Ultra Bloomberg Crude Oil,UCO,247.131,246.409,0.29301,0.722,1344.92,332370683.127
10/16/2014,ProShares Ultra Bloomberg Crude Oil,UCO,246.409,239.615,2.83538,6.794,1344.92,331399653.053
10/15/2014,ProShares Ultra Bloomberg Crude Oil,UCO,239.615,241.9,-0.94461,-2.285,1174.92,281527736.955
10/14/2014,ProShares Ultra Bloomberg Crude Oil,UCO,241.9,265.737,-8.97015,-23.837,1109.92,268488922.3
10/13/2014,ProShares Ultra Bloomberg Crude Oil,UCO,265.737,266.874,-0.42604,-1.137,1029.92,273687053.829
10/10/2014,ProShares Ultra Bloomberg Crude Oil,UCO,266.874,266.608,0.09977,0.266,999.92,266851849.458
10/09/2014,ProShares Ultra Bloomberg Crude Oil,UCO,266.608,276.308,-3.51058,-9.7,959.92,255921551.536
10/08/2014,ProShares Ultra Bloomberg Crude Oil,UCO,276.308,285.884,-3.34961,-9.576,889.92,245891186.436
10/07/2014,ProShares Ultra Bloomberg Crude Oil,UCO,285.884,295.647,-3.30225,-9.763,769.92,220106951.628
10/06/2014,ProShares Ultra Bloomberg Crude Oil,UCO,295.647,291.771,1.32844,3.876,749.92,221710711.299
10/03/2014,ProShares Ultra Bloomberg Crude Oil,UCO,291.771,300.162,-2.79549,-8.391,749.92,218804033.007
10/02/2014,ProShares Ultra Bloomberg Crude Oil,UCO,300.162,298.326,0.61543,1.836,709.92,213090106.554
10/01/2014,ProShares Ultra Bloomberg Crude Oil,UCO,298.326,301.175,-0.94596,-2.849,649.92,193887138.942
09/30/2014,ProShares Ultra Bloomberg Crude Oil,UCO,301.175,324.594,-7.21486,-23.419,594.92,179174127.475
09/29/2014,ProShares Ultra Bloomberg Crude Oil,UCO,324.594,317.628,2.19313,6.966,609.92,197975398.698
09/26/2014,ProShares Ultra Bloomberg Crude Oil,UCO,317.628,310.844,2.18245,6.784,639.92,203255556.876
09/25/2014,ProShares Ultra Bloomberg Crude Oil,UCO,310.844,312.674,-0.58527,-1.83,639.92,198914359.948
09/24/2014,ProShares Ultra Bloomberg Crude Oil,UCO,312.674,304.439,2.70498,8.235,659.92,206338888.058
09/23/2014,ProShares Ultra Bloomberg Crude Oil,UCO,304.439,299.89,1.51689,4.549,659.92,200904471.563
09/22/2014,ProShares Ultra Bloomberg Crude Oil,UCO,299.89,305.114,-1.71215,-5.224,659.92,197902509.13
09/19/2014,ProShares Ultra Bloomberg Crude Oil,UCO,305.114,307.329,-0.72073,-2.215,609.92,186094215.538
09/18/2014,ProShares Ultra Bloomberg Crude Oil,UCO,307.329,315.606,-2.62257,-8.277,609.92,187445181.693
09/17/2014,ProShares Ultra Bloomberg Crude Oil,UCO,315.606,319.772,-1.30280,-4.166,609.92,192493464.702
09/16/2014,ProShares Ultra Bloomberg Crude Oil,UCO,319.772,307.608,3.95438,12.164,609.92,195034378.924
09/15/2014,ProShares Ultra Bloomberg Crude Oil,UCO,307.608,303.521,1.34653,4.087,634.92,195305548.536
09/12/2014,ProShares Ultra Bloomberg Crude Oil,UCO,303.521,306.807,-1.07103,-3.286,634.92,192710642.757
09/11/2014,ProShares Ultra Bloomberg Crude Oil,UCO,306.807,300.074,2.24378,6.733,634.92,194796980.019
09/10/2014,ProShares Ultra Bloomberg Crude Oil,UCO,300.074,307.102,-2.28849,-7.028,634.92,190522083.858
09/09/2014,ProShares Ultra Bloomberg Crude Oil,UCO,307.102,308.179,-0.34947,-1.077,599.92,184235710.534
09/08/2014,ProShares Ultra Bloomberg Crude Oil,UCO,308.179,312.655,-1.43161,-4.476,599.92,184881821.143
09/05/2014,ProShares Ultra Bloomberg Crude Oil,UCO,312.655,319.485,-2.13782,-6.83,549.92,171934299.635
09/04/2014,ProShares Ultra Bloomberg Crude Oil,UCO,319.485,326.18,-2.05255,-6.695,549.92,175690232.745
09/03/2014,ProShares Ultra Bloomberg Crude Oil,UCO,326.18,308.883,5.59985,17.297,549.92,179371927.06
09/02/2014,ProShares Ultra Bloomberg Crude Oil,UCO,308.883,329.158,-6.15966,-20.275,549.92,169860012.711
08/29/2014,ProShares Ultra Bloomberg Crude Oil,UCO,329.158,321.025,2.53345,8.133,514.92,169489049.886
08/28/2014,ProShares Ultra Bloomberg Crude Oil,UCO,321.025,317.699,1.04690,3.326,514.92,165301229.925
08/27/2014,ProShares Ultra Bloomberg Crude Oil,UCO,317.699,317.846,-0.04625,-0.147,514.92,163588615.983
08/26/2014,ProShares Ultra Bloomberg Crude Oil,UCO,317.846,314.602,1.03114,3.244,514.92,163664308.782
08/25/2014,ProShares Ultra Bloomberg Crude Oil,UCO,314.602,316.603,-0.63202,-2.001,514.92,161993918.034
08/22/2014,ProShares Ultra Bloomberg Crude Oil,UCO,316.603,318.045,-0.45339,-1.442,484.92,153526176.951
08/21/2014,ProShares Ultra Bloomberg Crude Oil,UCO,318.045,314.659,1.07609,3.386,484.92,154225427.265
08/20/2014,ProShares Ultra Bloomberg Crude Oil,UCO,314.659,311.032,1.16612,3.627,484.92,152583498.303
08/19/2014,ProShares Ultra Bloomberg Crude Oil,UCO,311.032,316.333,-1.67577,-5.301,449.92,139938584.344
08/18/2014,ProShares Ultra Bloomberg Crude Oil,UCO,316.333,327.562,-3.42805,-11.229,449.92,142323594.361
08/15/2014,ProShares Ultra Bloomberg Crude Oil,UCO,327.562,319.709,2.45630,7.853,434.92,142462282.354
08/14/2014,ProShares Ultra Bloomberg Crude Oil,UCO,319.709,338.642,-5.59086,-18.933,414.92,132652699.153
08/13/2014,ProShares Ultra Bloomberg Crude Oil,UCO,338.642,336.838,0.53557,1.804,379.92,128655852.714
08/12/2014,ProShares Ultra Bloomberg Crude Oil,UCO,336.838,341.881,-1.47507,-5.043,379.92,127970482.446
08/11/2014,ProShares Ultra Bloomberg Crude Oil,UCO,341.881,339.249,0.77583,2.632,379.92,129886403.877
08/08/2014,ProShares Ultra Bloomberg Crude Oil,UCO,339.249,337.399,0.54831,1.85,349.92,118708992.333
08/07/2014,ProShares Ultra Bloomberg Crude Oil,UCO,337.399,334.51,0.86365,2.889,349.92,118061645.883
08/06/2014,ProShares Ultra Bloomberg Crude Oil,UCO,334.51,337.706,-0.94639,-3.196,324.92,108687985.67
08/05/2014,ProShares Ultra Bloomberg Crude Oil,UCO,337.706,344.088,-1.85476,-6.382,324.92,109726420.402
08/04/2014,ProShares Ultra Bloomberg Crude Oil,UCO,344.088,341.263,0.82781,2.825,299.92,103197840.696
08/01/2014,ProShares Ultra Bloomberg Crude Oil,UCO,341.263,343.293,-0.59133,-2.03,299.92,102350575.171
07/31/2014,ProShares Ultra Bloomberg Crude Oil,UCO,343.293,358.323,-4.19454,-15.03,299.92,102959406.681
07/30/2014,ProShares Ultra Bloomberg Crude Oil,UCO,358.323,363.367,-1.38813,-5.044,269.92,96717469.191
07/29/2014,ProShares Ultra Bloomberg Crude Oil,UCO,363.367,368.452,-1.38010,-5.085,269.92,98078930.539
07/28/2014,ProShares Ultra Bloomberg Crude Oil,UCO,368.452,371.545,-0.83247,-3.093,249.92,92082418.484
07/25/2014,ProShares Ultra Bloomberg Crude Oil,UCO,371.545,371.413,0.03554,0.132,249.92,92855411.765
07/24/2014,ProShares Ultra Bloomberg Crude Oil,UCO,371.413,379.142,-2.03855,-7.729,249.92,92822422.721
07/23/2014,ProShares Ultra Bloomberg Crude Oil,UCO,379.142,373.829,1.42124,5.313,249.92,94754031.214
07/22/2014,ProShares Ultra Bloomberg Crude Oil,UCO,373.829,377.289,-0.91707,-3.46,264.92,99033657.193
07/21/2014,ProShares Ultra Bloomberg Crude Oil,UCO,377.289,370.702,1.77690,6.587,264.92,99950270.013
07/18/2014,ProShares Ultra Bloomberg Crude Oil,UCO,370.702,372.537,-0.49257,-1.835,264.92,98205261.734
07/17/2014,ProShares Ultra Bloomberg Crude Oil,UCO,372.537,361.062,3.17812,11.475,284.92,106142124.429
07/16/2014,ProShares Ultra Bloomberg Crude Oil,UCO,361.062,353.483,2.14409,7.579,284.92,102872701.854
07/15/2014,ProShares Ultra Bloomberg Crude Oil,UCO,353.483,360.321,-1.89775,-6.838,284.92,100713315.911
07/14/2014,ProShares Ultra Bloomberg Crude Oil,UCO,360.321,359.067,0.34924,1.254,284.92,102661578.357
07/11/2014,ProShares Ultra Bloomberg Crude Oil,UCO,359.067,374.436,-4.10457,-15.369,249.92,89736947.439
07/10/2014,ProShares Ultra Bloomberg Crude Oil,UCO,374.436,369.724,1.27446,4.712,249.92,93577921.812
07/09/2014,ProShares Ultra Bloomberg Crude Oil,UCO,369.724,377.374,-2.02717,-7.65,249.92,92400312.908
07/08/2014,ProShares Ultra Bloomberg Crude Oil,UCO,377.374,379.155,-0.46973,-1.781,249.92,94312177.958
07/07/2014,ProShares Ultra Bloomberg Crude Oil,UCO,379.155,382.754,-0.94029,-3.599,249.92,94757280.135
07/03/2014,ProShares Ultra Bloomberg Crude Oil,UCO,382.754,385.735,-0.77281,-2.981,249.92,95656731.418
07/02/2014,ProShares Ultra Bloomberg Crude Oil,UCO,385.735,391.96,-1.58817,-6.225,249.92,96401733.995
07/01/2014,ProShares Ultra Bloomberg Crude Oil,UCO,391.96,391.894,0.01684,0.066,249.92,97957467.32
06/30/2014,ProShares Ultra Bloomberg Crude Oil,UCO,391.894,394.259,-0.59986,-2.365,249.92,97940972.798
06/27/2014,ProShares Ultra Bloomberg Crude Oil,UCO,394.259,394.798,-0.13653,-0.539,259.92,102474616.503
06/26/2014,ProShares Ultra Bloomberg Crude Oil,UCO,394.798,399.42,-1.15718,-4.622,259.92,102614711.766
06/25/2014,ProShares Ultra Bloomberg Crude Oil,UCO,399.42,396.419,0.75703,3.001,259.92,103816048.14
06/24/2014,ProShares Ultra Bloomberg Crude Oil,UCO,396.419,397.185,-0.19286,-0.766,259.92,103036037.223
06/23/2014,ProShares Ultra Bloomberg Crude Oil,UCO,397.185,401.39,-1.04761,-4.205,254.92,101249208.645
06/20/2014,ProShares Ultra Bloomberg Crude Oil,UCO,401.39,396.359,1.26930,5.031,254.92,102321134.63
06/19/2014,ProShares Ultra Bloomberg Crude Oil,UCO,396.359,392.919,0.87550,3.44,254.92,101038647.203
06/18/2014,ProShares Ultra Bloomberg Crude Oil,UCO,392.919,394.284,-0.34620,-1.365,254.92,100161732.723
06/17/2014,ProShares Ultra Bloomberg Crude Oil,UCO,394.284,396.633,-0.59224,-2.349,229.92,90652594.428
06/16/2014,ProShares Ultra Bloomberg Crude Oil,UCO,396.633,394.719,0.48490,1.914,229.92,91192669.461
06/13/2014,ProShares Ultra Bloomberg Crude Oil,UCO,394.719,392.835,0.47959,1.884,229.92,90752608.323
06/12/2014,ProShares Ultra Bloomberg Crude Oil,UCO,392.835,377.259,4.12873,15.576,229.92,90319444.695
06/11/2014,ProShares Ultra Bloomberg Crude Oil,UCO,377.259,376.249,0.26844,1.01,229.92,86738257.503
06/10/2014,ProShares Ultra Bloomberg Crude Oil,UCO,376.249,376.843,-0.15763,-0.594,229.92,86506041.333
06/09/2014,ProShares Ultra Bloomberg Crude Oil,UCO,376.843,364.688,3.33299,12.155,244.92,92295257.031
06/06/2014,ProShares Ultra Bloomberg Crude Oil,UCO,364.688,363.423,0.34808,1.265,244.92,89318290.896
06/05/2014,ProShares Ultra Bloomberg Crude Oil,UCO,363.423,364.572,-0.31516,-1.149,264.92,96276930.891
06/04/2014,ProShares Ultra Bloomberg Crude Oil,UCO,364.572,364.723,-0.04140,-0.151,264.92,96581320.524
06/03/2014,ProShares Ultra Bloomberg Crude Oil,UCO,364.723,363.387,0.36765,1.336,264.92,96621322.991
06/02/2014,ProShares Ultra Bloomberg Crude Oil,UCO,363.387,365.129,-0.47709,-1.742,264.92,96267393.879
05/30/2014,ProShares Ultra Bloomberg Crude Oil,UCO,365.129,371.38,-1.68318,-6.251,264.92,96728879.293
05/29/2014,ProShares Ultra Bloomberg Crude Oil,UCO,371.38,365.274,1.67162,6.106,264.92,98384875.46
05/28/2014,ProShares Ultra Bloomberg Crude Oil,UCO,365.274,375.306,-2.67302,-10.032,264.92,96767292.258
05/27/2014,ProShares Ultra Bloomberg Crude Oil,UCO,375.306,377.085,-0.47178,-1.779,264.92,99424939.602
05/23/2014,ProShares Ultra Bloomberg Crude Oil,UCO,377.085,372.714,1.17275,4.371,264.92,99896226.945
05/22/2014,ProShares Ultra Bloomberg Crude Oil,UCO,372.714,375.105,-0.63742,-2.391,244.92,91283994.738
05/21/2014,ProShares Ultra Bloomberg Crude Oil,UCO,375.105,362.774,3.39909,12.331,244.92,91869591.285
05/20/2014,ProShares Ultra Bloomberg Crude Oil,UCO,362.774,361.229,0.42771,1.545,244.92,88849519.758
05/19/2014,ProShares Ultra Bloomberg Crude Oil,UCO,361.229,357.533,1.03375,3.696,264.92,95695702.993
05/16/2014,ProShares Ultra Bloomberg Crude Oil,UCO,357.533,354.39,0.88688,3.143,264.92,94716569.761
05/15/2014,ProShares Ultra Bloomberg Crude Oil,UCO,354.39,358.702,-1.20211,-4.312,264.92,93883935.63
05/14/2014,ProShares Ultra Bloomberg Crude Oil,UCO,358.702,353.877,1.36347,4.825,264.92,95026257.734
05/13/2014,ProShares Ultra Bloomberg Crude Oil,UCO,353.877,346.199,2.21780,7.678,264.92,93748033.209
05/12/2014,ProShares Ultra Bloomberg Crude Oil,UCO,346.199,341.894,1.25916,4.305,279.92,96906985.483
05/09/2014,ProShares Ultra Bloomberg Crude Oil,UCO,341.894,343.488,-0.46406,-1.594,279.92,95701942.798
05/08/2014,ProShares Ultra Bloomberg Crude Oil,UCO,343.488,346.411,-0.84380,-2.923,279.92,96148130.496
05/07/2014,ProShares Ultra Bloomberg Crude Oil,UCO,346.411,337.459,2.65277,8.952,294.92,102162492.887
05/06/2014,ProShares Ultra Bloomberg Crude Oil,UCO,337.459,338.018,-0.16538,-0.559,294.92,99522395.903
05/05/2014,ProShares Ultra Bloomberg Crude Oil,UCO,338.018,340.178,-0.63496,-2.16,294.92,99687254.506
05/02/2014,ProShares Ultra Bloomberg Crude Oil,UCO,340.178,338.203,0.58397,1.975,294.92,100324275.226
05/01/2014,ProShares Ultra Bloomberg Crude Oil,UCO,338.203,340.689,-0.72970,-2.486,259.92,87904709.151
04/30/2014,ProShares Ultra Bloomberg Crude Oil,UCO,340.689,351.033,-2.94673,-10.344,259.92,88550862.813
04/29/2014,ProShares Ultra Bloomberg Crude Oil,UCO,351.033,347.71,0.95568,3.323,259.92,91239444.261
04/28/2014,ProShares Ultra Bloomberg Crude Oil,UCO,347.71,347.191,0.14949,0.519,259.92,90375740.07
04/25/2014,ProShares Ultra Bloomberg Crude Oil,UCO,347.191,356.484,-2.60685,-9.293,259.92,90240843.147
04/24/2014,ProShares Ultra Bloomberg Crude Oil,UCO,356.484,352.994,0.98869,3.49,259.92,92656251.828
04/23/2014,ProShares Ultra Bloomberg Crude Oil,UCO,352.994,354.9,-0.53705,-1.906,259.92,91749141.498
04/22/2014,ProShares Ultra Bloomberg Crude Oil,UCO,354.9,366.469,-3.15688,-11.569,259.92,92244543.3
04/21/2014,ProShares Ultra Bloomberg Crude Oil,UCO,366.469,364.094,0.65230,2.375,259.92,95251523.073
04/17/2014,ProShares Ultra Bloomberg Crude Oil,UCO,364.094,362.686,0.38821,1.408,259.92,94634220.198
04/16/2014,ProShares Ultra Bloomberg Crude Oil,UCO,362.686,362.06,0.17290,0.626,274.92,99708547.062
04/15/2014,ProShares Ultra Bloomberg Crude Oil,UCO,362.06,363.422,-0.37477,-1.362,274.92,99536449.02
04/14/2014,ProShares Ultra Bloomberg Crude Oil,UCO,363.422,358.231,1.44906,5.191,274.92,99910885.974
04/11/2014,ProShares Ultra Bloomberg Crude Oil,UCO,358.231,356.814,0.39713,1.417,274.92,98483791.827
04/10/2014,ProShares Ultra Bloomberg Crude Oil,UCO,356.814,358.606,-0.49971,-1.792,294.92,105230514.438
04/09/2014,ProShares Ultra Bloomberg Crude Oil,UCO,358.606,352.316,1.78533,6.29,294.92,105759005.702
04/08/2014,ProShares Ultra Bloomberg Crude Oil,UCO,352.316,338.273,4.15138,14.043,294.92,103903977.772
04/07/2014,ProShares Ultra Bloomberg Crude Oil,UCO,338.273,343.054,-1.39366,-4.781,294.92,99762458.341
04/04/2014,ProShares Ultra Bloomberg Crude Oil,UCO,343.054,337.345,1.69233,5.709,294.92,101172456.518
04/03/2014,ProShares Ultra Bloomberg Crude Oil,UCO,337.345,332.876,1.34254,4.469,294.92,99488775.365
04/02/2014,ProShares Ultra Bloomberg Crude Oil,UCO,332.876,333.694,-0.24513,-0.818,294.92,98170791.292
04/01/2014,ProShares Ultra Bloomberg Crude Oil,UCO,333.694,346.241,-3.62378,-12.547,294.92,98412033.398
03/31/2014,ProShares Ultra Bloomberg Crude Oil,UCO,346.241,346.887,-0.18623,-0.646,294.92,102112356.997
03/28/2014,ProShares Ultra Bloomberg Crude Oil,UCO,346.887,344.241,0.76865,2.646,319.92,110975048.379
03/27/2014,ProShares Ultra Bloomberg Crude Oil,UCO,344.241,337.388,2.03119,6.853,319.92,110128547.997
03/26/2014,ProShares Ultra Bloomberg Crude Oil,UCO,337.388,330.273,2.15428,7.115,339.92,114683916.796
03/25/2014,ProShares Ultra Bloomberg Crude Oil,UCO,330.273,333.025,-0.82636,-2.752,339.92,112265407.341
03/24/2014,ProShares Ultra Bloomberg Crude Oil,UCO,333.025,332.122,0.27189,0.903,339.92,113200858.925
03/21/2014,ProShares Ultra Bloomberg Crude Oil,UCO,332.122,328.414,1.12906,3.708,339.92,112893913.874
03/20/2014,ProShares Ultra Bloomberg Crude Oil,UCO,328.414,330.223,-0.54781,-1.809,339.92,111633501.638
03/19/2014,ProShares Ultra Bloomberg Crude Oil,UCO,330.223,328.308,0.58329,1.915,339.92,112248411.491
03/18/2014,ProShares Ultra Bloomberg Crude Oil,UCO,328.308,320.055,2.57862,8.253,339.92,111597470.436
03/17/2014,ProShares Ultra Bloomberg Crude Oil,UCO,320.055,326.311,-1.91719,-6.256,339.92,108792135.435
03/14/2014,ProShares Ultra Bloomberg Crude Oil,UCO,326.311,322.243,1.26240,4.068,339.92,110918656.187
03/13/2014,ProShares Ultra Bloomberg Crude Oil,UCO,322.243,320.544,0.53004,1.699,339.92,109535873.831
03/12/2014,ProShares Ultra Bloomberg Crude Oil,UCO,320.544,333.338,-3.83815,-12.794,339.92,108958354.848
03/11/2014,ProShares Ultra Bloomberg Crude Oil,UCO,333.338,340.115,-1.99256,-6.777,314.92,104973802.946
03/10/2014,ProShares Ultra Bloomberg Crude Oil,UCO,340.115,349.746,-2.75371,-9.631,314.92,107107995.455
03/07/2014,ProShares Ultra Bloomberg Crude Oil,UCO,349.746,343.168,1.91685,6.578,314.92,110140961.082
03/06/2014,ProShares Ultra Bloomberg Crude Oil,UCO,343.168,342.223,0.27614,0.945,314.92,108069437.056
03/05/2014,ProShares Ultra Bloomberg Crude Oil,UCO,342.223,354.659,-3.50647,-12.436,314.92,107771840.491
03/04/2014,ProShares Ultra Bloomberg Crude Oil,UCO,354.659,365.472,-2.95864,-10.813,289.92,102821673.303
03/03/2014,ProShares Ultra Bloomberg Crude Oil,UCO,365.472,349.525,4.56248,15.947,289.92,105956545.824
02/28/2014,ProShares Ultra Bloomberg Crude Oil,UCO,349.525,347.685,0.52921,1.84,289.92,101333239.425
02/27/2014,ProShares Ultra Bloomberg Crude Oil,UCO,347.685,348.724,-0.29794,-1.039,319.92,111230342.145
02/26/2014,ProShares Ultra Bloomberg Crude Oil,UCO,348.724,344.31,1.28198,4.414,309.92,108075495.908
02/25/2014,ProShares Ultra Bloomberg Crude Oil,UCO,344.31,350.774,-1.84278,-6.464,309.92,106707522.27
02/24/2014,ProShares Ultra Bloomberg Crude Oil,UCO,350.774,346.09,1.35341,4.684,309.92,108710825.758
02/21/2014,ProShares Ultra Bloomberg Crude Oil,UCO,346.09,349.396,-0.94620,-3.306,344.92,119372324.53
02/20/2014,ProShares Ultra Bloomberg Crude Oil,UCO,349.396,349.126,0.07734,0.27,364.92,127500540.132
02/19/2014,ProShares Ultra Bloomberg Crude Oil,UCO,349.126,345.052,1.18069,4.074,364.92,127402012.542
02/18/2014,ProShares Ultra Bloomberg Crude Oil,UCO,345.052,333.423,3.48776,11.629,394.92,136266900.684
02/14/2014,ProShares Ultra Bloomberg Crude Oil,UCO,333.423,332.363,0.31893,1.06,394.92,131674410.891
02/13/2014,ProShares Ultra Bloomberg Crude Oil,UCO,332.363,331.649,0.21529,0.714,429.92,142888503.871
02/12/2014,ProShares Ultra Bloomberg Crude Oil,UCO,331.649,328.654,0.91129,2.995,429.92,142581543.133
02/11/2014,ProShares Ultra Bloomberg Crude Oil,UCO,328.654,329.01,-0.10820,-0.356,459.92,151153561.718
02/10/2014,ProShares Ultra Bloomberg Crude Oil,UCO,329.01,328.044,0.29447,0.966,459.92,151317292.17
02/07/2014,ProShares Ultra Bloomberg Crude Oil,UCO,328.044,314.924,4.16608,13.12,459.92,150873012.348
02/06/2014,ProShares Ultra Bloomberg Crude Oil,UCO,314.924,311.986,0.94171,2.938,534.92,168458201.308
02/05/2014,ProShares Ultra Bloomberg Crude Oil,UCO,311.986,310.78,0.38806,1.206,534.92,166886615.162
02/04/2014,ProShares Ultra Bloomberg Crude Oil,UCO,310.78,305.968,1.57271,4.812,534.92,166241505.26
02/03/2014,ProShares Ultra Bloomberg Crude Oil,UCO,305.968,312.793,-2.18195,-6.825,534.92,163667484.656
01/31/2014,ProShares Ultra Bloomberg Crude Oil,UCO,312.793,317.588,-1.50982,-4.795,534.92,167318293.181
01/30/2014,ProShares Ultra Bloomberg Crude Oil,UCO,317.588,312.022,1.78385,5.566,579.92,184174680.196
01/29/2014,ProShares Ultra Bloomberg Crude Oil,UCO,312.022,312.352,-0.10565,-0.33,579.92,180946862.174
01/28/2014,ProShares Ultra Bloomberg Crude Oil,UCO,312.352,301.704,3.52929,10.648,579.92,181138234.784
01/27/2014,ProShares Ultra Bloomberg Crude Oil,UCO,301.704,307.58,-1.91040,-5.876,579.92,174963278.568
01/24/2014,ProShares Ultra Bloomberg Crude Oil,UCO,307.58,311.942,-1.39834,-4.362,579.92,178370870.86
01/23/2014,ProShares Ultra Bloomberg Crude Oil,UCO,311.942,308.187,1.21842,3.755,634.92,198057278.814
01/22/2014,ProShares Ultra Bloomberg Crude Oil,UCO,308.187,297.178,3.70451,11.009,689.92,212623450.479
01/21/2014,ProShares Ultra Bloomberg Crude Oil,UCO,297.178,294.847,0.79058,2.331,749.92,222858834.226
01/17/2014,ProShares Ultra Bloomberg Crude Oil,UCO,294.847,291.817,1.03832,3.03,789.92,232904657.699
01/16/2014,ProShares Ultra Bloomberg Crude Oil,UCO,291.817,293.38,-0.53276,-1.563,789.92,230511209.189
01/15/2014,ProShares Ultra Bloomberg Crude Oil,UCO,293.38,283.789,3.37962,9.591,814.92,239080349.46
01/14/2014,ProShares Ultra Bloomberg Crude Oil,UCO,283.789,279.127,1.67021,4.662,789.92,224169755.513
01/13/2014,ProShares Ultra Bloomberg Crude Oil,UCO,279.127,284.914,-2.03114,-5.787,789.92,220487162.459
01/10/2014,ProShares Ultra Bloomberg Crude Oil,UCO,284.914,278.492,2.30599,6.422,789.92,225058412.138
01/09/2014,ProShares Ultra Bloomberg Crude Oil,UCO,278.492,282.402,-1.38455,-3.91,749.92,208845885.164
01/08/2014,ProShares Ultra Bloomberg Crude Oil,UCO,282.402,290.519,-2.79397,-8.117,659.92,186361880.634
01/07/2014,ProShares Ultra Bloomberg Crude Oil,UCO,290.519,288.917,0.55448,1.602,589.92,171382096.923
01/06/2014,ProShares Ultra Bloomberg Crude Oil,UCO,288.917,292.419,-1.19760,-3.502,549.92,158880369.889
01/03/2014,ProShares Ultra Bloomberg Crude Oil,UCO,292.419,301.768,-3.09808,-9.349,489.92,143261039.223
01/02/2014,ProShares Ultra Bloomberg Crude Oil,UCO,301.768,320.873,-5.95407,-19.105,439.92,132752873.256
12/31/2013,ProShares Ultra Bloomberg Crude Oil,UCO,320.873,326.664,-1.77277,-5.791,444.92,142761852.541
12/30/2013,ProShares Ultra Bloomberg Crude Oil,UCO,326.664,333.076,-1.92509,-6.412,444.92,145338366.888
12/27/2013,ProShares Ultra Bloomberg Crude Oil,UCO,333.076,328.013,1.54354,5.063,444.92,148191174.692
12/26/2013,ProShares Ultra Bloomberg Crude Oil,UCO,328.013,326.191,0.55857,1.822,454.92,149218689.921
12/24/2013,ProShares Ultra Bloomberg Crude Oil,UCO,326.191,323.258,0.90732,2.933,464.92,151651741.147
12/23/2013,ProShares Ultra Bloomberg Crude Oil,UCO,323.258,325.71,-0.75282,-2.452,464.92,150288139.586
12/20/2013,ProShares Ultra Bloomberg Crude Oil,UCO,325.71,323.626,0.64395,2.084,464.92,151428116.07
12/19/2013,ProShares Ultra Bloomberg Crude Oil,UCO,323.626,317.035,2.07895,6.591,514.92,166640529.042
12/18/2013,ProShares Ultra Bloomberg Crude Oil,UCO,317.035,313.44,1.14695,3.595,539.92,171172586.095
12/17/2013,ProShares Ultra Bloomberg Crude Oil,UCO,313.44,315.647,-0.69920,-2.207,539.92,169231584.48
12/16/2013,ProShares Ultra Bloomberg Crude Oil,UCO,315.647,310.614,1.62034,5.033,539.92,170423181.299
12/13/2013,ProShares Ultra Bloomberg Crude Oil,UCO,310.614,316.187,-1.76256,-5.573,539.92,167705779.038
12/12/2013,ProShares Ultra Bloomberg Crude Oil,UCO,316.187,315.864,0.10226,0.323,539.92,170714736.479
12/11/2013,ProShares Ultra Bloomberg Crude Oil,UCO,315.864,322.045,-1.91930,-6.181,539.92,170540343.288
12/10/2013,ProShares Ultra Bloomberg Crude Oil,UCO,322.045,314.929,2.25956,7.116,539.92,173877570.265
12/09/2013,ProShares Ultra Bloomberg Crude Oil,UCO,314.929,317.036,-0.66459,-2.107,539.92,170035520.893
12/06/2013,ProShares Ultra Bloomberg Crude Oil,UCO,317.036,315.298,0.55122,1.738,559.92,177513846.012
12/05/2013,ProShares Ultra Bloomberg Crude Oil,UCO,315.298,314.153,0.36447,1.145,569.92,179693690.266
12/04/2013,ProShares Ultra Bloomberg Crude Oil,UCO,314.153,306.751,2.41303,7.402,569.92,179041135.301
12/03/2013,ProShares Ultra Bloomberg Crude Oil,UCO,306.751,292.898,4.72963,13.853,609.92,187092649.667
12/02/2013,ProShares Ultra Bloomberg Crude Oil,UCO,292.898,286.137,2.36285,6.761,659.92,193288369.466
11/29/2013,ProShares Ultra Bloomberg Crude Oil,UCO,286.137,283.57,0.90524,2.567,659.92,188826670.629
11/27/2013,ProShares Ultra Bloomberg Crude Oil,UCO,283.57,292.188,-2.94947,-8.618,659.92,187132663.69
11/26/2013,ProShares Ultra Bloomberg Crude Oil,UCO,292.188,294.765,-0.87426,-2.577,609.92,178210428.396
11/25/2013,ProShares Ultra Bloomberg Crude Oil,UCO,294.765,299.531,-1.59115,-4.766,609.92,179782184.505
11/22/2013,ProShares Ultra Bloomberg Crude Oil,UCO,299.531,303.356,-1.26089,-3.825,639.92,191674978.927
11/21/2013,ProShares Ultra Bloomberg Crude Oil,UCO,303.356,293.423,3.38522,9.933,639.92,194122661.452
11/20/2013,ProShares Ultra Bloomberg Crude Oil,UCO,293.423,293.684,-0.08887,-0.261,639.92,187766365.891
11/19/2013,ProShares Ultra Bloomberg Crude Oil,UCO,293.684,292.377,0.44703,1.307,639.92,187933384.228
11/18/2013,ProShares Ultra Bloomberg Crude Oil,UCO,292.377,297.506,-1.72400,-5.129,639.92,187097012.709
11/15/2013,ProShares Ultra Bloomberg Crude Oil,UCO,297.506,297.012,0.16632,0.494,579.92,172528787.002
11/14/2013,ProShares Ultra Bloomberg Crude Oil,UCO,297.012,297.522,-0.17142,-0.51,579.92,172242308.004
11/13/2013,ProShares Ultra Bloomberg Crude Oil,UCO,297.522,291.485,2.07112,6.037,579.92,172538065.674
11/12/2013,ProShares Ultra Bloomberg Crude Oil,UCO,291.485,303.91,-4.08838,-12.425,539.92,157377706.745
11/11/2013,ProShares Ultra Bloomberg Crude Oil,UCO,303.91,300.646,1.08566,3.264,539.92,164086175.47
11/08/2013,ProShares Ultra Bloomberg Crude Oil,UCO,300.646,298.07,0.86423,2.576,539.92,162323886.382
11/07/2013,ProShares Ultra Bloomberg Crude Oil,UCO,298.07,301.826,-1.24443,-3.756,539.92,160933060.19
11/06/2013,ProShares Ultra Bloomberg Crude Oil,UCO,301.826,293.079,2.98452,8.747,539.92,162960988.442
11/05/2013,ProShares Ultra Bloomberg Crude Oil,UCO,293.079,301.012,-2.63544,-7.933,539.92,158238334.443
11/04/2013,ProShares Ultra Bloomberg Crude Oil,UCO,301.012,300.912,0.03323,0.1,499.92,150481016.004
11/01/2013,ProShares Ultra Bloomberg Crude Oil,UCO,300.912,311.828,-3.50065,-10.916,499.92,150431024.304
10/31/2013,ProShares Ultra Bloomberg Crude Oil,UCO,311.828,314.491,-0.84677,-2.663,469.92,146533278.276
10/30/2013,ProShares Ultra Bloomberg Crude Oil,UCO,314.491,323.164,-2.68378,-8.673,469.92,147784667.247
10/29/2013,ProShares Ultra Bloomberg Crude Oil,UCO,323.164,326.344,-0.97443,-3.18,444.92,143781157.388
10/28/2013,ProShares Ultra Bloomberg Crude Oil,UCO,326.344,320.423,1.84787,5.921,444.92,145195993.448
10/25/2013,ProShares Ultra Bloomberg Crude Oil,UCO,320.423,315.823,1.45651,4.6,444.92,142561639.891
10/24/2013,ProShares Ultra Bloomberg Crude Oil,UCO,315.823,314.27,0.49416,1.553,444.92,140515021.691
10/23/2013,ProShares Ultra Bloomberg Crude Oil,UCO,314.27,323.952,-2.98871,-9.682,444.92,139824065.59
10/22/2013,ProShares Ultra Bloomberg Crude Oil,UCO,323.952,332.565,-2.58987,-8.613,394.92,127934151.984
10/21/2013,ProShares Ultra Bloomberg Crude Oil,UCO,332.565,340.904,-2.44614,-8.339,409.92,136324047.105
10/18/2013,ProShares Ultra Bloomberg Crude Oil,UCO,340.904,338.421,0.73370,2.483,379.92,129515224.968
10/17/2013,ProShares Ultra Bloomberg Crude Oil,UCO,338.421,350.135,-3.34557,-11.714,379.92,128571891.057
10/16/2013,ProShares Ultra Bloomberg Crude Oil,UCO,350.135,342.766,2.14986,7.369,354.92,124268863.795
10/15/2013,ProShares Ultra Bloomberg Crude Oil,UCO,342.766,349.547,-1.93994,-6.781,354.92,121653480.422
10/14/2013,ProShares Ultra Bloomberg Crude Oil,UCO,349.547,346.987,0.73778,2.56,354.92,124060172.599
10/11/2013,ProShares Ultra Bloomberg Crude Oil,UCO,346.987,351.865,-1.38633,-4.878,354.92,123151585.079
10/10/2013,ProShares Ultra Bloomberg Crude Oil,UCO,351.865,341.929,2.90587,9.936,354.92,124882870.205
10/09/2013,ProShares Ultra Bloomberg Crude Oil,UCO,341.929,354.729,-3.60839,-12.8,354.92,121356414.893
10/08/2013,ProShares Ultra Bloomberg Crude Oil,UCO,354.729,351.584,0.89452,3.145,329.92,117031127.493
10/07/2013,ProShares Ultra Bloomberg Crude Oil,UCO,351.584,357.192,-1.57002,-5.608,329.92,115993538.528
10/04/2013,ProShares Ultra Bloomberg Crude Oil,UCO,357.192,353.584,1.02041,3.608,344.92,123201593.064
10/03/2013,ProShares Ultra Bloomberg Crude Oil,UCO,353.584,359.039,-1.51933,-5.455,344.92,121957132.528
10/02/2013,ProShares Ultra Bloomberg Crude Oil,UCO,359.039,345.114,4.03490,13.925,344.92,123838654.763
10/01/2013,ProShares Ultra Bloomberg Crude Oil,UCO,345.114,347.089,-0.56902,-1.975,379.92,131114675.538
09/30/2013,ProShares Ultra Bloomberg Crude Oil,UCO,347.089,350.808,-1.06012,-3.719,394.92,137071346.613
09/27/2013,ProShares Ultra Bloomberg Crude Oil,UCO,350.808,351.913,-0.31400,-1.105,374.92,131523882.936
09/26/2013,ProShares Ultra Bloomberg Crude Oil,UCO,351.913,349.407,0.71722,2.506,374.92,131938166.221
09/25/2013,ProShares Ultra Bloomberg Crude Oil,UCO,349.407,352.632,-0.91455,-3.225,374.92,130998624.219
09/24/2013,ProShares Ultra Bloomberg Crude Oil,UCO,352.632,355.796,-0.88927,-3.164,374.92,132207731.544
09/23/2013,ProShares Ultra Bloomberg Crude Oil,UCO,355.796,363.89,-2.22430,-8.094,374.92,133393968.932
09/20/2013,ProShares Ultra Bloomberg Crude Oil,UCO,363.89,371.702,-2.10168,-7.812,374.92,136428547.13
09/19/2013,ProShares Ultra Bloomberg Crude Oil,UCO,371.702,381.823,-2.65070,-10.121,374.92,139357398.734
09/18/2013,ProShares Ultra Bloomberg Crude Oil,UCO,381.823,364.72,4.68935,17.103,374.92,143151933.691
09/17/2013,ProShares Ultra Bloomberg Crude Oil,UCO,364.72,374.393,-2.58365,-9.673,374.92,136739728.24
09/16/2013,ProShares Ultra Bloomberg Crude Oil,UCO,374.393,384.073,-2.52035,-9.68,374.92,140366300.381
09/13/2013,ProShares Ultra Bloomberg Crude Oil,UCO,384.073,385.59,-0.39342,-1.517,374.92,143995496.941
09/12/2013,ProShares Ultra Bloomberg Crude Oil,UCO,385.59,377.74,2.07815,7.85,374.92,144564246.03
09/11/2013,ProShares Ultra Bloomberg Crude Oil,UCO,377.74,376.692,0.27821,1.048,374.92,141621147.58
09/10/2013,ProShares Ultra Bloomberg Crude Oil,UCO,376.692,390.982,-3.65490,-14.29,374.92,141228234.564
09/09/2013,ProShares Ultra Bloomberg Crude Oil,UCO,390.982,398.66,-1.92595,-7.678,374.92,146585798.494
09/06/2013,ProShares Ultra Bloomberg Crude Oil,UCO,398.66,385.429,3.43280,13.231,374.92,149464411.22
09/05/2013,ProShares Ultra Bloomberg Crude Oil,UCO,385.429,377.784,2.02364,7.645,374.92,144503884.393
09/04/2013,ProShares Ultra Bloomberg Crude Oil,UCO,377.784,386.837,-2.34026,-9.053,374.92,141637643.928
09/03/2013,ProShares Ultra Bloomberg Crude Oil,UCO,386.837,381.401,1.42527,5.436,374.92,145031767.529
08/30/2013,ProShares Ultra Bloomberg Crude Oil,UCO,381.401,389.115,-1.98245,-7.714,374.92,142993718.717
08/29/2013,ProShares Ultra Bloomberg Crude Oil,UCO,389.115,398.006,-2.23389,-8.891,374.92,145885828.455
08/28/2013,ProShares Ultra Bloomberg Crude Oil,UCO,398.006,390.306,1.97281,7.7,374.92,149219215.502
08/27/2013,ProShares Ultra Bloomberg Crude Oil,UCO,390.306,369.614,5.59827,20.692,374.92,146332354.602
08/26/2013,ProShares Ultra Bloomberg Crude Oil,UCO,369.614,372.257,-0.70999,-2.643,374.92,138574572.038
08/23/2013,ProShares Ultra Bloomberg Crude Oil,UCO,372.257,362.606,2.66157,9.651,394.92,147010617.669
08/22/2013,ProShares Ultra Bloomberg Crude Oil,UCO,362.606,356.004,1.85447,6.602,394.92,143199273.702
08/21/2013,ProShares Ultra Bloomberg Crude Oil,UCO,356.004,364.371,-2.29629,-8.367,394.92,140592031.668
08/20/2013,ProShares Ultra Bloomberg Crude Oil,UCO,364.371,374.696,-2.75557,-10.325,394.92,143896302.207
08/19/2013,ProShares Ultra Bloomberg Crude Oil,UCO,374.696,377.998,-0.87355,-3.302,434.92,162961660.232
08/16/2013,ProShares Ultra Bloomberg Crude Oil,UCO,377.998,375.181,0.75084,2.817,394.92,149277836.166
08/15/2013,ProShares Ultra Bloomberg Crude Oil,UCO,375.181,370.416,1.28639,4.765,384.92,144413544.977
08/14/2013,ProShares Ultra Bloomberg Crude Oil,UCO,370.416,369.023,0.37748,1.393,384.92,142579415.472
08/13/2013,ProShares Ultra Bloomberg Crude Oil,UCO,369.023,363.21,1.60045,5.813,384.92,142043226.091
08/12/2013,ProShares Ultra Bloomberg Crude Oil,UCO,363.21,360.709,0.69336,2.501,384.92,139805703.57
08/09/2013,ProShares Ultra Bloomberg Crude Oil,UCO,360.709,344.811,4.61064,15.898,384.92,138843026.153
08/08/2013,ProShares Ultra Bloomberg Crude Oil,UCO,344.811,351.416,-1.87954,-6.605,384.92,132723615.687
08/07/2013,ProShares Ultra Bloomberg Crude Oil,UCO,351.416,357.745,-1.76914,-6.329,384.92,135265992.472
08/06/2013,ProShares Ultra Bloomberg Crude Oil,UCO,357.745,366.423,-2.36830,-8.678,384.92,137702132.165
08/05/2013,ProShares Ultra Bloomberg Crude Oil,UCO,366.423,369.082,-0.72044,-2.659,384.92,141042441.891
08/02/2013,ProShares Ultra Bloomberg Crude Oil,UCO,369.082,375.712,-1.76465,-6.63,384.92,142065936.194
08/01/2013,ProShares Ultra Bloomberg Crude Oil,UCO,375.712,356.315,5.44378,19.397,374.92,140860815.904
07/31/2013,ProShares Ultra Bloomberg Crude Oil,UCO,356.315,343.338,3.77966,12.977,374.92,133588550.855
07/30/2013,ProShares Ultra Bloomberg Crude Oil,UCO,343.338,353.281,-2.81447,-9.943,394.92,135590012.946
07/29/2013,ProShares Ultra Bloomberg Crude Oil,UCO,353.281,354.318,-0.29267,-1.037,394.92,139516672.677
07/26/2013,ProShares Ultra Bloomberg Crude Oil,UCO,354.318,359.718,-1.50118,-5.4,419.92,148784151.606
07/25/2013,ProShares Ultra Bloomberg Crude Oil,UCO,359.718,359.049,0.18633,0.669,519.92,187023503.406
07/24/2013,ProShares Ultra Bloomberg Crude Oil,UCO,359.049,371.813,-3.43291,-12.764,519.92,186675678.933
07/23/2013,ProShares Ultra Bloomberg Crude Oil,UCO,371.813,369.807,0.54245,2.006,519.92,193311899.521
07/22/2013,ProShares Ultra Bloomberg Crude Oil,UCO,369.807,376.334,-1.73436,-6.527,589.92,218155436.019
07/19/2013,ProShares Ultra Bloomberg Crude Oil,UCO,376.334,375.925,0.10880,0.409,589.92,222005824.278
07/18/2013,ProShares Ultra Bloomberg Crude Oil,UCO,375.925,365.891,2.74235,10.034,589.92,221764548.225
07/17/2013,ProShares Ultra Bloomberg Crude Oil,UCO,365.891,361.389,1.24575,4.502,614.92,224992596.047
07/16/2013,ProShares Ultra Bloomberg Crude Oil,UCO,361.389,362.978,-0.43777,-1.589,614.92,222224239.713
07/15/2013,ProShares Ultra Bloomberg Crude Oil,UCO,362.978,360.487,0.69101,2.491,614.92,223201342.826
07/12/2013,ProShares Ultra Bloomberg Crude Oil,UCO,360.487,352.594,2.23855,7.893,614.92,221669584.579
07/11/2013,ProShares Ultra Bloomberg Crude Oil,UCO,352.594,361.083,-2.35098,-8.489,614.92,216816044.698
07/10/2013,ProShares Ultra Bloomberg Crude Oil,UCO,361.083,345.636,4.46915,15.447,614.92,222036075.111
07/09/2013,ProShares Ultra Bloomberg Crude Oil,UCO,345.636,343.711,0.56006,1.925,629.92,217721992.212
07/08/2013,ProShares Ultra Bloomberg Crude Oil,UCO,343.711,343.943,-0.06745,-0.232,634.92,218227956.987
07/05/2013,ProShares Ultra Bloomberg Crude Oil,UCO,343.943,331.248,3.83248,12.695,654.92,225254117.731
07/03/2013,ProShares Ultra Bloomberg Crude Oil,UCO,331.248,320.367,3.39642,10.881,669.92,221908666.416
07/02/2013,ProShares Ultra Bloomberg Crude Oil,UCO,320.367,310.603,3.14356,9.764,709.92,227433979.539
07/01/2013,ProShares Ultra Bloomberg Crude Oil,UCO,310.603,301.626,2.97620,8.977,724.92,225161394.951
06/28/2013,ProShares Ultra Bloomberg Crude Oil,UCO,301.626,304.465,-0.93246,-2.839,724.92,218653815.042
06/27/2013,ProShares Ultra Bloomberg Crude Oil,UCO,304.465,295.314,3.09874,9.151,724.92,220711854.405
06/26/2013,ProShares Ultra Bloomberg Crude Oil,UCO,295.314,294.088,0.41688,1.226,724.92,214078138.938
06/25/2013,ProShares Ultra Bloomberg Crude Oil,UCO,294.088,293.05,0.35421,1.038,724.92,213189390.696
06/24/2013,ProShares Ultra Bloomberg Crude Oil,UCO,293.05,284.503,3.00419,8.547,724.92,212436926.85
06/21/2013,ProShares Ultra Bloomberg Crude Oil,UCO,284.503,293.904,-3.19866,-9.401,724.92,206241061.251
06/20/2013,ProShares Ultra Bloomberg Crude Oil,UCO,293.904,315.699,-6.90373,-21.795,804.92,236568325.968
06/19/2013,ProShares Ultra Bloomberg Crude Oil,UCO,315.699,316.8,-0.34754,-1.101,804.92,254111491.983
06/18/2013,ProShares Ultra Bloomberg Crude Oil,UCO,316.8,312.919,1.24026,3.881,804.92,254997705.6
06/17/2013,ProShares Ultra Bloomberg Crude Oil,UCO,312.919,312.947,-0.00895,-0.028,814.92,255003012.723
06/14/2013,ProShares Ultra Bloomberg Crude Oil,UCO,312.947,305.644,2.38938,7.303,814.92,255025830.399
06/13/2013,ProShares Ultra Bloomberg Crude Oil,UCO,305.644,300.539,1.69861,5.105,869.92,265884911.548
06/12/2013,ProShares Ultra Bloomberg Crude Oil,UCO,300.539,297.548,1.00522,2.991,869.92,261443985.263
06/11/2013,ProShares Ultra Bloomberg Crude Oil,UCO,297.548,300.053,-0.83485,-2.505,884.92,263305283.516
06/10/2013,ProShares Ultra Bloomberg Crude Oil,UCO,300.053,301.712,-0.54986,-1.659,884.92,265522000.601
06/07/2013,ProShares Ultra Bloomberg Crude Oil,UCO,301.712,293.843,2.67796,7.869,884.92,266990077.904
06/06/2013,ProShares Ultra Bloomberg Crude Oil,UCO,293.843,287.594,2.17285,6.249,929.92,273249601.031
06/05/2013,ProShares Ultra Bloomberg Crude Oil,UCO,287.594,284.977,0.91832,2.617,969.92,278942309.698
06/04/2013,ProShares Ultra Bloomberg Crude Oil,UCO,284.977,285.842,-0.30261,-0.865,969.92,276404036.909
06/03/2013,ProShares Ultra Bloomberg Crude Oil,UCO,285.842,276.955,3.20882,8.887,969.92,277243015.114
05/31/2013,ProShares Ultra Bloomberg Crude Oil,UCO,276.955,287.014,-3.50471,-10.059,944.92,261699487.735
05/30/2013,ProShares Ultra Bloomberg Crude Oil,UCO,287.014,284.093,1.02818,2.921,944.92,271204407.838
05/29/2013,ProShares Ultra Bloomberg Crude Oil,UCO,284.093,295.808,-3.96034,-11.715,819.92,232932680.281
05/28/2013,ProShares Ultra Bloomberg Crude Oil,UCO,295.808,290.538,1.81388,5.27,789.92,233663767.936
05/24/2013,ProShares Ultra Bloomberg Crude Oil,UCO,290.538,291.166,-0.21568,-0.628,779.92,226595525.346
05/23/2013,ProShares Ultra Bloomberg Crude Oil,UCO,291.166,291.351,-0.06350,-0.185,779.92,227085313.222
05/22/2013,ProShares Ultra Bloomberg Crude Oil,UCO,291.351,303.341,-3.95265,-11.99,779.92,227229597.867
05/21/2013,ProShares Ultra Bloomberg Crude Oil,UCO,303.341,308.119,-1.55070,-4.778,879.92,266914902.697
05/20/2013,ProShares Ultra Bloomberg Crude Oil,UCO,308.119,304.105,1.31994,4.014,939.92,289606286.123
05/17/2013,ProShares Ultra Bloomberg Crude Oil,UCO,304.105,298.853,1.75739,5.252,939.92,285833459.285
05/16/2013,ProShares Ultra Bloomberg Crude Oil,UCO,298.853,293.343,1.87835,5.51,939.92,280897015.201
05/15/2013,ProShares Ultra Bloomberg Crude Oil,UCO,293.343,292.857,0.16595,0.486,964.92,283051647.531
05/14/2013,ProShares Ultra Bloomberg Crude Oil,UCO,292.857,298.689,-1.95253,-5.832,964.92,282582697.869
05/13/2013,ProShares Ultra Bloomberg Crude Oil,UCO,298.689,304.278,-1.83681,-5.589,964.92,288210093.813
05/10/2013,ProShares Ultra Bloomberg Crude Oil,UCO,304.278,306.632,-0.76770,-2.354,964.92,293603014.926
05/09/2013,ProShares Ultra Bloomberg Crude Oil,UCO,306.632,307.848,-0.39500,-1.216,979.92,300473909.544
05/08/2013,ProShares Ultra Bloomberg Crude Oil,UCO,307.848,301.627,2.06248,6.221,1049.92,323214848.616
05/07/2013,ProShares Ultra Bloomberg Crude Oil,UCO,301.627,304.99,-1.10266,-3.363,1064.92,321207719.959
05/06/2013,ProShares Ultra Bloomberg Crude Oil,UCO,304.99,301.426,1.18238,3.564,1064.92,324789035.83
05/03/2013,ProShares Ultra Bloomberg Crude Oil,UCO,301.426,291.412,3.43637,10.014,1064.92,320993671.642
05/02/2013,ProShares Ultra Bloomberg Crude Oil,UCO,291.412,273.662,6.48610,17.75,1179.92,343841972.804
05/01/2013,ProShares Ultra Bloomberg Crude Oil,UCO,273.662,288.704,-5.21018,-15.042,1179.92,322898446.054
04/30/2013,ProShares Ultra Bloomberg Crude Oil,UCO,288.704,295.195,-2.19889,-6.491,1184.92,342090277.568
04/29/2013,ProShares Ultra Bloomberg Crude Oil,UCO,295.195,286.194,3.14507,9.001,1284.92,379301073.815
04/26/2013,ProShares Ultra Bloomberg Crude Oil,UCO,286.194,290.284,-1.40897,-4.09,1284.92,367735535.898
04/25/2013,ProShares Ultra Bloomberg Crude Oil,UCO,290.284,276.884,4.83957,13.4,1374.92,399116406.428
04/24/2013,ProShares Ultra Bloomberg Crude Oil,UCO,276.884,263.74,4.98370,13.144,1374.92,380692518.628
04/23/2013,ProShares Ultra Bloomberg Crude Oil,UCO,263.74,263.69,0.01896,0.05,1354.92,357345809.58
04/22/2013,ProShares Ultra Bloomberg Crude Oil,UCO,263.69,258.057,2.18285,5.633,1249.92,329590613.73
04/19/2013,ProShares Ultra Bloomberg Crude Oil,UCO,258.057,256.438,0.63134,1.619,1249.92,322549831.269
04/18/2013,ProShares Ultra Bloomberg Crude Oil,UCO,256.438,250.638,2.31409,5.8,1249.92,320526215.646
04/17/2013,ProShares Ultra Bloomberg Crude Oil,UCO,250.638,263.015,-4.70582,-12.377,1249.92,313276697.046
04/16/2013,ProShares Ultra Bloomberg Crude Oil,UCO,263.015,263.021,-0.00228,-0.006,1219.92,320856469.755
04/15/2013,ProShares Ultra Bloomberg Crude Oil,UCO,263.021,278.765,-5.64777,-15.744,1019.92,268259589.257
04/12/2013,ProShares Ultra Bloomberg Crude Oil,UCO,278.765,292.644,-4.74262,-13.879,979.92,273166562.505
04/11/2013,ProShares Ultra Bloomberg Crude Oil,UCO,292.644,299.679,-2.34751,-7.035,979.92,286766830.548
04/10/2013,ProShares Ultra Bloomberg Crude Oil,UCO,299.679,296.775,0.97852,2.904,979.92,293660546.643
04/09/2013,ProShares Ultra Bloomberg Crude Oil,UCO,296.775,291.578,1.78237,5.197,994.92,295266492.675
04/08/2013,ProShares Ultra Bloomberg Crude Oil,UCO,291.578,287.512,1.41420,4.066,1004.92,293011689.026
04/05/2013,ProShares Ultra Bloomberg Crude Oil,UCO,287.512,291.016,-1.20406,-3.504,1004.92,288925696.504
04/04/2013,ProShares Ultra Bloomberg Crude Oil,UCO,291.016,298.547,-2.52255,-7.531,1004.92,292446925.672
04/03/2013,ProShares Ultra Bloomberg Crude Oil,UCO,298.547,316.397,-5.64165,-17.85,1004.92,300014955.599
04/02/2013,ProShares Ultra Bloomberg Crude Oil,UCO,316.397,315.627,0.24396,0.77,1029.92,325862649.049
04/01/2013,ProShares Ultra Bloomberg Crude Oil,UCO,315.627,316.708,-0.34132,-1.081,1029.92,325069612.959
03/28/2013,ProShares Ultra Bloomberg Crude Oil,UCO,316.708,312.511,1.34299,4.197,1029.92,326182953.236
03/27/2013,ProShares Ultra Bloomberg Crude Oil,UCO,312.511,310.969,0.49587,1.542,1054.92,329673166.587
03/26/2013,ProShares Ultra Bloomberg Crude Oil,UCO,310.969,301.255,3.22451,9.714,1054.92,328046484.573
03/25/2013,ProShares Ultra Bloomberg Crude Oil,UCO,301.255,294.372,2.33820,6.883,1094.92,329849220.835
03/22/2013,ProShares Ultra Bloomberg Crude Oil,UCO,294.372,286.57,2.72255,7.802,1094.92,322312907.124
03/21/2013,ProShares Ultra Bloomberg Crude Oil,UCO,286.57,293.162,-2.24859,-6.592,1094.92,313770364.69
03/20/2013,ProShares Ultra Bloomberg Crude Oil,UCO,293.162,287.089,2.11537,6.073,1094.92,320988057.554
03/19/2013,ProShares Ultra Bloomberg Crude Oil,UCO,287.089,297.139,-3.38226,-10.05,1129.92,324386741.613
03/18/2013,ProShares Ultra Bloomberg Crude Oil,UCO,297.139,295.341,0.60879,1.798,1129.92,335742407.463
03/15/2013,ProShares Ultra Bloomberg Crude Oil,UCO,295.341,292.593,0.93919,2.748,1129.92,333710816.697
03/14/2013,ProShares Ultra Bloomberg Crude Oil,UCO,292.593,289.486,1.07328,3.107,1129.92,330605804.781
03/13/2013,ProShares Ultra Bloomberg Crude Oil,UCO,289.486,289.744,-0.08904,-0.258,1129.92,327095152.662
03/12/2013,ProShares Ultra Bloomberg Crude Oil,UCO,289.744,287.27,0.86121,2.474,1129.92,327386671.248
03/11/2013,ProShares Ultra Bloomberg Crude Oil,UCO,287.27,286.735,0.18658,0.535,1129.92,324591256.59
03/08/2013,ProShares Ultra Bloomberg Crude Oil,UCO,286.735,284.272,0.86642,2.463,1129.92,323986750.995
03/07/2013,ProShares Ultra Bloomberg Crude Oil,UCO,284.272,277.384,2.48320,6.888,1054.92,299883365.424
03/06/2013,ProShares Ultra Bloomberg Crude Oil,UCO,277.384,279.722,-0.83583,-2.338,1054.92,292617097.128
03/05/2013,ProShares Ultra Bloomberg Crude Oil,UCO,279.722,275.473,1.54244,4.249,1054.92,295083493.074
03/04/2013,ProShares Ultra Bloomberg Crude Oil,UCO,275.473,278.928,-1.23867,-3.455,1054.92,290601150.741
03/01/2013,ProShares Ultra Bloomberg Crude Oil,UCO,278.928,287.135,-2.85824,-8.207,1044.92,291456608.976
02/28/2013,ProShares Ultra Bloomberg Crude Oil,UCO,287.135,291.462,-1.48458,-4.327,1044.92,300032242.795
02/27/2013,ProShares Ultra Bloomberg Crude Oil,UCO,291.462,290.847,0.21145,0.615,1044.92,304553598.654
02/26/2013,ProShares Ultra Bloomberg Crude Oil,UCO,290.847,293.872,-1.02936,-3.025,1044.92,303910974.699
02/25/2013,ProShares Ultra Bloomberg Crude Oil,UCO,293.872,294.152,-0.09519,-0.28,1044.92,307071848.624
02/22/2013,ProShares Ultra Bloomberg Crude Oil,UCO,294.152,292.282,0.63979,1.87,1044.92,307364425.384
02/21/2013,ProShares Ultra Bloomberg Crude Oil,UCO,292.282,307.6,-4.97984,-15.318,1044.92,305410430.594
02/20/2013,ProShares Ultra Bloomberg Crude Oil,UCO,307.6,320.013,-3.87890,-12.413,1044.92,321416469.2
02/19/2013,ProShares Ultra Bloomberg Crude Oil,UCO,320.013,316.012,1.26609,4.001,1044.92,334387023.921
02/15/2013,ProShares Ultra Bloomberg Crude Oil,UCO,316.012,325.891,-3.03138,-9.879,1044.92,330206311.004
02/14/2013,ProShares Ultra Bloomberg Crude Oil,UCO,325.891,324.119,0.54671,1.772,1044.92,340529046.047
02/13/2013,ProShares Ultra Bloomberg Crude Oil,UCO,324.119,327.191,-0.93890,-3.072,1044.92,338677453.123
02/12/2013,ProShares Ultra Bloomberg Crude Oil,UCO,327.191,324.021,0.97833,3.17,1064.92,348431258.147
02/11/2013,ProShares Ultra Bloomberg Crude Oil,UCO,324.021,315.538,2.68842,8.483,1074.92,348295681.257
02/08/2013,ProShares Ultra Bloomberg Crude Oil,UCO,315.538,316.196,-0.20810,-0.658,1074.92,339177160.346
02/07/2013,ProShares Ultra Bloomberg Crude Oil,UCO,316.196,321.463,-1.63845,-5.267,1074.92,339884455.732
02/06/2013,ProShares Ultra Bloomberg Crude Oil,UCO,321.463,321.607,-0.04478,-0.144,1074.92,345546043.571
02/05/2013,ProShares Ultra Bloomberg Crude Oil,UCO,321.607,318.503,0.97456,3.104,1074.92,345700831.619
02/04/2013,ProShares Ultra Bloomberg Crude Oil,UCO,318.503,329.314,-3.28289,-10.811,1074.92,342364289.251
02/01/2013,ProShares Ultra Bloomberg Crude Oil,UCO,329.314,327.441,0.57201,1.873,1089.92,358924926.938
01/31/2013,ProShares Ultra Bloomberg Crude Oil,UCO,327.441,330.488,-0.92197,-3.047,1089.92,356883512.397
01/30/2013,ProShares Ultra Bloomberg Crude Oil,UCO,330.488,328.011,0.75516,2.477,1144.92,378381329.496
01/29/2013,ProShares Ultra Bloomberg Crude Oil,UCO,328.011,320.511,2.34001,7.5,1144.92,375545370.087
01/28/2013,ProShares Ultra Bloomberg Crude Oil,UCO,320.511,316.84,1.15863,3.671,1144.92,366958492.587
01/25/2013,ProShares Ultra Bloomberg Crude Oil,UCO,316.84,317.313,-0.14906,-0.473,1144.92,362755502.28
01/24/2013,ProShares Ultra Bloomberg Crude Oil,UCO,317.313,312.592,1.51028,4.721,1144.92,363297048.021
01/23/2013,ProShares Ultra Bloomberg Crude Oil,UCO,312.592,322.262,-3.00066,-9.67,1144.92,357891894.864
01/22/2013,ProShares Ultra Bloomberg Crude Oil,UCO,322.262,318.063,1.32018,4.199,1209.92,389910272.254
01/18/2013,ProShares Ultra Bloomberg Crude Oil,UCO,318.063,317.409,0.20604,0.654,1359.92,432539280.771
01/17/2013,ProShares Ultra Bloomberg Crude Oil,UCO,317.409,309.19,2.65824,8.219,1359.92,431649895.053
01/16/2013,ProShares Ultra Bloomberg Crude Oil,UCO,309.19,302.992,2.04560,6.198,1409.92,435932237.23
01/15/2013,ProShares Ultra Bloomberg Crude Oil,UCO,302.992,308.68,-1.84268,-5.688,1409.92,427193571.664
01/14/2013,ProShares Ultra Bloomberg Crude Oil,UCO,308.68,304.816,1.26765,3.864,1409.92,435213179.56
01/11/2013,ProShares Ultra Bloomberg Crude Oil,UCO,304.816,306.646,-0.59678,-1.83,1409.92,429765260.272
01/10/2013,ProShares Ultra Bloomberg Crude Oil,UCO,306.646,302.071,1.51454,4.575,1409.92,432345408.382
01/09/2013,ProShares Ultra Bloomberg Crude Oil,UCO,302.071,302.34,-0.08897,-0.269,1439.92,434957168.107
01/08/2013,ProShares Ultra Bloomberg Crude Oil,UCO,302.34,302.539,-0.06578,-0.199,1439.92,435344505.78
01/07/2013,ProShares Ultra Bloomberg Crude Oil,UCO,302.539,301.792,0.24752,0.747,1439.92,435631049.263
01/04/2013,ProShares Ultra Bloomberg Crude Oil,UCO,301.792,300.702,0.36249,1.09,1519.92,458698791.264
01/03/2013,ProShares Ultra Bloomberg Crude Oil,UCO,300.702,302.067,-0.45189,-1.365,1519.92,457042081.734
01/02/2013,ProShares Ultra Bloomberg Crude Oil,UCO,302.067,293.929,2.76870,8.138,1644.92,496875143.439
12/31/2012,ProShares Ultra Bloomberg Crude Oil,UCO,293.929,287.838,2.11612,6.091,1644.92,483488808.893
12/28/2012,ProShares Ultra Bloomberg Crude Oil,UCO,287.838,288.287,-0.15575,-0.449,1684.92,484983139.446
12/27/2012,ProShares Ultra Bloomberg Crude Oil,UCO,288.287,289.055,-0.26569,-0.768,1699.92,490063972.179
12/26/2012,ProShares Ultra Bloomberg Crude Oil,UCO,289.055,274.774,5.19736,14.281,1744.92,504376983.435
12/24/2012,ProShares Ultra Bloomberg Crude Oil,UCO,274.774,275.166,-0.14246,-0.392,1744.92,479457823.758
12/21/2012,ProShares Ultra Bloomberg Crude Oil,UCO,275.166,284.326,-3.22165,-9.16,1744.92,480141831.222
12/20/2012,ProShares Ultra Bloomberg Crude Oil,UCO,284.326,282.897,0.50513,1.429,1784.92,507498310.942
12/19/2012,ProShares Ultra Bloomberg Crude Oil,UCO,282.897,273.435,3.46042,9.462,1899.92,537480819.549
12/18/2012,ProShares Ultra Bloomberg Crude Oil,UCO,273.435,268.869,1.69822,4.566,1899.92,519503804.895
12/17/2012,ProShares Ultra Bloomberg Crude Oil,UCO,268.869,266.769,0.78720,2.1,1899.92,510828783.873
12/14/2012,ProShares Ultra Bloomberg Crude Oil,UCO,266.769,261.966,1.83344,4.803,1899.92,506838958.173
12/13/2012,ProShares Ultra Bloomberg Crude Oil,UCO,261.966,267.309,-1.99881,-5.343,1899.92,497713656.822
12/12/2012,ProShares Ultra Bloomberg Crude Oil,UCO,267.309,261.502,2.22063,5.807,1899.92,507864913.353
12/11/2012,ProShares Ultra Bloomberg Crude Oil,UCO,261.502,260.171,0.51159,1.331,1899.92,496832095.334
12/10/2012,ProShares Ultra Bloomberg Crude Oil,UCO,260.171,262.514,-0.89252,-2.343,1874.92,487799030.807
12/07/2012,ProShares Ultra Bloomberg Crude Oil,UCO,262.514,264.546,-0.76811,-2.032,1844.92,484316541.338
12/06/2012,ProShares Ultra Bloomberg Crude Oil,UCO,264.546,274.68,-3.68938,-10.134,1804.92,477483572.682
12/05/2012,ProShares Ultra Bloomberg Crude Oil,UCO,274.68,278.592,-1.40420,-3.912,1789.92,491654401.56
12/04/2012,ProShares Ultra Bloomberg Crude Oil,UCO,278.592,282.34,-1.32748,-3.748,1859.92,518157996.864
12/03/2012,ProShares Ultra Bloomberg Crude Oil,UCO,282.34,281.227,0.39577,1.113,1869.92,527952365.78
11/30/2012,ProShares Ultra Bloomberg Crude Oil,UCO,281.227,275.971,1.90455,5.256,1879.92,528683418.159
11/29/2012,ProShares Ultra Bloomberg Crude Oil,UCO,275.971,266.25,3.65108,9.721,1909.92,527081704.407
11/28/2012,ProShares Ultra Bloomberg Crude Oil,UCO,266.25,270.541,-1.58608,-4.291,1909.92,508515401.25
11/27/2012,ProShares Ultra Bloomberg Crude Oil,UCO,270.541,274.047,-1.27934,-3.506,1929.92,522121675.097
11/26/2012,ProShares Ultra Bloomberg Crude Oil,UCO,274.047,277.468,-1.23293,-3.421,1929.92,528887964.099
11/23/2012,ProShares Ultra Bloomberg Crude Oil,UCO,277.468,271.884,2.05382,5.584,1929.92,535490210.156
11/21/2012,ProShares Ultra Bloomberg Crude Oil,UCO,271.884,268,1.44925,3.884,1929.92,524713553.628
11/20/2012,ProShares Ultra Bloomberg Crude Oil,UCO,268,284.111,-5.67067,-16.111,1929.92,517217756
11/19/2012,ProShares Ultra Bloomberg Crude Oil,UCO,284.111,269.501,5.42113,14.61,1929.92,548310648.787
11/16/2012,ProShares Ultra Bloomberg Crude Oil,UCO,269.501,263.075,2.44265,6.426,1944.92,524157076.417
11/15/2012,ProShares Ultra Bloomberg Crude Oil,UCO,263.075,268.531,-2.03180,-5.456,1944.92,511659039.775
11/14/2012,ProShares Ultra Bloomberg Crude Oil,UCO,268.531,262.964,2.11702,5.567,1944.92,522270506.927
11/13/2012,ProShares Ultra Bloomberg Crude Oil,UCO,262.964,264.386,-0.53785,-1.422,1944.92,511443153.988
11/12/2012,ProShares Ultra Bloomberg Crude Oil,UCO,264.386,267.376,-1.11828,-2.99,1944.92,514208825.962
11/09/2012,ProShares Ultra Bloomberg Crude Oil,UCO,267.376,261.334,2.31198,6.042,1944.92,520024127.792
11/08/2012,ProShares Ultra Bloomberg Crude Oil,UCO,261.334,257.401,1.52797,3.933,1944.92,508272939.278
11/07/2012,ProShares Ultra Bloomberg Crude Oil,UCO,257.401,284.604,-9.55819,-27.203,1809.92,465874445.717
11/06/2012,ProShares Ultra Bloomberg Crude Oil,UCO,284.604,265.906,7.03181,18.698,1809.92,515109617.868
11/05/2012,ProShares Ultra Bloomberg Crude Oil,UCO,265.906,261.4,1.72379,4.506,1809.92,481267789.802
11/02/2012,ProShares Ultra Bloomberg Crude Oil,UCO,261.4,275.04,-4.95928,-13.64,1809.92,473112303.8
11/01/2012,ProShares Ultra Bloomberg Crude Oil,UCO,275.04,269.821,1.93425,5.219,1809.92,497799571.68
10/31/2012,ProShares Ultra Bloomberg Crude Oil,UCO,269.821,270.297,-0.17610,-0.476,1829.92,493750034.857
10/26/2012,ProShares Ultra Bloomberg Crude Oil,UCO,270.297,269.061,0.45938,1.236,1819.92,491918105.349
10/25/2012,ProShares Ultra Bloomberg Crude Oil,UCO,269.061,267.149,0.71571,1.912,1719.92,462762587.937
10/24/2012,ProShares Ultra Bloomberg Crude Oil,UCO,267.149,273.032,-2.15469,-5.883,1669.92,446116656.633
10/23/2012,ProShares Ultra Bloomberg Crude Oil,UCO,273.032,285.527,-4.37612,-12.495,1619.92,442289178.344
10/22/2012,ProShares Ultra Bloomberg Crude Oil,UCO,285.527,297.255,-3.94543,-11.728,1314.92,375444306.259
10/19/2012,ProShares Ultra Bloomberg Crude Oil,UCO,297.255,310.972,-4.41101,-13.717,1269.92,377489177.835
10/18/2012,ProShares Ultra Bloomberg Crude Oil,UCO,310.972,311.384,-0.13231,-0.412,1269.92,394908629.324
10/17/2012,ProShares Ultra Bloomberg Crude Oil,UCO,311.384,311.127,0.08260,0.257,1269.92,395431835.128
10/16/2012,ProShares Ultra Bloomberg Crude Oil,UCO,311.127,309.736,0.44909,1.391,1269.92,395105466.459
10/15/2012,ProShares Ultra Bloomberg Crude Oil,UCO,309.736,309.299,0.14129,0.437,1269.92,393339011.912
10/12/2012,ProShares Ultra Bloomberg Crude Oil,UCO,309.299,310.852,-0.49959,-1.553,1269.92,392784058.183
10/11/2012,ProShares Ultra Bloomberg Crude Oil,UCO,310.852,305.102,1.88462,5.75,1284.92,399419019.284
10/10/2012,ProShares Ultra Bloomberg Crude Oil,UCO,305.102,312.787,-2.45694,-7.685,1284.92,392030746.534
10/09/2012,ProShares Ultra Bloomberg Crude Oil,UCO,312.787,292.805,6.82434,19.982,1329.92,415980748.679
10/08/2012,ProShares Ultra Bloomberg Crude Oil,UCO,292.805,296.431,-1.22322,-3.626,1329.92,389406347.185
10/05/2012,ProShares Ultra Bloomberg Crude Oil,UCO,296.431,308.762,-3.99369,-12.331,1329.92,394228626.227
10/04/2012,ProShares Ultra Bloomberg Crude Oil,UCO,308.762,285.63,8.09859,23.132,1329.92,410627832.754
10/03/2012,ProShares Ultra Bloomberg Crude Oil,UCO,285.63,311.028,-8.16582,-25.398,1289.92,368438992.71
10/02/2012,ProShares Ultra Bloomberg Crude Oil,UCO,311.028,315.058,-1.27913,-4.03,1219.92,379428344.676
10/01/2012,ProShares Ultra Bloomberg Crude Oil,UCO,315.058,313.118,0.61957,1.94,1219.92,384344610.186
09/28/2012,ProShares Ultra Bloomberg Crude Oil,UCO,313.118,310.826,0.73739,2.292,1219.92,381977971.206
09/27/2012,ProShares Ultra Bloomberg Crude Oil,UCO,310.826,298.429,4.15409,12.397,1219.92,379181921.442
09/26/2012,ProShares Ultra Bloomberg Crude Oil,UCO,298.429,307.799,-3.04419,-9.37,1199.92,358090030.393
09/25/2012,ProShares Ultra Bloomberg Crude Oil,UCO,307.799,311.605,-1.22142,-3.806,1164.92,358560287.683
09/24/2012,ProShares Ultra Bloomberg Crude Oil,UCO,311.605,318.212,-2.07629,-6.607,1079.92,336507536.785
09/21/2012,ProShares Ultra Bloomberg Crude Oil,UCO,318.212,315.018,1.01391,3.194,1079.92,343642548.404
09/20/2012,ProShares Ultra Bloomberg Crude Oil,UCO,315.018,314.203,0.25939,0.815,1079.92,340193293.506
09/19/2012,ProShares Ultra Bloomberg Crude Oil,UCO,314.203,337.661,-6.94720,-23.458,1079.92,339313161.151
09/18/2012,ProShares Ultra Bloomberg Crude Oil,UCO,337.661,347.198,-2.74685,-9.537,954.92,322438229.137
09/17/2012,ProShares Ultra Bloomberg Crude Oil,UCO,347.198,364.715,-4.80293,-17.517,939.92,326337302.566
09/14/2012,ProShares Ultra Bloomberg Crude Oil,UCO,364.715,359.619,1.41706,5.096,939.92,342801828.655
09/13/2012,ProShares Ultra Bloomberg Crude Oil,UCO,359.619,350.344,2.64740,9.275,939.92,338012011.623
09/12/2012,ProShares Ultra Bloomberg Crude Oil,UCO,350.344,351.509,-0.33143,-1.165,969.92,339804601.448
09/11/2012,ProShares Ultra Bloomberg Crude Oil,UCO,351.509,347.078,1.27666,4.431,969.92,340934554.753
09/10/2012,ProShares Ultra Bloomberg Crude Oil,UCO,347.078,346.18,0.25940,0.898,969.92,336636852.526
09/07/2012,ProShares Ultra Bloomberg Crude Oil,UCO,346.18,339.81,1.87458,6.37,969.92,335765867.06
09/06/2012,ProShares Ultra Bloomberg Crude Oil,UCO,339.81,338.688,0.33128,1.122,969.92,329587495.77
09/05/2012,ProShares Ultra Bloomberg Crude Oil,UCO,338.688,338.345,0.10138,0.343,969.92,328499248.896
09/04/2012,ProShares Ultra Bloomberg Crude Oil,UCO,338.345,346.409,-2.32788,-8.064,969.92,328166567.365
08/31/2012,ProShares Ultra Bloomberg Crude Oil,UCO,346.409,333.759,3.79016,12.65,969.92,335987978.053
08/30/2012,ProShares Ultra Bloomberg Crude Oil,UCO,333.759,339.799,-1.77752,-6.04,969.92,323718528.003
08/29/2012,ProShares Ultra Bloomberg Crude Oil,UCO,339.799,345.676,-1.70015,-5.877,1069.92,363556726.683
08/28/2012,ProShares Ultra Bloomberg Crude Oil,UCO,345.676,339.729,1.75051,5.947,1069.92,369844628.892
08/27/2012,ProShares Ultra Bloomberg Crude Oil,UCO,339.729,344.475,-1.37775,-4.746,1069.92,363481832.493
08/24/2012,ProShares Ultra Bloomberg Crude Oil,UCO,344.475,345.559,-0.31369,-1.084,1069.92,368559658.575
08/23/2012,ProShares Ultra Bloomberg Crude Oil,UCO,345.559,352.435,-1.95100,-6.876,1089.92,376630628.603
08/22/2012,ProShares Ultra Bloomberg Crude Oil,UCO,352.435,349.712,0.77864,2.723,1089.92,384124897.895
08/21/2012,ProShares Ultra Bloomberg Crude Oil,UCO,349.712,345.359,1.26043,4.353,1089.92,381157053.904
08/20/2012,ProShares Ultra Bloomberg Crude Oil,UCO,345.359,345.536,-0.05122,-0.177,1089.92,376412645.203
08/17/2012,ProShares Ultra Bloomberg Crude Oil,UCO,345.536,342.624,0.84991,2.912,1089.92,376605560.512
08/16/2012,ProShares Ultra Bloomberg Crude Oil,UCO,342.624,333.771,2.65242,8.853,1089.92,373431722.208
08/15/2012,ProShares Ultra Bloomberg Crude Oil,UCO,333.771,327.923,1.78335,5.848,1124.92,375464672.007
08/14/2012,ProShares Ultra Bloomberg Crude Oil,UCO,327.923,322.917,1.55024,5.006,1154.92,378723847.391
08/13/2012,ProShares Ultra Bloomberg Crude Oil,UCO,322.917,323.651,-0.22679,-0.734,1114.92,360025652.889
08/10/2012,ProShares Ultra Bloomberg Crude Oil,UCO,323.651,327.171,-1.07589,-3.52,1114.92,360844001.967
08/09/2012,ProShares Ultra Bloomberg Crude Oil,UCO,327.171,327.236,-0.01986,-0.065,1114.92,364768509.807
08/08/2012,ProShares Ultra Bloomberg Crude Oil,UCO,327.236,329.442,-0.66962,-2.206,1114.92,364840979.412
08/07/2012,ProShares Ultra Bloomberg Crude Oil,UCO,329.442,319.269,3.18634,10.173,1204.92,396950266.314
08/06/2012,ProShares Ultra Bloomberg Crude Oil,UCO,319.269,313.807,1.74056,5.462,1204.92,384692645.673
08/03/2012,ProShares Ultra Bloomberg Crude Oil,UCO,313.807,285.805,9.79759,28.002,1249.92,392232704.019
08/02/2012,ProShares Ultra Bloomberg Crude Oil,UCO,285.805,297.737,-4.00756,-11.932,1249.92,357232528.185
08/01/2012,ProShares Ultra Bloomberg Crude Oil,UCO,297.737,292.104,1.92842,5.633,1249.92,372146537.829
07/31/2012,ProShares Ultra Bloomberg Crude Oil,UCO,292.104,303.751,-3.83439,-11.647,1249.92,365105755.368
07/30/2012,ProShares Ultra Bloomberg Crude Oil,UCO,303.751,306.158,-0.78620,-2.407,1304.92,396369843.667
07/27/2012,ProShares Ultra Bloomberg Crude Oil,UCO,306.158,301.181,1.65249,4.977,1284.92,393387618.886
07/26/2012,ProShares Ultra Bloomberg Crude Oil,UCO,301.181,298.373,0.94110,2.808,1284.92,386992586.977
07/25/2012,ProShares Ultra Bloomberg Crude Oil,UCO,298.373,295.245,1.05946,3.128,1284.92,383384540.041
07/24/2012,ProShares Ultra Bloomberg Crude Oil,UCO,295.245,292.86,0.81438,2.385,1284.92,379365319.665
07/23/2012,ProShares Ultra Bloomberg Crude Oil,UCO,292.86,318.486,-8.04619,-25.626,1319.92,386550892.62
07/20/2012,ProShares Ultra Bloomberg Crude Oil,UCO,318.486,326.504,-2.45571,-8.018,1394.92,444261535.662
07/19/2012,ProShares Ultra Bloomberg Crude Oil,UCO,326.504,307.417,6.20883,19.087,1394.92,455445980.168
07/18/2012,ProShares Ultra Bloomberg Crude Oil,UCO,307.417,303.161,1.40387,4.256,1394.92,428821199.389
07/17/2012,ProShares Ultra Bloomberg Crude Oil,UCO,303.161,298.266,1.64115,4.895,1504.92,456232142.637
07/16/2012,ProShares Ultra Bloomberg Crude Oil,UCO,298.266,289.622,2.98458,8.644,1504.92,448865573.922
07/13/2012,ProShares Ultra Bloomberg Crude Oil,UCO,289.622,282.827,2.40253,6.795,1534.92,444545731.374
07/12/2012,ProShares Ultra Bloomberg Crude Oil,UCO,282.827,281.074,0.62368,1.753,1534.92,434115970.359
07/11/2012,ProShares Ultra Bloomberg Crude Oil,UCO,281.074,269.021,4.48032,12.053,1534.92,431425260.858
07/10/2012,ProShares Ultra Bloomberg Crude Oil,UCO,269.021,282.574,-4.79627,-13.553,1534.92,412924906.257
07/09/2012,ProShares Ultra Bloomberg Crude Oil,UCO,282.574,272.698,3.62159,9.876,1534.92,433727636.358
07/06/2012,ProShares Ultra Bloomberg Crude Oil,UCO,272.698,290.909,-6.26003,-18.211,1574.92,429476716.066
07/05/2012,ProShares Ultra Bloomberg Crude Oil,UCO,290.909,293.997,-1.05035,-3.088,1574.92,458157529.553
07/03/2012,ProShares Ultra Bloomberg Crude Oil,UCO,293.997,269.181,9.21908,24.816,1644.92,483600663.249
07/02/2012,ProShares Ultra Bloomberg Crude Oil,UCO,269.181,277.127,-2.86728,-7.946,1709.92,460277167.977
06/29/2012,ProShares Ultra Bloomberg Crude Oil,UCO,277.127,233.64,18.61282,43.487,1764.92,489106153.459
06/28/2012,ProShares Ultra Bloomberg Crude Oil,UCO,233.64,249.164,-6.23043,-15.524,1804.92,421700807.88
06/27/2012,ProShares Ultra Bloomberg Crude Oil,UCO,249.164,244.032,2.10300,5.132,1734.92,432278859.388
06/26/2012,ProShares Ultra Bloomberg Crude Oil,UCO,244.032,243.123,0.37388,0.909,1734.92,423375265.344
06/25/2012,ProShares Ultra Bloomberg Crude Oil,UCO,243.123,246.342,-1.30672,-3.219,1734.92,421798225.791
06/22/2012,ProShares Ultra Bloomberg Crude Oil,UCO,246.342,236.817,4.02209,9.525,1694.92,417529243.614
06/21/2012,ProShares Ultra Bloomberg Crude Oil,UCO,236.817,257.458,-8.01723,-20.641,1629.92,385992054.189
06/20/2012,ProShares Ultra Bloomberg Crude Oil,UCO,257.458,275.98,-6.71136,-18.522,1429.92,368143570.986
06/19/2012,ProShares Ultra Bloomberg Crude Oil,UCO,275.98,271.142,1.78430,4.838,1339.92,369790293.66
06/18/2012,ProShares Ultra Bloomberg Crude Oil,UCO,271.142,275.73,-1.66395,-4.588,1339.92,363307775.214
06/15/2012,ProShares Ultra Bloomberg Crude Oil,UCO,275.73,274.89,0.30558,0.84,1339.92,369455314.41
06/14/2012,ProShares Ultra Bloomberg Crude Oil,UCO,274.89,266.503,3.14706,8.387,1339.92,368329784.13
06/13/2012,ProShares Ultra Bloomberg Crude Oil,UCO,266.503,271.045,-1.67574,-4.542,1229.92,327776570.251
06/12/2012,ProShares Ultra Bloomberg Crude Oil,UCO,271.045,267.152,1.45722,3.893,1239.92,336073303.265
06/11/2012,ProShares Ultra Bloomberg Crude Oil,UCO,267.152,276.359,-3.33154,-9.207,1239.92,331246306.384
06/08/2012,ProShares Ultra Bloomberg Crude Oil,UCO,276.359,281.174,-1.71246,-4.815,1239.92,342662222.203
06/07/2012,ProShares Ultra Bloomberg Crude Oil,UCO,281.174,282.513,-0.47396,-1.339,1239.92,348632422.558
06/06/2012,ProShares Ultra Bloomberg Crude Oil,UCO,282.513,277.708,1.73023,4.805,1159.92,327691631.421
06/05/2012,ProShares Ultra Bloomberg Crude Oil,UCO,277.708,275.677,0.73673,2.031,1159.92,322118230.236
06/04/2012,ProShares Ultra Bloomberg Crude Oil,UCO,275.677,270.822,1.79269,4.855,1089.92,300465048.809
06/01/2012,ProShares Ultra Bloomberg Crude Oil,UCO,270.822,293.189,-7.62887,-22.367,989.92,268091301.774
05/31/2012,ProShares Ultra Bloomberg Crude Oil,UCO,293.189,302.073,-2.94101,-8.884,969.92,284368995.313
05/30/2012,ProShares Ultra Bloomberg Crude Oil,UCO,302.073,323.011,-6.48213,-20.938,899.92,271840627.941
05/29/2012,ProShares Ultra Bloomberg Crude Oil,UCO,323.011,323.767,-0.23350,-0.756,884.92,285837925.087
05/25/2012,ProShares Ultra Bloomberg Crude Oil,UCO,323.767,322.35,0.43958,1.417,884.92,286506922.339
05/24/2012,ProShares Ultra Bloomberg Crude Oil,UCO,322.35,316.998,1.68834,5.352,884.92,285252994.95
05/23/2012,ProShares Ultra Bloomberg Crude Oil,UCO,316.998,331.066,-4.24930,-14.068,829.92,263082029.166
05/22/2012,ProShares Ultra Bloomberg Crude Oil,UCO,331.066,338.436,-2.17766,-7.37,804.92,266480651.522
05/21/2012,ProShares Ultra Bloomberg Crude Oil,UCO,338.436,330.827,2.29999,7.609,794.92,269028529.812
05/18/2012,ProShares Ultra Bloomberg Crude Oil,UCO,330.827,339.158,-2.45638,-8.331,759.92,251401061.359
05/17/2012,ProShares Ultra Bloomberg Crude Oil,UCO,339.158,340.997,-0.53930,-1.839,759.92,257731929.886
05/16/2012,ProShares Ultra Bloomberg Crude Oil,UCO,340.997,349.605,-2.46221,-8.608,759.92,259129417.249
05/15/2012,ProShares Ultra Bloomberg Crude Oil,UCO,349.605,355.445,-1.64301,-5.84,754.92,263922757.785
05/14/2012,ProShares Ultra Bloomberg Crude Oil,UCO,355.445,365.791,-2.82839,-10.346,754.92,268331473.065
05/11/2012,ProShares Ultra Bloomberg Crude Oil,UCO,365.791,372.84,-1.89062,-7.049,754.92,276141844.347
05/10/2012,ProShares Ultra Bloomberg Crude Oil,UCO,372.84,370.87,0.53118,1.97,754.92,281463254.28
05/09/2012,ProShares Ultra Bloomberg Crude Oil,UCO,370.87,372.57,-0.45629,-1.7,689.92,255869517.79
05/08/2012,ProShares Ultra Bloomberg Crude Oil,UCO,372.56,379.84,-1.91660,-7.28,689.92,257035477.52
05/07/2012,ProShares Ultra Bloomberg Crude Oil,UCO,379.84,384.29,-1.15798,-4.45,689.92,262058073.28
05/04/2012,ProShares Ultra Bloomberg Crude Oil,UCO,384.29,417.05,-7.85517,-32.76,689.92,265128203.93
05/03/2012,ProShares Ultra Bloomberg Crude Oil,UCO,417.04,439.18,-5.04121,-22.14,559.92,233507785.68
05/02/2012,ProShares Ultra Bloomberg Crude Oil,UCO,439.19,446.93,-1.73181,-7.74,559.92,245909947.23
05/01/2012,ProShares Ultra Bloomberg Crude Oil,UCO,446.92,436.64,2.35434,10.28,559.92,250238105.64
04/30/2012,ProShares Ultra Bloomberg Crude Oil,UCO,436.64,437.18,-0.12352,-0.54,559.92,244482158.88
04/27/2012,ProShares Ultra Bloomberg Crude Oil,UCO,437.18,434.05,0.72112,3.13,599.92,262271714.06
04/26/2012,ProShares Ultra Bloomberg Crude Oil,UCO,434.05,430.44,0.83868,3.61,599.92,260393973.85
04/25/2012,ProShares Ultra Bloomberg Crude Oil,UCO,430.44,426.03,1.03514,4.41,599.92,258228273.48
04/24/2012,ProShares Ultra Bloomberg Crude Oil,UCO,426.03,422.7,0.78779,3.33,599.92,255582639.51
04/23/2012,ProShares Ultra Bloomberg Crude Oil,UCO,422.7,428.82,-1.42717,-6.12,599.92,253584915.9
04/20/2012,ProShares Ultra Bloomberg Crude Oil,UCO,428.82,419.56,2.20707,9.26,599.92,257256407.94
04/19/2012,ProShares Ultra Bloomberg Crude Oil,UCO,419.56,423.09,-0.83434,-3.53,639.92,268483576.52
04/18/2012,ProShares Ultra Bloomberg Crude Oil,UCO,423.08,435.53,-2.85859,-12.45,639.92,270736084.36
04/17/2012,ProShares Ultra Bloomberg Crude Oil,UCO,435.53,425.14,2.44390,10.39,649.92,283058351.01
04/16/2012,ProShares Ultra Bloomberg Crude Oil,UCO,425.14,425.1,0.00941,0.04,649.92,276305713.38
04/13/2012,ProShares Ultra Bloomberg Crude Oil,UCO,425.11,431.56,-1.49458,-6.45,649.92,276286215.87
04/12/2012,ProShares Ultra Bloomberg Crude Oil,UCO,431.56,424,1.78302,7.56,649.92,280478180.52
04/11/2012,ProShares Ultra Bloomberg Crude Oil,UCO,424,410.84,3.20319,13.16,649.92,275564808
04/10/2012,ProShares Ultra Bloomberg Crude Oil,UCO,410.84,422.67,-2.79887,-11.83,649.92,267011900.28
04/09/2012,ProShares Ultra Bloomberg Crude Oil,UCO,422.67,429.8,-1.65891,-7.13,649.92,274700418.39
04/05/2012,ProShares Ultra Bloomberg Crude Oil,UCO,429.8,414.77,3.62370,15.03,649.92,279334326.6
04/04/2012,ProShares Ultra Bloomberg Crude Oil,UCO,414.77,436.08,-4.88672,-21.31,649.92,269566074.09
04/03/2012,ProShares Ultra Bloomberg Crude Oil,UCO,436.09,446.45,-2.32053,-10.36,649.92,283422304.53
04/02/2012,ProShares Ultra Bloomberg Crude Oil,UCO,446.45,428.12,4.28151,18.33,649.92,290155444.65
03/30/2012,ProShares Ultra Bloomberg Crude Oil,UCO,428.12,426.14,0.46464,1.98,634.92,271820666.04
03/29/2012,ProShares Ultra Bloomberg Crude Oil,UCO,426.15,448.55,-4.99387,-22.4,609.92,259916129.55
03/28/2012,ProShares Ultra Bloomberg Crude Oil,UCO,448.54,465.2,-3.58126,-16.66,609.92,273572171.18
03/27/2012,ProShares Ultra Bloomberg Crude Oil,UCO,465.2,462.62,0.55769,2.58,609.92,283733388.4
03/26/2012,ProShares Ultra Bloomberg Crude Oil,UCO,462.62,461.28,0.29050,1.34,609.92,282159802.54
03/23/2012,ProShares Ultra Bloomberg Crude Oil,UCO,461.29,448.37,2.88155,12.92,609.92,281348612.93
03/22/2012,ProShares Ultra Bloomberg Crude Oil,UCO,448.36,465.02,-3.58264,-16.66,609.92,273462386.12
03/21/2012,ProShares Ultra Bloomberg Crude Oil,UCO,465.03,454.76,2.25833,10.27,609.92,283629702.51
03/20/2012,ProShares Ultra Bloomberg Crude Oil,UCO,454.75,476.63,-4.59056,-21.88,609.92,277359755.75
03/19/2012,ProShares Ultra Bloomberg Crude Oil,UCO,476.63,468.15,1.81139,8.48,609.92,290704739.71
03/16/2012,ProShares Ultra Bloomberg Crude Oil,UCO,468.15,451.66,3.65098,16.49,609.92,285532643.55
03/15/2012,ProShares Ultra Bloomberg Crude Oil,UCO,451.66,454.25,-0.57017,-2.59,609.92,275475112.22
03/14/2012,ProShares Ultra Bloomberg Crude Oil,UCO,454.25,465.46,-2.40837,-11.21,609.92,277054797.25
03/13/2012,ProShares Ultra Bloomberg Crude Oil,UCO,465.46,462.02,0.74456,3.44,609.92,283891966.82
03/12/2012,ProShares Ultra Bloomberg Crude Oil,UCO,462.02,471.06,-1.91908,-9.04,609.92,281793852.34
03/09/2012,ProShares Ultra Bloomberg Crude Oil,UCO,471.06,464.05,1.51061,7.01,609.92,287307502.02
03/08/2012,ProShares Ultra Bloomberg Crude Oil,UCO,464.05,460.52,0.76652,3.53,609.92,283031983.85
03/07/2012,ProShares Ultra Bloomberg Crude Oil,UCO,460.53,448.27,2.73496,12.26,609.92,280885076.01
03/06/2012,ProShares Ultra Bloomberg Crude Oil,UCO,448.27,465.39,-3.67864,-17.12,609.92,273407493.59
03/05/2012,ProShares Ultra Bloomberg Crude Oil,UCO,465.39,465.35,0.00860,0.04,609.92,283849272.63
03/02/2012,ProShares Ultra Bloomberg Crude Oil,UCO,465.35,483.97,-3.84735,-18.62,609.92,283824875.95
03/01/2012,ProShares Ultra Bloomberg Crude Oil,UCO,483.97,468.73,3.25134,15.24,614.92,297601380.49
02/29/2012,ProShares Ultra Bloomberg Crude Oil,UCO,468.72,464.22,0.96937,4.5,614.92,288223896.24
02/28/2012,ProShares Ultra Bloomberg Crude Oil,UCO,464.23,482.11,-3.70870,-17.88,614.92,285462918.91
02/27/2012,ProShares Ultra Bloomberg Crude Oil,UCO,482.11,492.52,-2.11362,-10.41,604.92,291636534.87
02/24/2012,ProShares Ultra Bloomberg Crude Oil,UCO,492.52,475.57,3.56414,16.95,604.92,297933720.84
02/23/2012,ProShares Ultra Bloomberg Crude Oil,UCO,475.58,462.85,2.75035,12.73,639.92,304331726.86
02/22/2012,ProShares Ultra Bloomberg Crude Oil,UCO,462.85,462.61,0.05188,0.24,664.92,307756833.45
02/21/2012,ProShares Ultra Bloomberg Crude Oil,UCO,462.61,439.92,5.15776,22.69,664.92,307597253.37
02/17/2012,ProShares Ultra Bloomberg Crude Oil,UCO,439.92,432.55,1.70385,7.37,664.92,292510286.64
02/16/2012,ProShares Ultra Bloomberg Crude Oil,UCO,432.55,427.89,1.08906,4.66,674.92,291935348.35
02/15/2012,ProShares Ultra Bloomberg Crude Oil,UCO,427.89,419.48,2.00486,8.41,704.92,301626935.13
02/14/2012,ProShares Ultra Bloomberg Crude Oil,UCO,419.48,421.42,-0.46035,-1.94,744.92,312477783.16
02/13/2012,ProShares Ultra Bloomberg Crude Oil,UCO,421.42,403.48,4.44632,17.94,769.92,324458422.14
02/10/2012,ProShares Ultra Bloomberg Crude Oil,UCO,403.48,413.48,-2.41850,-10,794.92,320733111.16
02/09/2012,ProShares Ultra Bloomberg Crude Oil,UCO,413.47,404.22,2.28836,9.25,794.92,328674331.99
02/08/2012,ProShares Ultra Bloomberg Crude Oil,UCO,404.23,401.74,0.61980,2.49,794.92,321329298.91
02/07/2012,ProShares Ultra Bloomberg Crude Oil,UCO,401.74,389.68,3.09485,12.06,794.92,319349955.58
02/06/2012,ProShares Ultra Bloomberg Crude Oil,UCO,389.68,397.27,-1.91054,-7.59,794.92,309763256.56
02/03/2012,ProShares Ultra Bloomberg Crude Oil,UCO,397.28,385.44,3.07181,11.84,754.92,299913425.76
02/02/2012,ProShares Ultra Bloomberg Crude Oil,UCO,385.44,395.58,-2.56332,-10.14,754.92,290975208.48
02/01/2012,ProShares Ultra Bloomberg Crude Oil,UCO,395.58,402.71,-1.77050,-7.13,649.92,257094166.86
01/31/2012,ProShares Ultra Bloomberg Crude Oil,UCO,402.71,405.19,-0.61206,-2.48,629.92,253673875.07
01/30/2012,ProShares Ultra Bloomberg Crude Oil,UCO,405.19,411.68,-1.57647,-6.49,629.92,255236069.23
01/27/2012,ProShares Ultra Bloomberg Crude Oil,UCO,411.68,412.85,-0.28340,-1.17,629.92,259324230.56
01/26/2012,ProShares Ultra Bloomberg Crude Oil,UCO,412.85,410.39,0.59943,2.46,629.92,260061233.45
01/25/2012,ProShares Ultra Bloomberg Crude Oil,UCO,410.39,406.7,0.90730,3.69,629.92,258511637.63
01/24/2012,ProShares Ultra Bloomberg Crude Oil,UCO,406.7,411.93,-1.26963,-5.23,629.92,256187243.9
01/23/2012,ProShares Ultra Bloomberg Crude Oil,UCO,411.92,401.74,2.53398,10.18,594.92,245058210.64
01/20/2012,ProShares Ultra Bloomberg Crude Oil,UCO,401.75,420.24,-4.39987,-18.49,594.92,239007904.75
01/19/2012,ProShares Ultra Bloomberg Crude Oil,UCO,420.24,422.09,-0.43830,-1.85,574.92,241603120.08
01/18/2012,ProShares Ultra Bloomberg Crude Oil,UCO,422.09,423.03,-0.22221,-0.94,574.92,242666716.53
01/17/2012,ProShares Ultra Bloomberg Crude Oil,UCO,423.03,406.71,4.01269,16.32,539.92,228401088.51
01/13/2012,ProShares Ultra Bloomberg Crude Oil,UCO,406.71,410.27,-0.86772,-3.56,539.92,219589643.07
01/12/2012,ProShares Ultra Bloomberg Crude Oil,UCO,410.27,425.26,-3.52490,-14.99,539.92,221511747.59
01/11/2012,ProShares Ultra Bloomberg Crude Oil,UCO,425.26,436.79,-2.63971,-11.53,539.92,229605103.42
01/10/2012,ProShares Ultra Bloomberg Crude Oil,UCO,436.79,429.03,1.80873,7.76,539.92,235830346.43
01/09/2012,ProShares Ultra Bloomberg Crude Oil,UCO,429.02,431.27,-0.52171,-2.25,539.92,231635191.34
01/06/2012,ProShares Ultra Bloomberg Crude Oil,UCO,431.27,433.15,-0.43403,-1.88,554.92,239319054.59
01/05/2012,ProShares Ultra Bloomberg Crude Oil,UCO,433.15,445.22,-2.71102,-12.07,554.92,240362298.55
01/04/2012,ProShares Ultra Bloomberg Crude Oil,UCO,445.22,442.99,0.50340,2.23,554.92,247060146.74
01/03/2012,ProShares Ultra Bloomberg Crude Oil,UCO,442.99,408.85,8.35025,34.14,554.92,245822681.83
12/30/2011,ProShares Ultra Bloomberg Crude Oil,UCO,408.85,415.69,-1.64546,-6.84,614.92,251408815.45
12/29/2011,ProShares Ultra Bloomberg Crude Oil,UCO,415.69,413.12,0.62210,2.57,614.92,255614847.73
12/28/2011,ProShares Ultra Bloomberg Crude Oil,UCO,413.13,429.66,-3.84723,-16.53,614.92,254040660.21
12/27/2011,ProShares Ultra Bloomberg Crude Oil,UCO,429.66,416.13,3.25139,13.53,644.92,277095038.22
12/23/2011,ProShares Ultra Bloomberg Crude Oil,UCO,416.13,415.06,0.25779,1.07,644.92,268369311.21
12/22/2011,ProShares Ultra Bloomberg Crude Oil,UCO,415.06,408.05,1.71793,7.01,644.92,267679250.02
12/21/2011,ProShares Ultra Bloomberg Crude Oil,UCO,408.05,396.43,2.93116,11.62,644.92,263158381.85
12/20/2011,ProShares Ultra Bloomberg Crude Oil,UCO,396.43,371.45,6.72500,24.98,639.92,253682296.31
12/19/2011,ProShares Ultra Bloomberg Crude Oil,UCO,371.45,369.36,0.56584,2.09,634.92,235839919.65
12/16/2011,ProShares Ultra Bloomberg Crude Oil,UCO,369.37,371.99,-0.70432,-2.62,634.92,234519292.29
12/15/2011,ProShares Ultra Bloomberg Crude Oil,UCO,371.99,380.46,-2.22625,-8.47,634.92,236182774.83
12/14/2011,ProShares Ultra Bloomberg Crude Oil,UCO,380.46,423.57,-10.17777,-43.11,634.92,241560521.82
12/13/2011,ProShares Ultra Bloomberg Crude Oil,UCO,423.56,404.49,4.71458,19.07,634.92,268925444.52
12/12/2011,ProShares Ultra Bloomberg Crude Oil,UCO,404.5,417.96,-3.22040,-13.46,634.92,256823926.5
12/09/2011,ProShares Ultra Bloomberg Crude Oil,UCO,417.95,409.27,2.12085,8.68,634.92,265363560.15
12/08/2011,ProShares Ultra Bloomberg Crude Oil,UCO,409.28,427.53,-4.26871,-18.25,634.92,259858829.76
12/07/2011,ProShares Ultra Bloomberg Crude Oil,UCO,427.53,434.32,-1.56336,-6.79,659.92,282134315.01
12/06/2011,ProShares Ultra Bloomberg Crude Oil,UCO,434.32,431.85,0.57196,2.47,659.92,286615151.44
12/05/2011,ProShares Ultra Bloomberg Crude Oil,UCO,431.84,431.63,0.04865,0.21,659.92,284978557.28
12/02/2011,ProShares Ultra Bloomberg Crude Oil,UCO,431.63,425.19,1.51462,6.44,709.92,306421474.71
12/01/2011,ProShares Ultra Bloomberg Crude Oil,UCO,425.19,426.56,-0.32117,-1.37,709.92,301849609.23
11/30/2011,ProShares Ultra Bloomberg Crude Oil,UCO,426.56,421.75,1.14049,4.81,709.92,302822195.52
11/29/2011,ProShares Ultra Bloomberg Crude Oil,UCO,421.76,408.62,3.21570,13.14,729.92,307849793.92
11/28/2011,ProShares Ultra Bloomberg Crude Oil,UCO,408.62,396.85,2.96586,11.77,729.92,298258684.54
11/25/2011,ProShares Ultra Bloomberg Crude Oil,UCO,396.85,391.98,1.24241,4.87,809.92,321415561.45
11/23/2011,ProShares Ultra Bloomberg Crude Oil,UCO,391.98,407.29,-3.75899,-15.31,819.92,321391065.66
11/22/2011,ProShares Ultra Bloomberg Crude Oil,UCO,407.28,398.34,2.24431,8.94,844.92,344117795.76
11/21/2011,ProShares Ultra Bloomberg Crude Oil,UCO,398.34,404.59,-1.54477,-6.25,844.92,336564237.78
11/18/2011,ProShares Ultra Bloomberg Crude Oil,UCO,404.6,415.18,-2.54829,-10.58,844.92,341853418.2
11/17/2011,ProShares Ultra Bloomberg Crude Oil,UCO,415.17,447.18,-7.15819,-32.01,844.92,350784190.89
11/16/2011,ProShares Ultra Bloomberg Crude Oil,UCO,447.18,420.39,6.37265,26.79,909.92,406896684.06
11/15/2011,ProShares Ultra Bloomberg Crude Oil,UCO,420.39,410.29,2.46167,10.1,909.92,382520007.63
11/14/2011,ProShares Ultra Bloomberg Crude Oil,UCO,410.29,415.96,-1.36311,-5.67,909.92,373329845.93
11/11/2011,ProShares Ultra Bloomberg Crude Oil,UCO,415.96,405.92,2.47339,10.04,909.92,378489075.32
11/10/2011,ProShares Ultra Bloomberg Crude Oil,UCO,405.92,389.33,4.26117,16.59,964.92,391679108.64
11/09/2011,ProShares Ultra Bloomberg Crude Oil,UCO,389.33,398.07,-2.19559,-8.74,964.92,375671135.61
11/08/2011,ProShares Ultra Bloomberg Crude Oil,UCO,398.07,387.92,2.61652,10.15,964.92,384104510.19
11/07/2011,ProShares Ultra Bloomberg Crude Oil,UCO,387.92,377.84,2.66780,10.08,964.92,374310602.64
11/04/2011,ProShares Ultra Bloomberg Crude Oil,UCO,377.85,375.62,0.59369,2.23,964.92,364593888.45
11/03/2011,ProShares Ultra Bloomberg Crude Oil,UCO,375.62,363.36,3.37406,12.26,999.92,375588823.54
11/02/2011,ProShares Ultra Bloomberg Crude Oil,UCO,363.35,361.01,0.64818,2.34,1029.92,374220341.95
11/01/2011,ProShares Ultra Bloomberg Crude Oil,UCO,361.01,369.19,-2.21566,-8.18,1029.92,371810336.17
10/31/2011,ProShares Ultra Bloomberg Crude Oil,UCO,369.19,370.5,-0.35358,-1.31,1029.92,380235057.23
10/28/2011,ProShares Ultra Bloomberg Crude Oil,UCO,370.5,375.14,-1.23687,-4.64,1029.92,381584248.5
10/27/2011,ProShares Ultra Bloomberg Crude Oil,UCO,375.14,347.13,8.06902,28.01,1059.92,397617263.38
10/26/2011,ProShares Ultra Bloomberg Crude Oil,UCO,347.13,368.97,-5.91918,-21.84,1179.92,409584588.21
10/25/2011,ProShares Ultra Bloomberg Crude Oil,UCO,368.97,355.04,3.92350,13.93,1179.92,435353975.49
10/24/2011,ProShares Ultra Bloomberg Crude Oil,UCO,355.04,327.59,8.37938,27.45,1299.92,461522531.68
10/21/2011,ProShares Ultra Bloomberg Crude Oil,UCO,327.58,318.29,2.91872,9.29,1299.92,425826810.86
10/20/2011,ProShares Ultra Bloomberg Crude Oil,UCO,318.29,319.93,-0.51261,-1.64,1299.92,413750581.93
10/19/2011,ProShares Ultra Bloomberg Crude Oil,UCO,319.93,337.05,-5.07937,-17.12,1299.92,415882445.81
10/18/2011,ProShares Ultra Bloomberg Crude Oil,UCO,337.05,323.07,4.32724,13.98,1299.92,438137024.85
10/17/2011,ProShares Ultra Bloomberg Crude Oil,UCO,323.06,325.33,-0.69775,-2.27,1299.92,419951186.02
10/14/2011,ProShares Ultra Bloomberg Crude Oil,UCO,325.34,307.41,5.83260,17.93,1299.92,422914996.78
10/13/2011,ProShares Ultra Bloomberg Crude Oil,UCO,307.41,317.2,-3.08638,-9.79,1349.92,414977984.97
10/12/2011,ProShares Ultra Bloomberg Crude Oil,UCO,317.2,318.86,-0.52060,-1.66,1349.92,428193672.4
10/11/2011,ProShares Ultra Bloomberg Crude Oil,UCO,318.86,315.65,1.01695,3.21,1349.92,430434534.62
10/10/2011,ProShares Ultra Bloomberg Crude Oil,UCO,315.65,298.23,5.84113,17.42,1399.92,441883801.05
10/07/2011,ProShares Ultra Bloomberg Crude Oil,UCO,298.23,295.45,0.94094,2.78,1399.92,417497246.91
10/06/2011,ProShares Ultra Bloomberg Crude Oil,UCO,295.45,275.35,7.29980,20.1,1489.92,440195977.65
10/05/2011,ProShares Ultra Bloomberg Crude Oil,UCO,275.35,248.97,10.59565,26.38,1509.92,415755645.95
10/04/2011,ProShares Ultra Bloomberg Crude Oil,UCO,248.97,262.08,-5.00229,-13.11,1474.92,367210085.49
10/03/2011,ProShares Ultra Bloomberg Crude Oil,UCO,262.08,273.08,-4.02812,-11,1424.92,373442247.36
09/30/2011,ProShares Ultra Bloomberg Crude Oil,UCO,273.07,294.14,-7.16326,-21.07,1394.92,380909985.19
09/29/2011,ProShares Ultra Bloomberg Crude Oil,UCO,294.14,287.56,2.28822,6.58,1394.92,410300886.38
09/28/2011,ProShares Ultra Bloomberg Crude Oil,UCO,287.56,311.47,-7.67650,-23.91,1394.92,401122332.52
09/27/2011,ProShares Ultra Bloomberg Crude Oil,UCO,311.47,281.89,10.49345,29.58,1434.92,446933597.99
09/26/2011,ProShares Ultra Bloomberg Crude Oil,UCO,281.9,279.2,0.96705,2.7,1434.92,404503102.3
09/23/2011,ProShares Ultra Bloomberg Crude Oil,UCO,279.2,283.86,-1.64165,-4.66,1364.92,381084826.4
09/22/2011,ProShares Ultra Bloomberg Crude Oil,UCO,283.85,324.76,-12.59699,-40.91,1364.92,387431690.45
09/21/2011,ProShares Ultra Bloomberg Crude Oil,UCO,324.76,332.42,-2.30431,-7.66,1224.92,397804044.92
09/20/2011,ProShares Ultra Bloomberg Crude Oil,UCO,332.42,324.05,2.58293,8.37,1224.92,407186909.14
09/19/2011,ProShares Ultra Bloomberg Crude Oil,UCO,324.05,342.5,-5.38686,-18.45,1134.92,367769853.85
09/16/2011,ProShares Ultra Bloomberg Crude Oil,UCO,342.49,353.63,-3.15019,-11.14,1134.92,388697723.33
09/15/2011,ProShares Ultra Bloomberg Crude Oil,UCO,353.64,349.09,1.30339,4.55,1134.92,401352047.88
09/14/2011,ProShares Ultra Bloomberg Crude Oil,UCO,349.08,359.2,-2.81737,-10.12,1134.92,396176826.36
09/13/2011,ProShares Ultra Bloomberg Crude Oil,UCO,359.2,343.87,4.45808,15.33,1159.92,416642186.4
09/12/2011,ProShares Ultra Bloomberg Crude Oil,UCO,343.87,336.96,2.05069,6.91,1184.92,407457408.79
09/09/2011,ProShares Ultra Bloomberg Crude Oil,UCO,336.96,351.3,-4.08198,-14.34,1194.92,402639232.32
09/08/2011,ProShares Ultra Bloomberg Crude Oil,UCO,351.3,353.84,-0.71784,-2.54,1194.92,419774342.1
09/07/2011,ProShares Ultra Bloomberg Crude Oil,UCO,353.84,329.14,7.50441,24.7,1219.92,431655431.28
09/06/2011,ProShares Ultra Bloomberg Crude Oil,UCO,329.14,332.48,-1.00457,-3.34,1219.92,401523481.38
09/02/2011,ProShares Ultra Bloomberg Crude Oil,UCO,332.48,352.22,-5.60445,-19.74,1219.92,405598004.16
09/01/2011,ProShares Ultra Bloomberg Crude Oil,UCO,352.22,351.59,0.17919,0.63,1314.92,463140065.74
08/31/2011,ProShares Ultra Bloomberg Crude Oil,UCO,351.59,351.84,-0.07106,-0.25,1329.92,467585518.03
08/30/2011,ProShares Ultra Bloomberg Crude Oil,UCO,351.84,339.3,3.69584,12.54,1454.92,511897997.28
08/29/2011,ProShares Ultra Bloomberg Crude Oil,UCO,339.3,325.14,4.35505,14.16,1454.92,493653338.1
08/26/2011,ProShares Ultra Bloomberg Crude Oil,UCO,325.14,324.7,0.13551,0.44,1454.92,473051713.38
08/25/2011,ProShares Ultra Bloomberg Crude Oil,UCO,324.7,323.88,0.25318,0.82,1454.92,472411549.9
08/24/2011,ProShares Ultra Bloomberg Crude Oil,UCO,323.87,325.49,-0.49771,-1.62,1454.92,471203968.79
08/23/2011,ProShares Ultra Bloomberg Crude Oil,UCO,325.49,317.62,2.47780,7.87,1454.92,473560934.33
08/22/2011,ProShares Ultra Bloomberg Crude Oil,UCO,317.63,303.58,4.62810,14.05,1479.92,470066036.71
08/19/2011,ProShares Ultra Bloomberg Crude Oil,UCO,303.57,304.02,-0.14802,-0.45,1479.92,449258403.69
08/18/2011,ProShares Ultra Bloomberg Crude Oil,UCO,304.02,344.93,-11.86038,-40.91,1479.92,449924366.34
08/17/2011,ProShares Ultra Bloomberg Crude Oil,UCO,344.93,338.19,1.99296,6.74,1444.92,498395220.81
08/16/2011,ProShares Ultra Bloomberg Crude Oil,UCO,338.19,348.36,-2.91939,-10.17,1444.92,488656480.23
08/15/2011,ProShares Ultra Bloomberg Crude Oil,UCO,348.36,329.79,5.63086,18.57,1444.92,503351286.12
08/12/2011,ProShares Ultra Bloomberg Crude Oil,UCO,329.79,332.73,-0.88360,-2.94,1444.92,476519177.43
08/11/2011,ProShares Ultra Bloomberg Crude Oil,UCO,332.73,312.24,6.56226,20.49,1449.92,482430883.41
08/10/2011,ProShares Ultra Bloomberg Crude Oil,UCO,312.24,286.55,8.96528,25.69,1449.92,452722084.08
08/09/2011,ProShares Ultra Bloomberg Crude Oil,UCO,286.55,301.54,-4.97115,-14.99,1239.92,355298216.35
08/08/2011,ProShares Ultra Bloomberg Crude Oil,UCO,301.54,345.88,-12.81947,-44.34,1174.92,354284472.18
08/05/2011,ProShares Ultra Bloomberg Crude Oil,UCO,345.88,343.88,0.58160,2,1134.92,392545091.96
08/04/2011,ProShares Ultra Bloomberg Crude Oil,UCO,343.88,388.96,-11.58988,-45.08,1074.92,369642457.96
08/03/2011,ProShares Ultra Bloomberg Crude Oil,UCO,388.96,405.03,-3.96761,-16.07,824.92,320859716.32
08/02/2011,ProShares Ultra Bloomberg Crude Oil,UCO,405.03,414.62,-2.31296,-9.59,784.92,317914932.51
08/01/2011,ProShares Ultra Bloomberg Crude Oil,UCO,414.62,421.8,-1.70223,-7.18,724.92,300565086.54
07/29/2011,ProShares Ultra Bloomberg Crude Oil,UCO,421.8,437.44,-3.57535,-15.64,724.92,305769990.6
07/28/2011,ProShares Ultra Bloomberg Crude Oil,UCO,437.44,437.09,0.08008,0.35,724.92,317107692.48
07/27/2011,ProShares Ultra Bloomberg Crude Oil,UCO,437.09,457.21,-4.40060,-20.12,724.92,316853971.53
07/26/2011,ProShares Ultra Bloomberg Crude Oil,UCO,457.21,453.66,0.78252,3.55,774.92,354299801.57
07/25/2011,ProShares Ultra Bloomberg Crude Oil,UCO,453.66,459.89,-1.35467,-6.23,774.92,351548846.22
07/22/2011,ProShares Ultra Bloomberg Crude Oil,UCO,459.89,453.14,1.48961,6.75,774.92,356376579.13
07/21/2011,ProShares Ultra Bloomberg Crude Oil,UCO,453.14,446.53,1.48030,6.61,774.92,351145889.38
07/20/2011,ProShares Ultra Bloomberg Crude Oil,UCO,446.53,441.67,1.10037,4.86,799.92,357186938.01
07/19/2011,ProShares Ultra Bloomberg Crude Oil,UCO,441.67,427.39,3.34121,14.28,799.92,353299341.39
07/18/2011,ProShares Ultra Bloomberg Crude Oil,UCO,427.38,439.59,-2.77759,-12.21,819.92,350416127.46
07/15/2011,ProShares Ultra Bloomberg Crude Oil,UCO,439.59,426.38,3.09818,13.21,819.92,360427314.03
07/14/2011,ProShares Ultra Bloomberg Crude Oil,UCO,426.38,448.06,-4.83864,-21.68,819.92,349596210.46
07/13/2011,ProShares Ultra Bloomberg Crude Oil,UCO,448.06,442.29,1.30457,5.77,819.92,367372011.02
07/12/2011,ProShares Ultra Bloomberg Crude Oil,UCO,442.29,422.59,4.66173,19.7,819.92,362641089.93
07/11/2011,ProShares Ultra Bloomberg Crude Oil,UCO,422.59,432.29,-2.24386,-9.7,819.92,346488725.03
07/08/2011,ProShares Ultra Bloomberg Crude Oil,UCO,432.29,454.7,-4.92852,-22.41,819.92,354441919.93
07/07/2011,ProShares Ultra Bloomberg Crude Oil,UCO,454.7,436.64,4.13613,18.06,819.92,372816259.9
07/06/2011,ProShares Ultra Bloomberg Crude Oil,UCO,436.64,438.91,-0.51719,-2.27,934.92,408222158.88
07/05/2011,ProShares Ultra Bloomberg Crude Oil,UCO,438.91,422.42,3.90370,16.49,964.92,423511720.47
07/01/2011,ProShares Ultra Bloomberg Crude Oil,UCO,422.42,426.43,-0.94037,-4.01,964.92,407600239.14
06/30/2011,ProShares Ultra Bloomberg Crude Oil,UCO,426.43,420.79,1.34034,5.64,999.92,426394606.31
06/29/2011,ProShares Ultra Bloomberg Crude Oil,UCO,420.79,404.69,3.97835,16.1,999.92,420755074.43
06/28/2011,ProShares Ultra Bloomberg Crude Oil,UCO,404.69,385.34,5.02154,19.35,999.92,404656410.73
06/27/2011,ProShares Ultra Bloomberg Crude Oil,UCO,385.35,389.98,-1.18724,-4.63,954.92,367977265.95
06/24/2011,ProShares Ultra Bloomberg Crude Oil,UCO,389.98,388.54,0.37062,1.44,939.92,366548831.66
06/23/2011,ProShares Ultra Bloomberg Crude Oil,UCO,388.54,427.6,-9.13471,-39.06,919.92,357424551.18
06/22/2011,ProShares Ultra Bloomberg Crude Oil,UCO,427.6,416,2.78846,11.6,834.92,357010509.2
06/21/2011,ProShares Ultra Bloomberg Crude Oil,UCO,416.01,411.39,1.12302,4.62,814.92,339013621.17
06/20/2011,ProShares Ultra Bloomberg Crude Oil,UCO,411.38,409.4,0.48363,1.98,814.92,335240555.46
06/17/2011,ProShares Ultra Bloomberg Crude Oil,UCO,409.41,426.61,-4.03179,-17.2,814.92,333635168.97
06/16/2011,ProShares Ultra Bloomberg Crude Oil,UCO,426.6,426.08,0.12204,0.52,719.92,307116592.2
06/15/2011,ProShares Ultra Bloomberg Crude Oil,UCO,426.08,469.12,-9.17462,-43.04,624.92,266264635.36
06/14/2011,ProShares Ultra Bloomberg Crude Oil,UCO,469.12,451.24,3.96241,17.88,624.92,293161063.04
06/13/2011,ProShares Ultra Bloomberg Crude Oil,UCO,451.24,470.35,-4.06293,-19.11,624.92,281987547.08
06/10/2011,ProShares Ultra Bloomberg Crude Oil,UCO,470.35,495.12,-5.00283,-24.77,559.92,263356960.95
06/09/2011,ProShares Ultra Bloomberg Crude Oil,UCO,495.11,483.95,2.30602,11.16,559.92,277220505.87
06/08/2011,ProShares Ultra Bloomberg Crude Oil,UCO,483.95,468.65,3.26470,15.3,579.92,280650832.15
06/07/2011,ProShares Ultra Bloomberg Crude Oil,UCO,468.65,467.91,0.15815,0.74,579.92,271778102.05
06/06/2011,ProShares Ultra Bloomberg Crude Oil,UCO,467.91,479.49,-2.41507,-11.58,579.92,271348963.47
06/03/2011,ProShares Ultra Bloomberg Crude Oil,UCO,479.48,481.22,-0.36158,-1.74,579.92,278058603.16
06/02/2011,ProShares Ultra Bloomberg Crude Oil,UCO,481.22,480.18,0.21659,1.04,579.92,279067658.74
06/01/2011,ProShares Ultra Bloomberg Crude Oil,UCO,480.19,503.92,-4.70908,-23.73,579.92,278470344.23
05/31/2011,ProShares Ultra Bloomberg Crude Oil,UCO,503.91,483.68,4.18252,20.23,579.92,292225975.47
05/27/2011,ProShares Ultra Bloomberg Crude Oil,UCO,483.68,480.24,0.71631,3.44,639.92,309515054.56
05/26/2011,ProShares Ultra Bloomberg Crude Oil,UCO,480.24,490.82,-2.15558,-10.58,639.92,307313740.08
05/25/2011,ProShares Ultra Bloomberg Crude Oil,UCO,490.82,474.35,3.47212,16.47,629.92,309175861.94
05/24/2011,ProShares Ultra Bloomberg Crude Oil,UCO,474.35,456.61,3.88515,17.74,629.92,298801128.95
05/23/2011,ProShares Ultra Bloomberg Crude Oil,UCO,456.62,479.66,-4.80340,-23.04,629.92,287632700.54
05/20/2011,ProShares Ultra Bloomberg Crude Oil,UCO,479.65,468.58,2.36246,11.07,629.92,302139689.05
05/19/2011,ProShares Ultra Bloomberg Crude Oil,UCO,468.58,484.3,-3.24592,-15.72,629.92,295166507.86
05/18/2011,ProShares Ultra Bloomberg Crude Oil,UCO,484.3,455.08,6.42085,29.22,649.92,314754803.1
05/17/2011,ProShares Ultra Bloomberg Crude Oil,UCO,455.08,459.04,-0.86267,-3.96,649.92,295764228.36
05/16/2011,ProShares Ultra Bloomberg Crude Oil,UCO,459.03,480.88,-4.54375,-21.85,604.92,277675050.51
05/13/2011,ProShares Ultra Bloomberg Crude Oil,UCO,480.88,474.78,1.28481,6.1,604.92,290892486.96
05/12/2011,ProShares Ultra Bloomberg Crude Oil,UCO,474.78,468.06,1.43571,6.72,604.92,287202493.26
05/11/2011,ProShares Ultra Bloomberg Crude Oil,UCO,468.05,525.4,-10.91549,-57.35,559.92,262069151.85
05/10/2011,ProShares Ultra Bloomberg Crude Oil,UCO,525.41,511.82,2.65523,13.59,509.92,267915490.97
05/09/2011,ProShares Ultra Bloomberg Crude Oil,UCO,511.81,461.52,10.89660,50.29,509.92,260980619.77
05/06/2011,ProShares Ultra Bloomberg Crude Oil,UCO,461.53,486.52,-5.13648,-24.99,464.92,214573143.01
05/05/2011,ProShares Ultra Bloomberg Crude Oil,UCO,486.52,587.02,-17.12037,-100.5,409.92,199432818.84
05/04/2011,ProShares Ultra Bloomberg Crude Oil,UCO,587.01,606.95,-3.28528,-19.94,309.92,181924378.17
05/03/2011,ProShares Ultra Bloomberg Crude Oil,UCO,606.95,634.56,-4.35105,-27.61,309.92,188104123.15
05/02/2011,ProShares Ultra Bloomberg Crude Oil,UCO,634.55,638.96,-0.69018,-4.41,309.92,196657832.35
04/29/2011,ProShares Ultra Bloomberg Crude Oil,UCO,638.96,626.89,1.92538,12.07,309.92,198024566.32
04/28/2011,ProShares Ultra Bloomberg Crude Oil,UCO,626.89,626.24,0.10379,0.65,309.92,194283868.13
04/27/2011,ProShares Ultra Bloomberg Crude Oil,UCO,626.24,620,1.00645,6.24,374.92,234788022.08
04/26/2011,ProShares Ultra Bloomberg Crude Oil,UCO,620,620.46,-0.07414,-0.46,394.92,244848540
04/25/2011,ProShares Ultra Bloomberg Crude Oil,UCO,620.46,620.54,-0.01289,-0.08,404.92,251234801.82
04/21/2011,ProShares Ultra Bloomberg Crude Oil,UCO,620.54,611.38,1.49825,9.16,404.92,251267195.18
04/20/2011,ProShares Ultra Bloomberg Crude Oil,UCO,611.38,577.61,5.84651,33.77,404.92,247558155.46
04/19/2011,ProShares Ultra Bloomberg Crude Oil,UCO,577.61,571.5,1.06912,6.11,419.92,242548258.37
04/18/2011,ProShares Ultra Bloomberg Crude Oil,UCO,571.5,598.97,-4.58621,-27.47,419.92,239982565.5
04/15/2011,ProShares Ultra Bloomberg Crude Oil,UCO,598.97,583.09,2.72342,15.88,419.92,251517685.49
04/14/2011,ProShares Ultra Bloomberg Crude Oil,UCO,583.09,573.05,1.75203,10.04,419.92,244849403.53
04/13/2011,ProShares Ultra Bloomberg Crude Oil,UCO,573.05,566.21,1.20803,6.84,419.92,240633436.85
04/12/2011,ProShares Ultra Bloomberg Crude Oil,UCO,566.21,605.48,-6.48576,-39.27,419.92,237761204.57
04/11/2011,ProShares Ultra Bloomberg Crude Oil,UCO,605.48,637.17,-4.97355,-31.69,419.92,254251345.16
04/08/2011,ProShares Ultra Bloomberg Crude Oil,UCO,637.16,609.71,4.50214,27.45,419.92,267554315.72
04/07/2011,ProShares Ultra Bloomberg Crude Oil,UCO,609.71,593.69,2.69838,16.02,439.92,268221794.07
04/06/2011,ProShares Ultra Bloomberg Crude Oil,UCO,593.68,588.36,0.90421,5.32,439.92,261169924.56
04/05/2011,ProShares Ultra Bloomberg Crude Oil,UCO,588.37,589.79,-0.24076,-1.42,439.92,258833965.29
04/04/2011,ProShares Ultra Bloomberg Crude Oil,UCO,589.79,584.11,0.97242,5.68,459.92,271254447.43
04/01/2011,ProShares Ultra Bloomberg Crude Oil,UCO,584.11,571.06,2.28522,13.05,474.92,277403768.87
03/31/2011,ProShares Ultra Bloomberg Crude Oil,UCO,571.06,545.46,4.69329,25.6,474.92,271206102.02
03/30/2011,ProShares Ultra Bloomberg Crude Oil,UCO,545.45,550.94,-0.99648,-5.49,529.92,289043227.65
03/29/2011,ProShares Ultra Bloomberg Crude Oil,UCO,550.94,542.5,1.55576,8.44,534.92,294707171.98
03/28/2011,ProShares Ultra Bloomberg Crude Oil,UCO,542.5,557.57,-2.70280,-15.07,534.92,290192472.5
03/25/2011,ProShares Ultra Bloomberg Crude Oil,UCO,557.57,559.7,-0.38056,-2.13,534.92,298253671.69
03/24/2011,ProShares Ultra Bloomberg Crude Oil,UCO,559.69,561.3,-0.28683,-1.61,549.92,307783045.73
03/23/2011,ProShares Ultra Bloomberg Crude Oil,UCO,561.3,553.09,1.48439,8.21,614.92,345152912.1
03/22/2011,ProShares Ultra Bloomberg Crude Oil,UCO,553.1,533.64,3.64665,19.46,614.92,340110592.7
03/21/2011,ProShares Ultra Bloomberg Crude Oil,UCO,533.64,521,2.42610,12.64,614.92,328144307.88
03/18/2011,ProShares Ultra Bloomberg Crude Oil,UCO,521,526.57,-1.05779,-5.57,654.92,341211757
03/17/2011,ProShares Ultra Bloomberg Crude Oil,UCO,526.57,492.36,6.94817,34.21,654.92,344859644.69
03/16/2011,ProShares Ultra Bloomberg Crude Oil,UCO,492.36,482.81,1.97800,9.55,654.92,322454934.12
03/15/2011,ProShares Ultra Bloomberg Crude Oil,UCO,482.81,526.18,-8.24243,-43.37,654.92,316200476.77
03/14/2011,ProShares Ultra Bloomberg Crude Oil,UCO,526.18,527.88,-0.32204,-1.7,654.92,344604227.06
03/11/2011,ProShares Ultra Bloomberg Crude Oil,UCO,527.88,544.35,-3.02563,-16.47,639.92,337799385.96
03/10/2011,ProShares Ultra Bloomberg Crude Oil,UCO,544.34,562.36,-3.20435,-18.02,639.92,348332419.78
03/09/2011,ProShares Ultra Bloomberg Crude Oil,UCO,562.36,566.01,-0.64486,-3.65,669.92,376734524.12
03/08/2011,ProShares Ultra Bloomberg Crude Oil,UCO,566.01,574.42,-1.46409,-8.41,669.92,379179721.17
03/07/2011,ProShares Ultra Bloomberg Crude Oil,UCO,574.43,562.53,2.11544,11.9,669.92,384820422.31
03/04/2011,ProShares Ultra Bloomberg Crude Oil,UCO,562.53,536.31,4.88896,26.22,669.92,376848410.01
03/03/2011,ProShares Ultra Bloomberg Crude Oil,UCO,536.31,540.39,-0.75501,-4.08,615,329830837.7085
03/02/2011,ProShares Ultra Bloomberg Crude Oil,UCO,540.39,519.1,4.10133,21.29,675,364763439.1365
03/01/2011,ProShares Ultra Bloomberg Crude Oil,UCO,519.11,491.58,5.60031,27.53,705,365972731.6885
02/28/2011,ProShares Ultra Bloomberg Crude Oil,UCO,491.57,498.84,-1.45738,-7.27,720,353930572.0495
02/25/2011,ProShares Ultra Bloomberg Crude Oil,UCO,498.84,492.67,1.25236,6.17,935,466415574.594
02/24/2011,ProShares Ultra Bloomberg Crude Oil,UCO,492.67,503.57,-2.16455,-10.9,990,487743472.4345
02/23/2011,ProShares Ultra Bloomberg Crude Oil,UCO,503.56,473.98,6.24077,29.58,1002.5,504819076.246
02/22/2011,ProShares Ultra Bloomberg Crude Oil,UCO,473.99,432.02,9.71483,41.97,1127.5,534423890.8965
02/18/2011,ProShares Ultra Bloomberg Crude Oil,UCO,432.02,421.59,2.47397,10.43,1172.5,506543601.207
02/17/2011,ProShares Ultra Bloomberg Crude Oil,UCO,421.58,419.56,0.48146,2.02,1172.5,494302697.553
02/16/2011,ProShares Ultra Bloomberg Crude Oil,UCO,419.56,418.65,0.21737,0.91,1145,480396346.846
02/15/2011,ProShares Ultra Bloomberg Crude Oil,UCO,418.65,431.77,-3.03865,-13.12,1075,450048896.5275
02/14/2011,ProShares Ultra Bloomberg Crude Oil,UCO,431.77,432.66,-0.20570,-0.89,997.5,430690726.1195
02/11/2011,ProShares Ultra Bloomberg Crude Oil,UCO,432.66,439.24,-1.49804,-6.58,968.75,419139526.431
02/10/2011,ProShares Ultra Bloomberg Crude Oil,UCO,439.24,440.76,-0.34486,-1.52,936.25,411238603.734
02/09/2011,ProShares Ultra Bloomberg Crude Oil,UCO,440.76,441.85,-0.24669,-1.09,901.25,397235104.266
02/08/2011,ProShares Ultra Bloomberg Crude Oil,UCO,441.85,446.29,-0.99487,-4.44,836.25,369497217.1475
02/07/2011,ProShares Ultra Bloomberg Crude Oil,UCO,446.3,462.44,-3.49018,-16.14,701.25,312968031.205
02/04/2011,ProShares Ultra Bloomberg Crude Oil,UCO,462.44,478.41,-3.33814,-15.97,681.25,315037411.854
02/03/2011,ProShares Ultra Bloomberg Crude Oil,UCO,478.41,481.82,-0.70773,-3.41,668.75,319936854.9435
02/02/2011,ProShares Ultra Bloomberg Crude Oil,UCO,481.82,480.89,0.19339,0.93,681.25,328240043.637
02/01/2011,ProShares Ultra Bloomberg Crude Oil,UCO,480.89,496.17,-3.07959,-15.28,681.25,327606480.8115
01/31/2011,ProShares Ultra Bloomberg Crude Oil,UCO,496.17,466.44,6.37381,29.73,681.25,338015986.1595
01/28/2011,ProShares Ultra Bloomberg Crude Oil,UCO,466.44,429.35,8.63864,37.09,768.75,358575913.254
01/27/2011,ProShares Ultra Bloomberg Crude Oil,UCO,429.35,446.65,-3.87328,-17.3,621.25,266733837.7725
01/26/2011,ProShares Ultra Bloomberg Crude Oil,UCO,446.65,435.15,2.64277,11.5,621.25,277481468.8275
01/25/2011,ProShares Ultra Bloomberg Crude Oil,UCO,435.16,452.46,-3.82354,-17.3,598.75,260552202.306
01/24/2011,ProShares Ultra Bloomberg Crude Oil,UCO,452.46,465.46,-2.79294,-13,583.75,264123683.361
01/21/2011,ProShares Ultra Bloomberg Crude Oil,UCO,465.46,470.51,-1.07330,-5.05,548.75,255421337.911
01/20/2011,ProShares Ultra Bloomberg Crude Oil,UCO,470.51,494.43,-4.83789,-23.92,548.75,258192527.1785
01/19/2011,ProShares Ultra Bloomberg Crude Oil,UCO,494.43,499.86,-1.08630,-5.43,548.75,271318635.5505
01/18/2011,ProShares Ultra Bloomberg Crude Oil,UCO,499.86,502.74,-0.57286,-2.88,548.75,274298349.951
01/14/2011,ProShares Ultra Bloomberg Crude Oil,UCO,502.75,499.84,0.58219,2.91,548.75,275884238.4625
01/13/2011,ProShares Ultra Bloomberg Crude Oil,UCO,499.84,506.06,-1.22910,-6.22,548.75,274287374.944
01/12/2011,ProShares Ultra Bloomberg Crude Oil,UCO,506.06,500.55,1.10079,5.51,548.75,277700602.121
01/11/2011,ProShares Ultra Bloomberg Crude Oil,UCO,500.55,481.63,3.92833,18.92,570,285313675.1925
01/10/2011,ProShares Ultra Bloomberg Crude Oil,UCO,481.63,467.43,3.03789,14.2,570,274529268.5705
01/07/2011,ProShares Ultra Bloomberg Crude Oil,UCO,467.43,473.05,-1.18804,-5.62,570,266435263.6005
01/06/2011,ProShares Ultra Bloomberg Crude Oil,UCO,473.05,490.99,-3.65384,-17.94,537.5,254264540.5675
01/05/2011,ProShares Ultra Bloomberg Crude Oil,UCO,491,480.38,2.21075,10.62,537.5,263912671.85
01/04/2011,ProShares Ultra Bloomberg Crude Oil,UCO,480.37,502.23,-4.35259,-21.86,488.75,234781005.6295
01/03/2011,ProShares Ultra Bloomberg Crude Oil,UCO,502.23,499.99,0.44801,2.24,456.25,229142613.2805
12/31/2010,ProShares Ultra Bloomberg Crude Oil,UCO,499.99,483.66,3.37634,16.33,456.25,228120612.4965
12/30/2010,ProShares Ultra Bloomberg Crude Oil,UCO,483.66,496.76,-2.63709,-13.1,456.25,220670044.281
12/29/2010,ProShares Ultra Bloomberg Crude Oil,UCO,496.76,500.36,-0.71948,-3.6,548.75,272597223.866
12/28/2010,ProShares Ultra Bloomberg Crude Oil,UCO,500.36,495.08,1.06649,5.28,548.75,274572725.126
12/27/2010,ProShares Ultra Bloomberg Crude Oil,UCO,495.08,499.7,-0.92455,-4.62,548.75,271675323.278
12/23/2010,ProShares Ultra Bloomberg Crude Oil,UCO,499.7,489.52,2.07959,10.18,548.75,274210549.895
12/22/2010,ProShares Ultra Bloomberg Crude Oil,UCO,489.52,483.45,1.25556,6.07,548.75,268624271.332
12/21/2010,ProShares Ultra Bloomberg Crude Oil,UCO,483.46,478.38,1.06192,5.08,548.75,265298844.211
12/20/2010,ProShares Ultra Bloomberg Crude Oil,UCO,478.38,470.11,1.75916,8.27,548.75,262511192.433
12/17/2010,ProShares Ultra Bloomberg Crude Oil,UCO,470.11,468.13,0.42296,1.98,548.75,257973027.0385
12/16/2010,ProShares Ultra Bloomberg Crude Oil,UCO,468.13,475.66,-1.58306,-7.53,548.75,256886501.3455
12/15/2010,ProShares Ultra Bloomberg Crude Oil,UCO,475.66,470.83,1.02585,4.83,548.75,261018591.481
12/14/2010,ProShares Ultra Bloomberg Crude Oil,UCO,470.83,472.95,-0.44825,-2.12,548.75,258368127.2905
12/13/2010,ProShares Ultra Bloomberg Crude Oil,UCO,472.96,464.25,1.87614,8.71,543.75,257172165.536
12/10/2010,ProShares Ultra Bloomberg Crude Oil,UCO,464.25,470.21,-1.26752,-5.96,526.25,244311724.9875
12/09/2010,ProShares Ultra Bloomberg Crude Oil,UCO,470.2,469.42,0.16616,0.78,526.25,247442914.57
12/08/2010,ProShares Ultra Bloomberg Crude Oil,UCO,469.43,473.75,-0.91187,-4.32,548.75,257599876.8005
12/07/2010,ProShares Ultra Bloomberg Crude Oil,UCO,473.74,481.18,-1.54620,-7.44,548.75,259964990.809
12/06/2010,ProShares Ultra Bloomberg Crude Oil,UCO,481.18,479.16,0.42157,2.02,528.75,254424093.413
12/03/2010,ProShares Ultra Bloomberg Crude Oil,UCO,479.17,466.54,2.70716,12.63,555,265939517.7095
12/02/2010,ProShares Ultra Bloomberg Crude Oil,UCO,466.54,453.49,2.87768,13.05,643.75,300335288.289
12/01/2010,ProShares Ultra Bloomberg Crude Oil,UCO,453.49,426.71,6.27593,26.78,797.5,361658433.7215
11/30/2010,ProShares Ultra Bloomberg Crude Oil,UCO,426.71,443.48,-3.78146,-16.77,841.25,358969936.8485
11/29/2010,ProShares Ultra Bloomberg Crude Oil,UCO,443.48,423.6,4.69311,19.88,863.75,383056005.218
11/26/2010,ProShares Ultra Bloomberg Crude Oil,UCO,423.6,424.64,-0.24491,-1.04,863.75,365884648.26
11/24/2010,ProShares Ultra Bloomberg Crude Oil,UCO,424.64,399.01,6.42340,25.63,863.75,366782948.624
11/23/2010,ProShares Ultra Bloomberg Crude Oil,UCO,399.01,403.86,-1.20091,-4.85,843.75,336664827.1535
11/22/2010,ProShares Ultra Bloomberg Crude Oil,UCO,403.86,406.28,-0.59565,-2.42,821.25,331670166.351
11/19/2010,ProShares Ultra Bloomberg Crude Oil,UCO,406.28,410.68,-1.07139,-4.4,821.25,333657592.198
11/18/2010,ProShares Ultra Bloomberg Crude Oil,UCO,410.67,397.15,3.40426,13.52,796.25,326996131.2345
11/17/2010,ProShares Ultra Bloomberg Crude Oil,UCO,397.15,415.2,-4.34730,-18.05,663.75,263608451.5025
11/16/2010,ProShares Ultra Bloomberg Crude Oil,UCO,415.2,440.52,-5.74775,-25.32,615,255348145.32
11/15/2010,ProShares Ultra Bloomberg Crude Oil,UCO,440.52,441.07,-0.12470,-0.55,592.5,261008254.182
11/12/2010,ProShares Ultra Bloomberg Crude Oil,UCO,441.08,472.57,-6.66356,-31.49,587.5,259134654.378
11/11/2010,ProShares Ultra Bloomberg Crude Oil,UCO,472.57,472.69,-0.02539,-0.12,565,267002215.3995
11/10/2010,ProShares Ultra Bloomberg Crude Oil,UCO,472.68,462.73,2.15028,9.95,565,267064365.438
11/09/2010,ProShares Ultra Bloomberg Crude Oil,UCO,462.74,466.58,-0.82301,-3.84,608.75,281693136.959
11/08/2010,ProShares Ultra Bloomberg Crude Oil,UCO,466.58,464.18,0.51704,2.4,608.75,284030738.303
11/05/2010,ProShares Ultra Bloomberg Crude Oil,UCO,464.18,460.81,0.73132,3.37,631.25,293013787.463
11/04/2010,ProShares Ultra Bloomberg Crude Oil,UCO,460.8,442.06,4.23924,18.74,648.75,298944161.28
11/03/2010,ProShares Ultra Bloomberg Crude Oil,UCO,442.06,433.96,1.86653,8.1,666.25,294522629.721
11/02/2010,ProShares Ultra Bloomberg Crude Oil,UCO,433.97,424.94,2.12501,9.03,683.75,296727139.3895
11/01/2010,ProShares Ultra Bloomberg Crude Oil,UCO,424.94,409.81,3.69195,15.13,683.75,290552873.729
10/29/2010,ProShares Ultra Bloomberg Crude Oil,UCO,409.81,417.78,-1.90770,-7.97,683.75,280207730.9335
10/28/2010,ProShares Ultra Bloomberg Crude Oil,UCO,417.78,415.08,0.65048,2.7,671.25,280434971.223
10/27/2010,ProShares Ultra Bloomberg Crude Oil,UCO,415.08,420.45,-1.27720,-5.37,671.25,278622595.278
10/26/2010,ProShares Ultra Bloomberg Crude Oil,UCO,420.45,420.56,-0.02616,-0.11,646.25,271715959.6575
10/25/2010,ProShares Ultra Bloomberg Crude Oil,UCO,420.56,412.98,1.83544,7.58,646.25,271787047.196
10/22/2010,ProShares Ultra Bloomberg Crude Oil,UCO,412.99,401.93,2.75172,11.06,646.25,266894932.0465
10/21/2010,ProShares Ultra Bloomberg Crude Oil,UCO,401.93,421.48,-4.63842,-19.55,646.25,259747403.1755
10/20/2010,ProShares Ultra Bloomberg Crude Oil,UCO,421.48,398.06,5.88354,23.42,646.25,272381597.518
10/19/2010,ProShares Ultra Bloomberg Crude Oil,UCO,398.06,435.26,-8.54662,-37.2,646.25,257246414.321
10/18/2010,ProShares Ultra Bloomberg Crude Oil,UCO,435.26,416.35,4.54185,18.91,646.25,281286927.341
10/15/2010,ProShares Ultra Bloomberg Crude Oil,UCO,416.35,431.05,-3.41028,-14.7,646.25,269066333.2225
10/14/2010,ProShares Ultra Bloomberg Crude Oil,UCO,431.05,435.7,-1.06725,-4.65,646.25,278566213.3675
10/13/2010,ProShares Ultra Bloomberg Crude Oil,UCO,435.7,423.43,2.89776,12.27,653.75,284839027.495
10/12/2010,ProShares Ultra Bloomberg Crude Oil,UCO,423.43,429.15,-1.33287,-5.72,653.75,276817510.7005
10/11/2010,ProShares Ultra Bloomberg Crude Oil,UCO,429.16,432.67,-0.81124,-3.51,653.75,280563500.206
10/08/2010,ProShares Ultra Bloomberg Crude Oil,UCO,432.66,422.7,2.35628,9.96,653.75,282851626.431
10/07/2010,ProShares Ultra Bloomberg Crude Oil,UCO,422.7,439.16,-3.74806,-16.46,703.75,297475272.945
10/06/2010,ProShares Ultra Bloomberg Crude Oil,UCO,439.17,434.86,0.99112,4.31,693.75,304674341.2095
10/05/2010,ProShares Ultra Bloomberg Crude Oil,UCO,434.86,420.92,3.31179,13.94,767.5,333755202.201
10/04/2010,ProShares Ultra Bloomberg Crude Oil,UCO,420.92,422.08,-0.27483,-1.16,836.25,351994497.322
10/01/2010,ProShares Ultra Bloomberg Crude Oil,UCO,422.08,405.74,4.02721,16.34,871.25,367737347.728
09/30/2010,ProShares Ultra Bloomberg Crude Oil,UCO,405.74,384.88,5.41987,20.86,955,387481842.009
09/29/2010,ProShares Ultra Bloomberg Crude Oil,UCO,384.88,368.63,4.40821,16.25,1106.25,425773634.708
09/28/2010,ProShares Ultra Bloomberg Crude Oil,UCO,368.64,371.96,-0.89257,-3.32,1232.5,454348929.024
09/27/2010,ProShares Ultra Bloomberg Crude Oil,UCO,371.95,371.69,0.06995,0.26,1243.75,462612942.6825
09/24/2010,ProShares Ultra Bloomberg Crude Oil,UCO,371.69,359.18,3.48293,12.51,1243.75,462289567.5915
09/23/2010,ProShares Ultra Bloomberg Crude Oil,UCO,359.18,354.72,1.25733,4.46,1243.75,446730250.713
09/22/2010,ProShares Ultra Bloomberg Crude Oil,UCO,354.73,357.22,-0.69705,-2.49,1208.75,428780011.6555
09/21/2010,ProShares Ultra Bloomberg Crude Oil,UCO,357.22,369.05,-3.20553,-11.83,1153.75,412142700.027
09/20/2010,ProShares Ultra Bloomberg Crude Oil,UCO,369.04,356.97,3.38124,12.07,1141.25,421167029.164
09/17/2010,ProShares Ultra Bloomberg Crude Oil,UCO,356.97,364.88,-2.16784,-7.91,1141.25,407392137.4395
09/16/2010,ProShares Ultra Bloomberg Crude Oil,UCO,364.88,378.44,-3.58313,-13.56,1118.75,408209627.708
09/15/2010,ProShares Ultra Bloomberg Crude Oil,UCO,378.44,385.49,-1.82884,-7.05,1118.75,423379882.454
09/14/2010,ProShares Ultra Bloomberg Crude Oil,UCO,385.49,387.48,-0.51357,-1.99,1118.75,431267072.4215
09/13/2010,ProShares Ultra Bloomberg Crude Oil,UCO,387.48,381.01,1.69812,6.47,1118.75,433493385.618
09/10/2010,ProShares Ultra Bloomberg Crude Oil,UCO,381.02,365.78,4.16644,15.24,1196.25,455795308.357
09/09/2010,ProShares Ultra Bloomberg Crude Oil,UCO,365.78,371.43,-1.52115,-5.65,1235,451738428.023
09/08/2010,ProShares Ultra Bloomberg Crude Oil,UCO,371.43,366.42,1.36728,5.01,1245,462430480.0005
09/07/2010,ProShares Ultra Bloomberg Crude Oil,UCO,366.42,367.63,-0.32914,-1.21,1288.75,472223903.247
09/03/2010,ProShares Ultra Bloomberg Crude Oil,UCO,367.62,370.25,-0.71033,-2.63,1288.75,473770403.667
09/02/2010,ProShares Ultra Bloomberg Crude Oil,UCO,370.26,361.83,2.32982,8.43,1288.75,477172704.591
09/01/2010,ProShares Ultra Bloomberg Crude Oil,UCO,361.82,344.76,4.94837,17.06,1288.75,466295651.637
08/31/2010,ProShares Ultra Bloomberg Crude Oil,UCO,344.76,367.74,-6.24898,-22.98,1288.75,444309570.666
08/30/2010,ProShares Ultra Bloomberg Crude Oil,UCO,367.74,370.69,-0.79581,-2.95,1327.5,488174978.709
08/27/2010,ProShares Ultra Bloomberg Crude Oil,UCO,370.69,351.83,5.36054,18.86,1327.5,492091104.7415
08/26/2010,ProShares Ultra Bloomberg Crude Oil,UCO,351.83,342.67,2.67313,9.16,1327.5,467054448.1405
08/25/2010,ProShares Ultra Bloomberg Crude Oil,UCO,342.67,334.54,2.43020,8.13,1327.5,454894544.9345
08/24/2010,ProShares Ultra Bloomberg Crude Oil,UCO,334.54,347.46,-3.71841,-12.92,1327.5,444101967.089
08/23/2010,ProShares Ultra Bloomberg Crude Oil,UCO,347.46,354.44,-1.96930,-6.98,1222.5,424769971.611
08/20/2010,ProShares Ultra Bloomberg Crude Oil,UCO,354.44,363.7,-2.54605,-9.26,1106.25,392099374.054
08/19/2010,ProShares Ultra Bloomberg Crude Oil,UCO,363.7,374.37,-2.85012,-10.67,1071.25,389613752.295
08/18/2010,ProShares Ultra Bloomberg Crude Oil,UCO,374.37,378.71,-1.14600,-4.34,1041.25,389812893.5295
08/17/2010,ProShares Ultra Bloomberg Crude Oil,UCO,378.71,371.89,1.83388,6.82,991.25,375396420.0485
08/16/2010,ProShares Ultra Bloomberg Crude Oil,UCO,371.89,372.99,-0.29491,-1.1,980,364452330.1615
08/13/2010,ProShares Ultra Bloomberg Crude Oil,UCO,372.99,376.63,-0.96647,-3.64,905,337556080.5465
08/12/2010,ProShares Ultra Bloomberg Crude Oil,UCO,376.62,400.77,-6.02590,-24.15,793.75,298942256.817
08/11/2010,ProShares Ultra Bloomberg Crude Oil,UCO,400.78,423.86,-5.44519,-23.08,738.75,296076365.273
08/10/2010,ProShares Ultra Bloomberg Crude Oil,UCO,423.85,437.08,-3.02691,-13.23,745,315768398.3475
08/09/2010,ProShares Ultra Bloomberg Crude Oil,UCO,437.08,428.83,1.92384,8.25,745,325624752.978
08/06/2010,ProShares Ultra Bloomberg Crude Oil,UCO,428.83,442.99,-3.19646,-14.16,745,319478500.0905
08/05/2010,ProShares Ultra Bloomberg Crude Oil,UCO,442.98,448,-1.12054,-5.02,767.5,339987305.043
08/04/2010,ProShares Ultra Bloomberg Crude Oil,UCO,448,448.88,-0.19604,-0.88,831.25,372400156.8
08/03/2010,ProShares Ultra Bloomberg Crude Oil,UCO,448.88,435.91,2.97538,12.97,853.75,383231457.108
08/02/2010,ProShares Ultra Bloomberg Crude Oil,UCO,435.91,411.06,6.04535,24.85,903.75,393953815.0685
07/30/2010,ProShares Ultra Bloomberg Crude Oil,UCO,411.06,404.98,1.50131,6.08,1020,419281343.871
07/29/2010,ProShares Ultra Bloomberg Crude Oil,UCO,404.97,391.07,3.55435,13.9,1020,413069541.7395
07/28/2010,ProShares Ultra Bloomberg Crude Oil,UCO,391.07,396.3,-1.31971,-5.23,1020,398891536.8745
07/27/2010,ProShares Ultra Bloomberg Crude Oil,UCO,396.3,411.74,-3.74994,-15.44,1020,404226138.705
07/26/2010,ProShares Ultra Bloomberg Crude Oil,UCO,411.74,411.77,-0.00729,-0.03,1032.5,425121694.109
07/23/2010,ProShares Ultra Bloomberg Crude Oil,UCO,411.77,415.13,-0.80939,-3.36,1071.25,441108756.6195
07/22/2010,ProShares Ultra Bloomberg Crude Oil,UCO,415.13,387.41,7.15521,27.72,1127.5,468059220.2955
07/21/2010,ProShares Ultra Bloomberg Crude Oil,UCO,387.41,397.88,-2.63145,-10.47,1160,449395735.5935
07/20/2010,ProShares Ultra Bloomberg Crude Oil,UCO,397.88,390.98,1.76480,6.9,1160,461540939.258
07/19/2010,ProShares Ultra Bloomberg Crude Oil,UCO,390.98,385.76,1.35317,5.22,1167.5,456469286.843
07/16/2010,ProShares Ultra Bloomberg Crude Oil,UCO,385.76,392.19,-1.63951,-6.43,1167.5,450374935.016
07/15/2010,ProShares Ultra Bloomberg Crude Oil,UCO,392.19,396.71,-1.13937,-4.52,1167.5,457881962.2665
07/14/2010,ProShares Ultra Bloomberg Crude Oil,UCO,396.7,398.15,-0.36418,-1.45,1188.75,471577263.845
07/13/2010,ProShares Ultra Bloomberg Crude Oil,UCO,398.15,376.69,5.69699,21.46,1236.25,492213076.8525
07/12/2010,ProShares Ultra Bloomberg Crude Oil,UCO,376.69,388.8,-3.11471,-12.11,1251.25,471333494.3415
07/09/2010,ProShares Ultra Bloomberg Crude Oil,UCO,388.8,382.77,1.57536,6.03,1358.75,528282136.08
07/08/2010,ProShares Ultra Bloomberg Crude Oil,UCO,382.77,369.03,3.72327,13.74,1358.75,520088871.4695
07/07/2010,ProShares Ultra Bloomberg Crude Oil,UCO,369.04,348.57,5.87257,20.47,1358.75,501433229.164
07/06/2010,ProShares Ultra Bloomberg Crude Oil,UCO,348.57,349.48,-0.26039,-0.91,1348.75,470133909.4995
07/02/2010,ProShares Ultra Bloomberg Crude Oil,UCO,349.48,357.87,-2.34443,-8.39,1338.75,467866472.318
07/01/2010,ProShares Ultra Bloomberg Crude Oil,UCO,357.87,385.19,-7.09260,-27.32,1301.25,465678462.7545
06/30/2010,ProShares Ultra Bloomberg Crude Oil,UCO,385.19,389.37,-1.07353,-4.18,1301.25,501228622.3165
06/29/2010,ProShares Ultra Bloomberg Crude Oil,UCO,389.37,413.82,-5.90837,-24.45,1283.75,499853873.7795
06/28/2010,ProShares Ultra Bloomberg Crude Oil,UCO,413.82,419.46,-1.34459,-5.64,1283.75,531241569.837
06/25/2010,ProShares Ultra Bloomberg Crude Oil,UCO,419.46,396.06,5.90820,23.4,1315,551590046.811
06/24/2010,ProShares Ultra Bloomberg Crude Oil,UCO,396.06,394.85,0.30645,1.21,1315,520819038.621
06/23/2010,ProShares Ultra Bloomberg Crude Oil,UCO,394.86,411.94,-4.14623,-17.08,1302.5,514305288.201
06/22/2010,ProShares Ultra Bloomberg Crude Oil,UCO,411.94,420.63,-2.06595,-8.69,1302.5,536551994.179
06/21/2010,ProShares Ultra Bloomberg Crude Oil,UCO,420.63,417.5,0.74970,3.13,1302.5,547870722.2205
06/18/2010,ProShares Ultra Bloomberg Crude Oil,UCO,417.5,416.89,0.14632,0.61,1345,561537646.125
06/17/2010,ProShares Ultra Bloomberg Crude Oil,UCO,416.89,421.99,-1.20856,-5.1,1361.25,567491658.4115
06/16/2010,ProShares Ultra Bloomberg Crude Oil,UCO,421.99,412.67,2.25846,9.32,1383.75,583928810.1965
06/15/2010,ProShares Ultra Bloomberg Crude Oil,UCO,412.67,396.74,4.01522,15.93,1408.75,581349006.9345
06/14/2010,ProShares Ultra Bloomberg Crude Oil,UCO,396.74,390.18,1.68128,6.56,1408.75,558907613.859
06/11/2010,ProShares Ultra Bloomberg Crude Oil,UCO,390.18,402.84,-3.14269,-12.66,1408.75,549666211.563
06/10/2010,ProShares Ultra Bloomberg Crude Oil,UCO,402.84,390.43,3.17855,12.41,1420,572032940.994
06/09/2010,ProShares Ultra Bloomberg Crude Oil,UCO,390.43,366.54,6.51771,23.89,1472.5,574908311.6505
06/08/2010,ProShares Ultra Bloomberg Crude Oil,UCO,366.54,361.86,1.29332,4.68,1472.5,539730278.289
06/07/2010,ProShares Ultra Bloomberg Crude Oil,UCO,361.85,362.6,-0.20684,-0.75,1472.5,532824251.6475
06/04/2010,ProShares Ultra Bloomberg Crude Oil,UCO,362.6,395.47,-8.31163,-32.87,1405,509453126.91
06/03/2010,ProShares Ultra Bloomberg Crude Oil,UCO,395.48,377.36,4.80178,18.12,1400,553672138.418
06/02/2010,ProShares Ultra Bloomberg Crude Oil,UCO,377.36,374.48,0.76907,2.88,1390,524530532.076
06/01/2010,ProShares Ultra Bloomberg Crude Oil,UCO,374.48,389.15,-3.76975,-14.67,1385,518654931.068
05/28/2010,ProShares Ultra Bloomberg Crude Oil,UCO,389.15,395.31,-1.55827,-6.16,1395,542864386.2025
05/27/2010,ProShares Ultra Bloomberg Crude Oil,UCO,395.31,364.34,8.50030,30.97,1435,567269988.3585
05/26/2010,ProShares Ultra Bloomberg Crude Oil,UCO,364.34,337.27,8.02621,27.07,1435,522828027.519
05/25/2010,ProShares Ultra Bloomberg Crude Oil,UCO,337.27,351.91,-4.16015,-14.64,1435,483982568.0445
05/24/2010,ProShares Ultra Bloomberg Crude Oil,UCO,351.92,350.24,0.47967,1.68,1417.5,498846723.172
05/21/2010,ProShares Ultra Bloomberg Crude Oil,UCO,350.24,357.93,-2.14846,-7.69,1405,492087322.584
05/20/2010,ProShares Ultra Bloomberg Crude Oil,UCO,357.93,375.33,-4.63592,-17.4,1242.5,444728150.2755
05/19/2010,ProShares Ultra Bloomberg Crude Oil,UCO,375.33,377.63,-0.60906,-2.3,1180,442889531.3655
05/18/2010,ProShares Ultra Bloomberg Crude Oil,UCO,377.62,383.06,-1.42014,-5.44,1020,385172532.167
05/17/2010,ProShares Ultra Bloomberg Crude Oil,UCO,383.06,406.92,-5.86356,-23.86,935,358161234.071
05/14/2010,ProShares Ultra Bloomberg Crude Oil,UCO,406.92,447.24,-9.01529,-40.32,721.25,293491192.422
05/13/2010,ProShares Ultra Bloomberg Crude Oil,UCO,447.24,460.58,-2.89635,-13.34,602.5,269462256.534
05/12/2010,ProShares Ultra Bloomberg Crude Oil,UCO,460.58,461.4,-0.17772,-0.82,582.5,268288011.203
05/11/2010,ProShares Ultra Bloomberg Crude Oil,UCO,461.4,464.88,-0.74858,-3.48,552.5,254923661.49
05/10/2010,ProShares Ultra Bloomberg Crude Oil,UCO,464.88,442.27,5.11226,22.61,552.5,256846362.708
05/07/2010,ProShares Ultra Bloomberg Crude Oil,UCO,442.26,461.47,-4.16278,-19.21,532.5,235503604.791
05/06/2010,ProShares Ultra Bloomberg Crude Oil,UCO,461.47,495.09,-6.79068,-33.62,446.25,205931149.0145
05/05/2010,ProShares Ultra Bloomberg Crude Oil,UCO,495.09,529.3,-6.46325,-34.21,356.25,176375985.7815
05/04/2010,ProShares Ultra Bloomberg Crude Oil,UCO,529.3,572.88,-7.60718,-43.58,298.75,158128560.255
05/03/2010,ProShares Ultra Bloomberg Crude Oil,UCO,572.87,562.87,1.77661,10,298.75,171145113.0045
04/30/2010,ProShares Ultra Bloomberg Crude Oil,UCO,562.87,548.92,2.54135,13.95,293.75,165343259.5045
04/29/2010,ProShares Ultra Bloomberg Crude Oil,UCO,548.92,529.41,3.68523,19.51,306.25,168106942.122
04/28/2010,ProShares Ultra Bloomberg Crude Oil,UCO,529.41,521.21,1.57326,8.2,306.25,162131997.7935
04/27/2010,ProShares Ultra Bloomberg Crude Oil,UCO,521.21,539.56,-3.40092,-18.35,308.75,160923769.9235
04/26/2010,ProShares Ultra Bloomberg Crude Oil,UCO,539.56,546.77,-1.31865,-7.21,308.75,166589338.846
04/23/2010,ProShares Ultra Bloomberg Crude Oil,UCO,546.77,529.47,3.26742,17.3,335,183168141.3695
04/22/2010,ProShares Ultra Bloomberg Crude Oil,UCO,529.48,529.37,0.02078,0.11,335,177375985.318
04/21/2010,ProShares Ultra Bloomberg Crude Oil,UCO,529.36,524.7,0.88813,4.66,335,177335785.276
04/20/2010,ProShares Ultra Bloomberg Crude Oil,UCO,524.7,517.01,1.48740,7.69,321.25,168560058.645
04/19/2010,ProShares Ultra Bloomberg Crude Oil,UCO,517.01,536.97,-3.71715,-19.96,321.25,166089643.4535
04/16/2010,ProShares Ultra Bloomberg Crude Oil,UCO,536.97,560.54,-4.20487,-23.57,321.25,172501800.4395
04/15/2010,ProShares Ultra Bloomberg Crude Oil,UCO,560.54,555.99,0.81836,4.55,342.5,191985146.189
04/14/2010,ProShares Ultra Bloomberg Crude Oil,UCO,555.99,536.04,3.72174,19.95,342.5,190426769.5965
04/13/2010,ProShares Ultra Bloomberg Crude Oil,UCO,536.04,539.42,-0.62660,-3.38,325,174213187.614
04/12/2010,ProShares Ultra Bloomberg Crude Oil,UCO,539.42,544.45,-0.92387,-5.03,325,175311688.797
04/09/2010,ProShares Ultra Bloomberg Crude Oil,UCO,544.45,549.89,-0.98929,-5.44,325,176946440.5575
04/08/2010,ProShares Ultra Bloomberg Crude Oil,UCO,549.89,556.26,-1.14515,-6.37,325,178714442.4615
04/07/2010,ProShares Ultra Bloomberg Crude Oil,UCO,556.26,568.85,-2.21324,-12.59,325,180784694.691
04/06/2010,ProShares Ultra Bloomberg Crude Oil,UCO,568.84,565.98,0.50532,2.86,325,184873199.094
04/05/2010,ProShares Ultra Bloomberg Crude Oil,UCO,565.98,543.62,4.11317,22.36,331.25,187481073.093
04/01/2010,ProShares Ultra Bloomberg Crude Oil,UCO,543.62,529.59,2.64922,14.03,346.25,188228615.267
03/31/2010,ProShares Ultra Bloomberg Crude Oil,UCO,529.6,512.32,3.37289,17.28,377.5,199924185.36
03/30/2010,ProShares Ultra Bloomberg Crude Oil,UCO,512.32,509.86,0.48249,2.46,405,207489779.312
03/29/2010,ProShares Ultra Bloomberg Crude Oil,UCO,509.86,483.66,5.41703,26.2,405,206493478.451
03/26/2010,ProShares Ultra Bloomberg Crude Oil,UCO,483.67,490.13,-1.31802,-6.46,405,195886519.2845
03/25/2010,ProShares Ultra Bloomberg Crude Oil,UCO,490.13,491.12,-0.20158,-0.99,395,193601521.5455
03/24/2010,ProShares Ultra Bloomberg Crude Oil,UCO,491.12,507.24,-3.17798,-16.12,395,193992571.892
03/23/2010,ProShares Ultra Bloomberg Crude Oil,UCO,507.24,503.43,0.75681,3.81,395,200359977.534
03/22/2010,ProShares Ultra Bloomberg Crude Oil,UCO,503.43,495.77,1.54507,7.66,395,198855026.2005
03/19/2010,ProShares Ultra Bloomberg Crude Oil,UCO,495.77,515.39,-3.80683,-19.62,387.5,192111048.5195
03/18/2010,ProShares Ultra Bloomberg Crude Oil,UCO,515.39,523.84,-1.61309,-8.45,387.5,199713805.3865
03/17/2010,ProShares Ultra Bloomberg Crude Oil,UCO,523.84,508.47,3.02279,15.37,400,209536183.344
03/16/2010,ProShares Ultra Bloomberg Crude Oil,UCO,508.47,485.57,4.71611,22.9,407.5,207201702.9645
03/15/2010,ProShares Ultra Bloomberg Crude Oil,UCO,485.57,503.65,-3.58979,-18.08,407.5,197869944.9495
03/12/2010,ProShares Ultra Bloomberg Crude Oil,UCO,503.65,514.78,-2.16209,-11.13,407.5,205237551.2775
03/11/2010,ProShares Ultra Bloomberg Crude Oil,UCO,514.78,514.8,-0.00389,-0.02,407.5,209773030.173
03/10/2010,ProShares Ultra Bloomberg Crude Oil,UCO,514.8,507.76,1.38648,7.04,415,213642180.18
03/09/2010,ProShares Ultra Bloomberg Crude Oil,UCO,507.76,513.38,-1.09471,-5.62,415,210720577.716
03/08/2010,ProShares Ultra Bloomberg Crude Oil,UCO,513.38,508.6,0.93983,4.78,415,213052879.683
03/05/2010,ProShares Ultra Bloomberg Crude Oil,UCO,508.6,492.85,3.19570,15.75,446.25,226962928.01
03/04/2010,ProShares Ultra Bloomberg Crude Oil,UCO,492.84,500.61,-1.55211,-7.77,446.25,219930022.494
03/03/2010,ProShares Ultra Bloomberg Crude Oil,UCO,500.62,486.06,2.99551,14.56,446.25,223401850.217
03/02/2010,ProShares Ultra Bloomberg Crude Oil,UCO,486.06,474.32,2.47512,11.74,466.25,226625645.121
03/01/2010,ProShares Ultra Bloomberg Crude Oil,UCO,474.32,485.65,-2.33296,-11.33,483.75,229452466.012
02/26/2010,ProShares Ultra Bloomberg Crude Oil,UCO,485.65,468.03,3.76472,17.62,483.75,234933357.4775
02/25/2010,ProShares Ultra Bloomberg Crude Oil,UCO,468.04,490.64,-4.60623,-22.6,483.75,226414513.814
02/24/2010,ProShares Ultra Bloomberg Crude Oil,UCO,490.63,477.5,2.74974,13.13,483.75,237342434.2205
02/23/2010,ProShares Ultra Bloomberg Crude Oil,UCO,477.5,495.05,-3.54510,-17.55,501.25,239347042.125
02/22/2010,ProShares Ultra Bloomberg Crude Oil,UCO,495.06,491.8,0.66287,3.26,558.75,276614948.271
02/19/2010,ProShares Ultra Bloomberg Crude Oil,UCO,491.79,484.52,1.50045,7.27,588.75,289541534.6265
02/18/2010,ProShares Ultra Bloomberg Crude Oil,UCO,484.52,465.14,4.16649,19.38,632.5,306459069.582
02/17/2010,ProShares Ultra Bloomberg Crude Oil,UCO,465.14,461.6,0.76690,3.54,637.5,296526912.799
02/16/2010,ProShares Ultra Bloomberg Crude Oil,UCO,461.6,428.65,7.68692,32.95,707.5,326582161.56
02/12/2010,ProShares Ultra Bloomberg Crude Oil,UCO,428.65,442.6,-3.15183,-13.95,753.75,323095087.5275
02/11/2010,ProShares Ultra Bloomberg Crude Oil,UCO,442.6,432.66,2.29742,9.94,753.75,333609904.91
02/10/2010,ProShares Ultra Bloomberg Crude Oil,UCO,432.66,424.84,1.84069,7.82,778.75,336934126.431
02/09/2010,ProShares Ultra Bloomberg Crude Oil,UCO,424.84,403.66,5.24699,21.18,807.5,343058448.694
02/08/2010,ProShares Ultra Bloomberg Crude Oil,UCO,403.65,395.69,2.01168,7.96,803.75,324433828.7775
02/05/2010,ProShares Ultra Bloomberg Crude Oil,UCO,395.69,417.99,-5.33506,-22.3,706.25,279456200.9915
02/04/2010,ProShares Ultra Bloomberg Crude Oil,UCO,417.98,464.3,-9.97631,-46.32,683.75,285793971.293
02/03/2010,ProShares Ultra Bloomberg Crude Oil,UCO,464.31,467.35,-0.65048,-3.04,713.75,331401425.0085
02/02/2010,ProShares Ultra Bloomberg Crude Oil,UCO,467.35,434.66,7.52082,32.69,731.25,341749851.0725
02/01/2010,ProShares Ultra Bloomberg Crude Oil,UCO,434.66,417.08,4.21502,17.58,727.5,316215302.131
01/29/2010,ProShares Ultra Bloomberg Crude Oil,UCO,417.08,425.76,-2.03871,-8.68,720,300297745.978
01/28/2010,ProShares Ultra Bloomberg Crude Oil,UCO,425.76,426.12,-0.08448,-0.36,712.5,303354149.016
01/27/2010,ProShares Ultra Bloomberg Crude Oil,UCO,426.12,438.34,-2.78779,-12.22,655,279108749.142
01/26/2010,ProShares Ultra Bloomberg Crude Oil,UCO,438.34,444.85,-1.46341,-6.51,655,287112853.419
01/25/2010,ProShares Ultra Bloomberg Crude Oil,UCO,444.84,436.44,1.92466,8.4,645,286921955.694
01/22/2010,ProShares Ultra Bloomberg Crude Oil,UCO,436.45,454.88,-4.05162,-18.43,570,248776652.7575
01/21/2010,ProShares Ultra Bloomberg Crude Oil,UCO,454.88,475.18,-4.27207,-20.3,540,245635359.208
01/20/2010,ProShares Ultra Bloomberg Crude Oil,UCO,475.18,494.91,-3.98658,-19.73,502.5,238778116.313
01/19/2010,ProShares Ultra Bloomberg Crude Oil,UCO,494.91,483.26,2.41071,11.65,486.25,240650160.7185
01/15/2010,ProShares Ultra Bloomberg Crude Oil,UCO,483.26,502.27,-3.78482,-19.01,473.75,228944594.141
01/14/2010,ProShares Ultra Bloomberg Crude Oil,UCO,502.27,504.3,-0.40254,-2.03,473.75,237950588.2945
01/13/2010,ProShares Ultra Bloomberg Crude Oil,UCO,504.3,518.76,-2.78742,-14.46,473.75,238912301.505
01/12/2010,ProShares Ultra Bloomberg Crude Oil,UCO,518.76,542.84,-4.43593,-24.08,473.75,245762731.566
01/11/2010,ProShares Ultra Bloomberg Crude Oil,UCO,542.84,546.7,-0.70605,-3.86,488.75,265313239.994
01/08/2010,ProShares Ultra Bloomberg Crude Oil,UCO,546.7,545.28,0.26042,1.42,488.75,267199816.345
01/07/2010,ProShares Ultra Bloomberg Crude Oil,UCO,545.27,552.67,-1.33895,-7.4,523.75,285585353.3445
01/06/2010,ProShares Ultra Bloomberg Crude Oil,UCO,552.67,535.25,3.25455,17.42,562.5,310877068.4345
01/05/2010,ProShares Ultra Bloomberg Crude Oil,UCO,535.24,531.45,0.71314,3.79,585,313115587.334
01/04/2010,ProShares Ultra Bloomberg Crude Oil,UCO,531.46,504.98,5.24377,26.48,593.75,315554561.011
12/31/2009,ProShares Ultra Bloomberg Crude Oil,UCO,504.98,505.13,-0.02970,-0.15,641.25,323818601.743
12/30/2009,ProShares Ultra Bloomberg Crude Oil,UCO,505.13,499.61,1.10486,5.52,666.25,336543039.2955
12/29/2009,ProShares Ultra Bloomberg Crude Oil,UCO,499.6,497.9,0.34143,1.7,683.75,341601674.86
12/28/2009,ProShares Ultra Bloomberg Crude Oil,UCO,497.9,488.15,1.99734,9.75,711.25,354131549.265
12/24/2009,ProShares Ultra Bloomberg Crude Oil,UCO,488.15,470.97,3.64779,17.18,777.5,379536795.8525
12/23/2009,ProShares Ultra Bloomberg Crude Oil,UCO,470.97,445.01,5.83358,25.96,807.5,380308439.8395
12/22/2009,ProShares Ultra Bloomberg Crude Oil,UCO,445.01,439.02,1.36440,5.99,817.5,363795830.7535
12/21/2009,ProShares Ultra Bloomberg Crude Oil,UCO,439.02,447.15,-1.81818,-8.13,803.75,352862478.657
12/18/2009,ProShares Ultra Bloomberg Crude Oil,UCO,447.15,443.14,0.90491,4.01,818.75,366104219.0025
12/17/2009,ProShares Ultra Bloomberg Crude Oil,UCO,443.14,448.28,-1.14660,-5.14,818.75,362821030.099
12/16/2009,ProShares Ultra Bloomberg Crude Oil,UCO,448.28,432.05,3.75651,16.23,818.75,367029406.898
12/15/2009,ProShares Ultra Bloomberg Crude Oil,UCO,432.05,426.6,1.27754,5.45,818.75,353741088.7175
12/14/2009,ProShares Ultra Bloomberg Crude Oil,UCO,426.6,427.58,-0.22920,-0.98,818.75,349278899.31
12/11/2009,ProShares Ultra Bloomberg Crude Oil,UCO,427.57,430.48,-0.67599,-2.91,748.75,320143187.1495
12/10/2009,ProShares Ultra Bloomberg Crude Oil,UCO,430.48,432.82,-0.54064,-2.34,748.75,322322050.668
12/09/2009,ProShares Ultra Bloomberg Crude Oil,UCO,432.82,458.3,-5.55968,-25.48,693.75,300269026.487
12/08/2009,ProShares Ultra Bloomberg Crude Oil,UCO,458.3,475.24,-3.56451,-16.94,608.75,278990285.405
12/07/2009,ProShares Ultra Bloomberg Crude Oil,UCO,475.24,495.51,-4.09073,-20.27,526.25,250095216.334
12/04/2009,ProShares Ultra Bloomberg Crude Oil,UCO,495.51,508.71,-2.59480,-13.2,501.25,248374560.9285
12/03/2009,ProShares Ultra Bloomberg Crude Oil,UCO,508.71,510.59,-0.36820,-1.88,501.25,254991065.5485
12/02/2009,ProShares Ultra Bloomberg Crude Oil,UCO,510.59,534.76,-4.51978,-24.17,491.25,250827516.2065
12/01/2009,ProShares Ultra Bloomberg Crude Oil,UCO,534.76,520.1,2.81869,14.66,491.25,262701037.166
11/30/2009,ProShares Ultra Bloomberg Crude Oil,UCO,520.1,503.86,3.22312,16.24,518.75,269802057.035
11/27/2009,ProShares Ultra Bloomberg Crude Oil,UCO,503.86,529.85,-4.90516,-25.99,518.75,261377551.351
11/25/2009,ProShares Ultra Bloomberg Crude Oil,UCO,529.85,504.13,5.10186,25.72,493.75,261613622.9475
11/24/2009,ProShares Ultra Bloomberg Crude Oil,UCO,504.13,525,-3.97524,-20.87,443.75,223707863.9455
11/23/2009,ProShares Ultra Bloomberg Crude Oil,UCO,525,523.83,0.22335,1.17,387.5,203437683.75
11/20/2009,ProShares Ultra Bloomberg Crude Oil,UCO,523.82,531.74,-1.48945,-7.92,387.5,202980433.337
11/19/2009,ProShares Ultra Bloomberg Crude Oil,UCO,531.74,560.44,-5.12098,-28.7,367.5,195414636.109
11/18/2009,ProShares Ultra Bloomberg Crude Oil,UCO,560.45,555.16,0.95288,5.29,367.5,205965571.1575
11/17/2009,ProShares Ultra Bloomberg Crude Oil,UCO,555.16,552.54,0.47417,2.62,367.5,204021494.306
11/16/2009,ProShares Ultra Bloomberg Crude Oil,UCO,552.54,518.89,6.48500,33.65,397.5,219634843.389
11/13/2009,ProShares Ultra Bloomberg Crude Oil,UCO,518.89,527.34,-1.60238,-8.45,397.5,206258956.6115
11/12/2009,ProShares Ultra Bloomberg Crude Oil,UCO,527.34,559.12,-5.68393,-31.78,343.75,181273309.569
11/11/2009,ProShares Ultra Bloomberg Crude Oil,UCO,559.12,555.24,0.69880,3.88,351.25,196391095.692
11/10/2009,ProShares Ultra Bloomberg Crude Oil,UCO,555.23,561.27,-1.07613,-6.04,351.25,195024731.8305
11/09/2009,ProShares Ultra Bloomberg Crude Oil,UCO,561.28,534.23,5.06336,27.05,351.25,197149796.448
11/06/2009,ProShares Ultra Bloomberg Crude Oil,UCO,534.22,565.07,-5.45950,-30.85,351.25,187644961.977
11/05/2009,ProShares Ultra Bloomberg Crude Oil,UCO,565.08,576.33,-1.95201,-11.25,328.75,185770247.778
11/04/2009,ProShares Ultra Bloomberg Crude Oil,UCO,576.33,564.94,2.01614,11.39,328.75,189468689.2155
11/03/2009,ProShares Ultra Bloomberg Crude Oil,UCO,564.94,545.04,3.65111,19.9,328.75,185724222.729
11/02/2009,ProShares Ultra Bloomberg Crude Oil,UCO,545.04,529.01,3.03019,16.03,328.75,179182090.764
10/30/2009,ProShares Ultra Bloomberg Crude Oil,UCO,529.01,568.02,-6.86772,-39.01,328.75,173912222.6535
10/29/2009,ProShares Ultra Bloomberg Crude Oil,UCO,568.02,535.91,5.99168,32.11,328.75,186736773.807
10/28/2009,ProShares Ultra Bloomberg Crude Oil,UCO,535.91,565.42,-5.21913,-29.51,337.5,180869812.5685
10/27/2009,ProShares Ultra Bloomberg Crude Oil,UCO,565.42,554.54,1.96199,10.88,342.5,193656547.897
10/26/2009,ProShares Ultra Bloomberg Crude Oil,UCO,554.54,580.63,-4.49340,-26.09,342.5,189930144.089
10/23/2009,ProShares Ultra Bloomberg Crude Oil,UCO,580.64,590.02,-1.58978,-9.38,342.5,198869403.224
10/22/2009,ProShares Ultra Bloomberg Crude Oil,UCO,590.01,591.77,-0.29741,-1.76,342.5,202078631.5035
10/21/2009,ProShares Ultra Bloomberg Crude Oil,UCO,591.77,559.76,5.71852,32.01,387.5,229311082.1195
10/20/2009,ProShares Ultra Bloomberg Crude Oil,UCO,559.76,570.43,-1.87052,-10.67,387.5,216907195.916
10/19/2009,ProShares Ultra Bloomberg Crude Oil,UCO,570.43,557.43,2.33213,13,387.5,221041824.6505
10/16/2009,ProShares Ultra Bloomberg Crude Oil,UCO,557.44,544.84,2.31261,12.6,411.25,229247395.104
10/15/2009,ProShares Ultra Bloomberg Crude Oil,UCO,544.84,511.65,6.48686,33.19,445,242453990.694
10/14/2009,ProShares Ultra Bloomberg Crude Oil,UCO,511.65,500.62,2.20327,11.03,485,248150429.0775
10/13/2009,ProShares Ultra Bloomberg Crude Oil,UCO,500.62,487.68,2.65338,12.94,485,242800875.217
10/12/2009,ProShares Ultra Bloomberg Crude Oil,UCO,487.68,468.76,4.03618,18.92,492.5,240182570.688
10/09/2009,ProShares Ultra Bloomberg Crude Oil,UCO,468.77,467.54,0.26308,1.23,537.5,251964039.0695
10/08/2009,ProShares Ultra Bloomberg Crude Oil,UCO,467.54,440.14,6.22529,27.4,560,261822563.639
10/07/2009,ProShares Ultra Bloomberg Crude Oil,UCO,440.14,457.04,-3.69771,-16.9,560,246478554.049
10/06/2009,ProShares Ultra Bloomberg Crude Oil,UCO,457.04,451.04,1.33026,6,560,255942559.964
10/05/2009,ProShares Ultra Bloomberg Crude Oil,UCO,451.04,445.24,1.30267,5.8,602.5,271751757.864
10/02/2009,ProShares Ultra Bloomberg Crude Oil,UCO,445.24,456.48,-2.46232,-11.24,602.5,268257255.834
10/01/2009,ProShares Ultra Bloomberg Crude Oil,UCO,456.48,453.8,0.59057,2.68,677.5,309265359.768
09/30/2009,ProShares Ultra Bloomberg Crude Oil,UCO,453.8,406.31,11.68812,47.49,731.25,331841408.83
09/29/2009,ProShares Ultra Bloomberg Crude Oil,UCO,406.32,407.93,-0.39468,-1.61,731.25,297121642.212
09/28/2009,ProShares Ultra Bloomberg Crude Oil,UCO,407.92,398.06,2.47701,9.86,731.25,298291642.772
09/25/2009,ProShares Ultra Bloomberg Crude Oil,UCO,398.07,396.49,0.39850,1.58,690,274668439.3245
09/24/2009,ProShares Ultra Bloomberg Crude Oil,UCO,396.49,435.37,-8.93034,-38.88,610,241859038.7715
09/23/2009,ProShares Ultra Bloomberg Crude Oil,UCO,435.37,472.1,-7.78013,-36.73,415,180678702.3795
09/22/2009,ProShares Ultra Bloomberg Crude Oil,UCO,472.1,448.64,5.22914,23.46,441.25,208314290.235
09/21/2009,ProShares Ultra Bloomberg Crude Oil,UCO,448.63,482.78,-7.07362,-34.15,441.25,197958144.5205
09/18/2009,ProShares Ultra Bloomberg Crude Oil,UCO,482.78,488.81,-1.23361,-6.03,441.25,213026843.973
09/17/2009,ProShares Ultra Bloomberg Crude Oil,UCO,488.82,487.89,0.19062,0.93,441.25,215691996.087
09/16/2009,ProShares Ultra Bloomberg Crude Oil,UCO,487.89,467.32,4.40169,20.57,473.75,231138058.2615
09/15/2009,ProShares Ultra Bloomberg Crude Oil,UCO,467.32,442.7,5.56133,24.62,473.75,221393013.562
09/14/2009,ProShares Ultra Bloomberg Crude Oil,UCO,442.7,447.23,-1.01290,-4.53,473.75,209729279.945
09/11/2009,ProShares Ultra Bloomberg Crude Oil,UCO,447.23,481.2,-7.05943,-33.97,441.25,197340394.0305
09/10/2009,ProShares Ultra Bloomberg Crude Oil,UCO,481.2,475.25,1.25197,5.95,426.25,205111668.42
09/09/2009,ProShares Ultra Bloomberg Crude Oil,UCO,475.24,472.24,0.63527,3,436.25,207323616.334
09/08/2009,ProShares Ultra Bloomberg Crude Oil,UCO,472.24,433.82,8.85621,38.42,467.5,220772365.284
09/04/2009,ProShares Ultra Bloomberg Crude Oil,UCO,433.82,433.83,-0.00231,-0.01,467.5,202811001.837
09/03/2009,ProShares Ultra Bloomberg Crude Oil,UCO,433.84,435.5,-0.38117,-1.66,438.75,190347451.844
09/02/2009,ProShares Ultra Bloomberg Crude Oil,UCO,435.49,436.01,-0.11926,-0.52,438.75,191071389.9215
09/01/2009,ProShares Ultra Bloomberg Crude Oil,UCO,436.01,461.36,-5.49462,-25.35,406.25,177129215.1035
08/31/2009,ProShares Ultra Bloomberg Crude Oil,UCO,461.36,499.48,-7.63194,-38.12,406.25,187427661.476
08/28/2009,ProShares Ultra Bloomberg Crude Oil,UCO,499.48,495.16,0.87245,4.32,423.75,211654824.818
08/27/2009,ProShares Ultra Bloomberg Crude Oil,UCO,495.17,482.49,2.62803,12.68,423.75,209828460.8095
08/26/2009,ProShares Ultra Bloomberg Crude Oil,UCO,482.49,490.47,-1.62701,-7.98,423.75,204455306.3715
08/25/2009,ProShares Ultra Bloomberg Crude Oil,UCO,490.47,522.5,-6.13014,-32.03,423.75,207836834.1645
08/24/2009,ProShares Ultra Bloomberg Crude Oil,UCO,522.5,518.94,0.68601,3.56,423.75,221409557.875
08/21/2009,ProShares Ultra Bloomberg Crude Oil,UCO,518.95,504.6,2.84384,14.35,423.75,219905244.1325
08/20/2009,ProShares Ultra Bloomberg Crude Oil,UCO,504.6,518.77,-2.73146,-14.17,423.75,213824426.61
08/19/2009,ProShares Ultra Bloomberg Crude Oil,UCO,518.77,485.35,6.88575,33.42,423.75,219828969.0695
08/18/2009,ProShares Ultra Bloomberg Crude Oil,UCO,485.34,458.48,5.85849,26.86,423.75,205662994.869
08/17/2009,ProShares Ultra Bloomberg Crude Oil,UCO,458.48,469.36,-2.31805,-10.88,411.25,188550060.468
08/14/2009,ProShares Ultra Bloomberg Crude Oil,UCO,469.36,508.04,-7.61357,-38.68,411.25,193024464.276
08/13/2009,ProShares Ultra Bloomberg Crude Oil,UCO,508.04,501.46,1.31217,6.58,411.25,208931627.814
08/12/2009,ProShares Ultra Bloomberg Crude Oil,UCO,501.46,492.68,1.78209,8.78,411.25,206225600.511
08/11/2009,ProShares Ultra Bloomberg Crude Oil,UCO,492.69,509.91,-3.37707,-17.22,411.25,202618934.9415
08/10/2009,ProShares Ultra Bloomberg Crude Oil,UCO,509.91,513.77,-0.75131,-3.86,411.25,209700665.9685
08/07/2009,ProShares Ultra Bloomberg Crude Oil,UCO,513.77,528.63,-2.81104,-14.86,411.25,211288092.3195
08/06/2009,ProShares Ultra Bloomberg Crude Oil,UCO,528.63,529.09,-0.08694,-0.46,411.25,217399272.5205
08/05/2009,ProShares Ultra Bloomberg Crude Oil,UCO,529.09,521.07,1.53914,8.02,411.25,217588447.6815
08/04/2009,ProShares Ultra Bloomberg Crude Oil,UCO,521.07,523.42,-0.44897,-2.35,411.25,214290219.8745
08/03/2009,ProShares Ultra Bloomberg Crude Oil,UCO,523.42,493.22,6.12303,30.2,428.75,224416508.197
07/31/2009,ProShares Ultra Bloomberg Crude Oil,UCO,493.22,458.85,7.49047,34.37,451.25,222565697.627
07/30/2009,ProShares Ultra Bloomberg Crude Oil,UCO,458.84,412.18,11.32030,46.66,466.25,213934310.594
07/29/2009,ProShares Ultra Bloomberg Crude Oil,UCO,412.18,465.98,-11.54556,-53.8,466.25,192179069.263
07/28/2009,ProShares Ultra Bloomberg Crude Oil,UCO,465.98,482.21,-3.36575,-16.23,486.25,226582938.093
07/27/2009,ProShares Ultra Bloomberg Crude Oil,UCO,482.22,477.63,0.96099,4.59,513.75,247740693.777
07/24/2009,ProShares Ultra Bloomberg Crude Oil,UCO,477.63,465.31,2.64770,12.32,513.75,245382579.6705
07/23/2009,ProShares Ultra Bloomberg Crude Oil,UCO,465.31,441.56,5.37866,23.75,513.75,239053175.3585
07/22/2009,ProShares Ultra Bloomberg Crude Oil,UCO,441.56,444.42,-0.64354,-2.86,513.75,226851604.546
07/21/2009,ProShares Ultra Bloomberg Crude Oil,UCO,444.42,440.12,0.97701,4.3,513.75,228320930.547
07/20/2009,ProShares Ultra Bloomberg Crude Oil,UCO,440.12,430.69,2.18951,9.43,513.75,226111804.042
07/17/2009,ProShares Ultra Bloomberg Crude Oil,UCO,430.68,410.89,4.81637,19.79,536.25,230952300.738
07/16/2009,ProShares Ultra Bloomberg Crude Oil,UCO,410.89,404.79,1.50695,6.1,536.25,220339906.3115
07/15/2009,ProShares Ultra Bloomberg Crude Oil,UCO,404.8,377.43,7.25168,27.37,536.25,217074141.68
07/14/2009,ProShares Ultra Bloomberg Crude Oil,UCO,377.43,379.57,-0.56380,-2.14,498.75,188243344.6005
07/13/2009,ProShares Ultra Bloomberg Crude Oil,UCO,379.57,383.63,-1.05831,-4.06,495,187887282.8495
07/10/2009,ProShares Ultra Bloomberg Crude Oil,UCO,383.63,391.41,-1.98769,-7.78,495,189896984.2705
07/09/2009,ProShares Ultra Bloomberg Crude Oil,UCO,391.41,387.25,1.07424,4.16,448.75,175645374.4935
07/08/2009,ProShares Ultra Bloomberg Crude Oil,UCO,387.24,423.02,-8.45823,-35.78,445,172321935.534
07/07/2009,ProShares Ultra Bloomberg Crude Oil,UCO,423.02,438,-3.42009,-14.98,445,188244048.057
07/06/2009,ProShares Ultra Bloomberg Crude Oil,UCO,438,477.08,-8.19150,-39.08,417.5,182865153.3
07/02/2009,ProShares Ultra Bloomberg Crude Oil,UCO,477.08,514.12,-7.20454,-37.04,401.25,191428516.978
07/01/2009,ProShares Ultra Bloomberg Crude Oil,UCO,514.12,522.53,-1.60948,-8.41,401.25,206290829.942
06/30/2009,ProShares Ultra Bloomberg Crude Oil,UCO,522.53,545.77,-4.25820,-23.24,401.25,209665345.3855
06/29/2009,ProShares Ultra Bloomberg Crude Oil,UCO,545.77,511.35,6.73120,34.42,441.25,240821203.5195
06/26/2009,ProShares Ultra Bloomberg Crude Oil,UCO,511.35,527.08,-2.98437,-15.73,453.75,232025241.4725
06/25/2009,ProShares Ultra Bloomberg Crude Oil,UCO,527.08,504.17,4.54410,22.91,453.75,239162734.478
06/24/2009,ProShares Ultra Bloomberg Crude Oil,UCO,504.18,511.95,-1.51773,-7.77,475,239485676.463
06/23/2009,ProShares Ultra Bloomberg Crude Oil,UCO,511.94,487.55,5.00256,24.39,475,243171679.179
06/22/2009,ProShares Ultra Bloomberg Crude Oil,UCO,487.56,525.56,-7.23038,-38,475,231591170.646
06/19/2009,ProShares Ultra Bloomberg Crude Oil,UCO,525.56,553.12,-4.98264,-27.56,475,249641183.946
06/18/2009,ProShares Ultra Bloomberg Crude Oil,UCO,553.12,551.92,0.21742,1.2,501.25,277251593.592
06/17/2009,ProShares Ultra Bloomberg Crude Oil,UCO,551.92,542.14,1.80396,9.78,501.25,276650093.172
06/16/2009,ProShares Ultra Bloomberg Crude Oil,UCO,542.14,545.03,-0.53025,-2.89,501.25,271747864.749
06/15/2009,ProShares Ultra Bloomberg Crude Oil,UCO,545.03,566.82,-3.84425,-21.79,511.25,278646778.2605
06/12/2009,ProShares Ultra Bloomberg Crude Oil,UCO,566.82,578.51,-2.02071,-11.69,511.25,289786923.387
06/11/2009,ProShares Ultra Bloomberg Crude Oil,UCO,578.52,556.98,3.86728,21.54,511.25,295768552.482
06/10/2009,ProShares Ultra Bloomberg Crude Oil,UCO,556.97,537.72,3.57993,19.25,515,286839744.9395
06/09/2009,ProShares Ultra Bloomberg Crude Oil,UCO,537.72,510.95,5.23926,26.77,538.75,289696838.202
06/08/2009,ProShares Ultra Bloomberg Crude Oil,UCO,510.95,515.86,-0.95181,-4.91,538.75,275274491.3325
06/05/2009,ProShares Ultra Bloomberg Crude Oil,UCO,515.86,521.48,-1.07770,-5.62,551.25,284368005.551
06/04/2009,ProShares Ultra Bloomberg Crude Oil,UCO,521.48,482.25,8.13478,39.23,551.25,287466032.518
06/03/2009,ProShares Ultra Bloomberg Crude Oil,UCO,482.26,519.08,-7.09332,-36.82,551.25,265845993.791
06/02/2009,ProShares Ultra Bloomberg Crude Oil,UCO,519.07,519.52,-0.08662,-0.45,567.5,294572406.6745
06/01/2009,ProShares Ultra Bloomberg Crude Oil,UCO,519.52,486.27,6.83777,33.25,587.5,305218181.832
05/29/2009,ProShares Ultra Bloomberg Crude Oil,UCO,486.27,468.56,3.77967,17.71,640,311212970.1945
05/28/2009,ProShares Ultra Bloomberg Crude Oil,UCO,468.56,445.68,5.13373,22.88,671.25,314521063.996
05/27/2009,ProShares Ultra Bloomberg Crude Oil,UCO,445.68,431.86,3.20011,13.82,675,300834155.988
05/26/2009,ProShares Ultra Bloomberg Crude Oil,UCO,431.86,421.26,2.51626,10.6,697.5,301222501.151
05/22/2009,ProShares Ultra Bloomberg Crude Oil,UCO,421.26,412.88,2.02965,8.38,697.5,293828997.441
05/21/2009,ProShares Ultra Bloomberg Crude Oil,UCO,412.88,426.5,-3.19343,-13.62,710,293144944.508
05/20/2009,ProShares Ultra Bloomberg Crude Oil,UCO,426.5,400.65,6.45202,25.85,731.25,311878274.275
05/19/2009,ProShares Ultra Bloomberg Crude Oil,UCO,400.65,393.92,1.70847,6.73,761.25,304994952.7275
05/18/2009,ProShares Ultra Bloomberg Crude Oil,UCO,393.92,361.13,9.07983,32.79,761.25,299871737.872
05/15/2009,ProShares Ultra Bloomberg Crude Oil,UCO,361.13,393.17,-8.14915,-32.04,800,288904126.3955
05/14/2009,ProShares Ultra Bloomberg Crude Oil,UCO,393.17,387.27,1.52348,5.9,812.5,319450762.6095
05/13/2009,ProShares Ultra Bloomberg Crude Oil,UCO,387.28,397.14,-2.48275,-9.86,866.25,335481435.548
05/12/2009,ProShares Ultra Bloomberg Crude Oil,UCO,397.13,393.17,1.00720,3.96,871.25,345999651.4955
05/11/2009,ProShares Ultra Bloomberg Crude Oil,UCO,393.17,397.6,-1.11419,-4.43,871.25,342549500.1095
05/08/2009,ProShares Ultra Bloomberg Crude Oil,UCO,397.6,375.34,5.93062,22.26,865,343924139.16
05/07/2009,ProShares Ultra Bloomberg Crude Oil,UCO,375.34,369.82,1.49262,5.52,865,324669231.369
05/06/2009,ProShares Ultra Bloomberg Crude Oil,UCO,369.82,343.22,7.75013,26.6,981.25,362886004.437
05/05/2009,ProShares Ultra Bloomberg Crude Oil,UCO,343.22,352.51,-2.63539,-9.29,1116.25,383119445.127
05/04/2009,ProShares Ultra Bloomberg Crude Oil,UCO,352.52,332.55,6.00511,19.97,1133.75,399669673.382
05/01/2009,ProShares Ultra Bloomberg Crude Oil,UCO,332.55,306.1,8.64097,26.45,1206.25,401138553.8925
04/30/2009,ProShares Ultra Bloomberg Crude Oil,UCO,306.1,305.3,0.26204,0.8,1206.25,369233232.135
04/29/2009,ProShares Ultra Bloomberg Crude Oil,UCO,305.29,292.47,4.38336,12.82,1206.25,368256169.3515
04/28/2009,ProShares Ultra Bloomberg Crude Oil,UCO,292.48,297.45,-1.67087,-4.97,1206.25,352804102.368
04/27/2009,ProShares Ultra Bloomberg Crude Oil,UCO,297.45,314.35,-5.37617,-16.9,1195,355452854.1075
04/24/2009,ProShares Ultra Bloomberg Crude Oil,UCO,314.35,292.92,7.31599,21.43,1195,375648360.0225
04/23/2009,ProShares Ultra Bloomberg Crude Oil,UCO,292.92,288.72,1.45470,4.2,1195,350039502.522
04/22/2009,ProShares Ultra Bloomberg Crude Oil,UCO,288.72,287.7,0.35454,1.02,1162.5,335637101.052
04/21/2009,ProShares Ultra Bloomberg Crude Oil,UCO,287.7,289.54,-0.63549,-1.84,1101.25,316829725.695
04/20/2009,ProShares Ultra Bloomberg Crude Oil,UCO,289.53,336.29,-13.90467,-46.76,931.25,269624913.8355
04/17/2009,ProShares Ultra Bloomberg Crude Oil,UCO,336.29,333.84,0.73388,2.45,906.25,304762930.2015
04/16/2009,ProShares Ultra Bloomberg Crude Oil,UCO,333.84,330.55,0.99531,3.29,902.5,301290716.844
04/15/2009,ProShares Ultra Bloomberg Crude Oil,UCO,330.55,340.99,-3.06167,-10.44,862.5,285099490.6925
04/14/2009,ProShares Ultra Bloomberg Crude Oil,UCO,340.99,346.74,-1.65830,-5.75,862.5,294103994.3465
04/13/2009,ProShares Ultra Bloomberg Crude Oil,UCO,346.74,371.36,-6.62969,-24.62,862.5,299063371.359
04/09/2009,ProShares Ultra Bloomberg Crude Oil,UCO,371.36,336.27,10.43507,35.09,862.5,320298129.976
04/08/2009,ProShares Ultra Bloomberg Crude Oil,UCO,336.26,333.33,0.87901,2.93,862.5,290024367.691
04/07/2009,ProShares Ultra Bloomberg Crude Oil,UCO,333.33,360.15,-7.44690,-26.82,862.5,287497241.6655
04/06/2009,ProShares Ultra Bloomberg Crude Oil,UCO,360.15,381.4,-5.57158,-21.25,872.5,314231001.0525
04/03/2009,ProShares Ultra Bloomberg Crude Oil,UCO,381.4,383.31,-0.49829,-1.91,872.5,332771633.49
04/02/2009,ProShares Ultra Bloomberg Crude Oil,UCO,383.3,326.04,17.56226,57.26,922.5,353594384.155
04/01/2009,ProShares Ultra Bloomberg Crude Oil,UCO,326.04,343.63,-5.11888,-17.59,922.5,300772014.114
03/31/2009,ProShares Ultra Bloomberg Crude Oil,UCO,343.63,326.77,5.15959,16.86,885,304112670.2705
03/30/2009,ProShares Ultra Bloomberg Crude Oil,UCO,326.76,385.19,-15.16914,-58.43,885,289182714.366
03/27/2009,ProShares Ultra Bloomberg Crude Oil,UCO,385.19,415.16,-7.21890,-29.97,897.5,345708159.8165
03/26/2009,ProShares Ultra Bloomberg Crude Oil,UCO,415.16,391.86,5.94600,23.3,897.5,372606245.306
03/25/2009,ProShares Ultra Bloomberg Crude Oil,UCO,391.86,410.28,-4.48962,-18.42,897.5,351694487.151
03/24/2009,ProShares Ultra Bloomberg Crude Oil,UCO,410.28,407.55,0.66986,2.73,935,383611943.598
03/23/2009,ProShares Ultra Bloomberg Crude Oil,UCO,407.55,382.21,6.62986,25.34,947.5,386153767.6425
03/20/2009,ProShares Ultra Bloomberg Crude Oil,UCO,382.2,381.76,0.11526,0.44,1035,395577133.77
03/19/2009,ProShares Ultra Bloomberg Crude Oil,UCO,381.77,338.33,12.83954,43.44,1061.25,405153546.1195
03/18/2009,ProShares Ultra Bloomberg Crude Oil,UCO,338.33,354.49,-4.55866,-16.16,1116.25,377660980.9155
03/17/2009,ProShares Ultra Bloomberg Crude Oil,UCO,354.48,327.38,8.27784,27.1,1163.75,412526224.068
03/16/2009,ProShares Ultra Bloomberg Crude Oil,UCO,327.39,313.82,4.32413,13.57,1213.75,397369727.0865
03/13/2009,ProShares Ultra Bloomberg Crude Oil,UCO,313.82,326.63,-3.92187,-12.81,1218.75,382468234.837
03/12/2009,ProShares Ultra Bloomberg Crude Oil,UCO,326.62,276.58,18.09241,50.04,1227.5,400926164.317
03/11/2009,ProShares Ultra Bloomberg Crude Oil,UCO,276.58,316.94,-12.73427,-40.36,1227.5,339502046.803
03/10/2009,ProShares Ultra Bloomberg Crude Oil,UCO,316.94,331.86,-4.49587,-14.92,1227.5,389043960.929
03/09/2009,ProShares Ultra Bloomberg Crude Oil,UCO,331.86,327.23,1.41491,4.63,1231.25,408602741.151
03/06/2009,ProShares Ultra Bloomberg Crude Oil,UCO,327.24,300.16,9.02186,27.08,1280,418867314.534
03/05/2009,ProShares Ultra Bloomberg Crude Oil,UCO,300.16,321.13,-6.53007,-20.97,1280,384204905.056
03/04/2009,ProShares Ultra Bloomberg Crude Oil,UCO,321.13,279.29,14.98084,41.84,1340,430314312.3955
03/03/2009,ProShares Ultra Bloomberg Crude Oil,UCO,279.29,261.32,6.87663,17.97,1340,374248697.7515
03/02/2009,ProShares Ultra Bloomberg Crude Oil,UCO,261.32,322.45,-18.95798,-61.13,1340,350168891.462
02/27/2009,ProShares Ultra Bloomberg Crude Oil,UCO,322.45,330.54,-2.44751,-8.09,1368.75,441353550.3575
02/26/2009,ProShares Ultra Bloomberg Crude Oil,UCO,330.54,293.62,12.57408,36.92,1426.25,471432790.689
02/25/2009,ProShares Ultra Bloomberg Crude Oil,UCO,293.63,269.68,8.88090,23.95,1558.75,457695865.2705
02/24/2009,ProShares Ultra Bloomberg Crude Oil,UCO,269.68,251.53,7.21584,18.15,1590,428791294.388
02/23/2009,ProShares Ultra Bloomberg Crude Oil,UCO,251.53,262.78,-4.28115,-11.25,1590,399932788.0355
02/20/2009,ProShares Ultra Bloomberg Crude Oil,UCO,262.78,267.06,-1.60264,-4.28,1650,433587091.973
02/19/2009,ProShares Ultra Bloomberg Crude Oil,UCO,267.06,234.18,14.04048,32.88,1647.5,439981443.471
02/18/2009,ProShares Ultra Bloomberg Crude Oil,UCO,234.18,252.75,-7.34718,-18.57,1686.25,394886106.963
02/17/2009,ProShares Ultra Bloomberg Crude Oil,UCO,252.74,302.77,-16.52409,-50.03,1683.75,425551063.459
02/13/2009,ProShares Ultra Bloomberg Crude Oil,UCO,302.78,316.29,-4.27140,-13.51,1617.5,489746755.973
02/12/2009,ProShares Ultra Bloomberg Crude Oil,UCO,316.28,322.8,-2.01983,-6.52,1500,474420110.698
02/11/2009,ProShares Ultra Bloomberg Crude Oil,UCO,322.8,341.01,-5.34002,-18.21,1445,466446112.98
02/10/2009,ProShares Ultra Bloomberg Crude Oil,UCO,341.02,375.54,-9.19210,-34.52,1173.75,400272344.357
02/09/2009,ProShares Ultra Bloomberg Crude Oil,UCO,375.53,385.22,-2.51545,-9.69,1003.75,376938368.9355
02/06/2009,ProShares Ultra Bloomberg Crude Oil,UCO,385.22,404.9,-4.86046,-19.68,993.75,382812509.827
02/05/2009,ProShares Ultra Bloomberg Crude Oil,UCO,404.9,388.53,4.21332,16.37,963.75,390222516.715
02/04/2009,ProShares Ultra Bloomberg Crude Oil,UCO,388.53,397.51,-2.25906,-8.98,896.25,348220148.4855
02/03/2009,ProShares Ultra Bloomberg Crude Oil,UCO,397.51,384.11,3.48858,13.4,825,327945889.1285
02/02/2009,ProShares Ultra Bloomberg Crude Oil,UCO,384.11,416.09,-7.68584,-31.98,790,303447034.4385
01/30/2009,ProShares Ultra Bloomberg Crude Oil,UCO,416.1,411.37,1.14982,4.73,780,324558145.635
01/29/2009,ProShares Ultra Bloomberg Crude Oil,UCO,411.37,425.97,-3.42747,-14.6,780,320868743.9795
01/28/2009,ProShares Ultra Bloomberg Crude Oil,UCO,425.96,414.4,2.78958,11.56,678.75,289120499.086
01/27/2009,ProShares Ultra Bloomberg Crude Oil,UCO,414.41,506.34,-18.15578,-91.93,416.25,172498307.5435
01/26/2009,ProShares Ultra Bloomberg Crude Oil,UCO,506.34,523.04,-3.19287,-16.7,405,205067877.219
01/23/2009,ProShares Ultra Bloomberg Crude Oil,UCO,523.04,463.59,12.82383,59.45,477.5,249751783.064
01/22/2009,ProShares Ultra Bloomberg Crude Oil,UCO,463.59,461.08,0.54437,2.51,475,220205412.2565
01/21/2009,ProShares Ultra Bloomberg Crude Oil,UCO,461.08,407.13,13.25130,53.95,475,219013161.378
01/20/2009,ProShares Ultra Bloomberg Crude Oil,UCO,407.13,443.22,-8.14268,-36.09,465,189315592.4955
01/16/2009,ProShares Ultra Bloomberg Crude Oil,UCO,443.22,463.88,-4.45374,-20.66,423.75,187814630.127
01/15/2009,ProShares Ultra Bloomberg Crude Oil,UCO,463.87,477.94,-2.94388,-14.07,423.75,196565074.8545
01/14/2009,ProShares Ultra Bloomberg Crude Oil,UCO,477.94,490.68,-2.59640,-12.74,281.25,134420792.279
01/13/2009,ProShares Ultra Bloomberg Crude Oil,UCO,490.68,466.73,5.13145,23.95,271.25,133097121.738
01/12/2009,ProShares Ultra Bloomberg Crude Oil,UCO,466.74,521.59,-10.51592,-54.85,245,114351463.359
01/09/2009,ProShares Ultra Bloomberg Crude Oil,UCO,521.58,531.66,-1.89595,-10.08,203.75,106272107.553
01/08/2009,ProShares Ultra Bloomberg Crude Oil,UCO,531.66,552.21,-3.72141,-20.55,148.75,79084611.081
01/07/2009,ProShares Ultra Bloomberg Crude Oil,UCO,552.22,704.51,-21.61644,-152.29,131.25,72479068.277
01/06/2009,ProShares Ultra Bloomberg Crude Oil,UCO,704.5,692.92,1.67119,11.58,131.25,92465871.575
01/05/2009,ProShares Ultra Bloomberg Crude Oil,UCO,692.92,630.64,9.87568,62.28,148.75,103072092.522
01/02/2009,ProShares Ultra Bloomberg Crude Oil,UCO,630.64,591.22,6.66757,39.42,148.75,93807920.724
12/31/2008,ProShares Ultra Bloomberg Crude Oil,UCO,591.22,464.56,27.26451,126.66,168.75,99768581.927
12/30/2008,ProShares Ultra Bloomberg Crude Oil,UCO,464.56,469.8,-1.11537,-5.24,181.25,84201662.596
12/29/2008,ProShares Ultra Bloomberg Crude Oil,UCO,469.79,418.24,12.32546,51.55,181.25,85149601.9265
12/26/2008,ProShares Ultra Bloomberg Crude Oil,UCO,418.24,373.41,12.00557,44.83,162.5,67964146.384
12/24/2008,ProShares Ultra Bloomberg Crude Oil,UCO,373.41,373.41,0.00000,0,162.5,60679255.6935
12/23/2008,ProShares Ultra Bloomberg Crude Oil,UCO,373.41,474.67,-21.33272,-101.26,152.5,56945155.6935
12/22/2008,ProShares Ultra Bloomberg Crude Oil,UCO,474.67,528.04,-10.10719,-53.37,152.5,72387341.1345
12/19/2008,ProShares Ultra Bloomberg Crude Oil,UCO,528.04,510.42,3.45206,17.62,107.5,56764484.814
12/18/2008,ProShares Ultra Bloomberg Crude Oil,UCO,510.42,581.24,-12.18430,-70.82,71.25,36367603.647
12/17/2008,ProShares Ultra Bloomberg Crude Oil,UCO,581.24,629.96,-7.73382,-48.72,48.75,28335653.434
12/16/2008,ProShares Ultra Bloomberg Crude Oil,UCO,629.96,651.58,-3.31809,-21.62,40,25198620.486
12/15/2008,ProShares Ultra Bloomberg Crude Oil,UCO,651.57,693.09,-5.99056,-41.52,31.25,20361790.5495
12/12/2008,ProShares Ultra Bloomberg Crude Oil,UCO,693.09,732.79,-5.41765,-39.7,31.25,21659305.0815
12/11/2008,ProShares Ultra Bloomberg Crude Oil,UCO,732.8,609.12,20.30470,123.68,25,18320256.48
12/10/2008,ProShares Ultra Bloomberg Crude Oil,UCO,609.11,575.85,5.77581,33.26,13.75,8375475.6885
12/09/2008,ProShares Ultra Bloomberg Crude Oil,UCO,575.86,621.71,-7.37482,-45.85,13.75,7918276.551
12/08/2008,ProShares Ultra Bloomberg Crude Oil,UCO,621.7,541.15,14.88497,80.55,13.75,8548592.595
12/05/2008,ProShares Ultra Bloomberg Crude Oil,UCO,541.16,622.77,-13.10436,-81.61,7.5,4058889.406
12/04/2008,ProShares Ultra Bloomberg Crude Oil,UCO,622.77,718.53,-13.32721,-95.76,7.5,4670992.9695
12/03/2008,ProShares Ultra Bloomberg Crude Oil,UCO,718.53,723.83,-0.73222,-5.3,7.5,5389226.4855
12/02/2008,ProShares Ultra Bloomberg Crude Oil,UCO,723.83,798.65,-9.36831,-74.82,5,3619403.3405
12/01/2008,ProShares Ultra Bloomberg Crude Oil,UCO,798.65,986.17,-19.01498,-187.52,2.5,1996904.5275
11/28/2008,ProShares Ultra Bloomberg Crude Oil,UCO,986.18,985.78,0.04058,0.4,2.5,2465795.163
11/26/2008,ProShares Ultra Bloomberg Crude Oil,UCO,985.94,861.2,14.48444,124.74,2.5,2465195.079
11/25/2008,ProShares Ultra Bloomberg Crude Oil,UCO,861.2,1000,-13.88000,-138.8,2.5,2153301.42
11/24/2008,ProShares Ultra Bloomberg Crude Oil,UCO,1000,1000,0.00000,0,2.5,2500350
