Date,ProShares Name,Ticker,NAV,Prior NAV,NAV Change (%),NAV Change ($),Shares Outstanding (000),Assets Under Management
09/15/2017,ProShares Ultra Nasdaq Biotechnology,BIB,60.6,60.66,-0.09891,-0.06,8050,487830000
09/14/2017,ProShares Ultra Nasdaq Biotechnology,BIB,60.66,61.4,-1.20521,-0.74,8050,488313000
09/13/2017,ProShares Ultra Nasdaq Biotechnology,BIB,61.4,61.87,-0.75966,-0.47,8050,494270000
09/12/2017,ProShares Ultra Nasdaq Biotechnology,BIB,61.87,61.52,0.56892,0.35,8100,501147000
09/11/2017,ProShares Ultra Nasdaq Biotechnology,BIB,61.52,61.42,0.16281,0.1,8100,498312000
09/08/2017,ProShares Ultra Nasdaq Biotechnology,BIB,61.42,61.88,-0.74337,-0.46,8100,497502000
09/07/2017,ProShares Ultra Nasdaq Biotechnology,BIB,61.88,61.56,0.51982,0.32,8150,504322000
09/06/2017,ProShares Ultra Nasdaq Biotechnology,BIB,61.56,61.11,0.73638,0.45,8150,501714000
09/05/2017,ProShares Ultra Nasdaq Biotechnology,BIB,61.11,62.12,-1.62589,-1.01,8200,501102000
09/01/2017,ProShares Ultra Nasdaq Biotechnology,BIB,62.12,61.24,1.43697,0.88,8300,515596000
08/31/2017,ProShares Ultra Nasdaq Biotechnology,BIB,61.24,57.97,5.64085,3.27,8200,502168000
08/30/2017,ProShares Ultra Nasdaq Biotechnology,BIB,57.97,55.67,4.13149,2.3,8200,475354000
08/29/2017,ProShares Ultra Nasdaq Biotechnology,BIB,55.67,55.37,0.54181,0.3,8200,456494000
08/28/2017,ProShares Ultra Nasdaq Biotechnology,BIB,55.37,53.36,3.76687,2.01,8000,442960000
08/25/2017,ProShares Ultra Nasdaq Biotechnology,BIB,53.36,54.03,-1.24005,-0.67,8000,426880000
08/24/2017,ProShares Ultra Nasdaq Biotechnology,BIB,54.03,52.75,2.42654,1.28,7900,426837000
08/23/2017,ProShares Ultra Nasdaq Biotechnology,BIB,52.75,53.27,-0.97616,-0.52,7900,416725000
08/22/2017,ProShares Ultra Nasdaq Biotechnology,BIB,53.27,51.25,3.94146,2.02,7900,420833000
08/21/2017,ProShares Ultra Nasdaq Biotechnology,BIB,51.25,51.02,0.45080,0.23,7900,404875000
08/18/2017,ProShares Ultra Nasdaq Biotechnology,BIB,51.02,51.28,-0.50702,-0.26,7900,403058000
08/17/2017,ProShares Ultra Nasdaq Biotechnology,BIB,51.28,53.15,-3.51834,-1.87,7950,407676000
08/16/2017,ProShares Ultra Nasdaq Biotechnology,BIB,53.15,52.89,0.49159,0.26,8000,425200000
08/15/2017,ProShares Ultra Nasdaq Biotechnology,BIB,52.89,52.97,-0.15103,-0.08,8000,423120000
08/14/2017,ProShares Ultra Nasdaq Biotechnology,BIB,52.97,51.96,1.94380,1.01,8000,423760000
08/11/2017,ProShares Ultra Nasdaq Biotechnology,BIB,51.96,51.22,1.44475,0.74,8000,415680000
08/10/2017,ProShares Ultra Nasdaq Biotechnology,BIB,51.22,54.32,-5.70692,-3.1,8050,412321000
08/09/2017,ProShares Ultra Nasdaq Biotechnology,BIB,54.32,54.68,-0.65838,-0.36,8050,437276000
08/08/2017,ProShares Ultra Nasdaq Biotechnology,BIB,54.68,55.71,-1.84886,-1.03,8050,440174000
08/07/2017,ProShares Ultra Nasdaq Biotechnology,BIB,55.71,55.16,0.99710,0.55,8050,448465500
08/04/2017,ProShares Ultra Nasdaq Biotechnology,BIB,55.16,54.76,0.73046,0.4,8050,444038000
08/03/2017,ProShares Ultra Nasdaq Biotechnology,BIB,54.76,55.69,-1.66996,-0.93,8050,440818000
08/02/2017,ProShares Ultra Nasdaq Biotechnology,BIB,55.69,55.2,0.88768,0.49,8050,448304500
08/01/2017,ProShares Ultra Nasdaq Biotechnology,BIB,55.2,56.33,-2.00604,-1.13,8050,444360000
07/31/2017,ProShares Ultra Nasdaq Biotechnology,BIB,56.33,57.37,-1.81279,-1.04,8050,453456500
07/28/2017,ProShares Ultra Nasdaq Biotechnology,BIB,57.37,56.58,1.39625,0.79,8050,461828500
07/27/2017,ProShares Ultra Nasdaq Biotechnology,BIB,56.58,58.85,-3.85726,-2.27,8050,455469000
07/26/2017,ProShares Ultra Nasdaq Biotechnology,BIB,58.85,58.1,1.29088,0.75,8000,470800000
07/25/2017,ProShares Ultra Nasdaq Biotechnology,BIB,58.1,59.42,-2.22147,-1.32,8000,464800000
07/24/2017,ProShares Ultra Nasdaq Biotechnology,BIB,59.42,58.45,1.65954,0.97,8000,475360000
07/21/2017,ProShares Ultra Nasdaq Biotechnology,BIB,58.45,57.81,1.10707,0.64,8050,470522500
07/20/2017,ProShares Ultra Nasdaq Biotechnology,BIB,57.81,56.71,1.93969,1.1,8100,468261000
07/19/2017,ProShares Ultra Nasdaq Biotechnology,BIB,56.71,55.12,2.88462,1.59,8100,459351000
07/18/2017,ProShares Ultra Nasdaq Biotechnology,BIB,55.12,55.09,0.05446,0.03,8100,446472000
07/17/2017,ProShares Ultra Nasdaq Biotechnology,BIB,55.09,55.52,-0.77450,-0.43,8100,446229000
07/14/2017,ProShares Ultra Nasdaq Biotechnology,BIB,55.52,55.48,0.07210,0.04,7850,435832000
07/13/2017,ProShares Ultra Nasdaq Biotechnology,BIB,55.48,54.74,1.35185,0.74,7850,435518000
07/12/2017,ProShares Ultra Nasdaq Biotechnology,BIB,54.74,53.96,1.44552,0.78,7850,429709000
07/11/2017,ProShares Ultra Nasdaq Biotechnology,BIB,53.96,53.32,1.20030,0.64,7850,423586000
07/10/2017,ProShares Ultra Nasdaq Biotechnology,BIB,53.32,54.14,-1.51459,-0.82,7600,405232000
07/07/2017,ProShares Ultra Nasdaq Biotechnology,BIB,54.14,53.44,1.30988,0.7,7500,406050000
07/06/2017,ProShares Ultra Nasdaq Biotechnology,BIB,53.44,55.26,-3.29352,-1.82,7300,390112000
07/05/2017,ProShares Ultra Nasdaq Biotechnology,BIB,55.26,53.77,2.77106,1.49,7250,400635000
07/03/2017,ProShares Ultra Nasdaq Biotechnology,BIB,53.77,53.39,0.71174,0.38,7250,389832500
06/30/2017,ProShares Ultra Nasdaq Biotechnology,BIB,53.39,54.17,-1.43991,-0.78,7200,384408000
06/29/2017,ProShares Ultra Nasdaq Biotechnology,BIB,54.17,55.83,-2.97331,-1.66,7150,387315500
06/28/2017,ProShares Ultra Nasdaq Biotechnology,BIB,55.83,53.61,4.14102,2.22,7150,399184500
06/27/2017,ProShares Ultra Nasdaq Biotechnology,BIB,53.61,56.79,-5.59958,-3.18,7150,383311500
06/26/2017,ProShares Ultra Nasdaq Biotechnology,BIB,56.79,57.14,-0.61253,-0.35,7150,406048500
06/23/2017,ProShares Ultra Nasdaq Biotechnology,BIB,57.14,56.96,0.31601,0.18,7150,408551000
06/22/2017,ProShares Ultra Nasdaq Biotechnology,BIB,56.96,55.53,2.57518,1.43,7050,401568000
06/21/2017,ProShares Ultra Nasdaq Biotechnology,BIB,55.53,51.37,8.09811,4.16,7000,388710000
06/20/2017,ProShares Ultra Nasdaq Biotechnology,BIB,51.37,50.1,2.53493,1.27,7050,362158500
06/19/2017,ProShares Ultra Nasdaq Biotechnology,BIB,50.1,47.73,4.96543,2.37,7200,360720000
06/16/2017,ProShares Ultra Nasdaq Biotechnology,BIB,47.73,48.13,-0.83108,-0.4,7200,343656000
06/15/2017,ProShares Ultra Nasdaq Biotechnology,BIB,48.13,48.9,-1.57464,-0.77,7200,346536000
06/14/2017,ProShares Ultra Nasdaq Biotechnology,BIB,48.9,48.34,1.15846,0.56,7200,352080000
06/13/2017,ProShares Ultra Nasdaq Biotechnology,BIB,48.34,47.9,0.91858,0.44,7200,348048000
06/12/2017,ProShares Ultra Nasdaq Biotechnology,BIB,47.9,48.17,-0.56051,-0.27,7200,344880000
06/09/2017,ProShares Ultra Nasdaq Biotechnology,BIB,48.17,48.48,-0.63944,-0.31,7200,346824000
06/08/2017,ProShares Ultra Nasdaq Biotechnology,BIB,48.48,47.9,1.21086,0.58,7300,353904000
06/07/2017,ProShares Ultra Nasdaq Biotechnology,BIB,47.9,47.79,0.23017,0.11,7300,349670000
06/06/2017,ProShares Ultra Nasdaq Biotechnology,BIB,47.79,48.2,-0.85062,-0.41,7350,351256500
06/05/2017,ProShares Ultra Nasdaq Biotechnology,BIB,48.2,48.83,-1.29019,-0.63,7350,354270000
06/02/2017,ProShares Ultra Nasdaq Biotechnology,BIB,48.83,47.24,3.36579,1.59,7350,358900500
06/01/2017,ProShares Ultra Nasdaq Biotechnology,BIB,47.24,45.61,3.57378,1.63,7500,354300000
05/31/2017,ProShares Ultra Nasdaq Biotechnology,BIB,45.61,45.08,1.17569,0.53,7500,342075000
05/30/2017,ProShares Ultra Nasdaq Biotechnology,BIB,45.08,46.41,-2.86576,-1.33,7500,338100000
05/26/2017,ProShares Ultra Nasdaq Biotechnology,BIB,46.41,47.15,-1.56946,-0.74,7500,348075000
05/25/2017,ProShares Ultra Nasdaq Biotechnology,BIB,47.15,47.33,-0.38031,-0.18,7550,355982500
05/24/2017,ProShares Ultra Nasdaq Biotechnology,BIB,47.33,47.25,0.16931,0.08,7550,357341500
05/23/2017,ProShares Ultra Nasdaq Biotechnology,BIB,47.25,47.4,-0.31646,-0.15,7600,359100000
05/22/2017,ProShares Ultra Nasdaq Biotechnology,BIB,47.4,47.13,0.57288,0.27,7600,360240000
05/19/2017,ProShares Ultra Nasdaq Biotechnology,BIB,47.13,47.82,-1.44291,-0.69,7600,358188000
05/18/2017,ProShares Ultra Nasdaq Biotechnology,BIB,47.82,46.53,2.77240,1.29,7600,363432000
05/17/2017,ProShares Ultra Nasdaq Biotechnology,BIB,46.53,48.77,-4.59299,-2.24,7650,355954500
05/16/2017,ProShares Ultra Nasdaq Biotechnology,BIB,48.77,48.42,0.72284,0.35,7650,373090500
05/15/2017,ProShares Ultra Nasdaq Biotechnology,BIB,48.42,47.93,1.02232,0.49,7650,370413000
05/12/2017,ProShares Ultra Nasdaq Biotechnology,BIB,47.93,47.59,0.71444,0.34,7650,366664500
05/11/2017,ProShares Ultra Nasdaq Biotechnology,BIB,47.59,47.65,-0.12592,-0.06,7650,364063500
05/10/2017,ProShares Ultra Nasdaq Biotechnology,BIB,47.65,48.03,-0.79117,-0.38,7650,364522500
05/09/2017,ProShares Ultra Nasdaq Biotechnology,BIB,48.03,46.94,2.32211,1.09,7650,367429500
05/08/2017,ProShares Ultra Nasdaq Biotechnology,BIB,46.94,48.97,-4.14540,-2.03,7650,359091000
05/05/2017,ProShares Ultra Nasdaq Biotechnology,BIB,48.97,49.9,-1.86373,-0.93,7650,374620500
05/04/2017,ProShares Ultra Nasdaq Biotechnology,BIB,49.9,49.15,1.52594,0.75,7650,381735000
05/03/2017,ProShares Ultra Nasdaq Biotechnology,BIB,49.15,49.83,-1.36464,-0.68,7700,378455000
05/02/2017,ProShares Ultra Nasdaq Biotechnology,BIB,49.83,50.23,-0.79634,-0.4,7800,388674000
05/01/2017,ProShares Ultra Nasdaq Biotechnology,BIB,50.23,49.58,1.31101,0.65,7850,394305500
04/28/2017,ProShares Ultra Nasdaq Biotechnology,BIB,49.58,49.26,0.64961,0.32,7850,389203000
04/27/2017,ProShares Ultra Nasdaq Biotechnology,BIB,49.26,49.15,0.22380,0.11,7950,391617000
04/26/2017,ProShares Ultra Nasdaq Biotechnology,BIB,49.15,48.96,0.38807,0.19,7950,390742500
04/25/2017,ProShares Ultra Nasdaq Biotechnology,BIB,48.96,47.7,2.64151,1.26,8000,391680000
04/24/2017,ProShares Ultra Nasdaq Biotechnology,BIB,47.7,46.32,2.97927,1.38,8000,381600000
04/21/2017,ProShares Ultra Nasdaq Biotechnology,BIB,46.32,47.22,-1.90597,-0.9,8100,375192000
04/20/2017,ProShares Ultra Nasdaq Biotechnology,BIB,47.22,46.79,0.91900,0.43,8150,384843000
04/19/2017,ProShares Ultra Nasdaq Biotechnology,BIB,46.79,46.42,0.79707,0.37,8150,381338500
04/18/2017,ProShares Ultra Nasdaq Biotechnology,BIB,46.42,47.36,-1.98480,-0.94,8150,378323000
04/17/2017,ProShares Ultra Nasdaq Biotechnology,BIB,47.36,47.39,-0.06330,-0.03,8150,385984000
04/13/2017,ProShares Ultra Nasdaq Biotechnology,BIB,47.39,46.69,1.49925,0.7,8150,386228500
04/12/2017,ProShares Ultra Nasdaq Biotechnology,BIB,46.69,46.61,0.17164,0.08,8100,378189000
04/11/2017,ProShares Ultra Nasdaq Biotechnology,BIB,46.61,46.98,-0.78757,-0.37,8100,377541000
04/10/2017,ProShares Ultra Nasdaq Biotechnology,BIB,46.98,47.32,-0.71851,-0.34,8100,380538000
04/07/2017,ProShares Ultra Nasdaq Biotechnology,BIB,47.32,46.62,1.50150,0.7,8100,383292000
04/06/2017,ProShares Ultra Nasdaq Biotechnology,BIB,46.62,46.38,0.51746,0.24,8100,377622000
04/05/2017,ProShares Ultra Nasdaq Biotechnology,BIB,46.38,47.68,-2.72651,-1.3,8100,375678000
04/04/2017,ProShares Ultra Nasdaq Biotechnology,BIB,47.68,47.51,0.35782,0.17,8100,386208000
04/03/2017,ProShares Ultra Nasdaq Biotechnology,BIB,47.51,48.27,-1.57448,-0.76,8100,384831000
03/31/2017,ProShares Ultra Nasdaq Biotechnology,BIB,48.27,48.3,-0.06211,-0.03,8100,390987000
03/30/2017,ProShares Ultra Nasdaq Biotechnology,BIB,48.3,48.66,-0.73983,-0.36,8100,391230000
03/29/2017,ProShares Ultra Nasdaq Biotechnology,BIB,48.66,47.86,1.67154,0.8,8100,394146000
03/28/2017,ProShares Ultra Nasdaq Biotechnology,BIB,47.86,48.29,-0.89045,-0.43,8100,387666000
03/27/2017,ProShares Ultra Nasdaq Biotechnology,BIB,48.29,47.26,2.17943,1.03,8100,391149000
03/24/2017,ProShares Ultra Nasdaq Biotechnology,BIB,47.26,46.75,1.09091,0.51,8100,382806000
03/23/2017,ProShares Ultra Nasdaq Biotechnology,BIB,46.75,47.19,-0.93240,-0.44,8100,378675000
03/22/2017,ProShares Ultra Nasdaq Biotechnology,BIB,47.19,46.59,1.28783,0.6,8100,382239000
03/21/2017,ProShares Ultra Nasdaq Biotechnology,BIB,46.59,49.39,-5.66916,-2.8,8100,377379000
03/20/2017,ProShares Ultra Nasdaq Biotechnology,BIB,49.39,48.9,1.00204,0.49,8050,397589500
03/17/2017,ProShares Ultra Nasdaq Biotechnology,BIB,48.9,50.04,-2.27818,-1.14,8050,393645000
03/16/2017,ProShares Ultra Nasdaq Biotechnology,BIB,50.04,51.37,-2.58906,-1.33,8050,402822000
03/15/2017,ProShares Ultra Nasdaq Biotechnology,BIB,51.37,49.9,2.94589,1.47,8100,416097000
03/14/2017,ProShares Ultra Nasdaq Biotechnology,BIB,49.9,50.76,-1.69425,-0.86,8150,406685000
03/13/2017,ProShares Ultra Nasdaq Biotechnology,BIB,50.76,50.8,-0.07874,-0.04,8200,416232000
03/10/2017,ProShares Ultra Nasdaq Biotechnology,BIB,50.8,50.12,1.35674,0.68,8200,416560000
03/09/2017,ProShares Ultra Nasdaq Biotechnology,BIB,50.12,49.82,0.60217,0.3,8200,410984000
03/08/2017,ProShares Ultra Nasdaq Biotechnology,BIB,49.82,48.91,1.86056,0.91,8200,408524000
03/07/2017,ProShares Ultra Nasdaq Biotechnology,BIB,48.91,50.49,-3.12933,-1.58,8200,401062000
03/06/2017,ProShares Ultra Nasdaq Biotechnology,BIB,50.49,51.45,-1.86589,-0.96,8200,414018000
03/03/2017,ProShares Ultra Nasdaq Biotechnology,BIB,51.45,50.49,1.90137,0.96,8200,421890000
03/02/2017,ProShares Ultra Nasdaq Biotechnology,BIB,50.49,50.96,-0.92229,-0.47,8250,416542500
03/01/2017,ProShares Ultra Nasdaq Biotechnology,BIB,50.96,49.64,2.65915,1.32,8300,422968000
02/28/2017,ProShares Ultra Nasdaq Biotechnology,BIB,49.64,50.03,-0.77953,-0.39,8350,414494000
02/27/2017,ProShares Ultra Nasdaq Biotechnology,BIB,50.03,47.35,5.65998,2.68,8550,427756500
02/24/2017,ProShares Ultra Nasdaq Biotechnology,BIB,47.35,47.16,0.40288,0.19,8550,404842500
02/23/2017,ProShares Ultra Nasdaq Biotechnology,BIB,47.16,47.41,-0.52731,-0.25,8550,403218000
02/22/2017,ProShares Ultra Nasdaq Biotechnology,BIB,47.41,48.25,-1.74093,-0.84,8550,405355500
02/21/2017,ProShares Ultra Nasdaq Biotechnology,BIB,48.25,48.83,-1.18779,-0.58,8600,414950000
02/17/2017,ProShares Ultra Nasdaq Biotechnology,BIB,48.83,48.34,1.01365,0.49,8750,427262500
02/16/2017,ProShares Ultra Nasdaq Biotechnology,BIB,48.34,49.03,-1.40730,-0.69,8800,425392000
02/15/2017,ProShares Ultra Nasdaq Biotechnology,BIB,49.03,47.32,3.61369,1.71,8800,431464000
02/14/2017,ProShares Ultra Nasdaq Biotechnology,BIB,47.32,46.25,2.31351,1.07,8800,416416000
02/13/2017,ProShares Ultra Nasdaq Biotechnology,BIB,46.25,45.58,1.46994,0.67,8900,411625000
02/10/2017,ProShares Ultra Nasdaq Biotechnology,BIB,45.58,45.69,-0.24075,-0.11,8900,405662000
02/09/2017,ProShares Ultra Nasdaq Biotechnology,BIB,45.69,44.82,1.94110,0.87,9000,411210000
02/08/2017,ProShares Ultra Nasdaq Biotechnology,BIB,44.82,44.95,-0.28921,-0.13,9000,403380000
02/07/2017,ProShares Ultra Nasdaq Biotechnology,BIB,44.95,45.29,-0.75072,-0.34,9000,404550000
02/06/2017,ProShares Ultra Nasdaq Biotechnology,BIB,45.29,45.2,0.19912,0.09,9150,414403500
02/03/2017,ProShares Ultra Nasdaq Biotechnology,BIB,45.2,44.21,2.23931,0.99,9250,418100000
02/02/2017,ProShares Ultra Nasdaq Biotechnology,BIB,44.21,44.42,-0.47276,-0.21,9250,408942500
02/01/2017,ProShares Ultra Nasdaq Biotechnology,BIB,44.42,43.62,1.83402,0.8,9250,410885000
01/31/2017,ProShares Ultra Nasdaq Biotechnology,BIB,43.62,41.28,5.66860,2.34,9350,407847000
01/30/2017,ProShares Ultra Nasdaq Biotechnology,BIB,41.28,42.46,-2.77909,-1.18,9350,385968000
01/27/2017,ProShares Ultra Nasdaq Biotechnology,BIB,42.46,41.61,2.04278,0.85,9350,397001000
01/26/2017,ProShares Ultra Nasdaq Biotechnology,BIB,41.61,42.01,-0.95215,-0.4,9400,391134000
01/25/2017,ProShares Ultra Nasdaq Biotechnology,BIB,42.01,41.2,1.96602,0.81,9400,394894000
01/24/2017,ProShares Ultra Nasdaq Biotechnology,BIB,41.2,41.44,-0.57915,-0.24,9450,389340000
01/23/2017,ProShares Ultra Nasdaq Biotechnology,BIB,41.44,42.2,-1.80095,-0.76,9450,391608000
01/20/2017,ProShares Ultra Nasdaq Biotechnology,BIB,42.2,42.58,-0.89244,-0.38,9450,398790000
01/19/2017,ProShares Ultra Nasdaq Biotechnology,BIB,42.58,43.36,-1.79889,-0.78,9500,404510000
01/18/2017,ProShares Ultra Nasdaq Biotechnology,BIB,43.36,42.61,1.76015,0.75,9500,411920000
01/17/2017,ProShares Ultra Nasdaq Biotechnology,BIB,42.61,44.38,-3.98828,-1.77,9550,406925500
01/13/2017,ProShares Ultra Nasdaq Biotechnology,BIB,44.38,44.03,0.79491,0.35,9550,423829000
01/12/2017,ProShares Ultra Nasdaq Biotechnology,BIB,44.03,43.68,0.80128,0.35,9550,420486500
01/11/2017,ProShares Ultra Nasdaq Biotechnology,BIB,43.68,46.43,-5.92289,-2.75,9550,417144000
01/10/2017,ProShares Ultra Nasdaq Biotechnology,BIB,46.43,45.72,1.55293,0.71,9650,448049500
01/09/2017,ProShares Ultra Nasdaq Biotechnology,BIB,45.72,44.43,2.90344,1.29,9800,448056000
01/06/2017,ProShares Ultra Nasdaq Biotechnology,BIB,44.43,43.81,1.41520,0.62,9800,435414000
01/05/2017,ProShares Ultra Nasdaq Biotechnology,BIB,43.81,43.57,0.55084,0.24,10100,442481000
01/04/2017,ProShares Ultra Nasdaq Biotechnology,BIB,43.57,41.41,5.21613,2.16,10150,442235500
01/03/2017,ProShares Ultra Nasdaq Biotechnology,BIB,41.41,39.84,3.94076,1.57,10150,420311500
12/30/2016,ProShares Ultra Nasdaq Biotechnology,BIB,39.84,40.42,-1.43493,-0.58,10150,404376000
12/29/2016,ProShares Ultra Nasdaq Biotechnology,BIB,40.42,40.72,-0.73674,-0.3,10150,410263000
12/28/2016,ProShares Ultra Nasdaq Biotechnology,BIB,40.72,41.77,-2.51377,-1.05,10150,413308000
12/27/2016,ProShares Ultra Nasdaq Biotechnology,BIB,41.77,42.11,-0.80741,-0.34,10150,423965500
12/23/2016,ProShares Ultra Nasdaq Biotechnology,BIB,42.11,40.32,4.43948,1.79,10200,429522000
12/22/2016,ProShares Ultra Nasdaq Biotechnology,BIB,40.32,40.62,-0.73855,-0.3,10250,413280000
12/21/2016,ProShares Ultra Nasdaq Biotechnology,BIB,40.62,41.63,-2.42613,-1.01,10250,416355000
12/20/2016,ProShares Ultra Nasdaq Biotechnology,BIB,41.63,41,1.53659,0.63,10250,426707500
12/19/2016,ProShares Ultra Nasdaq Biotechnology,BIB,41,42.02,-2.42742,-1.02,10150,416150000
12/16/2016,ProShares Ultra Nasdaq Biotechnology,BIB,42.02,42,0.04762,0.02,10200,428604000
12/15/2016,ProShares Ultra Nasdaq Biotechnology,BIB,42,41.21,1.91701,0.79,10200,428400000
12/14/2016,ProShares Ultra Nasdaq Biotechnology,BIB,41.21,41.11,0.24325,0.1,10200,420342000
12/13/2016,ProShares Ultra Nasdaq Biotechnology,BIB,41.11,40.64,1.15650,0.47,10200,419322000
12/12/2016,ProShares Ultra Nasdaq Biotechnology,BIB,40.64,41.22,-1.40708,-0.58,10200,414528000
12/09/2016,ProShares Ultra Nasdaq Biotechnology,BIB,41.22,40.9,0.78240,0.32,10200,420444000
12/08/2016,ProShares Ultra Nasdaq Biotechnology,BIB,40.9,40.29,1.51402,0.61,10150,415135000
12/07/2016,ProShares Ultra Nasdaq Biotechnology,BIB,40.29,42.79,-5.84249,-2.5,10150,408943500
12/06/2016,ProShares Ultra Nasdaq Biotechnology,BIB,42.79,42.05,1.75981,0.74,10000,427900000
12/05/2016,ProShares Ultra Nasdaq Biotechnology,BIB,42.05,41.59,1.10604,0.46,9850,414192500
12/02/2016,ProShares Ultra Nasdaq Biotechnology,BIB,41.59,41.23,0.87315,0.36,9850,409661500
12/01/2016,ProShares Ultra Nasdaq Biotechnology,BIB,41.23,42.65,-3.32943,-1.42,9850,406115500
11/30/2016,ProShares Ultra Nasdaq Biotechnology,BIB,42.65,44.72,-4.62880,-2.07,9850,420102500
11/29/2016,ProShares Ultra Nasdaq Biotechnology,BIB,44.72,44.6,0.26906,0.12,9850,440492000
11/28/2016,ProShares Ultra Nasdaq Biotechnology,BIB,44.6,46.15,-3.35861,-1.55,9850,439310000
11/25/2016,ProShares Ultra Nasdaq Biotechnology,BIB,46.15,45.86,0.63236,0.29,9800,452270000
11/23/2016,ProShares Ultra Nasdaq Biotechnology,BIB,45.86,45.13,1.61755,0.73,9800,449428000
11/22/2016,ProShares Ultra Nasdaq Biotechnology,BIB,45.13,46.83,-3.63015,-1.7,9900,446787000
11/21/2016,ProShares Ultra Nasdaq Biotechnology,BIB,46.83,46.19,1.38558,0.64,9850,461275500
11/18/2016,ProShares Ultra Nasdaq Biotechnology,BIB,46.19,47.36,-2.47044,-1.17,9850,454971500
11/17/2016,ProShares Ultra Nasdaq Biotechnology,BIB,47.36,46.74,1.32649,0.62,9800,464128000
11/16/2016,ProShares Ultra Nasdaq Biotechnology,BIB,46.74,48.34,-3.30989,-1.6,9800,458052000
11/15/2016,ProShares Ultra Nasdaq Biotechnology,BIB,48.34,48.95,-1.24617,-0.61,9800,473732000
11/14/2016,ProShares Ultra Nasdaq Biotechnology,BIB,48.95,47.25,3.59788,1.7,9800,479710000
11/11/2016,ProShares Ultra Nasdaq Biotechnology,BIB,47.25,47.87,-1.29517,-0.62,9800,463050000
11/10/2016,ProShares Ultra Nasdaq Biotechnology,BIB,47.87,46.38,3.21259,1.49,10200,488274000
11/09/2016,ProShares Ultra Nasdaq Biotechnology,BIB,46.38,39.31,17.98525,7.07,10200,473076000
11/08/2016,ProShares Ultra Nasdaq Biotechnology,BIB,39.31,39.12,0.48569,0.19,10300,404893000
11/07/2016,ProShares Ultra Nasdaq Biotechnology,BIB,39.12,36.44,7.35456,2.68,10300,402936000
11/04/2016,ProShares Ultra Nasdaq Biotechnology,BIB,36.44,35.06,3.93611,1.38,10300,375332000
11/03/2016,ProShares Ultra Nasdaq Biotechnology,BIB,35.06,37.24,-5.85392,-2.18,10200,357612000
11/02/2016,ProShares Ultra Nasdaq Biotechnology,BIB,37.24,38.69,-3.74774,-1.45,10350,385434000
11/01/2016,ProShares Ultra Nasdaq Biotechnology,BIB,38.69,37.87,2.16530,0.82,10250,396572500
10/31/2016,ProShares Ultra Nasdaq Biotechnology,BIB,37.87,39.11,-3.17054,-1.24,10250,388167500
10/28/2016,ProShares Ultra Nasdaq Biotechnology,BIB,39.11,40.62,-3.71738,-1.51,10250,400877500
10/27/2016,ProShares Ultra Nasdaq Biotechnology,BIB,40.62,40.55,0.17263,0.07,10250,416355000
10/26/2016,ProShares Ultra Nasdaq Biotechnology,BIB,40.55,40.54,0.02467,0.01,10250,415637500
10/25/2016,ProShares Ultra Nasdaq Biotechnology,BIB,40.54,40.94,-0.97704,-0.4,10250,415535000
10/24/2016,ProShares Ultra Nasdaq Biotechnology,BIB,40.94,41.32,-0.91965,-0.38,10150,415541000
10/21/2016,ProShares Ultra Nasdaq Biotechnology,BIB,41.32,42.04,-1.71265,-0.72,10150,419398000
10/20/2016,ProShares Ultra Nasdaq Biotechnology,BIB,42.04,41.21,2.01407,0.83,10150,426706000
10/19/2016,ProShares Ultra Nasdaq Biotechnology,BIB,41.21,41.87,-1.57631,-0.66,10050,414160500
10/18/2016,ProShares Ultra Nasdaq Biotechnology,BIB,41.87,40.75,2.74847,1.12,10050,420793500
10/17/2016,ProShares Ultra Nasdaq Biotechnology,BIB,40.75,40.82,-0.17148,-0.07,10000,407500000
10/14/2016,ProShares Ultra Nasdaq Biotechnology,BIB,40.82,42.45,-3.83981,-1.63,9750,397995000
10/13/2016,ProShares Ultra Nasdaq Biotechnology,BIB,42.45,42.13,0.75955,0.32,9750,413887500
10/12/2016,ProShares Ultra Nasdaq Biotechnology,BIB,42.13,44.36,-5.02705,-2.23,9750,410767500
10/11/2016,ProShares Ultra Nasdaq Biotechnology,BIB,44.36,47.99,-7.56408,-3.63,9750,432510000
10/10/2016,ProShares Ultra Nasdaq Biotechnology,BIB,47.99,46.69,2.78432,1.3,9750,467902500
10/07/2016,ProShares Ultra Nasdaq Biotechnology,BIB,46.69,46.75,-0.12834,-0.06,9750,455227500
10/06/2016,ProShares Ultra Nasdaq Biotechnology,BIB,46.75,48.94,-4.47487,-2.19,9750,455812500
10/05/2016,ProShares Ultra Nasdaq Biotechnology,BIB,48.94,48.07,1.80986,0.87,9750,477165000
10/04/2016,ProShares Ultra Nasdaq Biotechnology,BIB,48.07,48.5,-0.88660,-0.43,9750,468682500
10/03/2016,ProShares Ultra Nasdaq Biotechnology,BIB,48.5,48.5,0.00000,0,9750,472875000
09/30/2016,ProShares Ultra Nasdaq Biotechnology,BIB,48.5,47.39,2.34227,1.11,9750,472875000
09/29/2016,ProShares Ultra Nasdaq Biotechnology,BIB,47.39,50.42,-6.00952,-3.03,9750,462052500
09/28/2016,ProShares Ultra Nasdaq Biotechnology,BIB,50.42,51.33,-1.77284,-0.91,9750,491595000
09/27/2016,ProShares Ultra Nasdaq Biotechnology,BIB,51.33,50.24,2.16959,1.09,9750,500467500
09/26/2016,ProShares Ultra Nasdaq Biotechnology,BIB,50.24,51.56,-2.56012,-1.32,9750,489840000
09/23/2016,ProShares Ultra Nasdaq Biotechnology,BIB,51.56,52.2,-1.22605,-0.64,9750,502710000
09/22/2016,ProShares Ultra Nasdaq Biotechnology,BIB,52.2,51.36,1.63551,0.84,9750,508950000
09/21/2016,ProShares Ultra Nasdaq Biotechnology,BIB,51.36,50.71,1.28180,0.65,9850,505896000
09/20/2016,ProShares Ultra Nasdaq Biotechnology,BIB,50.71,49.34,2.77665,1.37,9950,504564500
09/19/2016,ProShares Ultra Nasdaq Biotechnology,BIB,49.34,49.38,-0.08100,-0.04,10100,498334000
09/16/2016,ProShares Ultra Nasdaq Biotechnology,BIB,49.38,48.87,1.04359,0.51,10100,498738000
09/15/2016,ProShares Ultra Nasdaq Biotechnology,BIB,48.87,47.46,2.97092,1.41,10100,493587000
09/14/2016,ProShares Ultra Nasdaq Biotechnology,BIB,47.46,46.36,2.37274,1.1,10100,479346000
09/13/2016,ProShares Ultra Nasdaq Biotechnology,BIB,46.36,47.94,-3.29579,-1.58,10100,468236000
09/12/2016,ProShares Ultra Nasdaq Biotechnology,BIB,47.94,45.16,6.15589,2.78,10100,484194000
09/09/2016,ProShares Ultra Nasdaq Biotechnology,BIB,45.16,48.24,-6.38474,-3.08,10100,456116000
09/08/2016,ProShares Ultra Nasdaq Biotechnology,BIB,48.24,47.58,1.38714,0.66,10100,487224000
09/07/2016,ProShares Ultra Nasdaq Biotechnology,BIB,47.58,46.98,1.27714,0.6,10100,480558000
09/06/2016,ProShares Ultra Nasdaq Biotechnology,BIB,46.98,45.81,2.55403,1.17,10100,474498000
09/02/2016,ProShares Ultra Nasdaq Biotechnology,BIB,45.81,46.03,-0.47795,-0.22,10100,462681000
09/01/2016,ProShares Ultra Nasdaq Biotechnology,BIB,46.03,45.91,0.26138,0.12,10100,464903000
08/31/2016,ProShares Ultra Nasdaq Biotechnology,BIB,45.91,46.66,-1.60737,-0.75,10100,463691000
08/30/2016,ProShares Ultra Nasdaq Biotechnology,BIB,46.66,46.89,-0.49051,-0.23,10100,471266000
08/29/2016,ProShares Ultra Nasdaq Biotechnology,BIB,46.89,47.36,-0.99240,-0.47,10100,473589000
08/26/2016,ProShares Ultra Nasdaq Biotechnology,BIB,47.36,46.66,1.50021,0.7,10100,478336000
08/25/2016,ProShares Ultra Nasdaq Biotechnology,BIB,46.66,47.7,-2.18029,-1.04,10100,471266000
08/24/2016,ProShares Ultra Nasdaq Biotechnology,BIB,47.7,51.15,-6.74487,-3.45,10100,481770000
08/23/2016,ProShares Ultra Nasdaq Biotechnology,BIB,51.15,51.09,0.11744,0.06,10100,516615000
08/22/2016,ProShares Ultra Nasdaq Biotechnology,BIB,51.09,49.14,3.96825,1.95,10100,516009000
08/19/2016,ProShares Ultra Nasdaq Biotechnology,BIB,49.14,49.57,-0.86746,-0.43,10100,496314000
08/18/2016,ProShares Ultra Nasdaq Biotechnology,BIB,49.57,49.33,0.48652,0.24,10100,500657000
08/17/2016,ProShares Ultra Nasdaq Biotechnology,BIB,49.33,49.4,-0.14170,-0.07,10100,498233000
08/16/2016,ProShares Ultra Nasdaq Biotechnology,BIB,49.4,50.89,-2.92788,-1.49,10100,498940000
08/15/2016,ProShares Ultra Nasdaq Biotechnology,BIB,50.89,49.93,1.92269,0.96,10100,513989000
08/12/2016,ProShares Ultra Nasdaq Biotechnology,BIB,49.93,49.73,0.40217,0.2,10100,504293000
08/11/2016,ProShares Ultra Nasdaq Biotechnology,BIB,49.73,48.67,2.17793,1.06,10200,507246000
08/10/2016,ProShares Ultra Nasdaq Biotechnology,BIB,48.67,50.69,-3.98501,-2.02,10200,496434000
08/09/2016,ProShares Ultra Nasdaq Biotechnology,BIB,50.69,50.55,0.27695,0.14,10200,517038000
08/08/2016,ProShares Ultra Nasdaq Biotechnology,BIB,50.55,51.64,-2.11077,-1.09,9850,497917500
08/05/2016,ProShares Ultra Nasdaq Biotechnology,BIB,51.64,51.11,1.03698,0.53,9850,508654000
08/04/2016,ProShares Ultra Nasdaq Biotechnology,BIB,51.11,51.85,-1.42719,-0.74,9750,498322500
08/03/2016,ProShares Ultra Nasdaq Biotechnology,BIB,51.85,50.74,2.18762,1.11,9750,505537500
08/02/2016,ProShares Ultra Nasdaq Biotechnology,BIB,50.74,50.56,0.35601,0.18,9750,494715000
08/01/2016,ProShares Ultra Nasdaq Biotechnology,BIB,50.56,48.95,3.28907,1.61,9950,503072000
07/29/2016,ProShares Ultra Nasdaq Biotechnology,BIB,48.95,48.34,1.26189,0.61,9950,487052500
07/28/2016,ProShares Ultra Nasdaq Biotechnology,BIB,48.34,48.13,0.43632,0.21,9950,480983000
07/27/2016,ProShares Ultra Nasdaq Biotechnology,BIB,48.13,45.89,4.88124,2.24,10100,486113000
07/26/2016,ProShares Ultra Nasdaq Biotechnology,BIB,45.89,46.54,-1.39665,-0.65,10100,463489000
07/25/2016,ProShares Ultra Nasdaq Biotechnology,BIB,46.54,46.12,0.91067,0.42,10250,477035000
07/22/2016,ProShares Ultra Nasdaq Biotechnology,BIB,46.12,45.9,0.47930,0.22,10250,472730000
07/21/2016,ProShares Ultra Nasdaq Biotechnology,BIB,45.9,44.77,2.52401,1.13,10250,470475000
07/20/2016,ProShares Ultra Nasdaq Biotechnology,BIB,44.77,42.61,5.06923,2.16,10250,458892500
07/19/2016,ProShares Ultra Nasdaq Biotechnology,BIB,42.61,43.78,-2.67245,-1.17,10450,445274500
07/18/2016,ProShares Ultra Nasdaq Biotechnology,BIB,43.78,43.48,0.68997,0.3,10450,457501000
07/15/2016,ProShares Ultra Nasdaq Biotechnology,BIB,43.48,42.26,2.88689,1.22,10550,458714000
07/14/2016,ProShares Ultra Nasdaq Biotechnology,BIB,42.26,42,0.61905,0.26,10850,458521000
07/13/2016,ProShares Ultra Nasdaq Biotechnology,BIB,42,43.5,-3.44828,-1.5,10850,455700000
07/12/2016,ProShares Ultra Nasdaq Biotechnology,BIB,43.5,42.87,1.46956,0.63,10950,476325000
07/11/2016,ProShares Ultra Nasdaq Biotechnology,BIB,42.87,43.05,-0.41812,-0.18,10950,469426500
07/08/2016,ProShares Ultra Nasdaq Biotechnology,BIB,43.05,42.04,2.40247,1.01,11050,475702500
07/07/2016,ProShares Ultra Nasdaq Biotechnology,BIB,42.04,41.53,1.22803,0.51,11250,472950000
07/06/2016,ProShares Ultra Nasdaq Biotechnology,BIB,41.53,39.69,4.63593,1.84,11250,467212500
07/05/2016,ProShares Ultra Nasdaq Biotechnology,BIB,39.69,40.47,-1.92735,-0.78,11250,446512500
07/01/2016,ProShares Ultra Nasdaq Biotechnology,BIB,40.47,38.89,4.06274,1.58,11400,461358000
06/30/2016,ProShares Ultra Nasdaq Biotechnology,BIB,38.89,38.45,1.14434,0.44,11400,443346000
06/29/2016,ProShares Ultra Nasdaq Biotechnology,BIB,38.45,36.85,4.34193,1.6,11400,438330000
06/28/2016,ProShares Ultra Nasdaq Biotechnology,BIB,36.85,34.25,7.59124,2.6,11400,420090000
06/27/2016,ProShares Ultra Nasdaq Biotechnology,BIB,34.25,36.51,-6.19008,-2.26,11050,378462500
06/24/2016,ProShares Ultra Nasdaq Biotechnology,BIB,36.51,40.54,-9.94080,-4.03,11050,403435500
06/23/2016,ProShares Ultra Nasdaq Biotechnology,BIB,40.54,38.83,4.40381,1.71,10900,441886000
06/22/2016,ProShares Ultra Nasdaq Biotechnology,BIB,38.83,38.31,1.35735,0.52,10900,423247000
06/21/2016,ProShares Ultra Nasdaq Biotechnology,BIB,38.31,39.54,-3.11077,-1.23,10800,413748000
06/20/2016,ProShares Ultra Nasdaq Biotechnology,BIB,39.54,38.88,1.69753,0.66,10450,413193000
06/17/2016,ProShares Ultra Nasdaq Biotechnology,BIB,38.88,40.55,-4.11837,-1.67,10450,406296000
06/16/2016,ProShares Ultra Nasdaq Biotechnology,BIB,40.55,40.62,-0.17233,-0.07,10450,423747500
06/15/2016,ProShares Ultra Nasdaq Biotechnology,BIB,40.62,40.78,-0.39235,-0.16,10450,424479000
06/14/2016,ProShares Ultra Nasdaq Biotechnology,BIB,40.78,41.25,-1.13939,-0.47,10450,426151000
06/13/2016,ProShares Ultra Nasdaq Biotechnology,BIB,41.25,42.3,-2.48227,-1.05,10450,431062500
06/10/2016,ProShares Ultra Nasdaq Biotechnology,BIB,42.3,44.22,-4.34193,-1.92,10450,442035000
06/09/2016,ProShares Ultra Nasdaq Biotechnology,BIB,44.22,45.88,-3.61813,-1.66,10450,462099000
06/08/2016,ProShares Ultra Nasdaq Biotechnology,BIB,45.88,45.95,-0.15234,-0.07,10450,479446000
06/07/2016,ProShares Ultra Nasdaq Biotechnology,BIB,45.95,48.41,-5.08159,-2.46,10450,480177500
06/06/2016,ProShares Ultra Nasdaq Biotechnology,BIB,48.41,46.99,3.02192,1.42,10450,505884500
06/03/2016,ProShares Ultra Nasdaq Biotechnology,BIB,46.99,48.49,-3.09342,-1.5,10450,491045500
06/02/2016,ProShares Ultra Nasdaq Biotechnology,BIB,48.49,46.77,3.67757,1.72,10450,506720500
06/01/2016,ProShares Ultra Nasdaq Biotechnology,BIB,46.77,46.29,1.03694,0.48,10450,488746500
05/31/2016,ProShares Ultra Nasdaq Biotechnology,BIB,46.29,45.15,2.52492,1.14,10450,483730500
05/27/2016,ProShares Ultra Nasdaq Biotechnology,BIB,45.15,44.31,1.89573,0.84,10450,471817500
05/26/2016,ProShares Ultra Nasdaq Biotechnology,BIB,44.31,44.84,-1.18198,-0.53,10550,467470500
05/25/2016,ProShares Ultra Nasdaq Biotechnology,BIB,44.84,43.84,2.28102,1,10700,479788000
05/24/2016,ProShares Ultra Nasdaq Biotechnology,BIB,43.84,41.92,4.58015,1.92,10700,469088000
05/23/2016,ProShares Ultra Nasdaq Biotechnology,BIB,41.92,41.41,1.23159,0.51,10700,448544000
05/20/2016,ProShares Ultra Nasdaq Biotechnology,BIB,41.41,39.77,4.12371,1.64,10700,443087000
05/19/2016,ProShares Ultra Nasdaq Biotechnology,BIB,39.77,40.95,-2.88156,-1.18,10700,425539000
05/18/2016,ProShares Ultra Nasdaq Biotechnology,BIB,40.95,39.87,2.70880,1.08,10700,438165000
05/17/2016,ProShares Ultra Nasdaq Biotechnology,BIB,39.87,40.61,-1.82221,-0.74,10700,426609000
05/16/2016,ProShares Ultra Nasdaq Biotechnology,BIB,40.61,38.31,6.00365,2.3,10600,430466000
05/13/2016,ProShares Ultra Nasdaq Biotechnology,BIB,38.31,37.65,1.75299,0.66,10600,406086000
05/12/2016,ProShares Ultra Nasdaq Biotechnology,BIB,37.65,38.96,-3.36242,-1.31,10550,397207500
05/11/2016,ProShares Ultra Nasdaq Biotechnology,BIB,38.96,41.52,-6.16570,-2.56,10500,409080000
05/10/2016,ProShares Ultra Nasdaq Biotechnology,BIB,41.52,40.78,1.81462,0.74,10500,435960000
05/09/2016,ProShares Ultra Nasdaq Biotechnology,BIB,40.78,38.87,4.91382,1.91,10400,424112000
05/06/2016,ProShares Ultra Nasdaq Biotechnology,BIB,38.87,39.96,-2.72773,-1.09,10400,404248000
05/05/2016,ProShares Ultra Nasdaq Biotechnology,BIB,39.96,39.66,0.75643,0.3,10400,415584000
05/04/2016,ProShares Ultra Nasdaq Biotechnology,BIB,39.66,42.14,-5.88514,-2.48,10400,412464000
05/03/2016,ProShares Ultra Nasdaq Biotechnology,BIB,42.14,43.82,-3.83387,-1.68,10400,438256000
05/02/2016,ProShares Ultra Nasdaq Biotechnology,BIB,43.82,42.88,2.19216,0.94,10400,455728000
04/29/2016,ProShares Ultra Nasdaq Biotechnology,BIB,42.88,45.24,-5.21662,-2.36,10400,445952000
04/28/2016,ProShares Ultra Nasdaq Biotechnology,BIB,45.24,46.05,-1.75896,-0.81,10400,470496000
04/27/2016,ProShares Ultra Nasdaq Biotechnology,BIB,46.05,47.29,-2.62212,-1.24,10400,478920000
04/26/2016,ProShares Ultra Nasdaq Biotechnology,BIB,47.29,48.77,-3.03465,-1.48,10400,491816000
04/25/2016,ProShares Ultra Nasdaq Biotechnology,BIB,48.77,49.64,-1.75262,-0.87,10350,504769500
04/22/2016,ProShares Ultra Nasdaq Biotechnology,BIB,49.64,49.36,0.56726,0.28,10350,513774000
04/21/2016,ProShares Ultra Nasdaq Biotechnology,BIB,49.36,46.7,5.69593,2.66,10350,510876000
04/20/2016,ProShares Ultra Nasdaq Biotechnology,BIB,46.7,46.67,0.06428,0.03,10350,483345000
04/19/2016,ProShares Ultra Nasdaq Biotechnology,BIB,46.67,48.55,-3.87230,-1.88,10350,483034500
04/18/2016,ProShares Ultra Nasdaq Biotechnology,BIB,48.55,47.12,3.03480,1.43,10350,502492500
04/15/2016,ProShares Ultra Nasdaq Biotechnology,BIB,47.12,47.44,-0.67454,-0.32,10450,492404000
04/14/2016,ProShares Ultra Nasdaq Biotechnology,BIB,47.44,47.31,0.27478,0.13,10450,495748000
04/13/2016,ProShares Ultra Nasdaq Biotechnology,BIB,47.31,45.55,3.86389,1.76,10450,494389500
04/12/2016,ProShares Ultra Nasdaq Biotechnology,BIB,45.55,44.54,2.26762,1.01,10350,471442500
04/11/2016,ProShares Ultra Nasdaq Biotechnology,BIB,44.54,46.06,-3.30004,-1.52,10350,460989000
04/08/2016,ProShares Ultra Nasdaq Biotechnology,BIB,46.06,47.09,-2.18730,-1.03,10350,476721000
04/07/2016,ProShares Ultra Nasdaq Biotechnology,BIB,47.09,48.91,-3.72112,-1.82,10350,487381500
04/06/2016,ProShares Ultra Nasdaq Biotechnology,BIB,48.91,43.71,11.89659,5.2,10350,506218500
04/05/2016,ProShares Ultra Nasdaq Biotechnology,BIB,43.71,44.01,-0.68166,-0.3,10350,452398500
04/04/2016,ProShares Ultra Nasdaq Biotechnology,BIB,44.01,43.24,1.78076,0.77,10350,455503500
04/01/2016,ProShares Ultra Nasdaq Biotechnology,BIB,43.24,40.9,5.72127,2.34,10350,447534000
03/31/2016,ProShares Ultra Nasdaq Biotechnology,BIB,40.9,39.17,4.41665,1.73,10500,429450000
03/30/2016,ProShares Ultra Nasdaq Biotechnology,BIB,39.17,39.62,-1.13579,-0.45,10500,411285000
03/29/2016,ProShares Ultra Nasdaq Biotechnology,BIB,39.62,38.27,3.52757,1.35,10500,416010000
03/28/2016,ProShares Ultra Nasdaq Biotechnology,BIB,38.27,39.3,-2.62087,-1.03,10500,401835000
03/24/2016,ProShares Ultra Nasdaq Biotechnology,BIB,39.3,38.88,1.08025,0.42,10500,412650000
03/23/2016,ProShares Ultra Nasdaq Biotechnology,BIB,38.88,41.7,-6.76259,-2.82,10500,408240000
03/22/2016,ProShares Ultra Nasdaq Biotechnology,BIB,41.7,39.64,5.19677,2.06,10500,437850000
03/21/2016,ProShares Ultra Nasdaq Biotechnology,BIB,39.64,38.18,3.82399,1.46,10400,412256000
03/18/2016,ProShares Ultra Nasdaq Biotechnology,BIB,38.18,36.86,3.58112,1.32,9950,379891000
03/17/2016,ProShares Ultra Nasdaq Biotechnology,BIB,36.86,37.78,-2.43515,-0.92,9950,366757000
03/16/2016,ProShares Ultra Nasdaq Biotechnology,BIB,37.78,38.16,-0.99581,-0.38,9950,375911000
03/15/2016,ProShares Ultra Nasdaq Biotechnology,BIB,38.16,41.35,-7.71463,-3.19,9950,379692000
03/14/2016,ProShares Ultra Nasdaq Biotechnology,BIB,41.35,41.49,-0.33743,-0.14,9950,411432500
03/11/2016,ProShares Ultra Nasdaq Biotechnology,BIB,41.49,39.37,5.38481,2.12,9950,412825500
03/10/2016,ProShares Ultra Nasdaq Biotechnology,BIB,39.37,40,-1.57500,-0.63,9950,391731500
03/09/2016,ProShares Ultra Nasdaq Biotechnology,BIB,40,40.95,-2.31990,-0.95,9950,398000000
03/08/2016,ProShares Ultra Nasdaq Biotechnology,BIB,40.95,44.1,-7.14286,-3.15,9950,407452500
03/07/2016,ProShares Ultra Nasdaq Biotechnology,BIB,44.1,42.05,4.87515,2.05,9950,438795000
03/04/2016,ProShares Ultra Nasdaq Biotechnology,BIB,42.05,42.35,-0.70838,-0.3,10000,420500000
03/03/2016,ProShares Ultra Nasdaq Biotechnology,BIB,42.35,43.58,-2.82240,-1.23,10000,423500000
03/02/2016,ProShares Ultra Nasdaq Biotechnology,BIB,43.58,42.69,2.08480,0.89,10000,435800000
03/01/2016,ProShares Ultra Nasdaq Biotechnology,BIB,42.69,39.29,8.65360,3.4,10150,433303500
02/29/2016,ProShares Ultra Nasdaq Biotechnology,BIB,39.29,41.55,-5.43923,-2.26,10200,400758000
02/26/2016,ProShares Ultra Nasdaq Biotechnology,BIB,41.55,40.9,1.58924,0.65,10200,423810000
02/25/2016,ProShares Ultra Nasdaq Biotechnology,BIB,40.9,40.76,0.34347,0.14,10200,417180000
02/24/2016,ProShares Ultra Nasdaq Biotechnology,BIB,40.76,40.33,1.06620,0.43,10200,415752000
02/23/2016,ProShares Ultra Nasdaq Biotechnology,BIB,40.33,42.36,-4.79226,-2.03,10250,413382500
02/22/2016,ProShares Ultra Nasdaq Biotechnology,BIB,42.36,41.69,1.60710,0.67,10200,432072000
02/19/2016,ProShares Ultra Nasdaq Biotechnology,BIB,41.69,40.95,1.80708,0.74,10200,425238000
02/18/2016,ProShares Ultra Nasdaq Biotechnology,BIB,40.95,43.22,-5.25220,-2.27,10200,417690000
02/17/2016,ProShares Ultra Nasdaq Biotechnology,BIB,43.22,40.79,5.95734,2.43,10200,440844000
02/16/2016,ProShares Ultra Nasdaq Biotechnology,BIB,40.79,38.48,6.00312,2.31,10200,416058000
02/12/2016,ProShares Ultra Nasdaq Biotechnology,BIB,38.48,36.38,5.77240,2.1,10350,398268000
02/11/2016,ProShares Ultra Nasdaq Biotechnology,BIB,36.38,38.16,-4.66457,-1.78,10450,380171000
02/10/2016,ProShares Ultra Nasdaq Biotechnology,BIB,38.16,37.62,1.43541,0.54,10450,398772000
02/09/2016,ProShares Ultra Nasdaq Biotechnology,BIB,37.62,37.55,0.18642,0.07,10600,398772000
02/08/2016,ProShares Ultra Nasdaq Biotechnology,BIB,37.55,40.12,-6.40578,-2.57,10600,398030000
02/05/2016,ProShares Ultra Nasdaq Biotechnology,BIB,40.12,42.88,-6.43657,-2.76,10750,431290000
02/04/2016,ProShares Ultra Nasdaq Biotechnology,BIB,42.88,42.65,0.53927,0.23,10750,460960000
02/03/2016,ProShares Ultra Nasdaq Biotechnology,BIB,42.65,41.63,2.45016,1.02,10750,458487500
02/02/2016,ProShares Ultra Nasdaq Biotechnology,BIB,41.63,44.23,-5.87836,-2.6,10750,447522500
02/01/2016,ProShares Ultra Nasdaq Biotechnology,BIB,44.23,43.8,0.98174,0.43,10750,475472500
01/29/2016,ProShares Ultra Nasdaq Biotechnology,BIB,43.8,42.6,2.81690,1.2,10750,470850000
01/28/2016,ProShares Ultra Nasdaq Biotechnology,BIB,42.6,45.83,-7.04779,-3.23,10750,457950000
01/27/2016,ProShares Ultra Nasdaq Biotechnology,BIB,45.83,48.93,-6.33558,-3.1,10750,492672500
01/26/2016,ProShares Ultra Nasdaq Biotechnology,BIB,48.93,49.35,-0.85106,-0.42,10750,525997500
01/25/2016,ProShares Ultra Nasdaq Biotechnology,BIB,49.35,51.04,-3.31113,-1.69,10700,528045000
01/22/2016,ProShares Ultra Nasdaq Biotechnology,BIB,51.04,47.95,6.44421,3.09,10700,546128000
01/21/2016,ProShares Ultra Nasdaq Biotechnology,BIB,47.95,50.17,-4.42496,-2.22,10700,513065000
01/20/2016,ProShares Ultra Nasdaq Biotechnology,BIB,50.17,47.62,5.35489,2.55,10700,536819000
01/19/2016,ProShares Ultra Nasdaq Biotechnology,BIB,47.62,49.8,-4.37751,-2.18,10700,509534000
01/15/2016,ProShares Ultra Nasdaq Biotechnology,BIB,49.8,52.5,-5.14286,-2.7,10700,532860000
01/14/2016,ProShares Ultra Nasdaq Biotechnology,BIB,52.5,48.58,8.06916,3.92,10700,561750000
01/13/2016,ProShares Ultra Nasdaq Biotechnology,BIB,48.58,54.37,-10.64926,-5.79,10700,519806000
01/12/2016,ProShares Ultra Nasdaq Biotechnology,BIB,54.37,52.81,2.95399,1.56,10550,573603500
01/11/2016,ProShares Ultra Nasdaq Biotechnology,BIB,52.81,56.68,-6.82781,-3.87,10500,554505000
01/08/2016,ProShares Ultra Nasdaq Biotechnology,BIB,56.68,58.95,-3.85072,-2.27,10500,595140000
01/07/2016,ProShares Ultra Nasdaq Biotechnology,BIB,58.95,64.22,-8.20617,-5.27,10500,618975000
01/06/2016,ProShares Ultra Nasdaq Biotechnology,BIB,64.22,66.61,-3.58805,-2.39,10500,674310000
01/05/2016,ProShares Ultra Nasdaq Biotechnology,BIB,66.61,66.82,-0.31428,-0.21,10500,699405000
01/04/2016,ProShares Ultra Nasdaq Biotechnology,BIB,66.82,71.43,-6.45387,-4.61,10500,701610000
12/31/2015,ProShares Ultra Nasdaq Biotechnology,BIB,71.43,72.48,-1.44868,-1.05,10500,750015000
12/30/2015,ProShares Ultra Nasdaq Biotechnology,BIB,72.48,73.47,-1.34749,-0.99,10550,764664000
12/29/2015,ProShares Ultra Nasdaq Biotechnology,BIB,73.47,70.91,3.61021,2.56,10600,778782000
12/28/2015,ProShares Ultra Nasdaq Biotechnology,BIB,70.91,72.09,-1.63684,-1.18,10600,751646000
12/24/2015,ProShares Ultra Nasdaq Biotechnology,BIB,72.09,71.61,0.67030,0.48,10800,778572000
12/23/2015,ProShares Ultra Nasdaq Biotechnology,BIB,71.61,69.09,3.64742,2.52,10800,773388000
12/22/2015,ProShares Ultra Nasdaq Biotechnology,BIB,69.09,68.92,0.24666,0.17,10850,749626500
12/21/2015,ProShares Ultra Nasdaq Biotechnology,BIB,68.92,68.02,1.32314,0.9,10850,747782000
12/18/2015,ProShares Ultra Nasdaq Biotechnology,BIB,68.02,68.8,-1.13372,-0.78,10850,738017000
12/17/2015,ProShares Ultra Nasdaq Biotechnology,BIB,68.8,71.17,-3.33005,-2.37,10850,746480000
12/16/2015,ProShares Ultra Nasdaq Biotechnology,BIB,71.17,68.04,4.60024,3.13,11000,782870000
12/15/2015,ProShares Ultra Nasdaq Biotechnology,BIB,68.04,64.4,5.65217,3.64,11000,748440000
12/14/2015,ProShares Ultra Nasdaq Biotechnology,BIB,64.4,64.04,0.56215,0.36,11000,708400000
12/11/2015,ProShares Ultra Nasdaq Biotechnology,BIB,64.04,67.9,-5.68483,-3.86,11000,704440000
12/10/2015,ProShares Ultra Nasdaq Biotechnology,BIB,67.9,66.24,2.50604,1.66,11000,746900000
12/09/2015,ProShares Ultra Nasdaq Biotechnology,BIB,66.24,68.46,-3.24277,-2.22,11000,728640000
12/08/2015,ProShares Ultra Nasdaq Biotechnology,BIB,68.46,65.99,3.74299,2.47,11100,759906000
12/07/2015,ProShares Ultra Nasdaq Biotechnology,BIB,65.99,68.99,-4.34846,-3,11100,732489000
12/04/2015,ProShares Ultra Nasdaq Biotechnology,BIB,68.99,65.13,5.92661,3.86,11100,765789000
12/03/2015,ProShares Ultra Nasdaq Biotechnology,BIB,65.13,69.92,-6.85069,-4.79,11100,722943000
12/02/2015,ProShares Ultra Nasdaq Biotechnology,BIB,69.92,71,-1.52113,-1.08,11100,776112000
12/01/2015,ProShares Ultra Nasdaq Biotechnology,BIB,71,70.24,1.08200,0.76,11100,788100000
11/30/2015,ProShares Ultra Nasdaq Biotechnology,BIB,70.24,73.03,-3.82035,-2.79,11100,779664000
11/27/2015,ProShares Ultra Nasdaq Biotechnology,BIB,73.03,72.13,1.24775,0.9,11100,810633000
11/25/2015,ProShares Ultra Nasdaq Biotechnology,BIB,72.13,70.66,2.08038,1.47,11100,800643000
11/24/2015,ProShares Ultra Nasdaq Biotechnology,BIB,70.66,70.87,-0.29632,-0.21,11100,784326000
11/23/2015,ProShares Ultra Nasdaq Biotechnology,BIB,70.87,69.85,1.46027,1.02,11100,786657000
11/20/2015,ProShares Ultra Nasdaq Biotechnology,BIB,69.85,69.93,-0.11440,-0.08,11100,775335000
11/19/2015,ProShares Ultra Nasdaq Biotechnology,BIB,69.93,72.15,-3.07692,-2.22,11050,772726500
11/18/2015,ProShares Ultra Nasdaq Biotechnology,BIB,72.15,68.17,5.83835,3.98,11200,808080000
11/17/2015,ProShares Ultra Nasdaq Biotechnology,BIB,68.17,66.39,2.68113,1.78,11200,763504000
11/16/2015,ProShares Ultra Nasdaq Biotechnology,BIB,66.39,65.95,0.66717,0.44,11200,743568000
11/13/2015,ProShares Ultra Nasdaq Biotechnology,BIB,65.95,64.55,2.16886,1.4,11200,738640000
11/12/2015,ProShares Ultra Nasdaq Biotechnology,BIB,64.55,67.34,-4.14315,-2.79,11350,732642500
11/11/2015,ProShares Ultra Nasdaq Biotechnology,BIB,67.34,69.35,-2.89834,-2.01,11350,764309000
11/10/2015,ProShares Ultra Nasdaq Biotechnology,BIB,69.35,68.79,0.81407,0.56,11350,787122500
11/09/2015,ProShares Ultra Nasdaq Biotechnology,BIB,68.79,68.69,0.14558,0.1,11350,780766500
11/06/2015,ProShares Ultra Nasdaq Biotechnology,BIB,68.69,69.17,-0.69394,-0.48,11350,779631500
11/05/2015,ProShares Ultra Nasdaq Biotechnology,BIB,69.17,71.86,-3.74339,-2.69,11350,785079500
11/04/2015,ProShares Ultra Nasdaq Biotechnology,BIB,71.86,72.39,-0.73215,-0.53,11350,815611000
11/03/2015,ProShares Ultra Nasdaq Biotechnology,BIB,72.39,72.17,0.30484,0.22,11350,821626500
11/02/2015,ProShares Ultra Nasdaq Biotechnology,BIB,72.17,67.01,7.70034,5.16,11350,819129500
10/30/2015,ProShares Ultra Nasdaq Biotechnology,BIB,67.01,68.27,-1.84561,-1.26,11300,757213000
10/29/2015,ProShares Ultra Nasdaq Biotechnology,BIB,68.27,69.41,-1.64241,-1.14,11300,771451000
10/28/2015,ProShares Ultra Nasdaq Biotechnology,BIB,69.41,67.63,2.63197,1.78,11300,784333000
10/27/2015,ProShares Ultra Nasdaq Biotechnology,BIB,67.63,63.75,6.08627,3.88,11300,764219000
10/26/2015,ProShares Ultra Nasdaq Biotechnology,BIB,63.75,62.89,1.36747,0.86,11350,723562500
10/23/2015,ProShares Ultra Nasdaq Biotechnology,BIB,62.89,59.35,5.96462,3.54,11350,713801500
10/22/2015,ProShares Ultra Nasdaq Biotechnology,BIB,59.35,58.69,1.12455,0.66,11450,679557500
10/21/2015,ProShares Ultra Nasdaq Biotechnology,BIB,58.69,59.28,-0.99528,-0.59,11300,663197000
10/20/2015,ProShares Ultra Nasdaq Biotechnology,BIB,59.28,63.33,-6.39507,-4.05,11300,669864000
10/19/2015,ProShares Ultra Nasdaq Biotechnology,BIB,63.33,62.64,1.10153,0.69,11200,709296000
10/16/2015,ProShares Ultra Nasdaq Biotechnology,BIB,62.64,62.78,-0.22300,-0.14,11200,701568000
10/15/2015,ProShares Ultra Nasdaq Biotechnology,BIB,62.78,57.73,8.74762,5.05,11300,709414000
10/14/2015,ProShares Ultra Nasdaq Biotechnology,BIB,57.73,56.71,1.79862,1.02,11300,652349000
10/13/2015,ProShares Ultra Nasdaq Biotechnology,BIB,56.71,60.6,-6.41914,-3.89,11300,640823000
10/12/2015,ProShares Ultra Nasdaq Biotechnology,BIB,60.6,60.54,0.09911,0.06,11400,690840000
10/09/2015,ProShares Ultra Nasdaq Biotechnology,BIB,60.54,59.91,1.05158,0.63,11450,693183000
10/08/2015,ProShares Ultra Nasdaq Biotechnology,BIB,59.91,60.24,-0.54781,-0.33,11450,685969500
10/07/2015,ProShares Ultra Nasdaq Biotechnology,BIB,60.24,57.9,4.04145,2.34,11450,689748000
10/06/2015,ProShares Ultra Nasdaq Biotechnology,BIB,57.9,62.59,-7.49321,-4.69,11450,662955000
10/05/2015,ProShares Ultra Nasdaq Biotechnology,BIB,62.59,63.47,-1.38648,-0.88,11250,704137500
10/02/2015,ProShares Ultra Nasdaq Biotechnology,BIB,63.47,59.53,6.61851,3.94,11250,714037500
10/01/2015,ProShares Ultra Nasdaq Biotechnology,BIB,59.53,58.55,1.67378,0.98,11350,675665500
09/30/2015,ProShares Ultra Nasdaq Biotechnology,BIB,58.55,53.68,9.07228,4.87,11100,649905000
09/29/2015,ProShares Ultra Nasdaq Biotechnology,BIB,53.68,54.26,-1.06893,-0.58,11100,595848000
09/28/2015,ProShares Ultra Nasdaq Biotechnology,BIB,54.26,61.8,-12.20065,-7.54,11400,618564000
09/25/2015,ProShares Ultra Nasdaq Biotechnology,BIB,61.8,68.7,-10.04367,-6.9,11300,698340000
09/24/2015,ProShares Ultra Nasdaq Biotechnology,BIB,68.7,71.56,-3.99665,-2.86,10900,748830000
09/23/2015,ProShares Ultra Nasdaq Biotechnology,BIB,71.56,72.45,-1.22843,-0.89,10900,780004000
09/22/2015,ProShares Ultra Nasdaq Biotechnology,BIB,72.45,74.9,-3.27103,-2.45,10900,789705000
09/21/2015,ProShares Ultra Nasdaq Biotechnology,BIB,74.9,82.22,-8.90294,-7.32,10850,812665000
09/18/2015,ProShares Ultra Nasdaq Biotechnology,BIB,82.22,84.96,-3.22505,-2.74,10700,879754000
09/17/2015,ProShares Ultra Nasdaq Biotechnology,BIB,84.96,81.67,4.02841,3.29,10700,909072000
09/16/2015,ProShares Ultra Nasdaq Biotechnology,BIB,81.67,82.48,-0.98206,-0.81,10700,873869000
09/15/2015,ProShares Ultra Nasdaq Biotechnology,BIB,82.48,80.75,2.14241,1.73,10700,882536000
09/14/2015,ProShares Ultra Nasdaq Biotechnology,BIB,80.75,81.51,-0.93240,-0.76,10700,864025000
09/11/2015,ProShares Ultra Nasdaq Biotechnology,BIB,81.51,79.54,2.47674,1.97,10750,876232500
09/10/2015,ProShares Ultra Nasdaq Biotechnology,BIB,79.54,76.69,3.71626,2.85,10900,866986000
09/09/2015,ProShares Ultra Nasdaq Biotechnology,BIB,76.69,80.16,-4.32884,-3.47,10900,835921000
09/08/2015,ProShares Ultra Nasdaq Biotechnology,BIB,80.16,73.91,8.45623,6.25,10900,873744000
09/04/2015,ProShares Ultra Nasdaq Biotechnology,BIB,73.91,74.31,-0.53829,-0.4,11100,820401000
09/03/2015,ProShares Ultra Nasdaq Biotechnology,BIB,74.31,77.58,-4.21500,-3.27,11100,824841000
09/02/2015,ProShares Ultra Nasdaq Biotechnology,BIB,77.58,72.19,7.46641,5.39,11100,861138000
09/01/2015,ProShares Ultra Nasdaq Biotechnology,BIB,72.19,76.02,-5.03815,-3.83,11050,797699500
08/31/2015,ProShares Ultra Nasdaq Biotechnology,BIB,76.02,81.09,-6.25231,-5.07,11050,840021000
08/28/2015,ProShares Ultra Nasdaq Biotechnology,BIB,81.09,79.97,1.40053,1.12,10950,887935500
08/27/2015,ProShares Ultra Nasdaq Biotechnology,BIB,79.97,76.23,4.90620,3.74,10950,875671500
08/26/2015,ProShares Ultra Nasdaq Biotechnology,BIB,76.23,69.17,10.20674,7.06,10950,834718500
08/25/2015,ProShares Ultra Nasdaq Biotechnology,BIB,69.17,68.64,0.77214,0.53,10950,757411500
08/24/2015,ProShares Ultra Nasdaq Biotechnology,BIB,68.64,75.79,-9.43396,-7.15,10850,744744000
08/21/2015,ProShares Ultra Nasdaq Biotechnology,BIB,75.79,80.7,-6.08426,-4.91,11300,856427000
08/20/2015,ProShares Ultra Nasdaq Biotechnology,BIB,80.7,87.82,-8.10749,-7.12,11300,911910000
08/19/2015,ProShares Ultra Nasdaq Biotechnology,BIB,87.82,89.01,-1.33693,-1.19,11300,992366000
08/18/2015,ProShares Ultra Nasdaq Biotechnology,BIB,89.01,90.77,-1.93897,-1.76,11250,1001362500
08/17/2015,ProShares Ultra Nasdaq Biotechnology,BIB,90.77,87.13,4.17767,3.64,11250,1021162500
08/14/2015,ProShares Ultra Nasdaq Biotechnology,BIB,87.13,88.14,-1.14590,-1.01,11200,975856000
08/13/2015,ProShares Ultra Nasdaq Biotechnology,BIB,88.14,89.87,-1.92500,-1.73,11200,987168000
08/12/2015,ProShares Ultra Nasdaq Biotechnology,BIB,89.87,88.56,1.47922,1.31,11200,1006544000
08/11/2015,ProShares Ultra Nasdaq Biotechnology,BIB,88.56,90.66,-2.31635,-2.1,11250,996300000
08/10/2015,ProShares Ultra Nasdaq Biotechnology,BIB,90.66,89.32,1.50022,1.34,11250,1019925000
08/07/2015,ProShares Ultra Nasdaq Biotechnology,BIB,89.32,90.49,-1.29296,-1.17,11050,986986000
08/06/2015,ProShares Ultra Nasdaq Biotechnology,BIB,90.49,98.41,-8.04796,-7.92,11050,999914500
08/05/2015,ProShares Ultra Nasdaq Biotechnology,BIB,98.41,97.02,1.43269,1.39,10750,1057907500
08/04/2015,ProShares Ultra Nasdaq Biotechnology,BIB,97.02,96.32,0.72674,0.7,10750,1042965000
08/03/2015,ProShares Ultra Nasdaq Biotechnology,BIB,96.32,96.29,0.03116,0.03,10750,1035440000
07/31/2015,ProShares Ultra Nasdaq Biotechnology,BIB,96.29,94.48,1.91575,1.81,10400,1001416000
07/30/2015,ProShares Ultra Nasdaq Biotechnology,BIB,94.48,93.91,0.60696,0.57,10400,982592000
07/29/2015,ProShares Ultra Nasdaq Biotechnology,BIB,93.91,96.45,-2.63349,-2.54,10400,976664000
07/28/2015,ProShares Ultra Nasdaq Biotechnology,BIB,96.45,92.04,4.79140,4.41,10200,983790000
07/27/2015,ProShares Ultra Nasdaq Biotechnology,BIB,92.04,94.11,-2.19955,-2.07,10050,925002000
07/24/2015,ProShares Ultra Nasdaq Biotechnology,BIB,94.11,102.39,-8.08673,-8.28,10050,945805500
07/23/2015,ProShares Ultra Nasdaq Biotechnology,BIB,102.39,102.75,-0.35036,-0.36,10050,1029019500
07/22/2015,ProShares Ultra Nasdaq Biotechnology,BIB,102.75,103.3,-0.53243,-0.55,10050,1032637500
07/21/2015,ProShares Ultra Nasdaq Biotechnology,BIB,103.3,104.6,-1.24283,-1.3,10050,1038165000
07/20/2015,ProShares Ultra Nasdaq Biotechnology,BIB,104.6,104.44,0.15320,0.16,10050,1051230000
07/17/2015,ProShares Ultra Nasdaq Biotechnology,BIB,104.44,103.39,1.01557,1.05,10050,1049622000
07/16/2015,ProShares Ultra Nasdaq Biotechnology,BIB,103.39,100.73,2.64072,2.66,10100,1044239000
07/15/2015,ProShares Ultra Nasdaq Biotechnology,BIB,100.73,99.38,1.35842,1.35,10100,1017373000
07/14/2015,ProShares Ultra Nasdaq Biotechnology,BIB,99.38,95.03,4.57750,4.35,10350,1028583000
07/13/2015,ProShares Ultra Nasdaq Biotechnology,BIB,95.03,91.79,3.52980,3.24,10350,983560500
07/10/2015,ProShares Ultra Nasdaq Biotechnology,BIB,91.79,89.02,3.11166,2.77,10350,950026500
07/09/2015,ProShares Ultra Nasdaq Biotechnology,BIB,89.02,87.09,2.21610,1.93,10350,921357000
07/08/2015,ProShares Ultra Nasdaq Biotechnology,BIB,87.09,92.25,-5.59350,-5.16,10300,897027000
07/07/2015,ProShares Ultra Nasdaq Biotechnology,BIB,92.25,91.77,0.52305,0.48,10300,950175000
07/06/2015,ProShares Ultra Nasdaq Biotechnology,BIB,91.77,90.82,1.04603,0.95,10300,945231000
07/02/2015,ProShares Ultra Nasdaq Biotechnology,BIB,90.82,90.71,0.12127,0.11,10300,935446000
07/01/2015,ProShares Ultra Nasdaq Biotechnology,BIB,90.71,90.26,0.49856,0.45,10300,934313000
06/30/2015,ProShares Ultra Nasdaq Biotechnology,BIB,90.26,86.38,4.49178,3.88,10050,907113000
06/29/2015,ProShares Ultra Nasdaq Biotechnology,BIB,86.38,92.07,-6.18008,-5.69,10000,863800000
06/26/2015,ProShares Ultra Nasdaq Biotechnology,BIB,92.07,93.71,-1.75008,-1.64,10000,920700000
06/25/2015,ProShares Ultra Nasdaq Biotechnology,BIB,93.71,94.49,-0.82548,-0.78,10000,937100000
06/24/2015,ProShares Ultra Nasdaq Biotechnology,BIB,94.49,97.49,-3.07724,-3,10000,944900000
06/23/2015,ProShares Ultra Nasdaq Biotechnology,BIB,97.49,97.42,0.07185,0.07,10000,974900000
06/22/2015,ProShares Ultra Nasdaq Biotechnology,BIB,97.42,94.57,3.01364,2.85,10000,974200000
06/19/2015,ProShares Ultra Nasdaq Biotechnology,BIB,94.57,94.53,0.04231,0.04,10050,950428500
06/18/2015,ProShares Ultra Nasdaq Biotechnology,BIB,94.53,89.27,5.89224,5.26,10100,954753000
06/17/2015,ProShares Ultra Nasdaq Biotechnology,BIB,89.27,88.22,1.19021,1.05,10400,928408000
06/16/2015,ProShares Ultra Nasdaq Biotechnology,BIB,88.22,87.84,0.43260,0.38,10400,917488000
06/15/2015,ProShares Ultra Nasdaq Biotechnology,BIB,87.84,87.91,-0.07963,-0.07,10400,913536000
06/12/2015,ProShares Ultra Nasdaq Biotechnology,BIB,87.91,90.05,-2.37646,-2.14,10400,914264000
06/11/2015,ProShares Ultra Nasdaq Biotechnology,BIB,90.05,88.86,1.33919,1.19,10400,936520000
06/10/2015,ProShares Ultra Nasdaq Biotechnology,BIB,88.86,86.99,2.14967,1.87,10500,933030000
06/09/2015,ProShares Ultra Nasdaq Biotechnology,BIB,86.99,88.44,-1.63953,-1.45,10500,913395000
06/08/2015,ProShares Ultra Nasdaq Biotechnology,BIB,88.44,89.56,-1.25056,-1.12,10500,928620000
06/05/2015,ProShares Ultra Nasdaq Biotechnology,BIB,89.56,87.52,2.33090,2.04,10800,967248000
06/04/2015,ProShares Ultra Nasdaq Biotechnology,BIB,87.52,88.58,-1.19666,-1.06,10800,945216000
06/03/2015,ProShares Ultra Nasdaq Biotechnology,BIB,88.58,87.79,0.89987,0.79,10850,961093000
06/02/2015,ProShares Ultra Nasdaq Biotechnology,BIB,87.79,88.51,-0.81347,-0.72,10850,952521500
06/01/2015,ProShares Ultra Nasdaq Biotechnology,BIB,88.51,88.62,-0.12413,-0.11,11000,973610000
05/29/2015,ProShares Ultra Nasdaq Biotechnology,BIB,88.62,88.62,0.00000,0,11050,979251000
05/28/2015,ProShares Ultra Nasdaq Biotechnology,BIB,88.62,89.48,-0.96111,-0.86,11050,979251000
05/27/2015,ProShares Ultra Nasdaq Biotechnology,BIB,89.48,86.44,3.51689,3.04,11200,1002176000
05/26/2015,ProShares Ultra Nasdaq Biotechnology,BIB,86.44,88.36,-2.17293,-1.92,11200,968128000
05/22/2015,ProShares Ultra Nasdaq Biotechnology,BIB,88.36,87.98,0.43192,0.38,11300,998468000
05/21/2015,ProShares Ultra Nasdaq Biotechnology,BIB,87.98,87.94,0.04549,0.04,11500,1011770000
05/20/2015,ProShares Ultra Nasdaq Biotechnology,BIB,87.94,86.52,1.64124,1.42,11500,1011310000
05/19/2015,ProShares Ultra Nasdaq Biotechnology,BIB,86.52,86.33,0.22009,0.19,11500,994980000
05/18/2015,ProShares Ultra Nasdaq Biotechnology,BIB,86.33,84.235,2.48709,2.095,11400,984162000
05/15/2015,ProShares Ultra Nasdaq Biotechnology,BIB,84.235,84.075,0.19031,0.16,11400,960279000
05/14/2015,ProShares Ultra Nasdaq Biotechnology,BIB,84.075,81.975,2.56176,2.1,11500,966862500
05/13/2015,ProShares Ultra Nasdaq Biotechnology,BIB,81.975,82.42,-0.53992,-0.445,11500,942712500
05/12/2015,ProShares Ultra Nasdaq Biotechnology,BIB,82.42,82.545,-0.15143,-0.125,11500,947830000
05/11/2015,ProShares Ultra Nasdaq Biotechnology,BIB,82.545,82.46,0.10308,0.085,11500,949267500
05/08/2015,ProShares Ultra Nasdaq Biotechnology,BIB,82.46,78.835,4.59821,3.625,11500,948290000
05/07/2015,ProShares Ultra Nasdaq Biotechnology,BIB,78.835,77.435,1.80797,1.4,11500,906602500
05/06/2015,ProShares Ultra Nasdaq Biotechnology,BIB,77.435,76.145,1.69414,1.29,11500,890502500
05/05/2015,ProShares Ultra Nasdaq Biotechnology,BIB,76.145,79.405,-4.10553,-3.26,11200,852824000
05/04/2015,ProShares Ultra Nasdaq Biotechnology,BIB,79.405,78.77,0.80614,0.635,11200,889336000
05/01/2015,ProShares Ultra Nasdaq Biotechnology,BIB,78.77,74.46,5.78834,4.31,11200,882224000
04/30/2015,ProShares Ultra Nasdaq Biotechnology,BIB,74.46,79.36,-6.17440,-4.9,11200,833952000
04/29/2015,ProShares Ultra Nasdaq Biotechnology,BIB,79.36,79.345,0.01890,0.015,10900,865024000
04/28/2015,ProShares Ultra Nasdaq Biotechnology,BIB,79.345,81.235,-2.32658,-1.89,10500,833122500
04/27/2015,ProShares Ultra Nasdaq Biotechnology,BIB,81.235,88.545,-8.25569,-7.31,10500,852967500
04/24/2015,ProShares Ultra Nasdaq Biotechnology,BIB,88.545,90.485,-2.14400,-1.94,10300,912013500
04/23/2015,ProShares Ultra Nasdaq Biotechnology,BIB,90.485,88.53,2.20829,1.955,10300,931995500
04/22/2015,ProShares Ultra Nasdaq Biotechnology,BIB,88.53,89.015,-0.54485,-0.485,10300,911859000
04/21/2015,ProShares Ultra Nasdaq Biotechnology,BIB,89.015,85.815,3.72895,3.2,10500,934657500
04/20/2015,ProShares Ultra Nasdaq Biotechnology,BIB,85.815,85.07,0.87575,0.745,10500,901057500
04/17/2015,ProShares Ultra Nasdaq Biotechnology,BIB,85.07,87.55,-2.83267,-2.48,10500,893235000
04/16/2015,ProShares Ultra Nasdaq Biotechnology,BIB,87.55,87.07,0.55128,0.48,10500,919275000
04/15/2015,ProShares Ultra Nasdaq Biotechnology,BIB,87.07,85.485,1.85413,1.585,10500,914235000
04/14/2015,ProShares Ultra Nasdaq Biotechnology,BIB,85.485,85.905,-0.48891,-0.42,10400,889044000
04/13/2015,ProShares Ultra Nasdaq Biotechnology,BIB,85.905,85.53,0.43844,0.375,10400,893412000
04/10/2015,ProShares Ultra Nasdaq Biotechnology,BIB,85.53,83.6,2.30861,1.93,10400,889512000
04/09/2015,ProShares Ultra Nasdaq Biotechnology,BIB,83.6,82.935,0.80183,0.665,10400,869440000
04/08/2015,ProShares Ultra Nasdaq Biotechnology,BIB,82.935,78.415,5.76420,4.52,10200,845937000
04/07/2015,ProShares Ultra Nasdaq Biotechnology,BIB,78.415,77.04,1.78479,1.375,10200,799833000
04/06/2015,ProShares Ultra Nasdaq Biotechnology,BIB,77.04,77.375,-0.43296,-0.335,10200,785808000
04/02/2015,ProShares Ultra Nasdaq Biotechnology,BIB,77.375,77.73,-0.45671,-0.355,10200,789225000
04/01/2015,ProShares Ultra Nasdaq Biotechnology,BIB,77.73,79.24,-1.90560,-1.51,10200,792846000
03/31/2015,ProShares Ultra Nasdaq Biotechnology,BIB,79.24,82.845,-4.35150,-3.605,10200,808248000
03/30/2015,ProShares Ultra Nasdaq Biotechnology,BIB,82.845,81.055,2.20838,1.79,9900,820165500
03/27/2015,ProShares Ultra Nasdaq Biotechnology,BIB,81.055,78.06,3.83679,2.995,9600,778128000
03/26/2015,ProShares Ultra Nasdaq Biotechnology,BIB,78.06,78.225,-0.21093,-0.165,9600,749376000
03/25/2015,ProShares Ultra Nasdaq Biotechnology,BIB,78.225,85.285,-8.27813,-7.06,9600,750960000
03/24/2015,ProShares Ultra Nasdaq Biotechnology,BIB,85.285,86.48,-1.38182,-1.195,9500,810207500
03/23/2015,ProShares Ultra Nasdaq Biotechnology,BIB,86.48,90.545,-4.48948,-4.065,9400,812912000
03/20/2015,ProShares Ultra Nasdaq Biotechnology,BIB,90.545,89.715,0.92515,0.83,8900,805850500
03/19/2015,ProShares Ultra Nasdaq Biotechnology,BIB,89.715,86.455,3.77075,3.26,8900,798463500
03/18/2015,ProShares Ultra Nasdaq Biotechnology,BIB,86.455,85.51,1.10513,0.945,8700,752158500
03/17/2015,ProShares Ultra Nasdaq Biotechnology,BIB,85.51,84.295,1.44137,1.215,8700,743937000
03/16/2015,ProShares Ultra Nasdaq Biotechnology,BIB,84.295,80.43,4.80542,3.865,8700,733366500
03/13/2015,ProShares Ultra Nasdaq Biotechnology,BIB,80.43,80.18,0.31180,0.25,8600,691698000
03/12/2015,ProShares Ultra Nasdaq Biotechnology,BIB,80.18,79.13,1.32693,1.05,8600,689548000
03/11/2015,ProShares Ultra Nasdaq Biotechnology,BIB,79.13,78.655,0.60390,0.475,8600,680518000
03/10/2015,ProShares Ultra Nasdaq Biotechnology,BIB,78.655,79.325,-0.84463,-0.67,8600,676433000
03/09/2015,ProShares Ultra Nasdaq Biotechnology,BIB,79.325,79.08,0.30981,0.245,8600,682195000
03/06/2015,ProShares Ultra Nasdaq Biotechnology,BIB,79.08,81.58,-3.06448,-2.5,8600,680088000
03/05/2015,ProShares Ultra Nasdaq Biotechnology,BIB,81.58,78.11,4.44245,3.47,8600,701588000
03/04/2015,ProShares Ultra Nasdaq Biotechnology,BIB,78.11,77.14,1.25745,0.97,8600,671746000
03/03/2015,ProShares Ultra Nasdaq Biotechnology,BIB,77.14,77.99,-1.08988,-0.85,8700,671118000
03/02/2015,ProShares Ultra Nasdaq Biotechnology,BIB,77.99,76.825,1.51643,1.165,8700,678513000
02/27/2015,ProShares Ultra Nasdaq Biotechnology,BIB,76.825,78.395,-2.00268,-1.57,8700,668377500
02/26/2015,ProShares Ultra Nasdaq Biotechnology,BIB,78.395,77.775,0.79717,0.62,8700,682036500
02/25/2015,ProShares Ultra Nasdaq Biotechnology,BIB,77.775,75.855,2.53114,1.92,8700,676642500
02/24/2015,ProShares Ultra Nasdaq Biotechnology,BIB,75.855,77.09,-1.60202,-1.235,8700,659938500
02/23/2015,ProShares Ultra Nasdaq Biotechnology,BIB,77.09,76.31,1.02215,0.78,8700,670683000
02/20/2015,ProShares Ultra Nasdaq Biotechnology,BIB,76.31,74.375,2.60168,1.935,8700,663897000
02/19/2015,ProShares Ultra Nasdaq Biotechnology,BIB,74.375,73.235,1.55663,1.14,8700,647062500
02/18/2015,ProShares Ultra Nasdaq Biotechnology,BIB,73.235,72.05,1.64469,1.185,8700,637144500
02/17/2015,ProShares Ultra Nasdaq Biotechnology,BIB,72.05,70.7,1.90948,1.35,8800,634040000
02/13/2015,ProShares Ultra Nasdaq Biotechnology,BIB,70.7,69.42,1.84385,1.28,8800,622160000
02/12/2015,ProShares Ultra Nasdaq Biotechnology,BIB,69.42,68.085,1.96078,1.335,8800,610896000
02/11/2015,ProShares Ultra Nasdaq Biotechnology,BIB,68.085,68.465,-0.55503,-0.38,8800,599148000
02/10/2015,ProShares Ultra Nasdaq Biotechnology,BIB,68.465,66.41,3.09441,2.055,8800,602492000
02/09/2015,ProShares Ultra Nasdaq Biotechnology,BIB,66.41,67.5,-1.61481,-1.09,8900,591049000
02/06/2015,ProShares Ultra Nasdaq Biotechnology,BIB,67.5,69.23,-2.49892,-1.73,8900,600750000
02/05/2015,ProShares Ultra Nasdaq Biotechnology,BIB,69.23,66.1,4.73525,3.13,8900,616147000
02/04/2015,ProShares Ultra Nasdaq Biotechnology,BIB,66.1,68.47,-3.46137,-2.37,8900,588290000
02/03/2015,ProShares Ultra Nasdaq Biotechnology,BIB,68.47,69.175,-1.01915,-0.705,8900,609383000
02/02/2015,ProShares Ultra Nasdaq Biotechnology,BIB,69.175,70.01,-1.19269,-0.835,8400,581070000
01/30/2015,ProShares Ultra Nasdaq Biotechnology,BIB,70.01,70.52,-0.72320,-0.51,8400,588084000
01/29/2015,ProShares Ultra Nasdaq Biotechnology,BIB,70.52,68.94,2.29185,1.58,8400,592368000
01/28/2015,ProShares Ultra Nasdaq Biotechnology,BIB,68.94,71.965,-4.20343,-3.025,8400,579096000
01/27/2015,ProShares Ultra Nasdaq Biotechnology,BIB,71.965,72.795,-1.14019,-0.83,8400,604506000
01/26/2015,ProShares Ultra Nasdaq Biotechnology,BIB,72.795,70.525,3.21872,2.27,8400,611478000
01/23/2015,ProShares Ultra Nasdaq Biotechnology,BIB,70.525,69.83,0.99527,0.695,8400,592410000
01/22/2015,ProShares Ultra Nasdaq Biotechnology,BIB,69.83,68.885,1.37185,0.945,8400,586572000
01/21/2015,ProShares Ultra Nasdaq Biotechnology,BIB,68.885,70.7,-2.56719,-1.815,8400,578634000
01/20/2015,ProShares Ultra Nasdaq Biotechnology,BIB,70.7,68.485,3.23428,2.215,8400,593880000
01/16/2015,ProShares Ultra Nasdaq Biotechnology,BIB,68.485,64.275,6.54998,4.21,8400,575274000
01/15/2015,ProShares Ultra Nasdaq Biotechnology,BIB,64.275,67.595,-4.91161,-3.32,8400,539910000
01/14/2015,ProShares Ultra Nasdaq Biotechnology,BIB,67.595,67.42,0.25957,0.175,8400,567798000
01/13/2015,ProShares Ultra Nasdaq Biotechnology,BIB,67.42,67.375,0.06679,0.045,8400,566328000
01/12/2015,ProShares Ultra Nasdaq Biotechnology,BIB,67.375,66.685,1.03472,0.69,8400,565950000
01/09/2015,ProShares Ultra Nasdaq Biotechnology,BIB,66.685,67.14,-0.67769,-0.455,8400,560154000
01/08/2015,ProShares Ultra Nasdaq Biotechnology,BIB,67.14,65.985,1.75040,1.155,8400,563976000
01/07/2015,ProShares Ultra Nasdaq Biotechnology,BIB,65.985,61.54,7.22294,4.445,8400,554274000
01/06/2015,ProShares Ultra Nasdaq Biotechnology,BIB,61.54,63.65,-3.31500,-2.11,8400,516936000
01/05/2015,ProShares Ultra Nasdaq Biotechnology,BIB,63.65,63.835,-0.28981,-0.185,8500,541025000
01/02/2015,ProShares Ultra Nasdaq Biotechnology,BIB,63.835,62.77,1.69667,1.065,8500,542597500
12/31/2014,ProShares Ultra Nasdaq Biotechnology,BIB,62.77,63.09,-0.50721,-0.32,8500,533545000
12/30/2014,ProShares Ultra Nasdaq Biotechnology,BIB,63.09,64.65,-2.41299,-1.56,8600,542574000
12/29/2014,ProShares Ultra Nasdaq Biotechnology,BIB,64.65,63.995,1.02352,0.655,8600,555990000
12/26/2014,ProShares Ultra Nasdaq Biotechnology,BIB,63.995,61.235,4.50723,2.76,8400,537558000
12/24/2014,ProShares Ultra Nasdaq Biotechnology,BIB,61.235,59.295,3.27178,1.94,8100,496003500
12/23/2014,ProShares Ultra Nasdaq Biotechnology,BIB,59.295,65.255,-9.13340,-5.96,8000,474360000
12/22/2014,ProShares Ultra Nasdaq Biotechnology,BIB,65.255,68.62,-4.90382,-3.365,8000,522040000
12/19/2014,ProShares Ultra Nasdaq Biotechnology,BIB,68.62,67.24,2.05235,1.38,8000,548960000
12/18/2014,ProShares Ultra Nasdaq Biotechnology,BIB,67.24,63.025,6.68782,4.215,7900,531196000
12/17/2014,ProShares Ultra Nasdaq Biotechnology,BIB,63.025,59.175,6.50613,3.85,7600,478990000
12/16/2014,ProShares Ultra Nasdaq Biotechnology,BIB,59.175,60.71,-2.52841,-1.535,7600,449730000
12/15/2014,ProShares Ultra Nasdaq Biotechnology,BIB,60.71,64.285,-5.56117,-3.575,7600,461396000
12/12/2014,ProShares Ultra Nasdaq Biotechnology,BIB,64.285,65.87,-2.40625,-1.585,7600,488566000
12/11/2014,ProShares Ultra Nasdaq Biotechnology,BIB,65.87,65.205,1.01986,0.665,7500,494025000
12/10/2014,ProShares Ultra Nasdaq Biotechnology,BIB,65.205,68.055,-4.18779,-2.85,7500,489037500
12/09/2014,ProShares Ultra Nasdaq Biotechnology,BIB,68.055,67.42,0.94186,0.635,7500,510412500
12/08/2014,ProShares Ultra Nasdaq Biotechnology,BIB,67.42,65.395,3.09657,2.025,7400,498908000
12/05/2014,ProShares Ultra Nasdaq Biotechnology,BIB,65.395,64.425,1.50563,0.97,7300,477383500
12/04/2014,ProShares Ultra Nasdaq Biotechnology,BIB,64.425,65.27,-1.29462,-0.845,7300,470302500
12/03/2014,ProShares Ultra Nasdaq Biotechnology,BIB,65.27,64.655,0.95120,0.615,7300,476471000
12/02/2014,ProShares Ultra Nasdaq Biotechnology,BIB,64.655,62.035,4.22342,2.62,7200,465516000
12/01/2014,ProShares Ultra Nasdaq Biotechnology,BIB,62.035,63.485,-2.28400,-1.45,7100,440448500
11/28/2014,ProShares Ultra Nasdaq Biotechnology,BIB,63.485,63.335,0.23684,0.15,7100,450743500
11/26/2014,ProShares Ultra Nasdaq Biotechnology,BIB,63.335,61.685,2.67488,1.65,7100,449678500
11/25/2014,ProShares Ultra Nasdaq Biotechnology,BIB,61.685,61.84,-0.25065,-0.155,7100,437963500
11/24/2014,ProShares Ultra Nasdaq Biotechnology,BIB,61.84,59.76,3.48059,2.08,7100,439064000
11/21/2014,ProShares Ultra Nasdaq Biotechnology,BIB,59.76,59.415,0.58066,0.345,7100,424296000
11/20/2014,ProShares Ultra Nasdaq Biotechnology,BIB,59.415,59.505,-0.15125,-0.09,7200,427788000
11/19/2014,ProShares Ultra Nasdaq Biotechnology,BIB,59.505,59.89,-0.64285,-0.385,7200,428436000
11/18/2014,ProShares Ultra Nasdaq Biotechnology,BIB,59.89,57.445,4.25625,2.445,7200,431208000
11/17/2014,ProShares Ultra Nasdaq Biotechnology,BIB,57.445,57.155,0.50739,0.29,7200,413604000
11/14/2014,ProShares Ultra Nasdaq Biotechnology,BIB,57.155,59.57,-4.05405,-2.415,7200,411516000
11/13/2014,ProShares Ultra Nasdaq Biotechnology,BIB,59.57,60.425,-1.41498,-0.855,7100,422947000
11/12/2014,ProShares Ultra Nasdaq Biotechnology,BIB,60.425,60.335,0.14917,0.09,7100,429017500
11/11/2014,ProShares Ultra Nasdaq Biotechnology,BIB,60.335,59.99,0.57510,0.345,7100,428378500
11/10/2014,ProShares Ultra Nasdaq Biotechnology,BIB,59.99,57.995,3.43995,1.995,7000,419930000
11/07/2014,ProShares Ultra Nasdaq Biotechnology,BIB,57.995,59.25,-2.11814,-1.255,7000,405965000
11/06/2014,ProShares Ultra Nasdaq Biotechnology,BIB,59.25,57.42,3.18704,1.83,7000,414750000
11/05/2014,ProShares Ultra Nasdaq Biotechnology,BIB,57.42,59.305,-3.17848,-1.885,7000,401940000
11/04/2014,ProShares Ultra Nasdaq Biotechnology,BIB,59.305,60.58,-2.10466,-1.275,7000,415135000
11/03/2014,ProShares Ultra Nasdaq Biotechnology,BIB,60.58,60.615,-0.05774,-0.035,7000,424060000
10/31/2014,ProShares Ultra Nasdaq Biotechnology,BIB,60.615,60.665,-0.08242,-0.05,7000,424305000
10/30/2014,ProShares Ultra Nasdaq Biotechnology,BIB,60.665,58.3,4.05660,2.365,7000,424655000
10/29/2014,ProShares Ultra Nasdaq Biotechnology,BIB,58.3,59.58,-2.14837,-1.28,7000,408100000
10/28/2014,ProShares Ultra Nasdaq Biotechnology,BIB,59.58,58.1,2.54733,1.48,6800,405144000
10/27/2014,ProShares Ultra Nasdaq Biotechnology,BIB,58.1,57.49,1.06105,0.61,6800,395080000
10/24/2014,ProShares Ultra Nasdaq Biotechnology,BIB,57.49,55.475,3.63227,2.015,6800,390932000
10/23/2014,ProShares Ultra Nasdaq Biotechnology,BIB,55.475,52.65,5.36562,2.825,6800,377230000
10/22/2014,ProShares Ultra Nasdaq Biotechnology,BIB,52.65,53.475,-1.54278,-0.825,6800,358020000
10/21/2014,ProShares Ultra Nasdaq Biotechnology,BIB,53.475,50.245,6.42850,3.23,6800,363630000
10/20/2014,ProShares Ultra Nasdaq Biotechnology,BIB,50.245,48.665,3.24669,1.58,6400,321568000
10/17/2014,ProShares Ultra Nasdaq Biotechnology,BIB,48.665,47.12,3.27886,1.545,6300,306589500
10/16/2014,ProShares Ultra Nasdaq Biotechnology,BIB,47.12,45.52,3.51494,1.6,6300,296856000
10/15/2014,ProShares Ultra Nasdaq Biotechnology,BIB,45.52,45.145,0.83066,0.375,6300,286776000
10/14/2014,ProShares Ultra Nasdaq Biotechnology,BIB,45.145,45.69,-1.19282,-0.545,6400,288928000
10/13/2014,ProShares Ultra Nasdaq Biotechnology,BIB,45.69,47.66,-4.13345,-1.97,6500,296985000
10/10/2014,ProShares Ultra Nasdaq Biotechnology,BIB,47.66,49.625,-3.95970,-1.965,6500,309790000
10/09/2014,ProShares Ultra Nasdaq Biotechnology,BIB,49.625,52.14,-4.82355,-2.515,6600,327525000
10/08/2014,ProShares Ultra Nasdaq Biotechnology,BIB,52.14,49.29,5.78211,2.85,6600,344124000
10/07/2014,ProShares Ultra Nasdaq Biotechnology,BIB,49.29,51.26,-3.84315,-1.97,6600,325314000
10/06/2014,ProShares Ultra Nasdaq Biotechnology,BIB,51.26,52.565,-2.48264,-1.305,6400,328064000
10/03/2014,ProShares Ultra Nasdaq Biotechnology,BIB,52.565,50.16,4.79466,2.405,6300,331159500
10/02/2014,ProShares Ultra Nasdaq Biotechnology,BIB,50.16,50.45,-0.57483,-0.29,6300,316008000
10/01/2014,ProShares Ultra Nasdaq Biotechnology,BIB,50.45,51.91,-2.81256,-1.46,6300,317835000
09/30/2014,ProShares Ultra Nasdaq Biotechnology,BIB,51.91,52.97,-2.00113,-1.06,6300,327033000
09/29/2014,ProShares Ultra Nasdaq Biotechnology,BIB,52.97,53.09,-0.22603,-0.12,6300,333711000
09/26/2014,ProShares Ultra Nasdaq Biotechnology,BIB,53.09,52.065,1.96869,1.025,6300,334467000
09/25/2014,ProShares Ultra Nasdaq Biotechnology,BIB,52.065,54.285,-4.08953,-2.22,6300,328009500
09/24/2014,ProShares Ultra Nasdaq Biotechnology,BIB,54.285,51.35,5.71568,2.935,6400,347424000
09/23/2014,ProShares Ultra Nasdaq Biotechnology,BIB,51.35,51.655,-0.59046,-0.305,6400,328640000
09/22/2014,ProShares Ultra Nasdaq Biotechnology,BIB,51.655,52.72,-2.02011,-1.065,6400,330592000
09/19/2014,ProShares Ultra Nasdaq Biotechnology,BIB,52.72,52.64,0.15198,0.08,6400,337408000
09/18/2014,ProShares Ultra Nasdaq Biotechnology,BIB,52.64,51.815,1.59220,0.825,6400,336896000
09/17/2014,ProShares Ultra Nasdaq Biotechnology,BIB,51.815,51.06,1.47865,0.755,6400,331616000
09/16/2014,ProShares Ultra Nasdaq Biotechnology,BIB,51.06,49.2,3.78049,1.86,6500,331890000
09/15/2014,ProShares Ultra Nasdaq Biotechnology,BIB,49.2,50.715,-2.98728,-1.515,6600,324720000
09/12/2014,ProShares Ultra Nasdaq Biotechnology,BIB,50.715,52.06,-2.58356,-1.345,6700,339790500
09/11/2014,ProShares Ultra Nasdaq Biotechnology,BIB,52.06,52.515,-0.86642,-0.455,6700,348802000
09/10/2014,ProShares Ultra Nasdaq Biotechnology,BIB,52.515,50.585,3.81536,1.93,6700,351850500
09/09/2014,ProShares Ultra Nasdaq Biotechnology,BIB,50.585,51.95,-2.62753,-1.365,6700,338919500
09/08/2014,ProShares Ultra Nasdaq Biotechnology,BIB,51.95,51.07,1.72313,0.88,6700,348065000
09/05/2014,ProShares Ultra Nasdaq Biotechnology,BIB,51.07,51.17,-0.19543,-0.1,6700,342169000
09/04/2014,ProShares Ultra Nasdaq Biotechnology,BIB,51.17,52.925,-3.31601,-1.755,6700,342839000
09/03/2014,ProShares Ultra Nasdaq Biotechnology,BIB,52.925,53.15,-0.42333,-0.225,6700,354597500
09/02/2014,ProShares Ultra Nasdaq Biotechnology,BIB,53.15,53.325,-0.32818,-0.175,6700,356105000
08/29/2014,ProShares Ultra Nasdaq Biotechnology,BIB,53.325,52.33,1.90139,0.995,6700,357277500
08/28/2014,ProShares Ultra Nasdaq Biotechnology,BIB,52.33,52.78,-0.85260,-0.45,6700,350611000
08/27/2014,ProShares Ultra Nasdaq Biotechnology,BIB,52.78,53.09,-0.58391,-0.31,6700,353626000
08/26/2014,ProShares Ultra Nasdaq Biotechnology,BIB,53.09,51.805,2.48046,1.285,6600,350394000
08/25/2014,ProShares Ultra Nasdaq Biotechnology,BIB,51.805,49.44,4.78358,2.365,6600,341913000
08/22/2014,ProShares Ultra Nasdaq Biotechnology,BIB,49.44,48.775,1.36340,0.665,6600,326304000
08/21/2014,ProShares Ultra Nasdaq Biotechnology,BIB,48.775,49.685,-1.83154,-0.91,6800,331670000
08/20/2014,ProShares Ultra Nasdaq Biotechnology,BIB,49.685,49.94,-0.51061,-0.255,6900,342826500
08/19/2014,ProShares Ultra Nasdaq Biotechnology,BIB,49.94,49.435,1.02154,0.505,7300,364562000
08/18/2014,ProShares Ultra Nasdaq Biotechnology,BIB,49.435,48.435,2.06462,1,7300,360875500
08/15/2014,ProShares Ultra Nasdaq Biotechnology,BIB,48.435,47.58,1.79697,0.855,7300,353575500
08/14/2014,ProShares Ultra Nasdaq Biotechnology,BIB,47.58,46.185,3.02046,1.395,7400,352092000
08/13/2014,ProShares Ultra Nasdaq Biotechnology,BIB,46.185,44.36,4.11407,1.825,7400,341769000
08/12/2014,ProShares Ultra Nasdaq Biotechnology,BIB,44.36,44.71,-0.78282,-0.35,7500,332700000
08/11/2014,ProShares Ultra Nasdaq Biotechnology,BIB,44.71,44.23,1.08524,0.48,7500,335325000
08/08/2014,ProShares Ultra Nasdaq Biotechnology,BIB,44.23,43.075,2.68137,1.155,7500,331725000
08/07/2014,ProShares Ultra Nasdaq Biotechnology,BIB,43.075,44.32,-2.80912,-1.245,7500,323062500
08/06/2014,ProShares Ultra Nasdaq Biotechnology,BIB,44.32,44.265,0.12425,0.055,7500,332400000
08/05/2014,ProShares Ultra Nasdaq Biotechnology,BIB,44.265,44.445,-0.40499,-0.18,7500,331987500
08/04/2014,ProShares Ultra Nasdaq Biotechnology,BIB,44.445,43.81,1.44944,0.635,7500,333337500
08/01/2014,ProShares Ultra Nasdaq Biotechnology,BIB,43.81,43.965,-0.35255,-0.155,7700,337337000
07/31/2014,ProShares Ultra Nasdaq Biotechnology,BIB,43.965,46.335,-5.11492,-2.37,7700,338530500
07/30/2014,ProShares Ultra Nasdaq Biotechnology,BIB,46.335,45.405,2.04823,0.93,7700,356779500
07/29/2014,ProShares Ultra Nasdaq Biotechnology,BIB,45.405,44.435,2.18296,0.97,7700,349618500
07/28/2014,ProShares Ultra Nasdaq Biotechnology,BIB,44.435,45.305,-1.92032,-0.87,7700,342149500
07/25/2014,ProShares Ultra Nasdaq Biotechnology,BIB,45.305,45.685,-0.83178,-0.38,7700,348848500
07/24/2014,ProShares Ultra Nasdaq Biotechnology,BIB,45.685,46.985,-2.76684,-1.3,7700,351774500
07/23/2014,ProShares Ultra Nasdaq Biotechnology,BIB,46.985,44.99,4.43432,1.995,7700,361784500
07/22/2014,ProShares Ultra Nasdaq Biotechnology,BIB,44.99,44.075,2.07601,0.915,7700,346423000
07/21/2014,ProShares Ultra Nasdaq Biotechnology,BIB,44.075,43.955,0.27301,0.12,7700,339377500
07/18/2014,ProShares Ultra Nasdaq Biotechnology,BIB,43.955,41.455,6.03064,2.5,7700,338453500
07/17/2014,ProShares Ultra Nasdaq Biotechnology,BIB,41.455,43.455,-4.60246,-2,7700,319203500
07/16/2014,ProShares Ultra Nasdaq Biotechnology,BIB,43.455,44.585,-2.53448,-1.13,7700,334603500
07/15/2014,ProShares Ultra Nasdaq Biotechnology,BIB,44.585,46.735,-4.60041,-2.15,7700,343304500
07/14/2014,ProShares Ultra Nasdaq Biotechnology,BIB,46.735,46.395,0.73284,0.34,7700,359859500
07/11/2014,ProShares Ultra Nasdaq Biotechnology,BIB,46.395,45.815,1.26596,0.58,7700,357241500
07/10/2014,ProShares Ultra Nasdaq Biotechnology,BIB,45.815,46.12,-0.66132,-0.305,7700,352775500
07/09/2014,ProShares Ultra Nasdaq Biotechnology,BIB,46.12,45.13,2.19366,0.99,7700,355124000
07/08/2014,ProShares Ultra Nasdaq Biotechnology,BIB,45.13,47.225,-4.43621,-2.095,7700,347501000
07/07/2014,ProShares Ultra Nasdaq Biotechnology,BIB,47.225,49.65,-4.88419,-2.425,7800,368355000
07/03/2014,ProShares Ultra Nasdaq Biotechnology,BIB,49.65,49.26,0.79172,0.39,7800,387270000
07/02/2014,ProShares Ultra Nasdaq Biotechnology,BIB,49.26,48.59,1.37888,0.67,7800,384228000
07/01/2014,ProShares Ultra Nasdaq Biotechnology,BIB,48.59,46.415,4.68599,2.175,7800,379002000
06/30/2014,ProShares Ultra Nasdaq Biotechnology,BIB,46.415,46.29,0.27004,0.125,7800,362037000
06/27/2014,ProShares Ultra Nasdaq Biotechnology,BIB,46.29,46.25,0.08649,0.04,7800,361062000
06/26/2014,ProShares Ultra Nasdaq Biotechnology,BIB,46.25,46.08,0.36892,0.17,7800,360750000
06/25/2014,ProShares Ultra Nasdaq Biotechnology,BIB,46.08,45.785,0.64432,0.295,7800,359424000
06/24/2014,ProShares Ultra Nasdaq Biotechnology,BIB,45.785,44.875,2.02786,0.91,7800,357123000
06/23/2014,ProShares Ultra Nasdaq Biotechnology,BIB,44.875,45.81,-2.04104,-0.935,7900,354512500
06/20/2014,ProShares Ultra Nasdaq Biotechnology,BIB,45.81,44.1,3.87755,1.71,7900,361899000
06/19/2014,ProShares Ultra Nasdaq Biotechnology,BIB,44.1,43.815,0.65046,0.285,8000,352800000
06/18/2014,ProShares Ultra Nasdaq Biotechnology,BIB,43.815,43.125,1.60000,0.69,8000,350520000
06/17/2014,ProShares Ultra Nasdaq Biotechnology,BIB,43.125,43.35,-0.51903,-0.225,8000,345000000
06/16/2014,ProShares Ultra Nasdaq Biotechnology,BIB,43.35,43.085,0.61506,0.265,8000,346800000
06/13/2014,ProShares Ultra Nasdaq Biotechnology,BIB,43.085,43.13,-0.10434,-0.045,8100,348988500
06/12/2014,ProShares Ultra Nasdaq Biotechnology,BIB,43.13,43.52,-0.89614,-0.39,8100,349353000
06/11/2014,ProShares Ultra Nasdaq Biotechnology,BIB,43.52,43.6,-0.18349,-0.08,8100,352512000
06/10/2014,ProShares Ultra Nasdaq Biotechnology,BIB,43.6,43.275,0.75101,0.325,8100,353160000
06/09/2014,ProShares Ultra Nasdaq Biotechnology,BIB,43.275,42.55,1.70388,0.725,8100,350527500
06/06/2014,ProShares Ultra Nasdaq Biotechnology,BIB,42.55,42.2,0.82938,0.35,8100,344655000
06/05/2014,ProShares Ultra Nasdaq Biotechnology,BIB,42.2,41.625,1.38138,0.575,8100,341820000
06/04/2014,ProShares Ultra Nasdaq Biotechnology,BIB,41.625,40.755,2.13471,0.87,8100,337162500
06/03/2014,ProShares Ultra Nasdaq Biotechnology,BIB,40.755,40.415,0.84127,0.34,8200,334191000
06/02/2014,ProShares Ultra Nasdaq Biotechnology,BIB,40.415,40.37,0.11147,0.045,8200,331403000
05/30/2014,ProShares Ultra Nasdaq Biotechnology,BIB,40.37,40.78,-1.00539,-0.41,8200,331034000
05/29/2014,ProShares Ultra Nasdaq Biotechnology,BIB,40.78,40.305,1.17851,0.475,8200,334396000
05/28/2014,ProShares Ultra Nasdaq Biotechnology,BIB,40.305,40.665,-0.88528,-0.36,8200,330501000
05/27/2014,ProShares Ultra Nasdaq Biotechnology,BIB,40.665,38.71,5.05037,1.955,8200,333453000
05/23/2014,ProShares Ultra Nasdaq Biotechnology,BIB,38.71,38.525,0.48021,0.185,8200,317422000
05/22/2014,ProShares Ultra Nasdaq Biotechnology,BIB,38.525,37.125,3.77104,1.4,8200,315905000
05/21/2014,ProShares Ultra Nasdaq Biotechnology,BIB,37.125,36.675,1.22699,0.45,8400,311850000
05/20/2014,ProShares Ultra Nasdaq Biotechnology,BIB,36.675,37.775,-2.91198,-1.1,8400,308070000
05/19/2014,ProShares Ultra Nasdaq Biotechnology,BIB,37.775,36.715,2.88710,1.06,8400,317310000
05/16/2014,ProShares Ultra Nasdaq Biotechnology,BIB,36.715,36.85,-0.36635,-0.135,8400,308406000
05/15/2014,ProShares Ultra Nasdaq Biotechnology,BIB,36.85,37.745,-2.37117,-0.895,8400,309540000
05/14/2014,ProShares Ultra Nasdaq Biotechnology,BIB,37.745,37.385,0.96295,0.36,8400,317058000
05/13/2014,ProShares Ultra Nasdaq Biotechnology,BIB,37.385,37.935,-1.44985,-0.55,8400,314034000
05/12/2014,ProShares Ultra Nasdaq Biotechnology,BIB,37.935,36.07,5.17050,1.865,8800,333828000
05/09/2014,ProShares Ultra Nasdaq Biotechnology,BIB,36.07,35.17,2.55900,0.9,9000,324630000
05/08/2014,ProShares Ultra Nasdaq Biotechnology,BIB,35.17,36.54,-3.74932,-1.37,9200,323564000
05/07/2014,ProShares Ultra Nasdaq Biotechnology,BIB,36.54,37.05,-1.37652,-0.51,9200,336168000
05/06/2014,ProShares Ultra Nasdaq Biotechnology,BIB,37.05,38.33,-3.33942,-1.28,9200,340860000
05/05/2014,ProShares Ultra Nasdaq Biotechnology,BIB,38.33,37.005,3.58060,1.325,9200,352636000
05/02/2014,ProShares Ultra Nasdaq Biotechnology,BIB,37.005,38.125,-2.93770,-1.12,9200,340446000
05/01/2014,ProShares Ultra Nasdaq Biotechnology,BIB,38.125,37.32,2.15702,0.805,9100,346937500
04/30/2014,ProShares Ultra Nasdaq Biotechnology,BIB,37.32,37.065,0.68798,0.255,9100,339612000
04/29/2014,ProShares Ultra Nasdaq Biotechnology,BIB,37.065,35.18,5.35816,1.885,9100,337291500
04/28/2014,ProShares Ultra Nasdaq Biotechnology,BIB,35.18,35.47,-0.81759,-0.29,9200,323656000
04/25/2014,ProShares Ultra Nasdaq Biotechnology,BIB,35.47,37.265,-4.81685,-1.795,9500,336965000
04/24/2014,ProShares Ultra Nasdaq Biotechnology,BIB,37.265,37.705,-1.16695,-0.44,9500,354017500
04/23/2014,ProShares Ultra Nasdaq Biotechnology,BIB,37.705,38.91,-3.09689,-1.205,9500,358197500
04/22/2014,ProShares Ultra Nasdaq Biotechnology,BIB,38.91,36.555,6.44235,2.355,9300,361863000
04/21/2014,ProShares Ultra Nasdaq Biotechnology,BIB,36.555,34.945,4.60724,1.61,9300,339961500
04/17/2014,ProShares Ultra Nasdaq Biotechnology,BIB,34.945,35.11,-0.46995,-0.165,9300,324988500
04/16/2014,ProShares Ultra Nasdaq Biotechnology,BIB,35.11,33.495,4.82162,1.615,9300,326523000
04/15/2014,ProShares Ultra Nasdaq Biotechnology,BIB,33.495,32.9,1.80851,0.595,9300,311503500
04/14/2014,ProShares Ultra Nasdaq Biotechnology,BIB,32.9,32.915,-0.04557,-0.015,9300,305970000
04/11/2014,ProShares Ultra Nasdaq Biotechnology,BIB,32.915,34.905,-5.70119,-1.99,9300,306109500
04/10/2014,ProShares Ultra Nasdaq Biotechnology,BIB,34.905,39.335,-11.26223,-4.43,9300,324616500
04/09/2014,ProShares Ultra Nasdaq Biotechnology,BIB,39.335,36.34,8.24161,2.995,8900,350081500
04/08/2014,ProShares Ultra Nasdaq Biotechnology,BIB,36.34,36.63,-0.79170,-0.29,8900,323426000
04/07/2014,ProShares Ultra Nasdaq Biotechnology,BIB,36.63,36.275,0.97864,0.355,8900,326007000
04/04/2014,ProShares Ultra Nasdaq Biotechnology,BIB,36.275,39.48,-8.11803,-3.205,9100,330102500
04/03/2014,ProShares Ultra Nasdaq Biotechnology,BIB,39.48,41.755,-5.44845,-2.275,9100,359268000
04/02/2014,ProShares Ultra Nasdaq Biotechnology,BIB,41.755,41.66,0.22804,0.095,9100,379970500
04/01/2014,ProShares Ultra Nasdaq Biotechnology,BIB,41.66,39.955,4.26730,1.705,8700,362442000
03/31/2014,ProShares Ultra Nasdaq Biotechnology,BIB,39.955,37.68,6.03769,2.275,8700,347608500
03/28/2014,ProShares Ultra Nasdaq Biotechnology,BIB,37.68,39.93,-5.63486,-2.25,8900,335352000
03/27/2014,ProShares Ultra Nasdaq Biotechnology,BIB,39.93,39.61,0.80788,0.32,8800,351384000
03/26/2014,ProShares Ultra Nasdaq Biotechnology,BIB,39.61,41.135,-3.70731,-1.525,8900,352529000
03/25/2014,ProShares Ultra Nasdaq Biotechnology,BIB,41.135,41.04,0.23148,0.095,8800,361988000
03/24/2014,ProShares Ultra Nasdaq Biotechnology,BIB,41.04,43.665,-6.01168,-2.625,8800,361152000
03/21/2014,ProShares Ultra Nasdaq Biotechnology,BIB,43.665,47.945,-8.92690,-4.28,8900,388618500
03/20/2014,ProShares Ultra Nasdaq Biotechnology,BIB,47.945,48.485,-1.11375,-0.54,8900,426710500
03/19/2014,ProShares Ultra Nasdaq Biotechnology,BIB,48.485,49.47,-1.99111,-0.985,8900,431516500
03/18/2014,ProShares Ultra Nasdaq Biotechnology,BIB,49.47,47.055,5.13229,2.415,8600,425442000
03/17/2014,ProShares Ultra Nasdaq Biotechnology,BIB,47.055,46.395,1.42257,0.66,8600,404673000
03/14/2014,ProShares Ultra Nasdaq Biotechnology,BIB,46.395,46.8,-0.86538,-0.405,8600,398997000
03/13/2014,ProShares Ultra Nasdaq Biotechnology,BIB,46.8,49.21,-4.89738,-2.41,8700,407160000
03/12/2014,ProShares Ultra Nasdaq Biotechnology,BIB,49.21,48.415,1.64205,0.795,8700,428127000
03/11/2014,ProShares Ultra Nasdaq Biotechnology,BIB,48.415,48.945,-1.08285,-0.53,8700,421210500
03/10/2014,ProShares Ultra Nasdaq Biotechnology,BIB,48.945,48.5,0.91753,0.445,8700,425821500
03/07/2014,ProShares Ultra Nasdaq Biotechnology,BIB,48.5,49.185,-1.39270,-0.685,8500,412250000
03/06/2014,ProShares Ultra Nasdaq Biotechnology,BIB,49.185,51.905,-5.24034,-2.72,8500,418072500
03/05/2014,ProShares Ultra Nasdaq Biotechnology,BIB,51.905,52.375,-0.89737,-0.47,8300,430811500
03/04/2014,ProShares Ultra Nasdaq Biotechnology,BIB,52.375,50.165,4.40546,2.21,8300,434712500
03/03/2014,ProShares Ultra Nasdaq Biotechnology,BIB,50.165,50.555,-0.77144,-0.39,8400,421386000
02/28/2014,ProShares Ultra Nasdaq Biotechnology,BIB,50.555,53.56,-5.61053,-3.005,8600,434773000
02/27/2014,ProShares Ultra Nasdaq Biotechnology,BIB,53.56,52.79,1.45861,0.77,8600,460616000
02/26/2014,ProShares Ultra Nasdaq Biotechnology,BIB,52.79,53.945,-2.14107,-1.155,8500,448715000
02/25/2014,ProShares Ultra Nasdaq Biotechnology,BIB,53.945,53.47,0.88835,0.475,8500,458532500
02/24/2014,ProShares Ultra Nasdaq Biotechnology,BIB,53.47,52.25,2.33493,1.22,8400,449148000
02/21/2014,ProShares Ultra Nasdaq Biotechnology,BIB,52.25,50.97,2.51128,1.28,8100,423225000
02/20/2014,ProShares Ultra Nasdaq Biotechnology,BIB,50.97,49.48,3.01132,1.49,7900,402663000
02/19/2014,ProShares Ultra Nasdaq Biotechnology,BIB,49.48,50.475,-1.97127,-0.995,7900,390892000
02/18/2014,ProShares Ultra Nasdaq Biotechnology,BIB,50.475,48.07,5.00312,2.405,7800,393705000
02/14/2014,ProShares Ultra Nasdaq Biotechnology,BIB,48.07,48.885,-1.66718,-0.815,7700,370139000
02/13/2014,ProShares Ultra Nasdaq Biotechnology,BIB,48.885,47.52,2.87247,1.365,7700,376414500
02/12/2014,ProShares Ultra Nasdaq Biotechnology,BIB,47.52,46.98,1.14943,0.54,7500,356400000
02/11/2014,ProShares Ultra Nasdaq Biotechnology,BIB,46.98,45.415,3.44600,1.565,7500,352350000
02/10/2014,ProShares Ultra Nasdaq Biotechnology,BIB,45.415,43.915,3.41569,1.5,7400,336071000
02/07/2014,ProShares Ultra Nasdaq Biotechnology,BIB,43.915,40.7,7.89926,3.215,7100,311796500
02/06/2014,ProShares Ultra Nasdaq Biotechnology,BIB,40.7,40.775,-0.18394,-0.075,6900,280830000
02/05/2014,ProShares Ultra Nasdaq Biotechnology,BIB,40.775,42.21,-3.39967,-1.435,6900,281347500
02/04/2014,ProShares Ultra Nasdaq Biotechnology,BIB,42.21,41.295,2.21576,0.915,7000,295470000
02/03/2014,ProShares Ultra Nasdaq Biotechnology,BIB,41.295,43.925,-5.98748,-2.63,7000,289065000
01/31/2014,ProShares Ultra Nasdaq Biotechnology,BIB,43.925,45.39,-3.22758,-1.465,7000,307475000
01/30/2014,ProShares Ultra Nasdaq Biotechnology,BIB,45.39,42.88,5.85354,2.51,7000,317730000
01/29/2014,ProShares Ultra Nasdaq Biotechnology,BIB,42.88,43.355,-1.09561,-0.475,6700,287296000
01/28/2014,ProShares Ultra Nasdaq Biotechnology,BIB,43.355,41.36,4.82350,1.995,6700,290478500
01/27/2014,ProShares Ultra Nasdaq Biotechnology,BIB,41.36,43.4,-4.70046,-2.04,6500,268840000
01/24/2014,ProShares Ultra Nasdaq Biotechnology,BIB,43.4,46.56,-6.78694,-3.16,7400,321160000
01/23/2014,ProShares Ultra Nasdaq Biotechnology,BIB,46.56,46.8425,-0.60308,-0.2825,7400,344544000
01/22/2014,ProShares Ultra Nasdaq Biotechnology,BIB,46.8425,46.3625,1.03532,0.48,7400,346634500
01/21/2014,ProShares Ultra Nasdaq Biotechnology,BIB,46.3625,44.7025,3.71344,1.66,6800,315265000
01/17/2014,ProShares Ultra Nasdaq Biotechnology,BIB,44.7025,44.3025,0.90288,0.4,6800,303977000
01/16/2014,ProShares Ultra Nasdaq Biotechnology,BIB,44.3025,43.11,2.76618,1.1925,6800,301257000
01/15/2014,ProShares Ultra Nasdaq Biotechnology,BIB,43.11,43.4,-0.66820,-0.29,6600,284526000
01/14/2014,ProShares Ultra Nasdaq Biotechnology,BIB,43.4,40.5975,6.90313,2.8025,6400,277760000
01/13/2014,ProShares Ultra Nasdaq Biotechnology,BIB,40.5975,41.5675,-2.33355,-0.97,6400,259824000
01/10/2014,ProShares Ultra Nasdaq Biotechnology,BIB,41.5675,40.1775,3.45965,1.39,6000,249405000
01/09/2014,ProShares Ultra Nasdaq Biotechnology,BIB,40.1775,39.1675,2.57867,1.01,6000,241065000
01/08/2014,ProShares Ultra Nasdaq Biotechnology,BIB,39.1675,37.6425,4.05127,1.525,6000,235005000
01/07/2014,ProShares Ultra Nasdaq Biotechnology,BIB,37.6425,36.65,2.70805,0.9925,6000,225855000
01/06/2014,ProShares Ultra Nasdaq Biotechnology,BIB,36.65,37.3875,-1.97258,-0.7375,6000,219900000
01/03/2014,ProShares Ultra Nasdaq Biotechnology,BIB,37.3875,37.7675,-1.00616,-0.38,6000,224325000
01/02/2014,ProShares Ultra Nasdaq Biotechnology,BIB,37.7675,37.655,0.29877,0.1125,6000,226605000
12/31/2013,ProShares Ultra Nasdaq Biotechnology,BIB,37.655,37.62,0.09304,0.035,6000,225930000
12/30/2013,ProShares Ultra Nasdaq Biotechnology,BIB,37.62,37.345,0.73638,0.275,6000,225720000
12/27/2013,ProShares Ultra Nasdaq Biotechnology,BIB,37.345,37.75,-1.07285,-0.405,6000,224070000
12/26/2013,ProShares Ultra Nasdaq Biotechnology,BIB,37.75,37.24,1.36950,0.51,6000,226500000
12/24/2013,ProShares Ultra Nasdaq Biotechnology,BIB,37.24,37.42,-0.48103,-0.18,6000,223440000
12/23/2013,ProShares Ultra Nasdaq Biotechnology,BIB,37.42,36.5525,2.37330,0.8675,5800,217036000
12/20/2013,ProShares Ultra Nasdaq Biotechnology,BIB,36.5525,35.0925,4.16043,1.46,5800,212004500
12/19/2013,ProShares Ultra Nasdaq Biotechnology,BIB,35.0925,35.245,-0.43269,-0.1525,5800,203536500
12/18/2013,ProShares Ultra Nasdaq Biotechnology,BIB,35.245,33.4625,5.32686,1.7825,5800,204421000
12/17/2013,ProShares Ultra Nasdaq Biotechnology,BIB,33.4625,34.1925,-2.13497,-0.73,5600,187390000
12/16/2013,ProShares Ultra Nasdaq Biotechnology,BIB,34.1925,34.0675,0.36692,0.125,5600,191478000
12/13/2013,ProShares Ultra Nasdaq Biotechnology,BIB,34.0675,34.1175,-0.14655,-0.05,5600,190778000
12/12/2013,ProShares Ultra Nasdaq Biotechnology,BIB,34.1175,33.6275,1.45714,0.49,5600,191058000
12/11/2013,ProShares Ultra Nasdaq Biotechnology,BIB,33.6275,35.4375,-5.10758,-1.81,5600,188314000
12/10/2013,ProShares Ultra Nasdaq Biotechnology,BIB,35.4375,35.9875,-1.52831,-0.55,5600,198450000
12/09/2013,ProShares Ultra Nasdaq Biotechnology,BIB,35.9875,36.1975,-0.58015,-0.21,5600,201530000
12/06/2013,ProShares Ultra Nasdaq Biotechnology,BIB,36.1975,35.5575,1.79990,0.64,5600,202706000
12/05/2013,ProShares Ultra Nasdaq Biotechnology,BIB,35.5575,35.675,-0.32936,-0.1175,5600,199122000
12/04/2013,ProShares Ultra Nasdaq Biotechnology,BIB,35.675,35.755,-0.22374,-0.08,5600,199780000
12/03/2013,ProShares Ultra Nasdaq Biotechnology,BIB,35.755,37.0975,-3.61884,-1.3425,5600,200228000
12/02/2013,ProShares Ultra Nasdaq Biotechnology,BIB,37.0975,36.855,0.65798,0.2425,5600,207746000
11/29/2013,ProShares Ultra Nasdaq Biotechnology,BIB,36.855,36.63,0.61425,0.225,5600,206388000
11/27/2013,ProShares Ultra Nasdaq Biotechnology,BIB,36.63,36.4825,0.40430,0.1475,5600,205128000
11/26/2013,ProShares Ultra Nasdaq Biotechnology,BIB,36.4825,36.405,0.21288,0.0775,5600,204302000
11/25/2013,ProShares Ultra Nasdaq Biotechnology,BIB,36.405,35.7575,1.81081,0.6475,5600,203868000
11/22/2013,ProShares Ultra Nasdaq Biotechnology,BIB,35.7575,33.7425,5.97170,2.015,5600,200242000
11/21/2013,ProShares Ultra Nasdaq Biotechnology,BIB,33.7425,32.7625,2.99122,0.98,5600,188958000
11/20/2013,ProShares Ultra Nasdaq Biotechnology,BIB,32.7625,32.32,1.36912,0.4425,5600,183470000
11/19/2013,ProShares Ultra Nasdaq Biotechnology,BIB,32.32,32.1425,0.55223,0.1775,5600,180992000
11/18/2013,ProShares Ultra Nasdaq Biotechnology,BIB,32.1425,33.1225,-2.95871,-0.98,5600,179998000
11/15/2013,ProShares Ultra Nasdaq Biotechnology,BIB,33.1225,32.27,2.64177,0.8525,5600,185486000
11/14/2013,ProShares Ultra Nasdaq Biotechnology,BIB,32.27,31.7775,1.54984,0.4925,5800,187166000
11/13/2013,ProShares Ultra Nasdaq Biotechnology,BIB,31.7775,31.305,1.50934,0.4725,5800,184309500
11/12/2013,ProShares Ultra Nasdaq Biotechnology,BIB,31.305,31.1325,0.55408,0.1725,5800,181569000
11/11/2013,ProShares Ultra Nasdaq Biotechnology,BIB,31.1325,30.685,1.45837,0.4475,5800,180568500
11/08/2013,ProShares Ultra Nasdaq Biotechnology,BIB,30.685,28.795,6.56364,1.89,5800,177973000
11/07/2013,ProShares Ultra Nasdaq Biotechnology,BIB,28.795,29.785,-3.32382,-0.99,5800,167011000
11/06/2013,ProShares Ultra Nasdaq Biotechnology,BIB,29.785,31.6575,-5.91487,-1.8725,5800,172753000
11/05/2013,ProShares Ultra Nasdaq Biotechnology,BIB,31.6575,31.1925,1.49074,0.465,5800,183613500
11/04/2013,ProShares Ultra Nasdaq Biotechnology,BIB,31.1925,31.355,-0.51826,-0.1625,5800,180916500
11/01/2013,ProShares Ultra Nasdaq Biotechnology,BIB,31.355,31.0575,0.95790,0.2975,5800,181859000
10/31/2013,ProShares Ultra Nasdaq Biotechnology,BIB,31.0575,31.7275,-2.11173,-0.67,5800,180133500
10/30/2013,ProShares Ultra Nasdaq Biotechnology,BIB,31.7275,33.06,-4.03055,-1.3325,5800,184019500
10/29/2013,ProShares Ultra Nasdaq Biotechnology,BIB,33.06,33.0025,0.17423,0.0575,5800,191748000
10/28/2013,ProShares Ultra Nasdaq Biotechnology,BIB,33.0025,33.0325,-0.09082,-0.03,6000,198015000
10/25/2013,ProShares Ultra Nasdaq Biotechnology,BIB,33.0325,32.9875,0.13642,0.045,6000,198195000
10/24/2013,ProShares Ultra Nasdaq Biotechnology,BIB,32.9875,32.2775,2.19967,0.71,6000,197925000
10/23/2013,ProShares Ultra Nasdaq Biotechnology,BIB,32.2775,31.98,0.93027,0.2975,6200,200120500
10/22/2013,ProShares Ultra Nasdaq Biotechnology,BIB,31.98,30.6075,4.48420,1.3725,6200,198276000
10/21/2013,ProShares Ultra Nasdaq Biotechnology,BIB,30.6075,31.56,-3.01806,-0.9525,5800,177523500
10/18/2013,ProShares Ultra Nasdaq Biotechnology,BIB,31.56,32.1425,-1.81224,-0.5825,5800,183048000
10/17/2013,ProShares Ultra Nasdaq Biotechnology,BIB,32.1425,31.565,1.82956,0.5775,5800,186426500
10/16/2013,ProShares Ultra Nasdaq Biotechnology,BIB,31.565,29.78,5.99396,1.785,5800,183077000
10/15/2013,ProShares Ultra Nasdaq Biotechnology,BIB,29.78,30.345,-1.86192,-0.565,5800,172724000
10/14/2013,ProShares Ultra Nasdaq Biotechnology,BIB,30.345,29.86,1.62425,0.485,5400,163863000
10/11/2013,ProShares Ultra Nasdaq Biotechnology,BIB,29.86,30.0475,-0.62401,-0.1875,5400,161244000
10/10/2013,ProShares Ultra Nasdaq Biotechnology,BIB,30.0475,27.935,7.56220,2.1125,5400,162256500
10/09/2013,ProShares Ultra Nasdaq Biotechnology,BIB,27.935,29.3025,-4.66684,-1.3675,5400,150849000
10/08/2013,ProShares Ultra Nasdaq Biotechnology,BIB,29.3025,32.1,-8.71495,-2.7975,5400,158233500
10/07/2013,ProShares Ultra Nasdaq Biotechnology,BIB,32.1,33.5625,-4.35754,-1.4625,5400,173340000
10/04/2013,ProShares Ultra Nasdaq Biotechnology,BIB,33.5625,32.7775,2.39494,0.785,6200,208087500
10/03/2013,ProShares Ultra Nasdaq Biotechnology,BIB,32.7775,33.7675,-2.93181,-0.99,6200,203220500
10/02/2013,ProShares Ultra Nasdaq Biotechnology,BIB,33.7675,34.0025,-0.69113,-0.235,5200,175591000
10/01/2013,ProShares Ultra Nasdaq Biotechnology,BIB,34.0025,32.7025,3.97523,1.3,5200,176813000
09/30/2013,ProShares Ultra Nasdaq Biotechnology,BIB,32.7025,33.0825,-1.14864,-0.38,5200,170053000
09/27/2013,ProShares Ultra Nasdaq Biotechnology,BIB,33.0825,32.8975,0.56235,0.185,5200,172029000
09/26/2013,ProShares Ultra Nasdaq Biotechnology,BIB,32.8975,31.795,3.46753,1.1025,5200,171067000
09/25/2013,ProShares Ultra Nasdaq Biotechnology,BIB,31.795,32.185,-1.21174,-0.39,5200,165334000
09/24/2013,ProShares Ultra Nasdaq Biotechnology,BIB,32.185,32.16,0.07774,0.025,5200,167362000
09/23/2013,ProShares Ultra Nasdaq Biotechnology,BIB,32.16,32.8725,-2.16747,-0.7125,5200,167232000
09/20/2013,ProShares Ultra Nasdaq Biotechnology,BIB,32.8725,33.2375,-1.09816,-0.365,5200,170937000
09/19/2013,ProShares Ultra Nasdaq Biotechnology,BIB,33.2375,33.2625,-0.07516,-0.025,5000,166187500
09/18/2013,ProShares Ultra Nasdaq Biotechnology,BIB,33.2625,32.53,2.25177,0.7325,5000,166312500
09/17/2013,ProShares Ultra Nasdaq Biotechnology,BIB,32.53,32.3175,0.65754,0.2125,5000,162650000
09/16/2013,ProShares Ultra Nasdaq Biotechnology,BIB,32.3175,32.06,0.80318,0.2575,5000,161587500
09/13/2013,ProShares Ultra Nasdaq Biotechnology,BIB,32.06,31.66,1.26342,0.4,5000,160300000
09/12/2013,ProShares Ultra Nasdaq Biotechnology,BIB,31.66,31.6175,0.13442,0.0425,5000,158300000
09/11/2013,ProShares Ultra Nasdaq Biotechnology,BIB,31.6175,31.735,-0.37025,-0.1175,4800,151764000
09/10/2013,ProShares Ultra Nasdaq Biotechnology,BIB,31.735,31.52,0.68211,0.215,4800,152328000
09/09/2013,ProShares Ultra Nasdaq Biotechnology,BIB,31.52,30.2975,4.03499,1.2225,4800,151296000
09/06/2013,ProShares Ultra Nasdaq Biotechnology,BIB,30.2975,30.425,-0.41906,-0.1275,4800,145428000
09/05/2013,ProShares Ultra Nasdaq Biotechnology,BIB,30.425,30.305,0.39597,0.12,4800,146040000
09/04/2013,ProShares Ultra Nasdaq Biotechnology,BIB,30.305,29.17,3.89098,1.135,4600,139403000
09/03/2013,ProShares Ultra Nasdaq Biotechnology,BIB,29.17,28.01,4.14138,1.16,4600,134182000
08/30/2013,ProShares Ultra Nasdaq Biotechnology,BIB,28.01,28.6125,-2.10572,-0.6025,4600,128846000
08/29/2013,ProShares Ultra Nasdaq Biotechnology,BIB,28.6125,27.9175,2.48948,0.695,4600,131617500
08/28/2013,ProShares Ultra Nasdaq Biotechnology,BIB,27.9175,27.3075,2.23382,0.61,4600,128420500
08/27/2013,ProShares Ultra Nasdaq Biotechnology,BIB,27.3075,29.045,-5.98210,-1.7375,4600,125614500
08/26/2013,ProShares Ultra Nasdaq Biotechnology,BIB,29.045,27.8975,4.11327,1.1475,4600,133607000
08/23/2013,ProShares Ultra Nasdaq Biotechnology,BIB,27.8975,27.94,-0.15211,-0.0425,4600,128328500
08/22/2013,ProShares Ultra Nasdaq Biotechnology,BIB,27.94,27.305,2.32558,0.635,4600,128524000
08/21/2013,ProShares Ultra Nasdaq Biotechnology,BIB,27.305,26.8375,1.74197,0.4675,4600,125603000
08/20/2013,ProShares Ultra Nasdaq Biotechnology,BIB,26.8375,26.1925,2.46254,0.645,4600,123452500
08/19/2013,ProShares Ultra Nasdaq Biotechnology,BIB,26.1925,26.4175,-0.85171,-0.225,4600,120485500
08/16/2013,ProShares Ultra Nasdaq Biotechnology,BIB,26.4175,26.6975,-1.04879,-0.28,4600,121520500
08/15/2013,ProShares Ultra Nasdaq Biotechnology,BIB,26.6975,27.9675,-4.54099,-1.27,4600,122808500
08/14/2013,ProShares Ultra Nasdaq Biotechnology,BIB,27.9675,28.105,-0.48924,-0.1375,4600,128650500
08/13/2013,ProShares Ultra Nasdaq Biotechnology,BIB,28.105,28.065,0.14253,0.04,4600,129283000
08/12/2013,ProShares Ultra Nasdaq Biotechnology,BIB,28.065,28.5625,-1.74179,-0.4975,4600,129099000
08/09/2013,ProShares Ultra Nasdaq Biotechnology,BIB,28.5625,28.68,-0.40969,-0.1175,4600,131387500
08/08/2013,ProShares Ultra Nasdaq Biotechnology,BIB,28.68,28.9475,-0.92409,-0.2675,4600,131928000
08/07/2013,ProShares Ultra Nasdaq Biotechnology,BIB,28.9475,28.8325,0.39886,0.115,4600,133158500
08/06/2013,ProShares Ultra Nasdaq Biotechnology,BIB,28.8325,30.1025,-4.21892,-1.27,4600,132629500
08/05/2013,ProShares Ultra Nasdaq Biotechnology,BIB,30.1025,30.235,-0.43823,-0.1325,4600,138471500
08/02/2013,ProShares Ultra Nasdaq Biotechnology,BIB,30.235,30.1475,0.29024,0.0875,4600,139081000
08/01/2013,ProShares Ultra Nasdaq Biotechnology,BIB,30.1475,29.3225,2.81354,0.825,4600,138678500
07/31/2013,ProShares Ultra Nasdaq Biotechnology,BIB,29.3225,29.1325,0.65219,0.19,4600,134883500
07/30/2013,ProShares Ultra Nasdaq Biotechnology,BIB,29.1325,28.4125,2.53410,0.72,4400,128183000
07/29/2013,ProShares Ultra Nasdaq Biotechnology,BIB,28.4125,28.93,-1.78880,-0.5175,4400,125015000
07/26/2013,ProShares Ultra Nasdaq Biotechnology,BIB,28.93,28.655,0.95969,0.275,4400,127292000
07/25/2013,ProShares Ultra Nasdaq Biotechnology,BIB,28.655,27.905,2.68769,0.75,4400,126082000
07/24/2013,ProShares Ultra Nasdaq Biotechnology,BIB,27.905,27.7675,0.49518,0.1375,4400,122782000
07/23/2013,ProShares Ultra Nasdaq Biotechnology,BIB,27.7675,28.775,-3.50130,-1.0075,4400,122177000
07/22/2013,ProShares Ultra Nasdaq Biotechnology,BIB,28.775,28.53,0.85875,0.245,4400,126610000
07/19/2013,ProShares Ultra Nasdaq Biotechnology,BIB,28.53,27.655,3.16398,0.875,4200,119826000
07/18/2013,ProShares Ultra Nasdaq Biotechnology,BIB,27.655,27.74,-0.30642,-0.085,4200,116151000
07/17/2013,ProShares Ultra Nasdaq Biotechnology,BIB,27.74,27.39,1.27784,0.35,4200,116508000
07/16/2013,ProShares Ultra Nasdaq Biotechnology,BIB,27.39,27.995,-2.16110,-0.605,4200,115038000
07/15/2013,ProShares Ultra Nasdaq Biotechnology,BIB,27.995,28,-0.01786,-0.005,4200,117579000
07/12/2013,ProShares Ultra Nasdaq Biotechnology,BIB,28,26.6675,4.99672,1.3325,3800,106400000
07/11/2013,ProShares Ultra Nasdaq Biotechnology,BIB,26.6675,25.585,4.23099,1.0825,3800,101336500
07/10/2013,ProShares Ultra Nasdaq Biotechnology,BIB,25.585,25.0075,2.30931,0.5775,3800,97223000
07/09/2013,ProShares Ultra Nasdaq Biotechnology,BIB,25.0075,24.72,1.16303,0.2875,3800,95028500
07/08/2013,ProShares Ultra Nasdaq Biotechnology,BIB,24.72,24.91,-0.76275,-0.19,3800,93936000
07/05/2013,ProShares Ultra Nasdaq Biotechnology,BIB,24.91,24.0225,3.69445,0.8875,3800,94658000
07/03/2013,ProShares Ultra Nasdaq Biotechnology,BIB,24.0225,24.0075,0.06248,0.015,3800,91285500
07/02/2013,ProShares Ultra Nasdaq Biotechnology,BIB,24.0075,23.9425,0.27148,0.065,3800,91228500
07/01/2013,ProShares Ultra Nasdaq Biotechnology,BIB,23.9425,22.6975,5.48519,1.245,3800,90981500
06/28/2013,ProShares Ultra Nasdaq Biotechnology,BIB,22.6975,22.855,-0.68913,-0.1575,3800,86250500
06/27/2013,ProShares Ultra Nasdaq Biotechnology,BIB,22.855,22.5075,1.54393,0.3475,3800,86849000
06/26/2013,ProShares Ultra Nasdaq Biotechnology,BIB,22.5075,21.3725,5.31056,1.135,3800,85528500
06/25/2013,ProShares Ultra Nasdaq Biotechnology,BIB,21.3725,21.21,0.76615,0.1625,3800,81215500
06/24/2013,ProShares Ultra Nasdaq Biotechnology,BIB,21.21,21.365,-0.72549,-0.155,3800,80598000
06/21/2013,ProShares Ultra Nasdaq Biotechnology,BIB,21.365,21.1725,0.90920,0.1925,4000,85460000
06/20/2013,ProShares Ultra Nasdaq Biotechnology,BIB,21.1725,22.535,-6.04615,-1.3625,4200,88924500
06/19/2013,ProShares Ultra Nasdaq Biotechnology,BIB,22.535,23.5075,-4.13698,-0.9725,4000,90140000
06/18/2013,ProShares Ultra Nasdaq Biotechnology,BIB,23.5075,22.87,2.78749,0.6375,4000,94030000
06/17/2013,ProShares Ultra Nasdaq Biotechnology,BIB,22.87,23.2525,-1.64498,-0.3825,4000,91480000
06/14/2013,ProShares Ultra Nasdaq Biotechnology,BIB,23.2525,23.5675,-1.33659,-0.315,4000,93010000
06/13/2013,ProShares Ultra Nasdaq Biotechnology,BIB,23.5675,22.9325,2.76900,0.635,4000,94270000
06/12/2013,ProShares Ultra Nasdaq Biotechnology,BIB,22.9325,23.9825,-4.37819,-1.05,4000,91730000
06/11/2013,ProShares Ultra Nasdaq Biotechnology,BIB,23.9825,23.99,-0.03126,-0.0075,4000,95930000
06/10/2013,ProShares Ultra Nasdaq Biotechnology,BIB,23.99,24.2425,-1.04156,-0.2525,4200,100758000
06/07/2013,ProShares Ultra Nasdaq Biotechnology,BIB,24.2425,23.215,4.42602,1.0275,4200,101818500
06/06/2013,ProShares Ultra Nasdaq Biotechnology,BIB,23.215,21.9,6.00457,1.315,4200,97503000
06/05/2013,ProShares Ultra Nasdaq Biotechnology,BIB,21.9,22.9425,-4.54397,-1.0425,4200,91980000
06/04/2013,ProShares Ultra Nasdaq Biotechnology,BIB,22.9425,23.8175,-3.67377,-0.875,4400,100947000
06/03/2013,ProShares Ultra Nasdaq Biotechnology,BIB,23.8175,24.3475,-2.17681,-0.53,4400,104797000
05/31/2013,ProShares Ultra Nasdaq Biotechnology,BIB,24.3475,25.4625,-4.37899,-1.115,4600,111998500
05/30/2013,ProShares Ultra Nasdaq Biotechnology,BIB,25.4625,24.8025,2.66102,0.66,4600,117127500
05/29/2013,ProShares Ultra Nasdaq Biotechnology,BIB,24.8025,25.3575,-2.18870,-0.555,4600,114091500
05/28/2013,ProShares Ultra Nasdaq Biotechnology,BIB,25.3575,24.7675,2.38215,0.59,4600,116644500
05/24/2013,ProShares Ultra Nasdaq Biotechnology,BIB,24.7675,24.9025,-0.54211,-0.135,4600,113930500
05/23/2013,ProShares Ultra Nasdaq Biotechnology,BIB,24.9025,24.755,0.59584,0.1475,4600,114551500
05/22/2013,ProShares Ultra Nasdaq Biotechnology,BIB,24.755,24.93,-0.70197,-0.175,4600,113873000
05/21/2013,ProShares Ultra Nasdaq Biotechnology,BIB,24.93,24.485,1.81744,0.445,4600,114678000
05/20/2013,ProShares Ultra Nasdaq Biotechnology,BIB,24.485,25.07,-2.33347,-0.585,4600,112631000
05/17/2013,ProShares Ultra Nasdaq Biotechnology,BIB,25.07,24.6075,1.87951,0.4625,4600,115322000
05/16/2013,ProShares Ultra Nasdaq Biotechnology,BIB,24.6075,25.665,-4.12040,-1.0575,4600,113194500
05/15/2013,ProShares Ultra Nasdaq Biotechnology,BIB,25.665,26.3,-2.41445,-0.635,4600,118059000
05/14/2013,ProShares Ultra Nasdaq Biotechnology,BIB,26.3,25.3875,3.59429,0.9125,4600,120980000
05/13/2013,ProShares Ultra Nasdaq Biotechnology,BIB,25.3875,24.5525,3.40088,0.835,4000,101550000
05/10/2013,ProShares Ultra Nasdaq Biotechnology,BIB,24.5525,23.2325,5.68170,1.32,4000,98210000
05/09/2013,ProShares Ultra Nasdaq Biotechnology,BIB,23.2325,23.185,0.20487,0.0475,4000,92930000
05/08/2013,ProShares Ultra Nasdaq Biotechnology,BIB,23.185,23.1475,0.16200,0.0375,4000,92740000
05/07/2013,ProShares Ultra Nasdaq Biotechnology,BIB,23.1475,23.5,-1.50000,-0.3525,4000,92590000
05/06/2013,ProShares Ultra Nasdaq Biotechnology,BIB,23.5,23.6975,-0.83342,-0.1975,4000,94000000
05/03/2013,ProShares Ultra Nasdaq Biotechnology,BIB,23.6975,22.9975,3.04381,0.7,4000,94790000
05/02/2013,ProShares Ultra Nasdaq Biotechnology,BIB,22.9975,22.2475,3.37117,0.75,4000,91990000
05/01/2013,ProShares Ultra Nasdaq Biotechnology,BIB,22.2475,22.5525,-1.35240,-0.305,4000,88990000
04/30/2013,ProShares Ultra Nasdaq Biotechnology,BIB,22.5525,22.8525,-1.31277,-0.3,4000,90210000
04/29/2013,ProShares Ultra Nasdaq Biotechnology,BIB,22.8525,22.755,0.42848,0.0975,4000,91410000
04/26/2013,ProShares Ultra Nasdaq Biotechnology,BIB,22.755,22.7475,0.03297,0.0075,4000,91020000
04/25/2013,ProShares Ultra Nasdaq Biotechnology,BIB,22.7475,21.8875,3.92918,0.86,3600,81891000
04/24/2013,ProShares Ultra Nasdaq Biotechnology,BIB,21.8875,23.24,-5.81971,-1.3525,3600,78795000
04/23/2013,ProShares Ultra Nasdaq Biotechnology,BIB,23.24,23.0225,0.94473,0.2175,3600,83664000
04/22/2013,ProShares Ultra Nasdaq Biotechnology,BIB,23.0225,22.6575,1.61095,0.365,3600,82881000
04/19/2013,ProShares Ultra Nasdaq Biotechnology,BIB,22.6575,20.715,9.37726,1.9425,3600,81567000
04/18/2013,ProShares Ultra Nasdaq Biotechnology,BIB,20.715,21.33,-2.88326,-0.615,3600,74574000
04/17/2013,ProShares Ultra Nasdaq Biotechnology,BIB,21.33,21.51,-0.83682,-0.18,3600,76788000
04/16/2013,ProShares Ultra Nasdaq Biotechnology,BIB,21.51,20.7225,3.80022,0.7875,3600,77436000
04/15/2013,ProShares Ultra Nasdaq Biotechnology,BIB,20.7225,21.845,-5.13848,-1.1225,3600,74601000
04/12/2013,ProShares Ultra Nasdaq Biotechnology,BIB,21.845,21.4225,1.97223,0.4225,3400,74273000
04/11/2013,ProShares Ultra Nasdaq Biotechnology,BIB,21.4225,20.8525,2.73349,0.57,3400,72836500
04/10/2013,ProShares Ultra Nasdaq Biotechnology,BIB,20.8525,19.7875,5.38219,1.065,3400,70898500
04/09/2013,ProShares Ultra Nasdaq Biotechnology,BIB,19.7875,19.6375,0.76384,0.15,3400,67277500
04/08/2013,ProShares Ultra Nasdaq Biotechnology,BIB,19.6375,19.565,0.37056,0.0725,3400,66767500
04/05/2013,ProShares Ultra Nasdaq Biotechnology,BIB,19.565,19.64,-0.38187,-0.075,3400,66521000
04/04/2013,ProShares Ultra Nasdaq Biotechnology,BIB,19.64,19.44,1.02881,0.2,3400,66776000
04/03/2013,ProShares Ultra Nasdaq Biotechnology,BIB,19.44,20.1125,-3.34369,-0.6725,3400,66096000
04/02/2013,ProShares Ultra Nasdaq Biotechnology,BIB,20.1125,19.475,3.27343,0.6375,3400,68382500
04/01/2013,ProShares Ultra Nasdaq Biotechnology,BIB,19.475,19.5725,-0.49815,-0.0975,3400,66215000
03/28/2013,ProShares Ultra Nasdaq Biotechnology,BIB,19.5725,19.0325,2.83725,0.54,3400,66546500
03/27/2013,ProShares Ultra Nasdaq Biotechnology,BIB,19.0325,18.5275,2.72568,0.505,3400,64710500
03/26/2013,ProShares Ultra Nasdaq Biotechnology,BIB,18.5275,18.43,0.52903,0.0975,3400,62993500
03/25/2013,ProShares Ultra Nasdaq Biotechnology,BIB,18.43,18.63,-1.07354,-0.2,3400,62662000
03/22/2013,ProShares Ultra Nasdaq Biotechnology,BIB,18.63,18.3625,1.45677,0.2675,3400,63342000
03/21/2013,ProShares Ultra Nasdaq Biotechnology,BIB,18.3625,18.64,-1.48873,-0.2775,3400,62432500
03/20/2013,ProShares Ultra Nasdaq Biotechnology,BIB,18.64,18.325,1.71896,0.315,3400,63376000
03/19/2013,ProShares Ultra Nasdaq Biotechnology,BIB,18.325,18.3625,-0.20422,-0.0375,3400,62305000
03/18/2013,ProShares Ultra Nasdaq Biotechnology,BIB,18.3625,18.63,-1.43586,-0.2675,3200,58760000
03/15/2013,ProShares Ultra Nasdaq Biotechnology,BIB,18.63,18.855,-1.19332,-0.225,3200,59616000
03/14/2013,ProShares Ultra Nasdaq Biotechnology,BIB,18.855,18.6425,1.13987,0.2125,3200,60336000
03/13/2013,ProShares Ultra Nasdaq Biotechnology,BIB,18.6425,18.7825,-0.74537,-0.14,3200,59656000
03/12/2013,ProShares Ultra Nasdaq Biotechnology,BIB,18.7825,18.6475,0.72396,0.135,3200,60104000
03/11/2013,ProShares Ultra Nasdaq Biotechnology,BIB,18.6475,18.565,0.44438,0.0825,3200,59672000
03/08/2013,ProShares Ultra Nasdaq Biotechnology,BIB,18.565,18.2725,1.60077,0.2925,3200,59408000
03/07/2013,ProShares Ultra Nasdaq Biotechnology,BIB,18.2725,18.2625,0.05476,0.01,3200,58472000
03/06/2013,ProShares Ultra Nasdaq Biotechnology,BIB,18.2625,17.975,1.59944,0.2875,3200,58440000
03/05/2013,ProShares Ultra Nasdaq Biotechnology,BIB,17.975,17.555,2.39248,0.42,3200,57520000
03/04/2013,ProShares Ultra Nasdaq Biotechnology,BIB,17.555,17.1275,2.49599,0.4275,3200,56176000
03/01/2013,ProShares Ultra Nasdaq Biotechnology,BIB,17.1275,16.72,2.43720,0.4075,3200,54808000
02/28/2013,ProShares Ultra Nasdaq Biotechnology,BIB,16.72,16.4925,1.37941,0.2275,3200,53504000
02/27/2013,ProShares Ultra Nasdaq Biotechnology,BIB,16.4925,15.9875,3.15872,0.505,3200,52776000
02/26/2013,ProShares Ultra Nasdaq Biotechnology,BIB,15.9875,15.965,0.14093,0.0225,3200,51160000
02/25/2013,ProShares Ultra Nasdaq Biotechnology,BIB,15.965,16.3475,-2.33981,-0.3825,3200,51088000
02/22/2013,ProShares Ultra Nasdaq Biotechnology,BIB,16.3475,15.8775,2.96016,0.47,3200,52312000
02/21/2013,ProShares Ultra Nasdaq Biotechnology,BIB,15.8775,16.1075,-1.42791,-0.23,3200,50808000
02/20/2013,ProShares Ultra Nasdaq Biotechnology,BIB,16.1075,16.3775,-1.64860,-0.27,3200,51544000
02/19/2013,ProShares Ultra Nasdaq Biotechnology,BIB,16.3775,16.2825,0.58345,0.095,3200,52408000
02/15/2013,ProShares Ultra Nasdaq Biotechnology,BIB,16.2825,16.3625,-0.48892,-0.08,3200,52104000
02/14/2013,ProShares Ultra Nasdaq Biotechnology,BIB,16.3625,16.455,-0.56214,-0.0925,3200,52360000
02/13/2013,ProShares Ultra Nasdaq Biotechnology,BIB,16.455,16.2475,1.27712,0.2075,3200,52656000
02/12/2013,ProShares Ultra Nasdaq Biotechnology,BIB,16.2475,16.3775,-0.79377,-0.13,3200,51992000
02/11/2013,ProShares Ultra Nasdaq Biotechnology,BIB,16.3775,16.4875,-0.66717,-0.11,3200,52408000
02/08/2013,ProShares Ultra Nasdaq Biotechnology,BIB,16.4875,16.19,1.83755,0.2975,3200,52760000
02/07/2013,ProShares Ultra Nasdaq Biotechnology,BIB,16.19,16.51,-1.93822,-0.32,3200,51808000
02/06/2013,ProShares Ultra Nasdaq Biotechnology,BIB,16.51,16.635,-0.75143,-0.125,3200,52832000
02/05/2013,ProShares Ultra Nasdaq Biotechnology,BIB,16.635,16.2875,2.13354,0.3475,3200,53232000
02/04/2013,ProShares Ultra Nasdaq Biotechnology,BIB,16.2875,16.7675,-2.86268,-0.48,3200,52120000
02/01/2013,ProShares Ultra Nasdaq Biotechnology,BIB,16.7675,16.28,2.99447,0.4875,3200,53656000
01/31/2013,ProShares Ultra Nasdaq Biotechnology,BIB,16.28,16.1775,0.63360,0.1025,3200,52096000
01/30/2013,ProShares Ultra Nasdaq Biotechnology,BIB,16.1775,16.4,-1.35671,-0.2225,3200,51768000
01/29/2013,ProShares Ultra Nasdaq Biotechnology,BIB,16.4,16.26,0.86101,0.14,3200,52480000
01/28/2013,ProShares Ultra Nasdaq Biotechnology,BIB,16.26,16.395,-0.82342,-0.135,3200,52032000
01/25/2013,ProShares Ultra Nasdaq Biotechnology,BIB,16.395,16.075,1.99067,0.32,3200,52464000
01/24/2013,ProShares Ultra Nasdaq Biotechnology,BIB,16.075,16.0175,0.35898,0.0575,3200,51440000
01/23/2013,ProShares Ultra Nasdaq Biotechnology,BIB,16.0175,16.265,-1.52167,-0.2475,3200,51256000
01/22/2013,ProShares Ultra Nasdaq Biotechnology,BIB,16.265,16.0875,1.10334,0.1775,2600,42289000
01/18/2013,ProShares Ultra Nasdaq Biotechnology,BIB,16.0875,16.0475,0.24926,0.04,2600,41827500
01/17/2013,ProShares Ultra Nasdaq Biotechnology,BIB,16.0475,16.03,0.10917,0.0175,2600,41723500
01/16/2013,ProShares Ultra Nasdaq Biotechnology,BIB,16.03,16.395,-2.22629,-0.365,2600,41678000
01/15/2013,ProShares Ultra Nasdaq Biotechnology,BIB,16.395,16.325,0.42879,0.07,2600,42627000
01/14/2013,ProShares Ultra Nasdaq Biotechnology,BIB,16.325,16.2575,0.41519,0.0675,2600,42445000
01/11/2013,ProShares Ultra Nasdaq Biotechnology,BIB,16.2575,16.52,-1.58898,-0.2625,2600,42269500
01/10/2013,ProShares Ultra Nasdaq Biotechnology,BIB,16.52,16.44,0.48662,0.08,2600,42952000
01/09/2013,ProShares Ultra Nasdaq Biotechnology,BIB,16.44,16.01,2.68582,0.43,2600,42744000
01/08/2013,ProShares Ultra Nasdaq Biotechnology,BIB,16.01,15.835,1.10515,0.175,2600,41626000
01/07/2013,ProShares Ultra Nasdaq Biotechnology,BIB,15.835,15.6275,1.32779,0.2075,2600,41171000
01/04/2013,ProShares Ultra Nasdaq Biotechnology,BIB,15.6275,15.4575,1.09979,0.17,2600,40631500
01/03/2013,ProShares Ultra Nasdaq Biotechnology,BIB,15.4575,15.4175,0.25945,0.04,2600,40189500
01/02/2013,ProShares Ultra Nasdaq Biotechnology,BIB,15.4175,14.475,6.51123,0.9425,2600,40085500
12/31/2012,ProShares Ultra Nasdaq Biotechnology,BIB,14.475,14.01,3.31906,0.465,2600,37635000
12/28/2012,ProShares Ultra Nasdaq Biotechnology,BIB,14.01,14.31,-2.09644,-0.3,2600,36426000
12/27/2012,ProShares Ultra Nasdaq Biotechnology,BIB,14.31,14.365,-0.38288,-0.055,2600,37206000
12/26/2012,ProShares Ultra Nasdaq Biotechnology,BIB,14.365,14.6725,-2.09576,-0.3075,2600,37349000
12/24/2012,ProShares Ultra Nasdaq Biotechnology,BIB,14.6725,14.695,-0.15311,-0.0225,2600,38148500
12/21/2012,ProShares Ultra Nasdaq Biotechnology,BIB,14.695,14.93,-1.57401,-0.235,2600,38207000
12/20/2012,ProShares Ultra Nasdaq Biotechnology,BIB,14.93,14.8775,0.35288,0.0525,2600,38818000
12/19/2012,ProShares Ultra Nasdaq Biotechnology,BIB,14.8775,15.235,-2.34657,-0.3575,2600,38681500
12/18/2012,ProShares Ultra Nasdaq Biotechnology,BIB,15.235,14.9625,1.82122,0.2725,2600,39611000
12/17/2012,ProShares Ultra Nasdaq Biotechnology,BIB,14.9625,14.7,1.78571,0.2625,2600,38902500
12/14/2012,ProShares Ultra Nasdaq Biotechnology,BIB,14.7,14.865,-1.10999,-0.165,2600,38220000
12/13/2012,ProShares Ultra Nasdaq Biotechnology,BIB,14.865,15.23,-2.39659,-0.365,2600,38649000
12/12/2012,ProShares Ultra Nasdaq Biotechnology,BIB,15.23,15.3125,-0.53878,-0.0825,2400,36552000
12/11/2012,ProShares Ultra Nasdaq Biotechnology,BIB,15.3125,14.8825,2.88930,0.43,2400,36750000
12/10/2012,ProShares Ultra Nasdaq Biotechnology,BIB,14.8825,14.46,2.92185,0.4225,2200,32741500
12/07/2012,ProShares Ultra Nasdaq Biotechnology,BIB,14.46,14.62,-1.09439,-0.16,2200,31812000
12/06/2012,ProShares Ultra Nasdaq Biotechnology,BIB,14.62,14.745,-0.84774,-0.125,2200,32164000
12/05/2012,ProShares Ultra Nasdaq Biotechnology,BIB,14.745,14.765,-0.13546,-0.02,2200,32439000
12/04/2012,ProShares Ultra Nasdaq Biotechnology,BIB,14.765,14.7625,0.01693,0.0025,2200,32483000
12/03/2012,ProShares Ultra Nasdaq Biotechnology,BIB,14.7625,14.82,-0.38799,-0.0575,2000,29525000
11/30/2012,ProShares Ultra Nasdaq Biotechnology,BIB,14.82,15.0625,-1.60996,-0.2425,2000,29640000
11/29/2012,ProShares Ultra Nasdaq Biotechnology,BIB,15.0625,14.59,3.23852,0.4725,2000,30125000
11/28/2012,ProShares Ultra Nasdaq Biotechnology,BIB,14.59,14.4525,0.95139,0.1375,2000,29180000
11/27/2012,ProShares Ultra Nasdaq Biotechnology,BIB,14.4525,14.5725,-0.82347,-0.12,2000,28905000
11/26/2012,ProShares Ultra Nasdaq Biotechnology,BIB,14.5725,14.7125,-0.95157,-0.14,2000,29145000
11/23/2012,ProShares Ultra Nasdaq Biotechnology,BIB,14.7125,14.3825,2.29446,0.33,2000,29425000
11/21/2012,ProShares Ultra Nasdaq Biotechnology,BIB,14.3825,14.265,0.82369,0.1175,2000,28765000
11/20/2012,ProShares Ultra Nasdaq Biotechnology,BIB,14.265,13.725,3.93443,0.54,2000,28530000
11/19/2012,ProShares Ultra Nasdaq Biotechnology,BIB,13.725,13.3425,2.86678,0.3825,2000,27450000
11/16/2012,ProShares Ultra Nasdaq Biotechnology,BIB,13.3425,12.76,4.56505,0.5825,2000,26685000
11/15/2012,ProShares Ultra Nasdaq Biotechnology,BIB,12.76,12.9875,-1.75168,-0.2275,2200,28072000
11/14/2012,ProShares Ultra Nasdaq Biotechnology,BIB,12.9875,13.5,-3.79630,-0.5125,2200,28572500
11/13/2012,ProShares Ultra Nasdaq Biotechnology,BIB,13.5,13.5075,-0.05552,-0.0075,2200,29700000
11/12/2012,ProShares Ultra Nasdaq Biotechnology,BIB,13.5075,13.05,3.50575,0.4575,2200,29716500
11/09/2012,ProShares Ultra Nasdaq Biotechnology,BIB,13.05,12.7325,2.49362,0.3175,2200,28710000
11/08/2012,ProShares Ultra Nasdaq Biotechnology,BIB,12.7325,13.025,-2.24568,-0.2925,2200,28011500
11/07/2012,ProShares Ultra Nasdaq Biotechnology,BIB,13.025,13.7125,-5.01367,-0.6875,2400,31260000
11/06/2012,ProShares Ultra Nasdaq Biotechnology,BIB,13.7125,13.73,-0.12746,-0.0175,2400,32910000
11/05/2012,ProShares Ultra Nasdaq Biotechnology,BIB,13.73,13.27,3.46647,0.46,2400,32952000
11/02/2012,ProShares Ultra Nasdaq Biotechnology,BIB,13.27,13.895,-4.49802,-0.625,2400,31848000
11/01/2012,ProShares Ultra Nasdaq Biotechnology,BIB,13.895,13.4625,3.21263,0.4325,2400,33348000
10/31/2012,ProShares Ultra Nasdaq Biotechnology,BIB,13.4625,14.1225,-4.67339,-0.66,2400,32310000
10/26/2012,ProShares Ultra Nasdaq Biotechnology,BIB,14.1225,14.455,-2.30024,-0.3325,2400,33894000
10/25/2012,ProShares Ultra Nasdaq Biotechnology,BIB,14.455,14.41,0.31228,0.045,2400,34692000
10/24/2012,ProShares Ultra Nasdaq Biotechnology,BIB,14.41,14.36,0.34819,0.05,2400,34584000
10/23/2012,ProShares Ultra Nasdaq Biotechnology,BIB,14.36,14.925,-3.78559,-0.565,2400,34464000
10/22/2012,ProShares Ultra Nasdaq Biotechnology,BIB,14.925,15.0725,-0.97860,-0.1475,2400,35820000
10/19/2012,ProShares Ultra Nasdaq Biotechnology,BIB,15.0725,16.06,-6.14882,-0.9875,2400,36174000
10/18/2012,ProShares Ultra Nasdaq Biotechnology,BIB,16.06,16.5125,-2.74035,-0.4525,2400,38544000
10/17/2012,ProShares Ultra Nasdaq Biotechnology,BIB,16.5125,16.0775,2.70564,0.435,2400,39630000
10/16/2012,ProShares Ultra Nasdaq Biotechnology,BIB,16.0775,15.6975,2.42077,0.38,2400,38586000
10/15/2012,ProShares Ultra Nasdaq Biotechnology,BIB,15.6975,15.57,0.81888,0.1275,2400,37674000
10/12/2012,ProShares Ultra Nasdaq Biotechnology,BIB,15.57,15.775,-1.29952,-0.205,2400,37368000
10/11/2012,ProShares Ultra Nasdaq Biotechnology,BIB,15.775,15.6425,0.84705,0.1325,2400,37860000
10/10/2012,ProShares Ultra Nasdaq Biotechnology,BIB,15.6425,15.885,-1.52660,-0.2425,2400,37542000
10/09/2012,ProShares Ultra Nasdaq Biotechnology,BIB,15.885,16.46,-3.49332,-0.575,2400,38124000
10/08/2012,ProShares Ultra Nasdaq Biotechnology,BIB,16.46,16.7875,-1.95086,-0.3275,2400,39504000
10/05/2012,ProShares Ultra Nasdaq Biotechnology,BIB,16.7875,16.7212,0.39650,0.0663,2400,40290000
10/04/2012,ProShares Ultra Nasdaq Biotechnology,BIB,16.72125,16.58745,0.80663,0.1338,2400,40131000
10/03/2012,ProShares Ultra Nasdaq Biotechnology,BIB,16.5875,16.3575,1.40608,0.23,2400,39810000
10/02/2012,ProShares Ultra Nasdaq Biotechnology,BIB,16.3575,16.0325,2.02713,0.325,2400,39258000
10/01/2012,ProShares Ultra Nasdaq Biotechnology,BIB,16.0325,15.7837,1.57631,0.2488,2400,38478000
09/28/2012,ProShares Ultra Nasdaq Biotechnology,BIB,15.78375,15.75125,0.20633,0.0325,2400,37881000
09/27/2012,ProShares Ultra Nasdaq Biotechnology,BIB,15.75125,15.29875,2.95776,0.4525,2400,37803000
09/26/2012,ProShares Ultra Nasdaq Biotechnology,BIB,15.29875,15.69625,-2.53245,-0.3975,2400,36717000
09/25/2012,ProShares Ultra Nasdaq Biotechnology,BIB,15.69625,15.86505,-1.06397,-0.1688,2400,37671000
09/24/2012,ProShares Ultra Nasdaq Biotechnology,BIB,15.865,16.1875,-1.99228,-0.3225,2000,31730000
09/21/2012,ProShares Ultra Nasdaq Biotechnology,BIB,16.1875,16.045,0.88813,0.1425,2000,32375000
09/20/2012,ProShares Ultra Nasdaq Biotechnology,BIB,16.045,15.9637,0.50928,0.0813,2000,32090000
09/19/2012,ProShares Ultra Nasdaq Biotechnology,BIB,15.96375,16.10505,-0.87736,-0.1413,2000,31927500
09/18/2012,ProShares Ultra Nasdaq Biotechnology,BIB,16.105,15.8712,1.47311,0.2338,2000,32210000
09/17/2012,ProShares Ultra Nasdaq Biotechnology,BIB,15.87125,15.53245,2.18124,0.3388,2000,31742500
09/14/2012,ProShares Ultra Nasdaq Biotechnology,BIB,15.5325,15.2737,1.69442,0.2588,2000,31065000
09/13/2012,ProShares Ultra Nasdaq Biotechnology,BIB,15.27375,15.01375,1.73175,0.26,2000,30547500
09/12/2012,ProShares Ultra Nasdaq Biotechnology,BIB,15.01375,15.02755,-0.09183,-0.0138,2000,30027500
09/11/2012,ProShares Ultra Nasdaq Biotechnology,BIB,15.0275,15.08,-0.34814,-0.0525,2000,30055000
09/10/2012,ProShares Ultra Nasdaq Biotechnology,BIB,15.08,15.3525,-1.77496,-0.2725,2000,30160000
09/07/2012,ProShares Ultra Nasdaq Biotechnology,BIB,15.3525,15.3713,-0.12231,-0.0188,2000,30705000
09/06/2012,ProShares Ultra Nasdaq Biotechnology,BIB,15.37125,14.75995,4.14161,0.6113,2000,30742500
09/05/2012,ProShares Ultra Nasdaq Biotechnology,BIB,14.76,14.8525,-0.62279,-0.0925,2000,29520000
09/04/2012,ProShares Ultra Nasdaq Biotechnology,BIB,14.8525,14.39,3.21404,0.4625,2000,29705000
08/31/2012,ProShares Ultra Nasdaq Biotechnology,BIB,14.39,14.195,1.37372,0.195,2000,28780000
08/30/2012,ProShares Ultra Nasdaq Biotechnology,BIB,14.195,14.3575,-1.13181,-0.1625,2400,34068000
08/29/2012,ProShares Ultra Nasdaq Biotechnology,BIB,14.3575,14.3738,-0.11340,-0.0163,2400,34458000
08/28/2012,ProShares Ultra Nasdaq Biotechnology,BIB,14.37375,14.29375,0.55969,0.08,2400,34497000
08/27/2012,ProShares Ultra Nasdaq Biotechnology,BIB,14.29375,14.30375,-0.06991,-0.01,2400,34305000
08/24/2012,ProShares Ultra Nasdaq Biotechnology,BIB,14.30375,13.93375,2.65542,0.37,2400,34329000
08/23/2012,ProShares Ultra Nasdaq Biotechnology,BIB,13.93375,13.91375,0.14374,0.02,2400,33441000
08/22/2012,ProShares Ultra Nasdaq Biotechnology,BIB,13.91375,13.70375,1.53243,0.21,2400,33393000
08/21/2012,ProShares Ultra Nasdaq Biotechnology,BIB,13.70375,13.71755,-0.10060,-0.0138,2400,32889000
08/20/2012,ProShares Ultra Nasdaq Biotechnology,BIB,13.7175,13.745,-0.20007,-0.0275,2400,32922000
08/17/2012,ProShares Ultra Nasdaq Biotechnology,BIB,13.745,13.8513,-0.76744,-0.1063,2400,32988000
08/16/2012,ProShares Ultra Nasdaq Biotechnology,BIB,13.85125,14.09125,-1.70318,-0.24,2400,33243000
08/15/2012,ProShares Ultra Nasdaq Biotechnology,BIB,14.09125,13.86375,1.64097,0.2275,2400,33819000
08/14/2012,ProShares Ultra Nasdaq Biotechnology,BIB,13.86375,13.64745,1.58491,0.2163,2400,33273000
08/13/2012,ProShares Ultra Nasdaq Biotechnology,BIB,13.6475,13.7063,-0.42900,-0.0588,2400,32754000
08/10/2012,ProShares Ultra Nasdaq Biotechnology,BIB,13.70625,13.65745,0.35731,0.0488,2400,32895000
08/09/2012,ProShares Ultra Nasdaq Biotechnology,BIB,13.6575,13.655,0.01831,0.0025,2400,32778000
08/08/2012,ProShares Ultra Nasdaq Biotechnology,BIB,13.655,13.8713,-1.55933,-0.2163,2400,32772000
08/07/2012,ProShares Ultra Nasdaq Biotechnology,BIB,13.87125,13.80125,0.50720,0.07,2400,33291000
08/06/2012,ProShares Ultra Nasdaq Biotechnology,BIB,13.80125,13.61245,1.38697,0.1888,2400,33123000
08/03/2012,ProShares Ultra Nasdaq Biotechnology,BIB,13.6125,13.325,2.15760,0.2875,2400,32670000
08/02/2012,ProShares Ultra Nasdaq Biotechnology,BIB,13.325,13.435,-0.81876,-0.11,2400,31980000
08/01/2012,ProShares Ultra Nasdaq Biotechnology,BIB,13.435,13.885,-3.24091,-0.45,2400,32244000
07/31/2012,ProShares Ultra Nasdaq Biotechnology,BIB,13.885,14.31,-2.96995,-0.425,2400,33324000
07/30/2012,ProShares Ultra Nasdaq Biotechnology,BIB,14.31,14.7388,-2.90933,-0.4288,2400,34344000
07/27/2012,ProShares Ultra Nasdaq Biotechnology,BIB,14.73875,14.08625,4.63218,0.6525,2400,35373000
07/26/2012,ProShares Ultra Nasdaq Biotechnology,BIB,14.08625,13.52625,4.14010,0.56,2400,33807000
07/25/2012,ProShares Ultra Nasdaq Biotechnology,BIB,13.52625,13.03745,3.74920,0.4888,2400,32463000
07/24/2012,ProShares Ultra Nasdaq Biotechnology,BIB,13.0375,13.3413,-2.27714,-0.3038,2400,31290000
07/23/2012,ProShares Ultra Nasdaq Biotechnology,BIB,13.34125,13.71505,-2.72547,-0.3738,2400,32019000
07/20/2012,ProShares Ultra Nasdaq Biotechnology,BIB,13.715,13.975,-1.86047,-0.26,2400,32916000
07/19/2012,ProShares Ultra Nasdaq Biotechnology,BIB,13.975,14.1113,-0.96589,-0.1363,2400,33540000
07/18/2012,ProShares Ultra Nasdaq Biotechnology,BIB,14.11125,13.98495,0.90311,0.1263,2400,33867000
07/17/2012,ProShares Ultra Nasdaq Biotechnology,BIB,13.985,13.6875,2.17352,0.2975,2000,27970000
07/16/2012,ProShares Ultra Nasdaq Biotechnology,BIB,13.6875,13.5012,1.37988,0.1863,2000,27375000
07/13/2012,ProShares Ultra Nasdaq Biotechnology,BIB,13.50125,13.25995,1.81977,0.2413,2000,27002500
07/12/2012,ProShares Ultra Nasdaq Biotechnology,BIB,13.26,13.0525,1.58973,0.2075,2000,26520000
07/11/2012,ProShares Ultra Nasdaq Biotechnology,BIB,13.0525,13.3438,-2.18304,-0.2913,2000,26105000
07/10/2012,ProShares Ultra Nasdaq Biotechnology,BIB,13.34375,13.76255,-3.04304,-0.4188,2000,26687500
07/09/2012,ProShares Ultra Nasdaq Biotechnology,BIB,13.7625,13.6287,0.98175,0.1338,2000,27525000
07/06/2012,ProShares Ultra Nasdaq Biotechnology,BIB,13.62875,13.89375,-1.90733,-0.265,2000,27257500
07/05/2012,ProShares Ultra Nasdaq Biotechnology,BIB,13.89375,14.01005,-0.83012,-0.1163,2000,27787500
07/03/2012,ProShares Ultra Nasdaq Biotechnology,BIB,14.01,13.8137,1.42105,0.1963,2000,28020000
07/02/2012,ProShares Ultra Nasdaq Biotechnology,BIB,13.81375,13.16125,4.95774,0.6525,2000,27627500
06/29/2012,ProShares Ultra Nasdaq Biotechnology,BIB,13.16125,12.49875,5.30053,0.6625,2000,26322500
06/28/2012,ProShares Ultra Nasdaq Biotechnology,BIB,12.49875,13.16005,-5.02506,-0.6613,2000,24997500
06/27/2012,ProShares Ultra Nasdaq Biotechnology,BIB,13.16,12.7862,2.92346,0.3738,2000,26320000
06/26/2012,ProShares Ultra Nasdaq Biotechnology,BIB,12.78625,12.57625,1.66981,0.21,2000,25572500
06/25/2012,ProShares Ultra Nasdaq Biotechnology,BIB,12.57625,12.93125,-2.74529,-0.355,2000,25152500
06/22/2012,ProShares Ultra Nasdaq Biotechnology,BIB,12.93125,12.45745,3.80335,0.4738,2000,25862500
06/21/2012,ProShares Ultra Nasdaq Biotechnology,BIB,12.4575,12.79,-2.59969,-0.3325,2000,24915000
06/20/2012,ProShares Ultra Nasdaq Biotechnology,BIB,12.79,12.75,0.31373,0.04,2000,25580000
06/19/2012,ProShares Ultra Nasdaq Biotechnology,BIB,12.75,12.44,2.49196,0.31,2000,25500000
06/18/2012,ProShares Ultra Nasdaq Biotechnology,BIB,12.44,12.1987,1.97808,0.2413,2000,24880000
06/15/2012,ProShares Ultra Nasdaq Biotechnology,BIB,12.19875,11.92625,2.28488,0.2725,2000,24397500
06/14/2012,ProShares Ultra Nasdaq Biotechnology,BIB,11.92625,11.55625,3.20173,0.37,2000,23852500
06/13/2012,ProShares Ultra Nasdaq Biotechnology,BIB,11.55625,11.87625,-2.69445,-0.32,2000,23112500
06/12/2012,ProShares Ultra Nasdaq Biotechnology,BIB,11.87625,11.50245,3.24974,0.3738,2000,23752500
06/11/2012,ProShares Ultra Nasdaq Biotechnology,BIB,11.5025,11.92,-3.50252,-0.4175,2000,23005000
06/08/2012,ProShares Ultra Nasdaq Biotechnology,BIB,11.92,11.6387,2.41694,0.2813,2000,23840000
06/07/2012,ProShares Ultra Nasdaq Biotechnology,BIB,11.63875,11.91505,-2.31892,-0.2763,2000,23277500
06/06/2012,ProShares Ultra Nasdaq Biotechnology,BIB,11.915,11.5225,3.40638,0.3925,2000,23830000
06/05/2012,ProShares Ultra Nasdaq Biotechnology,BIB,11.5225,11.2662,2.27495,0.2563,2000,23045000
06/04/2012,ProShares Ultra Nasdaq Biotechnology,BIB,11.26625,11.15245,1.02040,0.1138,2000,22532500
06/01/2012,ProShares Ultra Nasdaq Biotechnology,BIB,11.1525,11.8888,-6.19322,-0.7363,2000,22305000
05/31/2012,ProShares Ultra Nasdaq Biotechnology,BIB,11.88875,12.09125,-1.67476,-0.2025,2000,23777500
05/30/2012,ProShares Ultra Nasdaq Biotechnology,BIB,12.09125,12.28375,-1.56711,-0.1925,2000,24182500
05/29/2012,ProShares Ultra Nasdaq Biotechnology,BIB,12.28375,12.25375,0.24482,0.03,2000,24567500
05/25/2012,ProShares Ultra Nasdaq Biotechnology,BIB,12.25375,12.18875,0.53328,0.065,2000,24507500
05/24/2012,ProShares Ultra Nasdaq Biotechnology,BIB,12.18875,11.91495,2.29795,0.2738,2000,24377500
05/23/2012,ProShares Ultra Nasdaq Biotechnology,BIB,11.915,11.9888,-0.61557,-0.0738,2000,23830000
05/22/2012,ProShares Ultra Nasdaq Biotechnology,BIB,11.98875,11.96875,0.16710,0.02,2000,23977500
05/21/2012,ProShares Ultra Nasdaq Biotechnology,BIB,11.96875,11.36125,5.34712,0.6075,2000,23937500
05/18/2012,ProShares Ultra Nasdaq Biotechnology,BIB,11.36125,11.71005,-2.97864,-0.3488,2000,22722500
05/17/2012,ProShares Ultra Nasdaq Biotechnology,BIB,11.71,12.3775,-5.39285,-0.6675,2000,23420000
05/16/2012,ProShares Ultra Nasdaq Biotechnology,BIB,12.3775,12.4075,-0.24179,-0.03,2000,24755000
05/15/2012,ProShares Ultra Nasdaq Biotechnology,BIB,12.4075,12.4813,-0.59128,-0.0738,2000,24815000
05/14/2012,ProShares Ultra Nasdaq Biotechnology,BIB,12.48125,12.52375,-0.33936,-0.0425,2000,24962500
05/11/2012,ProShares Ultra Nasdaq Biotechnology,BIB,12.52375,12.19495,2.69620,0.3288,2000,25047500
05/10/2012,ProShares Ultra Nasdaq Biotechnology,BIB,12.195,11.9637,1.93335,0.2313,2000,24390000
05/09/2012,ProShares Ultra Nasdaq Biotechnology,BIB,11.96375,12.28505,-2.61537,-0.3213,2000,23927500
05/08/2012,ProShares Ultra Nasdaq Biotechnology,BIB,12.285,12.1537,1.08033,0.1313,2000,24570000
05/07/2012,ProShares Ultra Nasdaq Biotechnology,BIB,12.15375,11.62995,4.50389,0.5238,2000,24307500
05/04/2012,ProShares Ultra Nasdaq Biotechnology,BIB,11.63,12.1363,-4.17178,-0.5063,2000,23260000
05/03/2012,ProShares Ultra Nasdaq Biotechnology,BIB,12.13625,12.44375,-2.47112,-0.3075,2000,24272500
05/02/2012,ProShares Ultra Nasdaq Biotechnology,BIB,12.44375,12.24875,1.59200,0.195,2000,24887500
05/01/2012,ProShares Ultra Nasdaq Biotechnology,BIB,12.24875,12.32875,-0.64889,-0.08,2000,24497500
04/30/2012,ProShares Ultra Nasdaq Biotechnology,BIB,12.32875,12.46255,-1.07362,-0.1338,2000,24657500
04/27/2012,ProShares Ultra Nasdaq Biotechnology,BIB,12.4625,12.2437,1.78704,0.2188,2000,24925000
04/26/2012,ProShares Ultra Nasdaq Biotechnology,BIB,12.24375,12.05495,1.56616,0.1888,2000,24487500
04/25/2012,ProShares Ultra Nasdaq Biotechnology,BIB,12.055,11.6175,3.76587,0.4375,2000,24110000
04/24/2012,ProShares Ultra Nasdaq Biotechnology,BIB,11.6175,11.5975,0.17245,0.02,2000,23235000
04/23/2012,ProShares Ultra Nasdaq Biotechnology,BIB,11.5975,11.68,-0.70634,-0.0825,2000,23195000
04/20/2012,ProShares Ultra Nasdaq Biotechnology,BIB,11.68,11.48,1.74216,0.2,2000,23360000
04/19/2012,ProShares Ultra Nasdaq Biotechnology,BIB,11.48,11.1387,3.06409,0.3413,2000,22960000
04/18/2012,ProShares Ultra Nasdaq Biotechnology,BIB,11.13875,11.24625,-0.95587,-0.1075,2000,22277500
04/17/2012,ProShares Ultra Nasdaq Biotechnology,BIB,11.24625,10.91495,3.03529,0.3313,2000,22492500
04/16/2012,ProShares Ultra Nasdaq Biotechnology,BIB,10.915,10.9663,-0.46780,-0.0513,2000,21830000
04/13/2012,ProShares Ultra Nasdaq Biotechnology,BIB,10.96625,11.28255,-2.80344,-0.3163,2000,21932500
04/12/2012,ProShares Ultra Nasdaq Biotechnology,BIB,11.2825,11.175,0.96197,0.1075,2000,22565000
04/11/2012,ProShares Ultra Nasdaq Biotechnology,BIB,11.175,10.965,1.91518,0.21,2000,22350000
04/10/2012,ProShares Ultra Nasdaq Biotechnology,BIB,10.965,11.6038,-5.50509,-0.6388,2000,21930000
04/09/2012,ProShares Ultra Nasdaq Biotechnology,BIB,11.60375,12.07755,-3.92298,-0.4738,2000,23207500
04/05/2012,ProShares Ultra Nasdaq Biotechnology,BIB,12.0775,11.97,0.89808,0.1075,2000,24155000
04/04/2012,ProShares Ultra Nasdaq Biotechnology,BIB,11.97,12.3463,-3.04788,-0.3763,2000,23940000
04/03/2012,ProShares Ultra Nasdaq Biotechnology,BIB,12.34625,12.19495,1.24068,0.1513,2000,24692500
04/02/2012,ProShares Ultra Nasdaq Biotechnology,BIB,12.195,11.985,1.75219,0.21,2000,24390000
03/30/2012,ProShares Ultra Nasdaq Biotechnology,BIB,11.985,11.88,0.88384,0.105,2000,23970000
03/29/2012,ProShares Ultra Nasdaq Biotechnology,BIB,11.88,11.8825,-0.02104,-0.0025,2000,23760000
03/28/2012,ProShares Ultra Nasdaq Biotechnology,BIB,11.8825,12,-0.97917,-0.1175,2000,23765000
03/27/2012,ProShares Ultra Nasdaq Biotechnology,BIB,12,12.1175,-0.96967,-0.1175,2000,24000000
03/26/2012,ProShares Ultra Nasdaq Biotechnology,BIB,12.1175,11.7,3.56838,0.4175,2000,24235000
03/23/2012,ProShares Ultra Nasdaq Biotechnology,BIB,11.7,11.5875,0.97087,0.1125,2000,23400000
03/22/2012,ProShares Ultra Nasdaq Biotechnology,BIB,11.5875,11.5687,0.16251,0.0188,2000,23175000
03/21/2012,ProShares Ultra Nasdaq Biotechnology,BIB,11.56875,11.46995,0.86138,0.0988,2000,23137500
03/20/2012,ProShares Ultra Nasdaq Biotechnology,BIB,11.47,11.65,-1.54506,-0.18,2000,22940000
03/19/2012,ProShares Ultra Nasdaq Biotechnology,BIB,11.65,11.5162,1.16184,0.1338,2000,23300000
03/16/2012,ProShares Ultra Nasdaq Biotechnology,BIB,11.51625,11.56255,-0.40043,-0.0463,2000,23032500
03/15/2012,ProShares Ultra Nasdaq Biotechnology,BIB,11.5625,11.3387,1.97377,0.2238,2000,23125000
03/14/2012,ProShares Ultra Nasdaq Biotechnology,BIB,11.33875,11.48375,-1.26265,-0.145,2000,22677500
03/13/2012,ProShares Ultra Nasdaq Biotechnology,BIB,11.48375,11.24125,2.15723,0.2425,2000,22967500
03/12/2012,ProShares Ultra Nasdaq Biotechnology,BIB,11.24125,11.25005,-0.07822,-0.0088,2000,22482500
03/09/2012,ProShares Ultra Nasdaq Biotechnology,BIB,11.25,11.205,0.40161,0.045,2000,22500000
03/08/2012,ProShares Ultra Nasdaq Biotechnology,BIB,11.205,10.855,3.22432,0.35,2000,22410000
03/07/2012,ProShares Ultra Nasdaq Biotechnology,BIB,10.855,10.6987,1.46093,0.1563,2000,21710000
03/06/2012,ProShares Ultra Nasdaq Biotechnology,BIB,10.69875,11.16505,-4.17643,-0.4663,2000,21397500
03/05/2012,ProShares Ultra Nasdaq Biotechnology,BIB,11.165,11.35,-1.62996,-0.185,2000,22330000
03/02/2012,ProShares Ultra Nasdaq Biotechnology,BIB,11.35,11.4575,-0.93825,-0.1075,2000,22700000
03/01/2012,ProShares Ultra Nasdaq Biotechnology,BIB,11.4575,11.2012,2.28815,0.2563,2000,22915000
02/29/2012,ProShares Ultra Nasdaq Biotechnology,BIB,11.20125,11.32505,-1.09315,-0.1238,2000,22402500
02/28/2012,ProShares Ultra Nasdaq Biotechnology,BIB,11.325,11.2637,0.54423,0.0613,2000,22650000
02/27/2012,ProShares Ultra Nasdaq Biotechnology,BIB,11.26375,11.27005,-0.05590,-0.0063,2000,22527500
02/24/2012,ProShares Ultra Nasdaq Biotechnology,BIB,11.27,11.225,0.40089,0.045,2000,22540000
02/23/2012,ProShares Ultra Nasdaq Biotechnology,BIB,11.225,10.7812,4.11642,0.4438,2000,22450000
02/22/2012,ProShares Ultra Nasdaq Biotechnology,BIB,10.78125,10.76625,0.13932,0.015,2000,21562500
02/21/2012,ProShares Ultra Nasdaq Biotechnology,BIB,10.76625,11.18255,-3.72276,-0.4163,2000,21532500
02/17/2012,ProShares Ultra Nasdaq Biotechnology,BIB,11.1825,11.6775,-4.23892,-0.495,2000,22365000
02/16/2012,ProShares Ultra Nasdaq Biotechnology,BIB,11.6775,11.5037,1.51082,0.1738,2000,23355000
02/15/2012,ProShares Ultra Nasdaq Biotechnology,BIB,11.50375,11.50755,-0.03302,-0.0038,2000,23007500
02/14/2012,ProShares Ultra Nasdaq Biotechnology,BIB,11.5075,11.7088,-1.71922,-0.2013,2000,23015000
02/13/2012,ProShares Ultra Nasdaq Biotechnology,BIB,11.70875,11.17875,4.74114,0.53,2000,23417500
02/10/2012,ProShares Ultra Nasdaq Biotechnology,BIB,11.17875,11.28125,-0.90859,-0.1025,2000,22357500
02/09/2012,ProShares Ultra Nasdaq Biotechnology,BIB,11.28125,11.38505,-0.91172,-0.1038,2000,22562500
02/08/2012,ProShares Ultra Nasdaq Biotechnology,BIB,11.385,11.5775,-1.66271,-0.1925,2000,22770000
02/07/2012,ProShares Ultra Nasdaq Biotechnology,BIB,11.5775,11.7575,-1.53094,-0.18,2000,23155000
02/06/2012,ProShares Ultra Nasdaq Biotechnology,BIB,11.7575,11.4912,2.31743,0.2663,2000,23515000
02/03/2012,ProShares Ultra Nasdaq Biotechnology,BIB,11.49125,11.24745,2.16760,0.2438,2000,22982500
02/02/2012,ProShares Ultra Nasdaq Biotechnology,BIB,11.2475,11.13,1.05571,0.1175,2000,22495000
02/01/2012,ProShares Ultra Nasdaq Biotechnology,BIB,11.13,10.6787,4.22617,0.4513,2000,22260000
01/31/2012,ProShares Ultra Nasdaq Biotechnology,BIB,10.67875,10.57375,0.99303,0.105,2000,21357500
01/30/2012,ProShares Ultra Nasdaq Biotechnology,BIB,10.57375,10.63125,-0.54086,-0.0575,2000,21147500
01/27/2012,ProShares Ultra Nasdaq Biotechnology,BIB,10.63125,10.43745,1.85678,0.1938,2000.01,21262585.05
01/26/2012,ProShares Ultra Nasdaq Biotechnology,BIB,10.4375,10.6063,-1.59151,-0.1688,2000.01,20875083.5
01/25/2012,ProShares Ultra Nasdaq Biotechnology,BIB,10.60625,10.11495,4.85717,0.4913,2000.01,21212584.85
01/24/2012,ProShares Ultra Nasdaq Biotechnology,BIB,10.115,10.0087,1.06208,0.1063,1600.01,16184080.92
01/23/2012,ProShares Ultra Nasdaq Biotechnology,BIB,10.00875,10.14125,-1.30655,-0.1325,1600.01,16014080.07
01/20/2012,ProShares Ultra Nasdaq Biotechnology,BIB,10.14125,10.29625,-1.50540,-0.155,1600.01,16226081.13
01/19/2012,ProShares Ultra Nasdaq Biotechnology,BIB,10.29625,10.37255,-0.73560,-0.0763,1600.01,16474082.37
01/18/2012,ProShares Ultra Nasdaq Biotechnology,BIB,10.3725,10.1275,2.41916,0.245,1600.01,16596082.98
01/17/2012,ProShares Ultra Nasdaq Biotechnology,BIB,10.1275,9.9937,1.33884,0.1338,1600.01,16204081.02
01/13/2012,ProShares Ultra Nasdaq Biotechnology,BIB,9.99375,10.00375,-0.09996,-0.01,1600.01,15990079.95
01/12/2012,ProShares Ultra Nasdaq Biotechnology,BIB,10.00375,9.85625,1.49651,0.1475,1600.01,16006080.03
01/11/2012,ProShares Ultra Nasdaq Biotechnology,BIB,9.85625,9.74995,1.09026,0.1063,1600.01,15770078.85
01/10/2012,ProShares Ultra Nasdaq Biotechnology,BIB,9.75,9.3875,3.86152,0.3625,1600.01,15600078
01/09/2012,ProShares Ultra Nasdaq Biotechnology,BIB,9.3875,9.145,2.65172,0.2425,1600.01,15020075.1
01/06/2012,ProShares Ultra Nasdaq Biotechnology,BIB,9.145,8.9937,1.68229,0.1513,1600.01,14632073.16
01/05/2012,ProShares Ultra Nasdaq Biotechnology,BIB,8.99375,8.73375,2.97696,0.26,1600.01,14390071.95
01/04/2012,ProShares Ultra Nasdaq Biotechnology,BIB,8.73375,8.82005,-0.97845,-0.0863,1600.01,13974069.87
01/03/2012,ProShares Ultra Nasdaq Biotechnology,BIB,8.82,8.6612,1.83346,0.1588,1600.01,14112070.56
12/30/2011,ProShares Ultra Nasdaq Biotechnology,BIB,8.66125,8.61745,0.50827,0.0438,1600.01,13858069.29
12/29/2011,ProShares Ultra Nasdaq Biotechnology,BIB,8.6175,8.4487,1.99794,0.1688,1600.01,13788068.94
12/28/2011,ProShares Ultra Nasdaq Biotechnology,BIB,8.44875,8.67005,-2.55247,-0.2213,1600.01,13518067.59
12/27/2011,ProShares Ultra Nasdaq Biotechnology,BIB,8.67,8.5237,1.71639,0.1463,1600.01,13872069.36
12/23/2011,ProShares Ultra Nasdaq Biotechnology,BIB,8.52375,8.46375,0.70891,0.06,1600.01,13638068.19
12/22/2011,ProShares Ultra Nasdaq Biotechnology,BIB,8.46375,8.42625,0.44504,0.0375,1600.01,13542067.71
12/21/2011,ProShares Ultra Nasdaq Biotechnology,BIB,8.42625,8.37125,0.65701,0.055,1600.01,13482067.41
12/20/2011,ProShares Ultra Nasdaq Biotechnology,BIB,8.37125,7.95625,5.21603,0.415,1600.01,13394066.97
12/19/2011,ProShares Ultra Nasdaq Biotechnology,BIB,7.95625,7.99625,-0.50023,-0.04,1600.01,12730063.65
12/16/2011,ProShares Ultra Nasdaq Biotechnology,BIB,7.99625,7.89625,1.26642,0.1,1600.01,12794063.97
12/15/2011,ProShares Ultra Nasdaq Biotechnology,BIB,7.89625,7.80745,1.13738,0.0888,1600.01,12634063.17
12/14/2011,ProShares Ultra Nasdaq Biotechnology,BIB,7.8075,7.86,-0.66794,-0.0525,1600.01,12492062.46
12/13/2011,ProShares Ultra Nasdaq Biotechnology,BIB,7.86,8.05,-2.36025,-0.19,1600.01,12576062.88
12/12/2011,ProShares Ultra Nasdaq Biotechnology,BIB,8.05,8.2225,-2.09790,-0.1725,1600.01,12880064.4
12/09/2011,ProShares Ultra Nasdaq Biotechnology,BIB,8.2225,7.9287,3.70553,0.2938,1600.01,13156065.78
12/08/2011,ProShares Ultra Nasdaq Biotechnology,BIB,7.92875,8.20005,-3.30852,-0.2713,1600.01,12686063.43
12/07/2011,ProShares Ultra Nasdaq Biotechnology,BIB,8.2,8.2538,-0.65182,-0.0538,1600.01,13120065.6
12/06/2011,ProShares Ultra Nasdaq Biotechnology,BIB,8.25375,8.27625,-0.27186,-0.0225,1600.01,13206066.03
12/05/2011,ProShares Ultra Nasdaq Biotechnology,BIB,8.27625,8.24245,0.41007,0.0338,1600.01,13242066.21
12/02/2011,ProShares Ultra Nasdaq Biotechnology,BIB,8.2425,8.36,-1.40550,-0.1175,1600.01,13188065.94
12/01/2011,ProShares Ultra Nasdaq Biotechnology,BIB,8.36,8.3462,0.16534,0.0138,2000.01,16720066.88
11/30/2011,ProShares Ultra Nasdaq Biotechnology,BIB,8.34625,7.81875,6.74660,0.5275,2000.01,16692566.77
11/29/2011,ProShares Ultra Nasdaq Biotechnology,BIB,7.81875,7.83255,-0.17619,-0.0138,2000.01,15637562.55
11/28/2011,ProShares Ultra Nasdaq Biotechnology,BIB,7.8325,7.2912,7.42402,0.5413,2000.01,15665062.66
11/25/2011,ProShares Ultra Nasdaq Biotechnology,BIB,7.29125,7.42375,-1.78481,-0.1325,2000.01,14582558.33
11/23/2011,ProShares Ultra Nasdaq Biotechnology,BIB,7.42375,7.68755,-3.43152,-0.2638,2000.01,14847559.39
11/22/2011,ProShares Ultra Nasdaq Biotechnology,BIB,7.6875,7.4912,2.62041,0.1963,2000.01,15375061.5
11/21/2011,ProShares Ultra Nasdaq Biotechnology,BIB,7.49125,6.81745,9.88346,0.6738,2000.01,14982559.93
11/18/2011,ProShares Ultra Nasdaq Biotechnology,BIB,6.8175,6.9063,-1.28578,-0.0888,2000.01,13635054.54
11/17/2011,ProShares Ultra Nasdaq Biotechnology,BIB,6.90625,7.03375,-1.81269,-0.1275,2000.01,13812555.25
11/16/2011,ProShares Ultra Nasdaq Biotechnology,BIB,7.03375,7.26125,-3.13307,-0.2275,2000.01,14067556.27
11/15/2011,ProShares Ultra Nasdaq Biotechnology,BIB,7.26125,7.19995,0.85139,0.0613,2000.01,14522558.09
11/14/2011,ProShares Ultra Nasdaq Biotechnology,BIB,7.2,7.2475,-0.65540,-0.0475,2000.01,14400057.6
11/11/2011,ProShares Ultra Nasdaq Biotechnology,BIB,7.2475,7.015,3.31433,0.2325,2000.01,14495057.98
11/10/2011,ProShares Ultra Nasdaq Biotechnology,BIB,7.015,7.0188,-0.05414,-0.0038,2000.01,14030056.12
11/09/2011,ProShares Ultra Nasdaq Biotechnology,BIB,7.01875,7.40505,-5.21671,-0.3863,2000.01,14037556.15
11/08/2011,ProShares Ultra Nasdaq Biotechnology,BIB,7.405,7.435,-0.40350,-0.03,2000.01,14810059.24
11/07/2011,ProShares Ultra Nasdaq Biotechnology,BIB,7.435,7.385,0.67705,0.05,2000.01,14870059.48
11/04/2011,ProShares Ultra Nasdaq Biotechnology,BIB,7.385,7.6438,-3.38575,-0.2588,2000.01,14770059.08
11/03/2011,ProShares Ultra Nasdaq Biotechnology,BIB,7.64375,7.45745,2.49817,0.1863,2000.01,15287561.15
11/02/2011,ProShares Ultra Nasdaq Biotechnology,BIB,7.4575,7.4175,0.53927,0.04,2000.01,14915059.66
11/01/2011,ProShares Ultra Nasdaq Biotechnology,BIB,7.4175,7.7463,-4.24461,-0.3288,2000.01,14835059.34
10/31/2011,ProShares Ultra Nasdaq Biotechnology,BIB,7.74625,8.08625,-4.20467,-0.34,2000.01,15492561.97
10/28/2011,ProShares Ultra Nasdaq Biotechnology,BIB,8.08625,8.04125,0.55961,0.045,2000.01,16172564.69
10/27/2011,ProShares Ultra Nasdaq Biotechnology,BIB,8.04125,7.70875,4.31328,0.3325,2000.01,16082564.33
10/26/2011,ProShares Ultra Nasdaq Biotechnology,BIB,7.70875,7.44745,3.50858,0.2613,2000.01,15417561.67
10/25/2011,ProShares Ultra Nasdaq Biotechnology,BIB,7.4475,7.8838,-5.53413,-0.4363,2000.01,14895059.58
10/24/2011,ProShares Ultra Nasdaq Biotechnology,BIB,7.88375,7.62625,3.37650,0.2575,2000.01,15767563.07
10/21/2011,ProShares Ultra Nasdaq Biotechnology,BIB,7.62625,7.40625,2.97046,0.22,2000.01,15252561.01
10/20/2011,ProShares Ultra Nasdaq Biotechnology,BIB,7.40625,7.29995,1.45617,0.1063,2000.01,14812559.25
10/19/2011,ProShares Ultra Nasdaq Biotechnology,BIB,7.3,7.4375,-1.84874,-0.1375,2000.01,14600058.4
10/18/2011,ProShares Ultra Nasdaq Biotechnology,BIB,7.4375,7.305,1.81383,0.1325,2000.01,14875059.5
10/17/2011,ProShares Ultra Nasdaq Biotechnology,BIB,7.305,7.6475,-4.47859,-0.3425,2000.01,14610058.44
10/14/2011,ProShares Ultra Nasdaq Biotechnology,BIB,7.6475,7.5937,0.70848,0.0538,2000.01,15295061.18
10/13/2011,ProShares Ultra Nasdaq Biotechnology,BIB,7.59375,7.36745,3.07162,0.2263,2000.01,15187560.75
10/12/2011,ProShares Ultra Nasdaq Biotechnology,BIB,7.3675,7.46,-1.23995,-0.0925,2000.01,14735058.94
10/11/2011,ProShares Ultra Nasdaq Biotechnology,BIB,7.46,7.4975,-0.50017,-0.0375,2000.01,14920059.68
10/10/2011,ProShares Ultra Nasdaq Biotechnology,BIB,7.4975,7.1387,5.02613,0.3588,2000.01,14995059.98
10/07/2011,ProShares Ultra Nasdaq Biotechnology,BIB,7.13875,7.45755,-4.27486,-0.3188,2000.01,14277557.11
10/06/2011,ProShares Ultra Nasdaq Biotechnology,BIB,7.4575,7.115,4.81377,0.3425,2000.01,14915059.66
10/05/2011,ProShares Ultra Nasdaq Biotechnology,BIB,7.115,6.7275,5.75994,0.3875,2000.01,14230056.92
10/04/2011,ProShares Ultra Nasdaq Biotechnology,BIB,6.7275,6.42,4.78972,0.3075,2000.01,13455053.82
10/03/2011,ProShares Ultra Nasdaq Biotechnology,BIB,6.42,7.065,-9.12951,-0.645,2000.01,12840051.36
09/30/2011,ProShares Ultra Nasdaq Biotechnology,BIB,7.065,7.1825,-1.63592,-0.1175,2000.01,14130056.52
09/29/2011,ProShares Ultra Nasdaq Biotechnology,BIB,7.1825,7.1775,0.06966,0.005,2000.01,14365057.46
09/28/2011,ProShares Ultra Nasdaq Biotechnology,BIB,7.1775,7.5763,-5.26378,-0.3988,2000.01,14355057.42
09/27/2011,ProShares Ultra Nasdaq Biotechnology,BIB,7.57625,7.37245,2.76435,0.2038,2000.01,15152560.61
09/26/2011,ProShares Ultra Nasdaq Biotechnology,BIB,7.3725,7.3112,0.83844,0.0613,2000.01,14745058.98
09/23/2011,ProShares Ultra Nasdaq Biotechnology,BIB,7.31125,7.17995,1.82870,0.1313,2000.01,14622558.49
09/22/2011,ProShares Ultra Nasdaq Biotechnology,BIB,7.18,7.6038,-5.57353,-0.4238,2400.01,17232057.44
09/21/2011,ProShares Ultra Nasdaq Biotechnology,BIB,7.60375,7.86875,-3.36775,-0.265,2400.01,18249060.83
09/20/2011,ProShares Ultra Nasdaq Biotechnology,BIB,7.86875,7.76375,1.35244,0.105,2400.01,18885062.95
09/19/2011,ProShares Ultra Nasdaq Biotechnology,BIB,7.76375,7.79005,-0.33761,-0.0263,2400.01,18633062.11
09/16/2011,ProShares Ultra Nasdaq Biotechnology,BIB,7.79,7.7787,0.14527,0.0113,2400.01,18696062.32
09/15/2011,ProShares Ultra Nasdaq Biotechnology,BIB,7.77875,7.64245,1.78346,0.1363,2400.01,18669062.23
09/14/2011,ProShares Ultra Nasdaq Biotechnology,BIB,7.6425,7.4862,2.08784,0.1563,2400.01,18342061.14
09/13/2011,ProShares Ultra Nasdaq Biotechnology,BIB,7.48625,7.27995,2.83381,0.2063,2400.01,17967059.89
09/12/2011,ProShares Ultra Nasdaq Biotechnology,BIB,7.28,7.1825,1.35747,0.0975,2400.01,17472058.24
09/09/2011,ProShares Ultra Nasdaq Biotechnology,BIB,7.1825,7.6438,-6.03496,-0.4613,2400.01,17238057.46
09/08/2011,ProShares Ultra Nasdaq Biotechnology,BIB,7.64375,7.66005,-0.21279,-0.0163,2400.01,18345061.15
09/07/2011,ProShares Ultra Nasdaq Biotechnology,BIB,7.66,7.2312,5.92986,0.4288,2400.01,18384061.28
09/06/2011,ProShares Ultra Nasdaq Biotechnology,BIB,7.23125,7.03745,2.75384,0.1938,2400.01,17355057.85
09/02/2011,ProShares Ultra Nasdaq Biotechnology,BIB,7.0375,7.3338,-4.04020,-0.2963,2400.01,16890056.3
09/01/2011,ProShares Ultra Nasdaq Biotechnology,BIB,7.33375,7.56505,-3.05748,-0.2313,2400.01,17601058.67
08/31/2011,ProShares Ultra Nasdaq Biotechnology,BIB,7.565,7.55,0.19868,0.015,2400.01,18156060.52
08/30/2011,ProShares Ultra Nasdaq Biotechnology,BIB,7.55,7.395,2.09601,0.155,2400.01,18120060.4
08/29/2011,ProShares Ultra Nasdaq Biotechnology,BIB,7.395,6.9537,6.34626,0.4413,2400.01,17748059.16
08/26/2011,ProShares Ultra Nasdaq Biotechnology,BIB,6.95375,6.63495,4.80486,0.3188,2400.01,16689055.63
08/25/2011,ProShares Ultra Nasdaq Biotechnology,BIB,6.635,6.9413,-4.41272,-0.3063,2800.01,18578053.08
08/24/2011,ProShares Ultra Nasdaq Biotechnology,BIB,6.94125,6.87625,0.94528,0.065,2800.01,19435555.53
08/23/2011,ProShares Ultra Nasdaq Biotechnology,BIB,6.87625,6.36625,8.01100,0.51,2800.01,19253555.01
08/22/2011,ProShares Ultra Nasdaq Biotechnology,BIB,6.36625,6.42375,-0.89512,-0.0575,2800.01,17825550.93
08/19/2011,ProShares Ultra Nasdaq Biotechnology,BIB,6.42375,6.39995,0.37188,0.0238,2800.01,17986551.39
08/18/2011,ProShares Ultra Nasdaq Biotechnology,BIB,6.4,7.07,-9.47666,-0.67,2800.01,17920051.2
08/17/2011,ProShares Ultra Nasdaq Biotechnology,BIB,7.07,7.145,-1.04969,-0.075,3200.01,22624056.56
08/16/2011,ProShares Ultra Nasdaq Biotechnology,BIB,7.145,7.2188,-1.02233,-0.0738,3200.01,22864057.16
08/15/2011,ProShares Ultra Nasdaq Biotechnology,BIB,7.21875,6.78245,6.43278,0.4363,3200.01,23100057.75
08/12/2011,ProShares Ultra Nasdaq Biotechnology,BIB,6.7825,6.515,4.10591,0.2675,3200.01,21704054.26
08/11/2011,ProShares Ultra Nasdaq Biotechnology,BIB,6.515,6.0212,8.20102,0.4938,3200.01,20848052.12
08/10/2011,ProShares Ultra Nasdaq Biotechnology,BIB,6.02125,6.67875,-9.84466,-0.6575,3600.01,21676548.17
08/09/2011,ProShares Ultra Nasdaq Biotechnology,BIB,6.67875,5.93245,12.57996,0.7463,3600.01,24043553.43
08/08/2011,ProShares Ultra Nasdaq Biotechnology,BIB,5.9325,6.8188,-12.99789,-0.8863,3600.01,21357047.46
08/05/2011,ProShares Ultra Nasdaq Biotechnology,BIB,6.81875,6.92875,-1.58759,-0.11,3600.01,24547554.55
08/04/2011,ProShares Ultra Nasdaq Biotechnology,BIB,6.92875,8.26125,-16.12952,-1.3325,4000.01,27715055.43
08/03/2011,ProShares Ultra Nasdaq Biotechnology,BIB,8.26125,8.28125,-0.24151,-0.02,4000.01,33045066.09
08/02/2011,ProShares Ultra Nasdaq Biotechnology,BIB,8.28125,8.81755,-6.08219,-0.5363,4000.01,33125066.25
08/01/2011,ProShares Ultra Nasdaq Biotechnology,BIB,8.8175,9.0938,-3.03833,-0.2763,4000.01,35270070.54
07/29/2011,ProShares Ultra Nasdaq Biotechnology,BIB,9.09375,8.99875,1.05570,0.095,4000.01,36375072.75
07/28/2011,ProShares Ultra Nasdaq Biotechnology,BIB,8.99875,8.96125,0.41847,0.0375,4000.01,35995071.99
07/27/2011,ProShares Ultra Nasdaq Biotechnology,BIB,8.96125,9.49755,-5.64672,-0.5363,4000.01,35845071.69
07/26/2011,ProShares Ultra Nasdaq Biotechnology,BIB,9.4975,9.6925,-2.01186,-0.195,4000.01,37990075.98
07/25/2011,ProShares Ultra Nasdaq Biotechnology,BIB,9.6925,10.0525,-3.58120,-0.36,4000.01,38770077.54
07/22/2011,ProShares Ultra Nasdaq Biotechnology,BIB,10.0525,9.955,0.97941,0.0975,4000.01,40210080.42
07/21/2011,ProShares Ultra Nasdaq Biotechnology,BIB,9.955,9.6475,3.18735,0.3075,4000.01,39820079.64
07/20/2011,ProShares Ultra Nasdaq Biotechnology,BIB,9.6475,9.8175,-1.73160,-0.17,3600.01,34731077.18
07/19/2011,ProShares Ultra Nasdaq Biotechnology,BIB,9.8175,9.47,3.66948,0.3475,3600.01,35343078.54
07/18/2011,ProShares Ultra Nasdaq Biotechnology,BIB,9.47,9.7213,-2.58505,-0.2513,3600.01,34092075.76
07/15/2011,ProShares Ultra Nasdaq Biotechnology,BIB,9.72125,9.76375,-0.43528,-0.0425,3600.01,34996577.77
07/14/2011,ProShares Ultra Nasdaq Biotechnology,BIB,9.76375,9.87375,-1.11407,-0.11,3600.01,35149578.11
07/13/2011,ProShares Ultra Nasdaq Biotechnology,BIB,9.87375,9.74995,1.26975,0.1238,3600.01,35545578.99
07/12/2011,ProShares Ultra Nasdaq Biotechnology,BIB,9.75,9.7625,-0.12804,-0.0125,3600.01,35100078
07/11/2011,ProShares Ultra Nasdaq Biotechnology,BIB,9.7625,10.1513,-3.83005,-0.3888,2800.01,27335078.1
07/08/2011,ProShares Ultra Nasdaq Biotechnology,BIB,10.15125,10.09625,0.54476,0.055,2800.01,28423581.21
07/07/2011,ProShares Ultra Nasdaq Biotechnology,BIB,10.09625,9.97375,1.22822,0.1225,2400.01,24231080.77
07/06/2011,ProShares Ultra Nasdaq Biotechnology,BIB,9.97375,9.86625,1.08957,0.1075,2400.01,23937079.79
07/05/2011,ProShares Ultra Nasdaq Biotechnology,BIB,9.86625,9.81375,0.53496,0.0525,2400.01,23679078.93
07/01/2011,ProShares Ultra Nasdaq Biotechnology,BIB,9.81375,9.60375,2.18665,0.21,2400.01,23553078.51
06/30/2011,ProShares Ultra Nasdaq Biotechnology,BIB,9.60375,9.54375,0.62868,0.06,2400.01,23049076.83
06/29/2011,ProShares Ultra Nasdaq Biotechnology,BIB,9.54375,9.51125,0.34170,0.0325,2400.01,22905076.35
06/28/2011,ProShares Ultra Nasdaq Biotechnology,BIB,9.51125,9.15995,3.83517,0.3513,2400.01,22827076.09
06/27/2011,ProShares Ultra Nasdaq Biotechnology,BIB,9.16,9.0137,1.62308,0.1463,2400.01,21984073.28
06/24/2011,ProShares Ultra Nasdaq Biotechnology,BIB,9.01375,9.15375,-1.52943,-0.14,2400.01,21633072.11
06/23/2011,ProShares Ultra Nasdaq Biotechnology,BIB,9.15375,9.04875,1.16038,0.105,2400.01,21969073.23
06/22/2011,ProShares Ultra Nasdaq Biotechnology,BIB,9.04875,9.11005,-0.67288,-0.0613,2400.01,21717072.39
06/21/2011,ProShares Ultra Nasdaq Biotechnology,BIB,9.11,8.8887,2.48968,0.2213,2400.01,21864072.88
06/20/2011,ProShares Ultra Nasdaq Biotechnology,BIB,8.88875,8.73995,1.70253,0.1488,2400.01,21333071.11
06/17/2011,ProShares Ultra Nasdaq Biotechnology,BIB,8.74,8.8675,-1.43783,-0.1275,2400.01,20976069.92
06/16/2011,ProShares Ultra Nasdaq Biotechnology,BIB,8.8675,8.9338,-0.74213,-0.0663,2400.01,21282070.94
06/15/2011,ProShares Ultra Nasdaq Biotechnology,BIB,8.93375,9.12625,-2.10930,-0.1925,2400.01,21441071.47
06/14/2011,ProShares Ultra Nasdaq Biotechnology,BIB,9.12625,8.97495,1.68580,0.1513,2400.01,21903073.01
06/13/2011,ProShares Ultra Nasdaq Biotechnology,BIB,8.975,9.0325,-0.63659,-0.0575,2400.01,21540071.8
06/10/2011,ProShares Ultra Nasdaq Biotechnology,BIB,9.0325,9.3925,-3.83285,-0.36,2000.01,18065072.26
06/09/2011,ProShares Ultra Nasdaq Biotechnology,BIB,9.3925,9.44,-0.50318,-0.0475,2000.01,18785075.14
06/08/2011,ProShares Ultra Nasdaq Biotechnology,BIB,9.44,9.505,-0.68385,-0.065,2000.01,18880075.52
06/07/2011,ProShares Ultra Nasdaq Biotechnology,BIB,9.505,9.3025,2.17683,0.2025,2000.01,19010076.04
06/06/2011,ProShares Ultra Nasdaq Biotechnology,BIB,9.3025,9.6463,-3.56406,-0.3438,2000.01,18605074.42
06/03/2011,ProShares Ultra Nasdaq Biotechnology,BIB,9.64625,9.84875,-2.05610,-0.2025,2000.01,19292577.17
06/02/2011,ProShares Ultra Nasdaq Biotechnology,BIB,9.84875,9.72125,1.31156,0.1275,2000.01,19697578.79
06/01/2011,ProShares Ultra Nasdaq Biotechnology,BIB,9.72125,10.11005,-3.84568,-0.3888,2000.01,19442577.77
05/31/2011,ProShares Ultra Nasdaq Biotechnology,BIB,10.11,9.8875,2.25032,0.2225,2000.01,20220080.88
05/27/2011,ProShares Ultra Nasdaq Biotechnology,BIB,9.8875,9.82,0.68737,0.0675,2000.01,19775079.1
05/26/2011,ProShares Ultra Nasdaq Biotechnology,BIB,9.82,9.695,1.28932,0.125,2000.01,19640078.56
05/25/2011,ProShares Ultra Nasdaq Biotechnology,BIB,9.695,9.5625,1.38562,0.1325,2000.01,19390077.56
05/24/2011,ProShares Ultra Nasdaq Biotechnology,BIB,9.5625,9.6288,-0.68856,-0.0663,2000.01,19125076.5
05/23/2011,ProShares Ultra Nasdaq Biotechnology,BIB,9.62875,9.91375,-2.87480,-0.285,2000.01,19257577.03
05/20/2011,ProShares Ultra Nasdaq Biotechnology,BIB,9.91375,9.88995,0.24065,0.0238,2000.01,19827579.31
05/19/2011,ProShares Ultra Nasdaq Biotechnology,BIB,9.89,9.9725,-0.82728,-0.0825,2000.01,19780079.12
05/18/2011,ProShares Ultra Nasdaq Biotechnology,BIB,9.9725,9.8,1.76020,0.1725,2000.01,19945079.78
05/17/2011,ProShares Ultra Nasdaq Biotechnology,BIB,9.8,9.7662,0.34609,0.0338,2000.01,19600078.4
05/16/2011,ProShares Ultra Nasdaq Biotechnology,BIB,9.76625,10.05375,-2.85963,-0.2875,1600.01,15626078.13
05/13/2011,ProShares Ultra Nasdaq Biotechnology,BIB,10.05375,10.17375,-1.17951,-0.12,1600.01,16086080.43
05/12/2011,ProShares Ultra Nasdaq Biotechnology,BIB,10.17375,9.89245,2.84358,0.2813,1600.01,16278081.39
05/11/2011,ProShares Ultra Nasdaq Biotechnology,BIB,9.8925,10.0225,-1.29708,-0.13,1600.01,15828079.14
05/10/2011,ProShares Ultra Nasdaq Biotechnology,BIB,10.0225,9.92,1.03327,0.1025,1600.01,16036080.18
05/09/2011,ProShares Ultra Nasdaq Biotechnology,BIB,9.92,9.63,3.01142,0.29,1600.01,15872079.36
05/06/2011,ProShares Ultra Nasdaq Biotechnology,BIB,9.63,9.3675,2.80224,0.2625,1600.01,15408077.04
05/05/2011,ProShares Ultra Nasdaq Biotechnology,BIB,9.3675,9.6275,-2.70060,-0.26,1600.01,14988074.94
05/04/2011,ProShares Ultra Nasdaq Biotechnology,BIB,9.6275,9.775,-1.50895,-0.1475,1600.01,15404077.02
05/03/2011,ProShares Ultra Nasdaq Biotechnology,BIB,9.775,9.93,-1.56093,-0.155,1200.01,11730078.2
05/02/2011,ProShares Ultra Nasdaq Biotechnology,BIB,9.93,9.8125,1.19745,0.1175,1200.01,11916079.44
04/29/2011,ProShares Ultra Nasdaq Biotechnology,BIB,9.8125,10.0413,-2.27859,-0.2288,1200.01,11775078.5
04/28/2011,ProShares Ultra Nasdaq Biotechnology,BIB,10.04125,10.03495,0.06278,0.0063,1200.01,12049580.33
04/27/2011,ProShares Ultra Nasdaq Biotechnology,BIB,10.035,9.5775,4.77682,0.4575,1200.01,12042080.28
04/26/2011,ProShares Ultra Nasdaq Biotechnology,BIB,9.5775,9.2987,2.99827,0.2788,1200.01,11493076.62
04/25/2011,ProShares Ultra Nasdaq Biotechnology,BIB,9.29875,9.40125,-1.09028,-0.1025,1200.01,11158574.39
04/21/2011,ProShares Ultra Nasdaq Biotechnology,BIB,9.40125,9.39245,0.09369,0.0088,1200.01,11281575.21
04/20/2011,ProShares Ultra Nasdaq Biotechnology,BIB,9.3925,9.0675,3.58423,0.325,1200.01,11271075.14
04/19/2011,ProShares Ultra Nasdaq Biotechnology,BIB,9.0675,9.135,-0.73892,-0.0675,1200.01,10881072.54
04/18/2011,ProShares Ultra Nasdaq Biotechnology,BIB,9.135,9.3575,-2.37777,-0.2225,1200.01,10962073.08
04/15/2011,ProShares Ultra Nasdaq Biotechnology,BIB,9.3575,9.1512,2.25435,0.2063,1200.01,11229074.86
04/14/2011,ProShares Ultra Nasdaq Biotechnology,BIB,9.15125,9.01245,1.54009,0.1388,1200.01,10981573.21
04/13/2011,ProShares Ultra Nasdaq Biotechnology,BIB,9.0125,8.835,2.00905,0.1775,800.01,7210072.1
04/12/2011,ProShares Ultra Nasdaq Biotechnology,BIB,8.835,8.8963,-0.68905,-0.0613,800.01,7068070.68
04/11/2011,ProShares Ultra Nasdaq Biotechnology,BIB,8.89625,8.89495,0.01462,0.0013,800.01,7117071.17
04/08/2011,ProShares Ultra Nasdaq Biotechnology,BIB,8.895,8.8887,0.07088,0.0063,800.01,7116071.16
04/07/2011,ProShares Ultra Nasdaq Biotechnology,BIB,8.88875,8.92125,-0.36430,-0.0325,800.01,7111071.11
04/06/2011,ProShares Ultra Nasdaq Biotechnology,BIB,8.92125,8.90495,0.18304,0.0163,800.01,7137071.37
04/05/2011,ProShares Ultra Nasdaq Biotechnology,BIB,8.905,8.7112,2.22472,0.1938,800.01,7124071.24
04/04/2011,ProShares Ultra Nasdaq Biotechnology,BIB,8.71125,8.66995,0.47636,0.0413,800.01,6969069.69
04/01/2011,ProShares Ultra Nasdaq Biotechnology,BIB,8.67,8.5437,1.47828,0.1263,800.01,6936069.36
03/31/2011,ProShares Ultra Nasdaq Biotechnology,BIB,8.54375,8.44375,1.18431,0.1,800.01,6835068.35
03/30/2011,ProShares Ultra Nasdaq Biotechnology,BIB,8.44375,8.15495,3.54141,0.2888,800.01,6755067.55
03/29/2011,ProShares Ultra Nasdaq Biotechnology,BIB,8.155,7.9087,3.11429,0.2463,800.01,6524065.24
03/28/2011,ProShares Ultra Nasdaq Biotechnology,BIB,7.90875,7.95375,-0.56577,-0.045,800.01,6327063.27
03/25/2011,ProShares Ultra Nasdaq Biotechnology,BIB,7.95375,7.92995,0.30013,0.0238,800.01,6363063.63
03/24/2011,ProShares Ultra Nasdaq Biotechnology,BIB,7.93,7.6862,3.17192,0.2438,800.01,6344063.44
03/23/2011,ProShares Ultra Nasdaq Biotechnology,BIB,7.68625,7.63995,0.60602,0.0463,800.01,6149061.49
03/22/2011,ProShares Ultra Nasdaq Biotechnology,BIB,7.64,7.67,-0.39113,-0.03,800.01,6112061.12
03/21/2011,ProShares Ultra Nasdaq Biotechnology,BIB,7.67,7.5587,1.47248,0.1113,800.01,6136061.36
03/18/2011,ProShares Ultra Nasdaq Biotechnology,BIB,7.55875,7.46875,1.20502,0.09,800.01,6047060.47
03/17/2011,ProShares Ultra Nasdaq Biotechnology,BIB,7.46875,7.40625,0.84388,0.0625,800.01,5975059.75
03/16/2011,ProShares Ultra Nasdaq Biotechnology,BIB,7.40625,7.60255,-2.58203,-0.1963,800.01,5925059.25
03/15/2011,ProShares Ultra Nasdaq Biotechnology,BIB,7.6025,7.7488,-1.88803,-0.1463,800.01,6082060.82
03/14/2011,ProShares Ultra Nasdaq Biotechnology,BIB,7.74875,7.82375,-0.95862,-0.075,800.01,6199061.99
03/11/2011,ProShares Ultra Nasdaq Biotechnology,BIB,7.82375,7.70625,1.52474,0.1175,800.01,6259062.59
03/10/2011,ProShares Ultra Nasdaq Biotechnology,BIB,7.70625,7.98875,-3.53622,-0.2825,800.01,6165061.65
03/09/2011,ProShares Ultra Nasdaq Biotechnology,BIB,7.98875,7.96375,0.31392,0.025,800.01,6391063.91
03/08/2011,ProShares Ultra Nasdaq Biotechnology,BIB,7.96375,7.78875,2.24683,0.175,800.01,6371063.71
03/07/2011,ProShares Ultra Nasdaq Biotechnology,BIB,7.78875,7.88875,-1.26763,-0.1,800.01,6231062.31
03/04/2011,ProShares Ultra Nasdaq Biotechnology,BIB,7.88875,7.88625,0.03170,0.0025,800.01,6311063.11
03/03/2011,ProShares Ultra Nasdaq Biotechnology,BIB,7.88625,7.66125,2.93686,0.225,800.01,6309063.09
03/02/2011,ProShares Ultra Nasdaq Biotechnology,BIB,7.66125,7.54995,1.47418,0.1113,800.01,6129061.29
03/01/2011,ProShares Ultra Nasdaq Biotechnology,BIB,7.55,7.65,-1.30719,-0.1,800.01,6040060.4
02/28/2011,ProShares Ultra Nasdaq Biotechnology,BIB,7.65,7.635,0.19646,0.015,800.01,6120061.2
02/25/2011,ProShares Ultra Nasdaq Biotechnology,BIB,7.635,7.3387,4.03750,0.2963,800.01,6108061.08
02/24/2011,ProShares Ultra Nasdaq Biotechnology,BIB,7.33875,7.35005,-0.15374,-0.0113,800.01,5871058.71
02/23/2011,ProShares Ultra Nasdaq Biotechnology,BIB,7.35,7.4863,-1.82066,-0.1363,800.01,5880058.8
02/22/2011,ProShares Ultra Nasdaq Biotechnology,BIB,7.48625,7.78375,-3.82207,-0.2975,800.01,5989059.89
02/18/2011,ProShares Ultra Nasdaq Biotechnology,BIB,7.78375,7.81125,-0.35206,-0.0275,800.01,6227062.27
02/17/2011,ProShares Ultra Nasdaq Biotechnology,BIB,7.81125,7.77245,0.49920,0.0388,800.01,6249062.49
02/16/2011,ProShares Ultra Nasdaq Biotechnology,BIB,7.7725,7.7037,0.89308,0.0688,800.01,6218062.18
02/15/2011,ProShares Ultra Nasdaq Biotechnology,BIB,7.70375,7.69245,0.14690,0.0113,800.01,6163061.63
02/14/2011,ProShares Ultra Nasdaq Biotechnology,BIB,7.6925,7.5837,1.43466,0.1088,800.01,6154061.54
02/11/2011,ProShares Ultra Nasdaq Biotechnology,BIB,7.58375,7.55875,0.33074,0.025,800.01,6067060.67
02/10/2011,ProShares Ultra Nasdaq Biotechnology,BIB,7.55875,7.45995,1.32441,0.0988,800.01,6047060.47
02/09/2011,ProShares Ultra Nasdaq Biotechnology,BIB,7.46,7.5713,-1.47002,-0.1113,800.01,5968059.68
02/08/2011,ProShares Ultra Nasdaq Biotechnology,BIB,7.57125,7.57625,-0.06600,-0.005,800.01,6057060.57
02/07/2011,ProShares Ultra Nasdaq Biotechnology,BIB,7.57625,7.59875,-0.29610,-0.0225,800.01,6061060.61
02/04/2011,ProShares Ultra Nasdaq Biotechnology,BIB,7.59875,7.55995,0.51323,0.0388,800.01,6079060.79
02/03/2011,ProShares Ultra Nasdaq Biotechnology,BIB,7.56,7.6513,-1.19326,-0.0913,800.01,6048060.48
02/02/2011,ProShares Ultra Nasdaq Biotechnology,BIB,7.65125,7.64625,0.06539,0.005,800.01,6121061.21
02/01/2011,ProShares Ultra Nasdaq Biotechnology,BIB,7.64625,7.51495,1.74718,0.1313,800.01,6117061.17
01/31/2011,ProShares Ultra Nasdaq Biotechnology,BIB,7.515,7.4112,1.40058,0.1038,800.01,6012060.12
01/28/2011,ProShares Ultra Nasdaq Biotechnology,BIB,7.41125,7.85125,-5.60420,-0.44,800.01,5929059.29
01/27/2011,ProShares Ultra Nasdaq Biotechnology,BIB,7.85125,7.92625,-0.94622,-0.075,800.01,6281062.81
01/26/2011,ProShares Ultra Nasdaq Biotechnology,BIB,7.92625,7.73375,2.48909,0.1925,800.01,6341063.41
01/25/2011,ProShares Ultra Nasdaq Biotechnology,BIB,7.73375,7.70125,0.42201,0.0325,800.01,6187061.87
01/24/2011,ProShares Ultra Nasdaq Biotechnology,BIB,7.70125,7.56875,1.75062,0.1325,800.01,6161061.61
01/21/2011,ProShares Ultra Nasdaq Biotechnology,BIB,7.56875,7.71005,-1.83267,-0.1413,800.01,6055060.55
01/20/2011,ProShares Ultra Nasdaq Biotechnology,BIB,7.71,7.7238,-0.17867,-0.0138,800.01,6168061.68
01/19/2011,ProShares Ultra Nasdaq Biotechnology,BIB,7.72375,8.10875,-4.74796,-0.385,800.01,6179061.79
01/18/2011,ProShares Ultra Nasdaq Biotechnology,BIB,8.10875,7.96245,1.83737,0.1463,800.01,6487064.87
01/14/2011,ProShares Ultra Nasdaq Biotechnology,BIB,7.9625,7.9162,0.58488,0.0463,800.01,6370063.7
01/13/2011,ProShares Ultra Nasdaq Biotechnology,BIB,7.91625,7.89745,0.23805,0.0188,800.01,6333063.33
01/12/2011,ProShares Ultra Nasdaq Biotechnology,BIB,7.8975,7.8162,1.04015,0.0813,800.01,6318063.18
01/11/2011,ProShares Ultra Nasdaq Biotechnology,BIB,7.81625,7.71745,1.28022,0.0988,800.01,6253062.53
01/10/2011,ProShares Ultra Nasdaq Biotechnology,BIB,7.7175,7.7675,-0.64371,-0.05,800.01,6174061.74
01/07/2011,ProShares Ultra Nasdaq Biotechnology,BIB,7.7675,7.765,0.03220,0.0025,800.01,6214062.14
01/06/2011,ProShares Ultra Nasdaq Biotechnology,BIB,7.765,7.7025,0.81142,0.0625,800.01,6212062.12
01/05/2011,ProShares Ultra Nasdaq Biotechnology,BIB,7.7025,7.5637,1.83508,0.1388,800.01,6162061.62
01/04/2011,ProShares Ultra Nasdaq Biotechnology,BIB,7.56375,7.64755,-1.09578,-0.0838,800.01,6051060.51
01/03/2011,ProShares Ultra Nasdaq Biotechnology,BIB,7.6475,7.4787,2.25708,0.1688,800.01,6118061.18
12/31/2010,ProShares Ultra Nasdaq Biotechnology,BIB,7.47875,7.57005,-1.20607,-0.0913,800.01,5983059.83
12/30/2010,ProShares Ultra Nasdaq Biotechnology,BIB,7.57,7.6213,-0.67311,-0.0513,800.01,6056060.56
12/29/2010,ProShares Ultra Nasdaq Biotechnology,BIB,7.62125,7.63005,-0.11533,-0.0088,800.01,6097060.97
12/28/2010,ProShares Ultra Nasdaq Biotechnology,BIB,7.63,7.7075,-1.00551,-0.0775,800.01,6104061.04
12/27/2010,ProShares Ultra Nasdaq Biotechnology,BIB,7.7075,7.7037,0.04933,0.0038,800.01,6166061.66
12/23/2010,ProShares Ultra Nasdaq Biotechnology,BIB,7.70375,7.68125,0.29292,0.0225,800.01,6163061.63
12/22/2010,ProShares Ultra Nasdaq Biotechnology,BIB,7.68125,7.69755,-0.21176,-0.0163,800.01,6145061.45
12/21/2010,ProShares Ultra Nasdaq Biotechnology,BIB,7.6975,7.6312,0.86880,0.0663,800.01,6158061.58
12/20/2010,ProShares Ultra Nasdaq Biotechnology,BIB,7.63125,7.61995,0.14829,0.0113,800.01,6105061.05
12/17/2010,ProShares Ultra Nasdaq Biotechnology,BIB,7.62,7.4462,2.33408,0.1738,800.01,6096060.96
12/16/2010,ProShares Ultra Nasdaq Biotechnology,BIB,7.44625,7.26625,2.47721,0.18,800.01,5957059.57
12/15/2010,ProShares Ultra Nasdaq Biotechnology,BIB,7.26625,7.21875,0.65801,0.0475,800.01,5813058.13
12/14/2010,ProShares Ultra Nasdaq Biotechnology,BIB,7.21875,7.03995,2.53979,0.1788,800.01,5775057.75
12/13/2010,ProShares Ultra Nasdaq Biotechnology,BIB,7.04,7.1225,-1.15830,-0.0825,800.01,5632056.32
12/10/2010,ProShares Ultra Nasdaq Biotechnology,BIB,7.1225,6.9637,2.28040,0.1588,800.01,5698056.98
12/09/2010,ProShares Ultra Nasdaq Biotechnology,BIB,6.96375,6.87625,1.27250,0.0875,800.01,5571055.71
12/08/2010,ProShares Ultra Nasdaq Biotechnology,BIB,6.87625,6.83875,0.54835,0.0375,800.01,5501055.01
12/07/2010,ProShares Ultra Nasdaq Biotechnology,BIB,6.83875,6.79745,0.60758,0.0413,800.01,5471054.71
12/06/2010,ProShares Ultra Nasdaq Biotechnology,BIB,6.7975,6.8775,-1.16321,-0.08,800.01,5438054.38
12/03/2010,ProShares Ultra Nasdaq Biotechnology,BIB,6.8775,6.815,0.91709,0.0625,800.01,5502055.02
12/02/2010,ProShares Ultra Nasdaq Biotechnology,BIB,6.815,6.74,1.11276,0.075,800.01,5452054.52
12/01/2010,ProShares Ultra Nasdaq Biotechnology,BIB,6.74,6.5587,2.76427,0.1813,800.01,5392053.92
11/30/2010,ProShares Ultra Nasdaq Biotechnology,BIB,6.55875,6.70875,-2.23589,-0.15,800.01,5247052.47
11/29/2010,ProShares Ultra Nasdaq Biotechnology,BIB,6.70875,6.81125,-1.50486,-0.1025,800.01,5367053.67
11/26/2010,ProShares Ultra Nasdaq Biotechnology,BIB,6.81125,6.86625,-0.80102,-0.055,800.01,5449054.49
11/24/2010,ProShares Ultra Nasdaq Biotechnology,BIB,6.86625,6.64995,3.25266,0.2163,800.01,5493054.93
11/23/2010,ProShares Ultra Nasdaq Biotechnology,BIB,6.65,6.8138,-2.40394,-0.1638,800.01,5320053.2
11/22/2010,ProShares Ultra Nasdaq Biotechnology,BIB,6.81375,6.74495,1.02002,0.0688,800.01,5451054.51
11/19/2010,ProShares Ultra Nasdaq Biotechnology,BIB,6.745,6.725,0.29740,0.02,800.01,5396053.96
11/18/2010,ProShares Ultra Nasdaq Biotechnology,BIB,6.725,6.52,3.14417,0.205,800.01,5380053.8
11/17/2010,ProShares Ultra Nasdaq Biotechnology,BIB,6.52,6.485,0.53971,0.035,800.01,5216052.16
11/16/2010,ProShares Ultra Nasdaq Biotechnology,BIB,6.485,6.6288,-2.16932,-0.1438,800.01,5188051.88
11/15/2010,ProShares Ultra Nasdaq Biotechnology,BIB,6.62875,6.52995,1.51303,0.0988,800.01,5303053.03
11/12/2010,ProShares Ultra Nasdaq Biotechnology,BIB,6.53,6.6975,-2.50093,-0.1675,800.01,5224052.24
11/11/2010,ProShares Ultra Nasdaq Biotechnology,BIB,6.6975,6.6787,0.28149,0.0188,800.01,5358053.58
11/10/2010,ProShares Ultra Nasdaq Biotechnology,BIB,6.67875,6.58625,1.40444,0.0925,800.01,5343053.43
11/09/2010,ProShares Ultra Nasdaq Biotechnology,BIB,6.58625,6.70505,-1.77180,-0.1188,800.01,5269052.69
11/08/2010,ProShares Ultra Nasdaq Biotechnology,BIB,6.705,6.7725,-0.99668,-0.0675,800.01,5364053.64
11/05/2010,ProShares Ultra Nasdaq Biotechnology,BIB,6.7725,6.8675,-1.38333,-0.095,800.01,5418054.18
11/04/2010,ProShares Ultra Nasdaq Biotechnology,BIB,6.8675,6.8813,-0.20054,-0.0138,800.01,5494054.94
11/03/2010,ProShares Ultra Nasdaq Biotechnology,BIB,6.88125,6.87875,0.03634,0.0025,800.01,5505055.05
11/02/2010,ProShares Ultra Nasdaq Biotechnology,BIB,6.87875,6.81125,0.99101,0.0675,800.01,5503055.03
11/01/2010,ProShares Ultra Nasdaq Biotechnology,BIB,6.81125,6.86625,-0.80102,-0.055,800.01,5449054.49
10/29/2010,ProShares Ultra Nasdaq Biotechnology,BIB,6.86625,6.89875,-0.47110,-0.0325,800.01,5493054.93
10/28/2010,ProShares Ultra Nasdaq Biotechnology,BIB,6.89875,6.82245,1.11837,0.0763,800.01,5519055.19
10/27/2010,ProShares Ultra Nasdaq Biotechnology,BIB,6.8225,6.7462,1.13101,0.0763,800.01,5458054.58
10/26/2010,ProShares Ultra Nasdaq Biotechnology,BIB,6.74625,6.79375,-0.69917,-0.0475,800.01,5397053.97
10/25/2010,ProShares Ultra Nasdaq Biotechnology,BIB,6.79375,6.72495,1.02306,0.0688,800.01,5435054.35
10/22/2010,ProShares Ultra Nasdaq Biotechnology,BIB,6.725,6.6862,0.58030,0.0388,800.01,5380053.8
10/21/2010,ProShares Ultra Nasdaq Biotechnology,BIB,6.68625,6.71755,-0.46594,-0.0313,800.01,5349053.49
10/20/2010,ProShares Ultra Nasdaq Biotechnology,BIB,6.7175,6.68,0.56138,0.0375,800.01,5374053.74
10/19/2010,ProShares Ultra Nasdaq Biotechnology,BIB,6.68,6.91,-3.32851,-0.23,800.01,5344053.44
10/18/2010,ProShares Ultra Nasdaq Biotechnology,BIB,6.91,6.8187,1.33896,0.0913,800.01,5528055.28
10/15/2010,ProShares Ultra Nasdaq Biotechnology,BIB,6.81875,6.69375,1.86741,0.125,800.01,5455054.55
10/14/2010,ProShares Ultra Nasdaq Biotechnology,BIB,6.69375,6.73125,-0.55710,-0.0375,800.01,5355053.55
10/13/2010,ProShares Ultra Nasdaq Biotechnology,BIB,6.73125,6.67625,0.82382,0.055,800.01,5385053.85
10/12/2010,ProShares Ultra Nasdaq Biotechnology,BIB,6.67625,6.59245,1.27115,0.0838,800.01,5341053.41
10/11/2010,ProShares Ultra Nasdaq Biotechnology,BIB,6.5925,6.6275,-0.52810,-0.035,800.01,5274052.74
10/08/2010,ProShares Ultra Nasdaq Biotechnology,BIB,6.6275,6.5075,1.84403,0.12,800.01,5302053.02
10/07/2010,ProShares Ultra Nasdaq Biotechnology,BIB,6.5075,6.4837,0.36707,0.0238,800.01,5206052.06
10/06/2010,ProShares Ultra Nasdaq Biotechnology,BIB,6.48375,6.59875,-1.74275,-0.115,800.01,5187051.87
10/05/2010,ProShares Ultra Nasdaq Biotechnology,BIB,6.59875,6.32745,4.28767,0.2713,800.01,5279052.79
10/04/2010,ProShares Ultra Nasdaq Biotechnology,BIB,6.3275,6.4213,-1.46076,-0.0938,800.01,5062050.62
10/01/2010,ProShares Ultra Nasdaq Biotechnology,BIB,6.42125,6.41125,0.15598,0.01,800.01,5137051.37
09/30/2010,ProShares Ultra Nasdaq Biotechnology,BIB,6.41125,6.40625,0.07805,0.005,800.01,5129051.29
09/29/2010,ProShares Ultra Nasdaq Biotechnology,BIB,6.40625,6.50755,-1.55665,-0.1013,800.01,5125051.25
09/28/2010,ProShares Ultra Nasdaq Biotechnology,BIB,6.5075,6.4162,1.42296,0.0913,800.01,5206052.06
09/27/2010,ProShares Ultra Nasdaq Biotechnology,BIB,6.41625,6.55505,-2.11745,-0.1388,800.01,5133051.33
09/24/2010,ProShares Ultra Nasdaq Biotechnology,BIB,6.555,6.325,3.63636,0.23,800.01,5244052.44
09/23/2010,ProShares Ultra Nasdaq Biotechnology,BIB,6.325,6.385,-0.93970,-0.06,800.01,5060050.6
09/22/2010,ProShares Ultra Nasdaq Biotechnology,BIB,6.385,6.4325,-0.73844,-0.0475,800.01,5108051.08
09/21/2010,ProShares Ultra Nasdaq Biotechnology,BIB,6.4325,6.455,-0.34857,-0.0225,800.01,5146051.46
09/20/2010,ProShares Ultra Nasdaq Biotechnology,BIB,6.455,6.245,3.36269,0.21,800.01,5164051.64
09/17/2010,ProShares Ultra Nasdaq Biotechnology,BIB,6.245,6.2162,0.46331,0.0288,800.01,4996049.96
09/16/2010,ProShares Ultra Nasdaq Biotechnology,BIB,6.21625,6.27255,-0.89756,-0.0563,800.01,4973049.73
09/15/2010,ProShares Ultra Nasdaq Biotechnology,BIB,6.2725,6.165,1.74371,0.1075,800.01,5018050.18
09/14/2010,ProShares Ultra Nasdaq Biotechnology,BIB,6.165,6.175,-0.16194,-0.01,800.01,4932049.32
09/13/2010,ProShares Ultra Nasdaq Biotechnology,BIB,6.175,6.13,0.73409,0.045,800.01,4940049.4
09/10/2010,ProShares Ultra Nasdaq Biotechnology,BIB,6.13,5.9987,2.18881,0.1313,800.01,4904049.04
09/09/2010,ProShares Ultra Nasdaq Biotechnology,BIB,5.99875,5.92995,1.16021,0.0688,800.01,4799047.99
09/08/2010,ProShares Ultra Nasdaq Biotechnology,BIB,5.93,5.72,3.67133,0.21,800.01,4744047.44
09/07/2010,ProShares Ultra Nasdaq Biotechnology,BIB,5.72,5.8588,-2.36909,-0.1388,800.01,4576045.76
09/03/2010,ProShares Ultra Nasdaq Biotechnology,BIB,5.85875,5.73625,2.13554,0.1225,800.01,4687046.87
09/02/2010,ProShares Ultra Nasdaq Biotechnology,BIB,5.73625,5.59495,2.52549,0.1413,800.01,4589045.89
09/01/2010,ProShares Ultra Nasdaq Biotechnology,BIB,5.595,5.3037,5.49239,0.2913,800.01,4476044.76
08/31/2010,ProShares Ultra Nasdaq Biotechnology,BIB,5.30375,5.33625,-0.60904,-0.0325,800.01,4243042.43
08/30/2010,ProShares Ultra Nasdaq Biotechnology,BIB,5.33625,5.49125,-2.82267,-0.155,800.01,4269042.69
08/27/2010,ProShares Ultra Nasdaq Biotechnology,BIB,5.49125,5.28995,3.80533,0.2013,800.01,4393043.93
08/26/2010,ProShares Ultra Nasdaq Biotechnology,BIB,5.29,5.4538,-3.00341,-0.1638,800.01,4232042.32
08/25/2010,ProShares Ultra Nasdaq Biotechnology,BIB,5.45375,5.30745,2.75650,0.1463,800.01,4363043.63
08/24/2010,ProShares Ultra Nasdaq Biotechnology,BIB,5.3075,5.495,-3.41219,-0.1875,800.01,4246042.46
08/23/2010,ProShares Ultra Nasdaq Biotechnology,BIB,5.495,5.5625,-1.21348,-0.0675,800.01,4396043.96
08/20/2010,ProShares Ultra Nasdaq Biotechnology,BIB,5.5625,5.5788,-0.29218,-0.0163,800.01,4450044.5
08/19/2010,ProShares Ultra Nasdaq Biotechnology,BIB,5.57875,5.82375,-4.20691,-0.245,800.01,4463044.63
08/18/2010,ProShares Ultra Nasdaq Biotechnology,BIB,5.82375,5.82875,-0.08578,-0.005,800.01,4659046.59
08/17/2010,ProShares Ultra Nasdaq Biotechnology,BIB,5.82875,5.73245,1.67991,0.0963,800.01,4663046.63
08/16/2010,ProShares Ultra Nasdaq Biotechnology,BIB,5.7325,5.7087,0.41691,0.0238,800.01,4586045.86
08/13/2010,ProShares Ultra Nasdaq Biotechnology,BIB,5.70875,5.80625,-1.67922,-0.0975,800.01,4567045.67
08/12/2010,ProShares Ultra Nasdaq Biotechnology,BIB,5.80625,5.69495,1.95436,0.1113,800.01,4645046.45
08/11/2010,ProShares Ultra Nasdaq Biotechnology,BIB,5.695,6.0863,-6.42919,-0.3913,800.01,4556045.56
08/10/2010,ProShares Ultra Nasdaq Biotechnology,BIB,6.08625,6.15375,-1.09689,-0.0675,800.01,4869048.69
08/09/2010,ProShares Ultra Nasdaq Biotechnology,BIB,6.15375,6.08125,1.19219,0.0725,800.01,4923049.23
08/06/2010,ProShares Ultra Nasdaq Biotechnology,BIB,6.08125,6.00995,1.18637,0.0713,800.01,4865048.65
08/05/2010,ProShares Ultra Nasdaq Biotechnology,BIB,6.01,6.0663,-0.92808,-0.0563,800.01,4808048.08
08/04/2010,ProShares Ultra Nasdaq Biotechnology,BIB,6.06625,5.88995,2.99323,0.1763,800.01,4853048.53
08/03/2010,ProShares Ultra Nasdaq Biotechnology,BIB,5.89,5.8662,0.40571,0.0238,800.01,4712047.12
08/02/2010,ProShares Ultra Nasdaq Biotechnology,BIB,5.86625,5.64375,3.94241,0.2225,800.01,4693046.93
07/30/2010,ProShares Ultra Nasdaq Biotechnology,BIB,5.64375,5.46375,3.29444,0.18,800.01,4515045.15
07/29/2010,ProShares Ultra Nasdaq Biotechnology,BIB,5.46375,5.50125,-0.68166,-0.0375,800.01,4371043.71
07/28/2010,ProShares Ultra Nasdaq Biotechnology,BIB,5.50125,5.73625,-4.09675,-0.235,800.01,4401044.01
07/27/2010,ProShares Ultra Nasdaq Biotechnology,BIB,5.73625,5.80125,-1.12045,-0.065,800.01,4589045.89
07/26/2010,ProShares Ultra Nasdaq Biotechnology,BIB,5.80125,5.46875,6.08000,0.3325,800.01,4641046.41
07/23/2010,ProShares Ultra Nasdaq Biotechnology,BIB,5.46875,5.38745,1.50906,0.0813,800.01,4375043.75
07/22/2010,ProShares Ultra Nasdaq Biotechnology,BIB,5.3875,5.1787,4.03190,0.2088,800.01,4310043.1
07/21/2010,ProShares Ultra Nasdaq Biotechnology,BIB,5.17875,5.28255,-1.96496,-0.1038,800.01,4143041.43
07/20/2010,ProShares Ultra Nasdaq Biotechnology,BIB,5.2825,5.26,0.42776,0.0225,800.01,4226042.26
07/19/2010,ProShares Ultra Nasdaq Biotechnology,BIB,5.26,5.1862,1.42301,0.0738,800.01,4208042.08
07/16/2010,ProShares Ultra Nasdaq Biotechnology,BIB,5.18625,5.57005,-6.89042,-0.3838,800.01,4149041.49
07/15/2010,ProShares Ultra Nasdaq Biotechnology,BIB,5.57,5.5512,0.33867,0.0188,800.01,4456044.56
07/14/2010,ProShares Ultra Nasdaq Biotechnology,BIB,5.55125,5.55375,-0.04501,-0.0025,800.01,4441044.41
07/13/2010,ProShares Ultra Nasdaq Biotechnology,BIB,5.55375,5.30995,4.59138,0.2438,800.01,4443044.43
07/12/2010,ProShares Ultra Nasdaq Biotechnology,BIB,5.31,5.4538,-2.63669,-0.1438,800.01,4248042.48
07/09/2010,ProShares Ultra Nasdaq Biotechnology,BIB,5.45375,5.30245,2.85340,0.1513,800.01,4363043.63
07/08/2010,ProShares Ultra Nasdaq Biotechnology,BIB,5.3025,5.14,3.16148,0.1625,800.01,4242042.42
07/07/2010,ProShares Ultra Nasdaq Biotechnology,BIB,5.14,4.9662,3.49966,0.1738,800.01,4112041.12
07/06/2010,ProShares Ultra Nasdaq Biotechnology,BIB,4.96625,5.08505,-2.33626,-0.1188,800.01,3973039.73
07/02/2010,ProShares Ultra Nasdaq Biotechnology,BIB,5.085,5.0187,1.32106,0.0663,800.01,4068040.68
07/01/2010,ProShares Ultra Nasdaq Biotechnology,BIB,5.01875,5.20505,-3.57922,-0.1863,800.01,4015040.15
06/30/2010,ProShares Ultra Nasdaq Biotechnology,BIB,5.205,5.3638,-2.96059,-0.1588,800.01,4164041.64
06/29/2010,ProShares Ultra Nasdaq Biotechnology,BIB,5.36375,5.73875,-6.53452,-0.375,800.01,4291042.91
06/28/2010,ProShares Ultra Nasdaq Biotechnology,BIB,5.73875,5.81005,-1.22718,-0.0713,800.01,4591045.91
06/25/2010,ProShares Ultra Nasdaq Biotechnology,BIB,5.81,5.63,3.19716,0.18,800.01,4648046.48
06/24/2010,ProShares Ultra Nasdaq Biotechnology,BIB,5.63,5.7225,-1.61643,-0.0925,800.01,4504045.04
06/23/2010,ProShares Ultra Nasdaq Biotechnology,BIB,5.7225,5.7125,0.17505,0.01,800.01,4578045.78
06/22/2010,ProShares Ultra Nasdaq Biotechnology,BIB,5.7125,5.8788,-2.82881,-0.1663,800.01,4570045.7
06/21/2010,ProShares Ultra Nasdaq Biotechnology,BIB,5.87875,5.98625,-1.79578,-0.1075,800.01,4703047.03
06/18/2010,ProShares Ultra Nasdaq Biotechnology,BIB,5.98625,5.98245,0.06352,0.0038,800.01,4789047.89
06/17/2010,ProShares Ultra Nasdaq Biotechnology,BIB,5.9825,5.9687,0.23121,0.0138,800.01,4786047.86
06/16/2010,ProShares Ultra Nasdaq Biotechnology,BIB,5.96875,6.01875,-0.83074,-0.05,800.01,4775047.75
06/15/2010,ProShares Ultra Nasdaq Biotechnology,BIB,6.01875,5.77495,4.22168,0.2438,800.01,4815048.15
06/14/2010,ProShares Ultra Nasdaq Biotechnology,BIB,5.775,5.75,0.43478,0.025,800.01,4620046.2
06/11/2010,ProShares Ultra Nasdaq Biotechnology,BIB,5.75,5.6112,2.47362,0.1388,800.01,4600046
06/10/2010,ProShares Ultra Nasdaq Biotechnology,BIB,5.61125,5.28125,6.24852,0.33,800.01,4489044.89
06/09/2010,ProShares Ultra Nasdaq Biotechnology,BIB,5.28125,5.31125,-0.56484,-0.03,800.01,4225042.25
06/08/2010,ProShares Ultra Nasdaq Biotechnology,BIB,5.31125,5.42875,-2.16440,-0.1175,800.01,4249042.49
06/07/2010,ProShares Ultra Nasdaq Biotechnology,BIB,5.42875,5.59755,-3.01561,-0.1688,800.01,4343043.43
06/04/2010,ProShares Ultra Nasdaq Biotechnology,BIB,5.5975,6.06,-7.63201,-0.4625,800.01,4478044.78
06/03/2010,ProShares Ultra Nasdaq Biotechnology,BIB,6.06,5.9662,1.57219,0.0938,800.01,4848048.48
06/02/2010,ProShares Ultra Nasdaq Biotechnology,BIB,5.96625,5.53125,7.86441,0.435,800.01,4773047.73
06/01/2010,ProShares Ultra Nasdaq Biotechnology,BIB,5.53125,5.76005,-3.97219,-0.2288,800.01,4425044.25
05/28/2010,ProShares Ultra Nasdaq Biotechnology,BIB,5.76,5.8313,-1.22271,-0.0713,800.01,4608046.08
05/27/2010,ProShares Ultra Nasdaq Biotechnology,BIB,5.83125,5.51125,5.80631,0.32,800.01,4665046.65
05/26/2010,ProShares Ultra Nasdaq Biotechnology,BIB,5.51125,5.64255,-2.32696,-0.1313,800.01,4409044.09
05/25/2010,ProShares Ultra Nasdaq Biotechnology,BIB,5.6425,5.6688,-0.46394,-0.0263,800.01,4514045.14
05/24/2010,ProShares Ultra Nasdaq Biotechnology,BIB,5.66875,5.70755,-0.67980,-0.0388,800.01,4535045.35
05/21/2010,ProShares Ultra Nasdaq Biotechnology,BIB,5.7075,5.6987,0.15442,0.0088,800.01,4566045.66
05/20/2010,ProShares Ultra Nasdaq Biotechnology,BIB,5.69875,6.21005,-8.23343,-0.5113,800.01,4559045.59
05/19/2010,ProShares Ultra Nasdaq Biotechnology,BIB,6.21,6.2388,-0.46163,-0.0288,800.01,4968049.68
05/18/2010,ProShares Ultra Nasdaq Biotechnology,BIB,6.23875,6.38625,-2.30965,-0.1475,800.01,4991049.91
05/17/2010,ProShares Ultra Nasdaq Biotechnology,BIB,6.38625,6.35125,0.55107,0.035,800.01,5109051.09
05/14/2010,ProShares Ultra Nasdaq Biotechnology,BIB,6.35125,6.63875,-4.33063,-0.2875,800.01,5081050.81
05/13/2010,ProShares Ultra Nasdaq Biotechnology,BIB,6.63875,6.78755,-2.19225,-0.1488,800.01,5311053.11
05/12/2010,ProShares Ultra Nasdaq Biotechnology,BIB,6.7875,6.5312,3.92424,0.2563,800.01,5430054.3
05/11/2010,ProShares Ultra Nasdaq Biotechnology,BIB,6.53125,6.39125,2.19049,0.14,800.01,5225052.25
05/10/2010,ProShares Ultra Nasdaq Biotechnology,BIB,6.39125,5.98995,6.69956,0.4013,800.01,5113051.13
05/07/2010,ProShares Ultra Nasdaq Biotechnology,BIB,5.99,6.355,-5.74351,-0.365,800.01,4792047.92
05/06/2010,ProShares Ultra Nasdaq Biotechnology,BIB,6.355,6.935,-8.36337,-0.58,800.01,5084050.84
05/05/2010,ProShares Ultra Nasdaq Biotechnology,BIB,6.935,7.1963,-3.63103,-0.2613,800.01,5548055.48
05/04/2010,ProShares Ultra Nasdaq Biotechnology,BIB,7.19625,7.54875,-4.66965,-0.3525,800.01,5757057.57
05/03/2010,ProShares Ultra Nasdaq Biotechnology,BIB,7.54875,7.33125,2.96675,0.2175,800.01,6039060.39
04/30/2010,ProShares Ultra Nasdaq Biotechnology,BIB,7.33125,7.47755,-1.95652,-0.1463,800.01,5865058.65
04/29/2010,ProShares Ultra Nasdaq Biotechnology,BIB,7.4775,7.0762,5.67112,0.4013,800.01,5982059.82
04/28/2010,ProShares Ultra Nasdaq Biotechnology,BIB,7.07625,7.00125,1.07124,0.075,800.01,5661056.61
04/27/2010,ProShares Ultra Nasdaq Biotechnology,BIB,7.00125,7.19375,-2.67593,-0.1925,800.01,5601056.01
04/26/2010,ProShares Ultra Nasdaq Biotechnology,BIB,7.19375,7.31505,-1.65823,-0.1213,800.01,5755057.55
04/23/2010,ProShares Ultra Nasdaq Biotechnology,BIB,7.315,7.1575,2.20049,0.1575,800.01,5852058.52
04/22/2010,ProShares Ultra Nasdaq Biotechnology,BIB,7.1575,7.2638,-1.46342,-0.1063,800.01,5726057.26
04/21/2010,ProShares Ultra Nasdaq Biotechnology,BIB,7.26375,7.53005,-3.53650,-0.2663,800.01,5811058.11
04/20/2010,ProShares Ultra Nasdaq Biotechnology,BIB,7.53,7.485,0.60120,0.045,800.01,6024060.24
04/19/2010,ProShares Ultra Nasdaq Biotechnology,BIB,7.485,7.5288,-0.58177,-0.0438,800.01,5988059.88
04/16/2010,ProShares Ultra Nasdaq Biotechnology,BIB,7.52875,7.61625,-1.14886,-0.0875,800.01,6023060.23
04/15/2010,ProShares Ultra Nasdaq Biotechnology,BIB,7.61625,7.60245,0.18152,0.0138,800.01,6093060.93
04/14/2010,ProShares Ultra Nasdaq Biotechnology,BIB,7.6025,7.5025,1.33289,0.1,800.01,6082060.82
04/13/2010,ProShares Ultra Nasdaq Biotechnology,BIB,7.5025,7.4587,0.58723,0.0438,800.01,6002060.02
04/12/2010,ProShares Ultra Nasdaq Biotechnology,BIB,7.45875,7.51005,-0.68308,-0.0513,800.01,5967059.67
04/09/2010,ProShares Ultra Nasdaq Biotechnology,BIB,7.51,7.4987,0.15069,0.0113,800.01,6008060.08
04/08/2010,ProShares Ultra Nasdaq Biotechnology,BIB,7.49875,7.50005,-0.01733,-0.0013,800.01,5999059.99
04/07/2010,ProShares Ultra Nasdaq Biotechnology,BIB,7.5,7.5,0.00000,0,800.01,6000060
