Date,ProShares Name,Ticker,NAV,Prior NAV,NAV Change (%),NAV Change ($),Shares Outstanding (000),Assets Under Management
07/19/2018,ProShares UltraShort Euro,EUO,23.0035,22.9627,0.17768,0.0408,7500,172526250
07/18/2018,ProShares UltraShort Euro,EUO,22.9627,22.8822,0.35180,0.0805,7500,172220250
07/17/2018,ProShares UltraShort Euro,EUO,22.8822,22.6992,0.80620,0.183,7550,172760610
07/16/2018,ProShares UltraShort Euro,EUO,22.6992,22.8082,-0.47790,-0.109,7550,171378960
07/13/2018,ProShares UltraShort Euro,EUO,22.8082,22.8359,-0.12130,-0.0277,7600,173342320
07/12/2018,ProShares UltraShort Euro,EUO,22.8359,22.8443,-0.03677,-0.0084,7600,173552840
07/11/2018,ProShares UltraShort Euro,EUO,22.8443,22.5468,1.31948,0.2975,7600,173616680
07/10/2018,ProShares UltraShort Euro,EUO,22.5468,22.5391,0.03416,0.0077,7600,171355680
07/09/2018,ProShares UltraShort Euro,EUO,22.5391,22.554,-0.06606,-0.0149,7600,171297160
07/06/2018,ProShares UltraShort Euro,EUO,22.554,22.7532,-0.87548,-0.1992,7600,171410400
07/05/2018,ProShares UltraShort Euro,EUO,22.7532,22.8968,-0.62716,-0.1436,7800,177474960
07/03/2018,ProShares UltraShort Euro,EUO,22.8968,23.0292,-0.57492,-0.1324,7800,178595040
07/02/2018,ProShares UltraShort Euro,EUO,23.0292,22.7848,1.07264,0.2444,7800,179627760
06/29/2018,ProShares UltraShort Euro,EUO,22.7848,23.2299,-1.91607,-0.4451,7800,177721440
06/28/2018,ProShares UltraShort Euro,EUO,23.2299,23.2673,-0.16074,-0.0374,7800,181193220
06/27/2018,ProShares UltraShort Euro,EUO,23.2673,22.9149,1.53786,0.3524,7800,181484940
06/26/2018,ProShares UltraShort Euro,EUO,22.9149,22.6784,1.04284,0.2365,7800,178736220
06/25/2018,ProShares UltraShort Euro,EUO,22.6784,22.8353,-0.68709,-0.1569,7900,179159360
06/22/2018,ProShares UltraShort Euro,EUO,22.8353,23.0187,-0.79674,-0.1834,7900,180398870
06/21/2018,ProShares UltraShort Euro,EUO,23.0187,23.1395,-0.52205,-0.1208,8150,187602405
06/20/2018,ProShares UltraShort Euro,EUO,23.1395,23.1347,0.02075,0.0048,8250,190900875
06/19/2018,ProShares UltraShort Euro,EUO,23.1347,22.9829,0.66049,0.1518,8350,193174745
06/18/2018,ProShares UltraShort Euro,EUO,22.9829,23.0028,-0.08651,-0.0199,8350,191907215
06/15/2018,ProShares UltraShort Euro,EUO,23.0028,23.0965,-0.40569,-0.0937,8350,192073380
06/14/2018,ProShares UltraShort Euro,EUO,23.0965,22.305,3.54853,0.7915,8450,195165425
06/13/2018,ProShares UltraShort Euro,EUO,22.305,22.464,-0.70780,-0.159,8450,188477250
06/12/2018,ProShares UltraShort Euro,EUO,22.464,22.3336,0.58387,0.1304,8450,189820800
06/11/2018,ProShares UltraShort Euro,EUO,22.3336,22.392,-0.26081,-0.0584,8450,188718920
06/08/2018,ProShares UltraShort Euro,EUO,22.392,22.2681,0.55640,0.1239,8450,189212400
06/07/2018,ProShares UltraShort Euro,EUO,22.2681,22.3682,-0.44751,-0.1001,8450,188165445
06/06/2018,ProShares UltraShort Euro,EUO,22.3682,22.5847,-0.95861,-0.2165,8600,192366520
06/05/2018,ProShares UltraShort Euro,EUO,22.5847,22.6505,-0.29050,-0.0658,8700,196486890
06/04/2018,ProShares UltraShort Euro,EUO,22.6505,22.8104,-0.70100,-0.1599,8800,199324400
06/01/2018,ProShares UltraShort Euro,EUO,22.8104,22.6636,0.64773,0.1468,8850,201872040
05/31/2018,ProShares UltraShort Euro,EUO,22.6636,22.7817,-0.51840,-0.1181,8950,202839220
05/30/2018,ProShares UltraShort Euro,EUO,22.7817,23.2688,-2.09336,-0.4871,8950,203896215
05/29/2018,ProShares UltraShort Euro,EUO,23.2688,22.7764,2.16189,0.4924,9050,210582640
05/25/2018,ProShares UltraShort Euro,EUO,22.7764,22.5362,1.06584,0.2402,9050,206126420
05/24/2018,ProShares UltraShort Euro,EUO,22.5362,22.5946,-0.25847,-0.0584,9050,203952610
05/23/2018,ProShares UltraShort Euro,EUO,22.5946,22.3025,1.30972,0.2921,9050,204481130
05/22/2018,ProShares UltraShort Euro,EUO,22.3025,22.2775,0.11222,0.025,9200,205183000
05/21/2018,ProShares UltraShort Euro,EUO,22.2775,22.3478,-0.31457,-0.0703,9200,204953000
05/18/2018,ProShares UltraShort Euro,EUO,22.3478,22.2391,0.48878,0.1087,9200,205599760
05/17/2018,ProShares UltraShort Euro,EUO,22.2391,22.2125,0.11975,0.0266,9200,204599720
05/16/2018,ProShares UltraShort Euro,EUO,22.2125,22.0541,0.71823,0.1584,9200,204355000
05/15/2018,ProShares UltraShort Euro,EUO,22.0541,21.7077,1.59575,0.3464,9200,202897720
05/14/2018,ProShares UltraShort Euro,EUO,21.7077,21.6784,0.13516,0.0293,9200,199710840
05/11/2018,ProShares UltraShort Euro,EUO,21.6784,21.7464,-0.31270,-0.068,9200,199441280
05/10/2018,ProShares UltraShort Euro,EUO,21.7464,22.019,-1.23802,-0.2726,9300,202241520
05/09/2018,ProShares UltraShort Euro,EUO,22.019,21.9767,0.19248,0.0423,9300,204776700
05/08/2018,ProShares UltraShort Euro,EUO,21.9767,21.7421,1.07901,0.2346,9300,204383310
05/07/2018,ProShares UltraShort Euro,EUO,21.7421,21.6174,0.57685,0.1247,9400,204375740
05/04/2018,ProShares UltraShort Euro,EUO,21.6174,21.5104,0.49743,0.107,9400,203203560
05/03/2018,ProShares UltraShort Euro,EUO,21.5104,21.6568,-0.67600,-0.1464,9400,202197760
05/02/2018,ProShares UltraShort Euro,EUO,21.6568,21.4727,0.85737,0.1841,9400,203573920
05/01/2018,ProShares UltraShort Euro,EUO,21.4727,21.1811,1.37670,0.2916,9400,201843380
04/30/2018,ProShares UltraShort Euro,EUO,21.1811,20.9872,0.92390,0.1939,9650,204397615
04/27/2018,ProShares UltraShort Euro,EUO,20.9872,21.0698,-0.39203,-0.0826,9650,202526480
04/26/2018,ProShares UltraShort Euro,EUO,21.0698,20.8382,1.11142,0.2316,9550,201216590
04/25/2018,ProShares UltraShort Euro,EUO,20.8382,20.6217,1.04986,0.2165,9550,199004810
04/24/2018,ProShares UltraShort Euro,EUO,20.6217,20.7055,-0.40472,-0.0838,9250,190750725
04/23/2018,ProShares UltraShort Euro,EUO,20.7055,20.4549,1.22513,0.2506,9250,191525875
04/20/2018,ProShares UltraShort Euro,EUO,20.4549,20.2316,1.10372,0.2233,9250,189207825
04/19/2018,ProShares UltraShort Euro,EUO,20.2316,20.1471,0.41942,0.0845,9150,185119140
04/18/2018,ProShares UltraShort Euro,EUO,20.1471,20.1516,-0.02233,-0.0045,9150,184345965
04/17/2018,ProShares UltraShort Euro,EUO,20.1516,20.132,0.09736,0.0196,9150,184387140
04/16/2018,ProShares UltraShort Euro,EUO,20.132,20.2571,-0.61756,-0.1251,9150,184207800
04/13/2018,ProShares UltraShort Euro,EUO,20.2571,20.2835,-0.13016,-0.0264,9150,185352465
04/12/2018,ProShares UltraShort Euro,EUO,20.2835,20.1641,0.59214,0.1194,9150,185594025
04/11/2018,ProShares UltraShort Euro,EUO,20.1641,20.1808,-0.08275,-0.0167,9150,184501515
04/10/2018,ProShares UltraShort Euro,EUO,20.1808,20.2858,-0.51760,-0.105,9150,184654320
04/09/2018,ProShares UltraShort Euro,EUO,20.2858,20.4049,-0.58368,-0.1191,9150,185615070
04/06/2018,ProShares UltraShort Euro,EUO,20.4049,20.5696,-0.80070,-0.1647,9150,186704835
04/05/2018,ProShares UltraShort Euro,EUO,20.5696,20.4071,0.79629,0.1625,9250,190268800
04/04/2018,ProShares UltraShort Euro,EUO,20.4071,20.4623,-0.26976,-0.0552,9250,188765675
04/03/2018,ProShares UltraShort Euro,EUO,20.4623,20.3306,0.64779,0.1317,9250,189276275
04/02/2018,ProShares UltraShort Euro,EUO,20.3306,20.3266,0.01968,0.004,9250,188058050
03/29/2018,ProShares UltraShort Euro,EUO,20.3266,20.3363,-0.04770,-0.0097,9250,188021050
03/28/2018,ProShares UltraShort Euro,EUO,20.3363,20.0049,1.65659,0.3314,9250,188110775
03/27/2018,ProShares UltraShort Euro,EUO,20.0049,19.824,0.91253,0.1809,9250,185045325
03/26/2018,ProShares UltraShort Euro,EUO,19.824,20.0968,-1.35743,-0.2728,9350,185354400
03/23/2018,ProShares UltraShort Euro,EUO,20.0968,20.2542,-0.77712,-0.1574,9350,187905080
03/22/2018,ProShares UltraShort Euro,EUO,20.2542,20.1643,0.44584,0.0899,9350,189376770
03/21/2018,ProShares UltraShort Euro,EUO,20.1643,20.4787,-1.53525,-0.3144,9400,189544420
03/20/2018,ProShares UltraShort Euro,EUO,20.4787,20.1678,1.54157,0.3109,9400,192499780
03/19/2018,ProShares UltraShort Euro,EUO,20.1678,20.3406,-0.84953,-0.1728,9400,189577320
03/16/2018,ProShares UltraShort Euro,EUO,20.3406,20.282,0.28893,0.0586,9400,191201640
03/15/2018,ProShares UltraShort Euro,EUO,20.282,20.0537,1.13844,0.2283,9500,192679000
03/14/2018,ProShares UltraShort Euro,EUO,20.0537,20.0047,0.24494,0.049,9500,190510150
03/13/2018,ProShares UltraShort Euro,EUO,20.0047,20.1566,-0.75360,-0.1519,9500,190044650
03/12/2018,ProShares UltraShort Euro,EUO,20.1566,20.2602,-0.51135,-0.1036,9500,191487700
03/09/2018,ProShares UltraShort Euro,EUO,20.2602,20.2366,0.11662,0.0236,9500,192471900
03/08/2018,ProShares UltraShort Euro,EUO,20.2366,19.9097,1.64191,0.3269,9500,192247700
03/07/2018,ProShares UltraShort Euro,EUO,19.9097,19.9364,-0.13393,-0.0267,9500,189142150
03/06/2018,ProShares UltraShort Euro,EUO,19.9364,20.1528,-1.07380,-0.2164,9500,189395800
03/05/2018,ProShares UltraShort Euro,EUO,20.1528,20.1609,-0.04018,-0.0081,9500,191451600
03/02/2018,ProShares UltraShort Euro,EUO,20.1609,20.3907,-1.12698,-0.2298,9500,191528550
03/01/2018,ProShares UltraShort Euro,EUO,20.3907,20.5953,-0.99343,-0.2046,9500,193711650
02/28/2018,ProShares UltraShort Euro,EUO,20.5953,20.4918,0.50508,0.1035,9450,194625585
02/27/2018,ProShares UltraShort Euro,EUO,20.4918,20.218,1.35424,0.2738,9350,191598330
02/26/2018,ProShares UltraShort Euro,EUO,20.218,20.2623,-0.21863,-0.0443,9350,189038300
02/23/2018,ProShares UltraShort Euro,EUO,20.2623,20.1683,0.46608,0.094,9350,189452505
02/22/2018,ProShares UltraShort Euro,EUO,20.1683,20.2825,-0.56305,-0.1142,9350,188573605
02/21/2018,ProShares UltraShort Euro,EUO,20.2825,20.1218,0.79864,0.1607,9250,187613125
02/20/2018,ProShares UltraShort Euro,EUO,20.1218,19.8961,1.13439,0.2257,9250,186126650
02/16/2018,ProShares UltraShort Euro,EUO,19.8961,19.5876,1.57498,0.3085,9250,184038925
02/15/2018,ProShares UltraShort Euro,EUO,19.5876,19.7198,-0.67039,-0.1322,9250,181185300
02/14/2018,ProShares UltraShort Euro,EUO,19.7198,20.0483,-1.63854,-0.3285,9300,183394140
02/13/2018,ProShares UltraShort Euro,EUO,20.0483,20.2688,-1.08788,-0.2205,9350,187451605
02/12/2018,ProShares UltraShort Euro,EUO,20.2688,20.4381,-0.82835,-0.1693,9350,189513280
02/09/2018,ProShares UltraShort Euro,EUO,20.4381,20.4153,0.11168,0.0228,9350,191096235
02/08/2018,ProShares UltraShort Euro,EUO,20.4153,20.352,0.31103,0.0633,9450,192924585
02/07/2018,ProShares UltraShort Euro,EUO,20.352,19.9926,1.79767,0.3594,9450,192326400
02/06/2018,ProShares UltraShort Euro,EUO,19.9926,19.9291,0.31863,0.0635,9450,188930070
02/05/2018,ProShares UltraShort Euro,EUO,19.9291,19.7031,1.14703,0.226,9450,188329995
02/02/2018,ProShares UltraShort Euro,EUO,19.7031,19.5337,0.86722,0.1694,9450,186194295
02/01/2018,ProShares UltraShort Euro,EUO,19.5337,19.8456,-1.57163,-0.3119,9450,184593465
01/31/2018,ProShares UltraShort Euro,EUO,19.8456,19.9026,-0.28639,-0.057,9450,187540920
01/30/2018,ProShares UltraShort Euro,EUO,19.9026,19.9436,-0.20558,-0.041,9450,188079570
01/29/2018,ProShares UltraShort Euro,EUO,19.9436,19.8264,0.59113,0.1172,9450,188467020
01/26/2018,ProShares UltraShort Euro,EUO,19.8264,19.8594,-0.16617,-0.033,9450,187359480
01/25/2018,ProShares UltraShort Euro,EUO,19.8594,19.8775,-0.09106,-0.0181,9450,187671330
01/24/2018,ProShares UltraShort Euro,EUO,19.8775,20.2282,-1.73372,-0.3507,9450,187842375
01/23/2018,ProShares UltraShort Euro,EUO,20.2282,20.3387,-0.54330,-0.1105,9450,191156490
01/22/2018,ProShares UltraShort Euro,EUO,20.3387,20.4548,-0.56759,-0.1161,9450,192200715
01/19/2018,ProShares UltraShort Euro,EUO,20.4548,20.4041,0.24848,0.0507,9450,193297860
01/18/2018,ProShares UltraShort Euro,EUO,20.4041,20.4783,-0.36233,-0.0742,9550,194859155
01/17/2018,ProShares UltraShort Euro,EUO,20.4783,20.2996,0.88031,0.1787,9550,195567765
01/16/2018,ProShares UltraShort Euro,EUO,20.2996,20.5645,-1.28814,-0.2649,9650,195891140
01/12/2018,ProShares UltraShort Euro,EUO,20.5645,21.1149,-2.60669,-0.5504,9650,198447425
01/11/2018,ProShares UltraShort Euro,EUO,21.1149,21.3723,-1.20436,-0.2574,9800,206926020
01/10/2018,ProShares UltraShort Euro,EUO,21.3723,21.4435,-0.33204,-0.0712,9800,209448540
01/09/2018,ProShares UltraShort Euro,EUO,21.4435,21.3375,0.49678,0.106,9800,210146300
01/08/2018,ProShares UltraShort Euro,EUO,21.3375,21.0705,1.26717,0.267,9800,209107500
01/05/2018,ProShares UltraShort Euro,EUO,21.0705,20.9726,0.46680,0.0979,9800,206490900
01/04/2018,ProShares UltraShort Euro,EUO,20.9726,21.1615,-0.89266,-0.1889,9800,205531480
01/03/2018,ProShares UltraShort Euro,EUO,21.1615,20.9995,0.77145,0.162,9650,204208475
01/02/2018,ProShares UltraShort Euro,EUO,20.9995,21.2111,-0.99759,-0.2116,9550,200545225
12/29/2017,ProShares UltraShort Euro,EUO,21.2111,21.4089,-0.92391,-0.1978,9550,202566005
12/28/2017,ProShares UltraShort Euro,EUO,21.4089,21.5151,-0.49361,-0.1062,9550,204454995
12/27/2017,ProShares UltraShort Euro,EUO,21.5151,21.6151,-0.46264,-0.1,9550,205469205
12/26/2017,ProShares UltraShort Euro,EUO,21.6151,21.6333,-0.08413,-0.0182,9550,206424205
12/22/2017,ProShares UltraShort Euro,EUO,21.6333,21.5687,0.29951,0.0646,9550,206598015
12/21/2017,ProShares UltraShort Euro,EUO,21.5687,21.5635,0.02411,0.0052,9550,205981085
12/20/2017,ProShares UltraShort Euro,EUO,21.5635,21.6883,-0.57543,-0.1248,9550,205931425
12/19/2017,ProShares UltraShort Euro,EUO,21.6883,21.8881,-0.91282,-0.1998,9650,209292095
12/18/2017,ProShares UltraShort Euro,EUO,21.8881,21.9731,-0.38684,-0.085,9800,214503380
12/15/2017,ProShares UltraShort Euro,EUO,21.9731,21.872,0.46223,0.1011,9800,215336380
12/14/2017,ProShares UltraShort Euro,EUO,21.872,21.7424,0.59607,0.1296,9900,216532800
12/13/2017,ProShares UltraShort Euro,EUO,21.7424,22.0435,-1.36594,-0.3011,9950,216336880
12/12/2017,ProShares UltraShort Euro,EUO,22.0435,21.9463,0.44290,0.0972,9950,219332825
12/11/2017,ProShares UltraShort Euro,EUO,21.9463,21.9689,-0.10287,-0.0226,9950,218365685
12/08/2017,ProShares UltraShort Euro,EUO,21.9689,21.9238,0.20571,0.0451,9950,218590555
12/07/2017,ProShares UltraShort Euro,EUO,21.9238,21.8481,0.34648,0.0757,9950,218141810
12/06/2017,ProShares UltraShort Euro,EUO,21.8481,21.7425,0.48568,0.1056,9950,217388595
12/05/2017,ProShares UltraShort Euro,EUO,21.7425,21.6251,0.54289,0.1174,9950,216337875
12/04/2017,ProShares UltraShort Euro,EUO,21.6251,21.5001,0.58139,0.125,10050,217332255
12/01/2017,ProShares UltraShort Euro,EUO,21.5001,21.4656,0.16072,0.0345,10050,216076005
11/30/2017,ProShares UltraShort Euro,EUO,21.4656,21.6318,-0.76831,-0.1662,10050,215729280
11/29/2017,ProShares UltraShort Euro,EUO,21.6318,21.669,-0.17167,-0.0372,10050,217399590
11/28/2017,ProShares UltraShort Euro,EUO,21.669,21.4601,0.97343,0.2089,10050,217773450
11/27/2017,ProShares UltraShort Euro,EUO,21.4601,21.3581,0.47757,0.102,10050,215674005
11/24/2017,ProShares UltraShort Euro,EUO,21.3581,21.7467,-1.78694,-0.3886,10050,214648905
11/22/2017,ProShares UltraShort Euro,EUO,21.7467,22.0505,-1.37775,-0.3038,10200,221816340
11/21/2017,ProShares UltraShort Euro,EUO,22.0505,22.0796,-0.13180,-0.0291,10200,224915100
11/20/2017,ProShares UltraShort Euro,EUO,22.0796,21.824,1.17119,0.2556,10400,229627840
11/17/2017,ProShares UltraShort Euro,EUO,21.824,21.9313,-0.48926,-0.1073,10400,226969600
11/16/2017,ProShares UltraShort Euro,EUO,21.9313,21.8362,0.43552,0.0951,10350,226988955
11/15/2017,ProShares UltraShort Euro,EUO,21.8362,21.8307,0.02519,0.0055,10400,227096480
11/14/2017,ProShares UltraShort Euro,EUO,21.8307,22.3024,-2.11502,-0.4717,10400,227039280
11/13/2017,ProShares UltraShort Euro,EUO,22.3024,22.3152,-0.05736,-0.0128,10500,234175200
11/10/2017,ProShares UltraShort Euro,EUO,22.3152,22.3993,-0.37546,-0.0841,10500,234309600
11/09/2017,ProShares UltraShort Euro,EUO,22.3993,22.5745,-0.77610,-0.1752,10500,235192650
11/08/2017,ProShares UltraShort Euro,EUO,22.5745,22.5996,-0.11106,-0.0251,10500,237032250
11/07/2017,ProShares UltraShort Euro,EUO,22.5996,22.5236,0.33742,0.076,10500,237295800
11/06/2017,ProShares UltraShort Euro,EUO,22.5236,22.5214,0.00977,0.0022,10500,236497800
11/03/2017,ProShares UltraShort Euro,EUO,22.5214,22.3183,0.91002,0.2031,10500,236474700
11/02/2017,ProShares UltraShort Euro,EUO,22.3183,22.4659,-0.65700,-0.1476,10500,234342150
11/01/2017,ProShares UltraShort Euro,EUO,22.4659,22.3582,0.48170,0.1077,10500,235891950
10/31/2017,ProShares UltraShort Euro,EUO,22.3582,22.3273,0.13840,0.0309,10450,233643190
10/30/2017,ProShares UltraShort Euro,EUO,22.3273,22.5465,-0.97221,-0.2192,10450,233320285
10/27/2017,ProShares UltraShort Euro,EUO,22.5465,22.3641,0.81559,0.1824,10550,237865575
10/26/2017,ProShares UltraShort Euro,EUO,22.3641,21.7734,2.71294,0.5907,10350,231468435
10/25/2017,ProShares UltraShort Euro,EUO,21.7734,21.937,-0.74577,-0.1636,10350,225354690
10/24/2017,ProShares UltraShort Euro,EUO,21.937,21.9683,-0.14248,-0.0313,10250,224854250
10/23/2017,ProShares UltraShort Euro,EUO,21.9683,21.8717,0.44167,0.0966,10100,221879830
10/20/2017,ProShares UltraShort Euro,EUO,21.8717,21.6337,1.10014,0.238,10050,219810585
10/19/2017,ProShares UltraShort Euro,EUO,21.6337,21.7989,-0.75784,-0.1652,10050,217418685
10/18/2017,ProShares UltraShort Euro,EUO,21.7989,21.8949,-0.43846,-0.096,10050,219078945
10/17/2017,ProShares UltraShort Euro,EUO,21.8949,21.8056,0.40953,0.0893,10050,220043745
10/16/2017,ProShares UltraShort Euro,EUO,21.8056,21.7022,0.47645,0.1034,10050,219146280
10/13/2017,ProShares UltraShort Euro,EUO,21.7022,21.6408,0.28372,0.0614,10050,218107110
10/12/2017,ProShares UltraShort Euro,EUO,21.6408,21.5187,0.56741,0.1221,10050,217490040
10/11/2017,ProShares UltraShort Euro,EUO,21.5187,21.7105,-0.88344,-0.1918,10050,216262935
10/10/2017,ProShares UltraShort Euro,EUO,21.7105,21.9491,-1.08706,-0.2386,10050,218190525
10/09/2017,ProShares UltraShort Euro,EUO,21.9491,22.0129,-0.28983,-0.0638,10050,220588455
10/06/2017,ProShares UltraShort Euro,EUO,22.0129,22.1157,-0.46483,-0.1028,10050,221229645
10/05/2017,ProShares UltraShort Euro,EUO,22.1157,21.8953,1.00661,0.2204,10200,225580140
10/04/2017,ProShares UltraShort Euro,EUO,21.8953,21.9493,-0.24602,-0.054,10250,224426825
10/03/2017,ProShares UltraShort Euro,EUO,21.9493,21.9993,-0.22728,-0.05,10250,224980325
10/02/2017,ProShares UltraShort Euro,EUO,21.9993,21.6853,1.44799,0.314,10450,229892685
09/29/2017,ProShares UltraShort Euro,EUO,21.6853,21.8312,-0.66831,-0.1459,10450,226611385
09/28/2017,ProShares UltraShort Euro,EUO,21.8312,21.9308,-0.45416,-0.0996,10450,228136040
09/27/2017,ProShares UltraShort Euro,EUO,21.9308,21.7659,0.75761,0.1649,10400,228080320
09/26/2017,ProShares UltraShort Euro,EUO,21.7659,21.562,0.94565,0.2039,10350,225277065
09/25/2017,ProShares UltraShort Euro,EUO,21.562,21.2191,1.61600,0.3429,10350,223166700
09/22/2017,ProShares UltraShort Euro,EUO,21.2191,21.2632,-0.20740,-0.0441,10350,219617685
09/21/2017,ProShares UltraShort Euro,EUO,21.2632,21.3965,-0.62300,-0.1333,10350,220074120
09/20/2017,ProShares UltraShort Euro,EUO,21.3965,21.0287,1.74904,0.3678,10550,225733075
09/19/2017,ProShares UltraShort Euro,EUO,21.0287,21.1784,-0.70685,-0.1497,10650,223955655
09/18/2017,ProShares UltraShort Euro,EUO,21.1784,21.2122,-0.15934,-0.0338,10650,225549960
09/15/2017,ProShares UltraShort Euro,EUO,21.2122,21.3564,-0.67521,-0.1442,10650,225909930
09/14/2017,ProShares UltraShort Euro,EUO,21.3564,21.4202,-0.29785,-0.0638,10650,227445660
09/13/2017,ProShares UltraShort Euro,EUO,21.4202,21.131,1.36861,0.2892,10650,228125130
09/12/2017,ProShares UltraShort Euro,EUO,21.131,21.1753,-0.20921,-0.0443,10650,225045150
09/11/2017,ProShares UltraShort Euro,EUO,21.1753,20.9065,1.28572,0.2688,10650,225516945
09/08/2017,ProShares UltraShort Euro,EUO,20.9065,20.9408,-0.16380,-0.0343,10650,222654225
09/07/2017,ProShares UltraShort Euro,EUO,20.9408,21.3178,-1.76848,-0.377,10600,221972480
09/06/2017,ProShares UltraShort Euro,EUO,21.3178,21.2961,0.10190,0.0217,10600,225968680
09/05/2017,ProShares UltraShort Euro,EUO,21.2961,21.4893,-0.89905,-0.1932,10600,225738660
09/01/2017,ProShares UltraShort Euro,EUO,21.4893,21.3494,0.65529,0.1399,10600,227786580
08/31/2017,ProShares UltraShort Euro,EUO,21.3494,21.3969,-0.22199,-0.0475,10600,226303640
08/30/2017,ProShares UltraShort Euro,EUO,21.3969,21.1003,1.40567,0.2966,10550,225737295
08/29/2017,ProShares UltraShort Euro,EUO,21.1003,21.0911,0.04362,0.0092,10550,222608165
08/28/2017,ProShares UltraShort Euro,EUO,21.0911,21.2747,-0.86300,-0.1836,10550,222511105
08/25/2017,ProShares UltraShort Euro,EUO,21.2747,21.7196,-2.04838,-0.4449,10500,223384350
08/24/2017,ProShares UltraShort Euro,EUO,21.7196,21.6472,0.33445,0.0724,10500,228055800
08/23/2017,ProShares UltraShort Euro,EUO,21.6472,21.8702,-1.01965,-0.223,10500,227295600
08/22/2017,ProShares UltraShort Euro,EUO,21.8702,21.6805,0.87498,0.1897,10500,229637100
08/21/2017,ProShares UltraShort Euro,EUO,21.6805,21.8489,-0.77075,-0.1684,10500,227645250
08/18/2017,ProShares UltraShort Euro,EUO,21.8489,21.9757,-0.57700,-0.1268,10350,226136115
08/17/2017,ProShares UltraShort Euro,EUO,21.9757,21.8154,0.73480,0.1603,10300,226349710
08/16/2017,ProShares UltraShort Euro,EUO,21.8154,21.9282,-0.51441,-0.1128,10300,224698620
08/15/2017,ProShares UltraShort Euro,EUO,21.9282,21.7575,0.78456,0.1707,10400,228053280
08/14/2017,ProShares UltraShort Euro,EUO,21.7575,21.6052,0.70492,0.1523,10400,226278000
08/11/2017,ProShares UltraShort Euro,EUO,21.6052,21.8041,-0.91221,-0.1989,10300,222533560
08/10/2017,ProShares UltraShort Euro,EUO,21.8041,21.8607,-0.25891,-0.0566,10000,218041000
08/09/2017,ProShares UltraShort Euro,EUO,21.8607,21.8772,-0.07542,-0.0165,9850,215327895
08/08/2017,ProShares UltraShort Euro,EUO,21.8772,21.7161,0.74185,0.1611,9550,208927260
08/07/2017,ProShares UltraShort Euro,EUO,21.7161,21.7623,-0.21229,-0.0462,9550,207388755
08/04/2017,ProShares UltraShort Euro,EUO,21.7623,21.4179,1.60800,0.3444,9550,207829965
08/03/2017,ProShares UltraShort Euro,EUO,21.4179,21.4958,-0.36240,-0.0779,9550,204540945
08/02/2017,ProShares UltraShort Euro,EUO,21.4958,21.6847,-0.87112,-0.1889,9550,205284890
08/01/2017,ProShares UltraShort Euro,EUO,21.6847,21.5473,0.63767,0.1374,9750,211425825
07/31/2017,ProShares UltraShort Euro,EUO,21.5473,21.8406,-1.34291,-0.2933,9750,210086175
07/28/2017,ProShares UltraShort Euro,EUO,21.8406,22.1493,-1.39372,-0.3087,9750,212945850
07/27/2017,ProShares UltraShort Euro,EUO,22.1493,21.965,0.83906,0.1843,9750,215955675
07/26/2017,ProShares UltraShort Euro,EUO,21.965,22.2548,-1.30219,-0.2898,9750,214158750
07/25/2017,ProShares UltraShort Euro,EUO,22.2548,22.2622,-0.03324,-0.0074,9750,216984300
07/24/2017,ProShares UltraShort Euro,EUO,22.2622,22.1685,0.42267,0.0937,9850,219282670
07/21/2017,ProShares UltraShort Euro,EUO,22.1685,22.3229,-0.69167,-0.1544,9850,218359725
07/20/2017,ProShares UltraShort Euro,EUO,22.3229,22.7495,-1.87521,-0.4266,9850,219880565
07/19/2017,ProShares UltraShort Euro,EUO,22.7495,22.5961,0.67888,0.1534,10050,228632475
07/18/2017,ProShares UltraShort Euro,EUO,22.5961,22.8872,-1.27189,-0.2911,10050,227090805
07/17/2017,ProShares UltraShort Euro,EUO,22.8872,22.9362,-0.21364,-0.049,10050,230016360
07/14/2017,ProShares UltraShort Euro,EUO,22.9362,23.1945,-1.11363,-0.2583,10050,230508810
07/13/2017,ProShares UltraShort Euro,EUO,23.1945,23.1286,0.28493,0.0659,10050,233104725
07/12/2017,ProShares UltraShort Euro,EUO,23.1286,22.9536,0.76241,0.175,10250,237068150
07/11/2017,ProShares UltraShort Euro,EUO,22.9536,23.21,-1.10470,-0.2564,10250,235274400
07/10/2017,ProShares UltraShort Euro,EUO,23.21,23.1918,0.07848,0.0182,10250,237902500
07/07/2017,ProShares UltraShort Euro,EUO,23.1918,23.1271,0.27976,0.0647,10250,237715950
07/06/2017,ProShares UltraShort Euro,EUO,23.1271,23.4463,-1.36141,-0.3192,10250,237052775
07/05/2017,ProShares UltraShort Euro,EUO,23.4463,23.376,0.30074,0.0703,10250,240324575
07/03/2017,ProShares UltraShort Euro,EUO,23.376,23.1228,1.09502,0.2532,10250,239604000
06/30/2017,ProShares UltraShort Euro,EUO,23.1228,23.0398,0.36025,0.083,10250,237008700
06/29/2017,ProShares UltraShort Euro,EUO,23.0398,23.2587,-0.94115,-0.2189,10250,236157950
06/28/2017,ProShares UltraShort Euro,EUO,23.2587,23.3973,-0.59238,-0.1386,10250,238401675
06/27/2017,ProShares UltraShort Euro,EUO,23.3973,24.1214,-3.00190,-0.7241,10250,239822325
06/26/2017,ProShares UltraShort Euro,EUO,24.1214,24.0467,0.31065,0.0747,10250,247244350
06/23/2017,ProShares UltraShort Euro,EUO,24.0467,24.2426,-0.80808,-0.1959,10250,246478675
06/22/2017,ProShares UltraShort Euro,EUO,24.2426,24.181,0.25475,0.0616,10250,248486650
06/21/2017,ProShares UltraShort Euro,EUO,24.181,24.3422,-0.66222,-0.1612,10400,251482400
06/20/2017,ProShares UltraShort Euro,EUO,24.3422,24.2448,0.40174,0.0974,10400,253158880
06/19/2017,ProShares UltraShort Euro,EUO,24.2448,24.0266,0.90816,0.2182,10400,252145920
06/16/2017,ProShares UltraShort Euro,EUO,24.0266,24.2568,-0.94901,-0.2302,10400,249876640
06/15/2017,ProShares UltraShort Euro,EUO,24.2568,23.9444,1.30469,0.3124,10400,252270720
06/14/2017,ProShares UltraShort Euro,EUO,23.9444,23.9835,-0.16303,-0.0391,10400,249021760
06/13/2017,ProShares UltraShort Euro,EUO,23.9835,23.9966,-0.05459,-0.0131,10400,249428400
06/12/2017,ProShares UltraShort Euro,EUO,23.9966,24.0331,-0.15187,-0.0365,10600,254363960
06/09/2017,ProShares UltraShort Euro,EUO,24.0331,23.9442,0.37128,0.0889,10600,254750860
06/08/2017,ProShares UltraShort Euro,EUO,23.9442,23.7259,0.92009,0.2183,10600,253808520
06/07/2017,ProShares UltraShort Euro,EUO,23.7259,23.6778,0.20314,0.0481,10600,251494540
06/06/2017,ProShares UltraShort Euro,EUO,23.6778,23.7752,-0.40967,-0.0974,10650,252168570
06/05/2017,ProShares UltraShort Euro,EUO,23.7752,23.6541,0.51196,0.1211,10650,253205880
06/02/2017,ProShares UltraShort Euro,EUO,23.6541,23.9487,-1.23013,-0.2946,10650,251916165
06/01/2017,ProShares UltraShort Euro,EUO,23.9487,23.8597,0.37301,0.089,10650,255053655
05/31/2017,ProShares UltraShort Euro,EUO,23.8597,24.0507,-0.79416,-0.191,10650,254105805
05/30/2017,ProShares UltraShort Euro,EUO,24.0507,24.1224,-0.29723,-0.0717,10750,258545025
05/26/2017,ProShares UltraShort Euro,EUO,24.1224,23.9519,0.71184,0.1705,10750,259315800
05/25/2017,ProShares UltraShort Euro,EUO,23.9519,23.9266,0.10574,0.0253,10750,257482925
05/24/2017,ProShares UltraShort Euro,EUO,23.9266,24.0601,-0.55486,-0.1335,10750,257210950
05/23/2017,ProShares UltraShort Euro,EUO,24.0601,23.8292,0.96898,0.2309,10750,258646075
05/22/2017,ProShares UltraShort Euro,EUO,23.8292,23.9711,-0.59196,-0.1419,10750,256163900
05/19/2017,ProShares UltraShort Euro,EUO,23.9711,24.37,-1.63685,-0.3989,10750,257689325
05/18/2017,ProShares UltraShort Euro,EUO,24.37,24.1772,0.79745,0.1928,10750,261977500
05/17/2017,ProShares UltraShort Euro,EUO,24.1772,24.4828,-1.24822,-0.3056,10750,259904900
05/16/2017,ProShares UltraShort Euro,EUO,24.4828,24.9717,-1.95782,-0.4889,10750,263190100
05/15/2017,ProShares UltraShort Euro,EUO,24.9717,25.1888,-0.86189,-0.2171,10750,268445775
05/12/2017,ProShares UltraShort Euro,EUO,25.1888,25.5092,-1.25602,-0.3204,10750,270779600
05/11/2017,ProShares UltraShort Euro,EUO,25.5092,25.4856,0.09260,0.0236,10750,274223900
05/10/2017,ProShares UltraShort Euro,EUO,25.4856,25.4483,0.14657,0.0373,10750,273970200
05/09/2017,ProShares UltraShort Euro,EUO,25.4483,25.1839,1.04988,0.2644,10750,273569225
05/08/2017,ProShares UltraShort Euro,EUO,25.1839,24.8801,1.22106,0.3038,10750,270726925
05/05/2017,ProShares UltraShort Euro,EUO,24.8801,24.937,-0.22818,-0.0569,10750,267461075
05/04/2017,ProShares UltraShort Euro,EUO,24.937,25.3554,-1.65014,-0.4184,10750,268072750
05/03/2017,ProShares UltraShort Euro,EUO,25.3554,25.2054,0.59511,0.15,10750,272570550
05/02/2017,ProShares UltraShort Euro,EUO,25.2054,25.3265,-0.47816,-0.1211,10750,270958050
05/01/2017,ProShares UltraShort Euro,EUO,25.3265,25.3524,-0.10216,-0.0259,10800,273526200
04/28/2017,ProShares UltraShort Euro,EUO,25.3524,25.4373,-0.33376,-0.0849,10800,273805920
04/27/2017,ProShares UltraShort Euro,EUO,25.4373,25.2776,0.63178,0.1597,10950,278538435
04/26/2017,ProShares UltraShort Euro,EUO,25.2776,25.1377,0.55653,0.1399,10850,274261960
04/25/2017,ProShares UltraShort Euro,EUO,25.1377,25.4589,-1.26164,-0.3212,10850,272744045
04/24/2017,ProShares UltraShort Euro,EUO,25.4589,26.2649,-3.06873,-0.806,10850,276229065
04/21/2017,ProShares UltraShort Euro,EUO,26.2649,26.1909,0.28254,0.074,10800,283660920
04/20/2017,ProShares UltraShort Euro,EUO,26.1909,26.2032,-0.04694,-0.0123,10800,282861720
04/19/2017,ProShares UltraShort Euro,EUO,26.2032,26.1072,0.36771,0.096,10800,282994560
04/18/2017,ProShares UltraShort Euro,EUO,26.1072,26.5689,-1.73775,-0.4617,10800,281957760
04/17/2017,ProShares UltraShort Euro,EUO,26.5689,26.6758,-0.40074,-0.1069,10800,286944120
04/13/2017,ProShares UltraShort Euro,EUO,26.6758,26.4688,0.78205,0.207,10950,292100010
04/12/2017,ProShares UltraShort Euro,EUO,26.4688,26.7337,-0.99088,-0.2649,10950,289833360
04/11/2017,ProShares UltraShort Euro,EUO,26.7337,26.7844,-0.18929,-0.0507,10950,292734015
04/10/2017,ProShares UltraShort Euro,EUO,26.7844,26.7923,-0.02949,-0.0079,10950,293289180
04/07/2017,ProShares UltraShort Euro,EUO,26.7923,26.5483,0.91908,0.244,10950,293375685
04/06/2017,ProShares UltraShort Euro,EUO,26.5483,26.375,0.65706,0.1733,11150,296013545
04/05/2017,ProShares UltraShort Euro,EUO,26.375,26.4251,-0.18959,-0.0501,11150,294081250
04/04/2017,ProShares UltraShort Euro,EUO,26.4251,26.4008,0.09204,0.0243,11150,294639865
04/03/2017,ProShares UltraShort Euro,EUO,26.4008,26.4166,-0.05981,-0.0158,11250,297009000
03/31/2017,ProShares UltraShort Euro,EUO,26.4166,26.3508,0.24971,0.0658,11250,297186750
03/30/2017,ProShares UltraShort Euro,EUO,26.3508,25.9003,1.73936,0.4505,11250,296446500
03/29/2017,ProShares UltraShort Euro,EUO,25.9003,25.707,0.75194,0.1933,11400,295263420
03/28/2017,ProShares UltraShort Euro,EUO,25.707,25.4505,1.00784,0.2565,11400,293059800
03/27/2017,ProShares UltraShort Euro,EUO,25.4505,25.7945,-1.33362,-0.344,11400,290135700
03/24/2017,ProShares UltraShort Euro,EUO,25.7945,25.8349,-0.15638,-0.0404,11400,294057300
03/23/2017,ProShares UltraShort Euro,EUO,25.8349,25.7692,0.25496,0.0657,11550,298393095
03/22/2017,ProShares UltraShort Euro,EUO,25.7692,25.7,0.26926,0.0692,11550,297634260
03/21/2017,ProShares UltraShort Euro,EUO,25.7,26.0168,-1.21767,-0.3168,11550,296835000
03/20/2017,ProShares UltraShort Euro,EUO,26.0168,26.0306,-0.05301,-0.0138,11650,303095720
03/17/2017,ProShares UltraShort Euro,EUO,26.0306,25.9058,0.48175,0.1248,11650,303256490
03/16/2017,ProShares UltraShort Euro,EUO,25.9058,26.1925,-1.09459,-0.2867,11700,303097860
03/15/2017,ProShares UltraShort Euro,EUO,26.1925,26.7013,-1.90553,-0.5088,11700,306452250
03/14/2017,ProShares UltraShort Euro,EUO,26.7013,26.4614,0.90660,0.2399,11750,313740275
03/13/2017,ProShares UltraShort Euro,EUO,26.4614,26.2897,0.65311,0.1717,11750,310921450
03/10/2017,ProShares UltraShort Euro,EUO,26.2897,26.8226,-1.98676,-0.5329,12050,316790885
03/09/2017,ProShares UltraShort Euro,EUO,26.8226,27.0287,-0.76252,-0.2061,12050,323212330
03/08/2017,ProShares UltraShort Euro,EUO,27.0287,26.8891,0.51917,0.1396,11900,321641530
03/07/2017,ProShares UltraShort Euro,EUO,26.8891,26.822,0.25017,0.0671,11900,319980290
03/06/2017,ProShares UltraShort Euro,EUO,26.822,26.6592,0.61067,0.1628,11900,319181800
03/03/2017,ProShares UltraShort Euro,EUO,26.6592,27.2164,-2.04730,-0.5572,11900,317244480
03/02/2017,ProShares UltraShort Euro,EUO,27.2164,27.009,0.76789,0.2074,11900,323875160
03/01/2017,ProShares UltraShort Euro,EUO,27.009,26.7696,0.89430,0.2394,11900,321407100
02/28/2017,ProShares UltraShort Euro,EUO,26.7696,26.7935,-0.08920,-0.0239,11900,318558240
02/27/2017,ProShares UltraShort Euro,EUO,26.7935,26.9355,-0.52719,-0.142,11900,318842650
02/24/2017,ProShares UltraShort Euro,EUO,26.9355,26.8326,0.38349,0.1029,11900,320532450
02/23/2017,ProShares UltraShort Euro,EUO,26.8326,26.893,-0.22459,-0.0604,11900,319307940
02/22/2017,ProShares UltraShort Euro,EUO,26.893,27.0091,-0.42986,-0.1161,11900,320026700
02/21/2017,ProShares UltraShort Euro,EUO,27.0091,26.6805,1.23161,0.3286,11900,321408290
02/17/2017,ProShares UltraShort Euro,EUO,26.6805,26.3676,1.18668,0.3129,11900,317497950
02/16/2017,ProShares UltraShort Euro,EUO,26.3676,26.7181,-1.31184,-0.3505,11900,313774440
02/15/2017,ProShares UltraShort Euro,EUO,26.7181,26.8534,-0.50385,-0.1353,11900,317945390
02/14/2017,ProShares UltraShort Euro,EUO,26.8534,26.7484,0.39255,0.105,11900,319555460
02/13/2017,ProShares UltraShort Euro,EUO,26.7484,26.5461,0.76207,0.2023,11900,318305960
02/10/2017,ProShares UltraShort Euro,EUO,26.5461,26.416,0.49250,0.1301,11900,315898590
02/09/2017,ProShares UltraShort Euro,EUO,26.416,26.2852,0.49762,0.1308,11750,310388000
02/08/2017,ProShares UltraShort Euro,EUO,26.2852,26.2822,0.01141,0.003,11750,308851100
02/07/2017,ProShares UltraShort Euro,EUO,26.2822,25.9751,1.18229,0.3071,11750,308815850
02/06/2017,ProShares UltraShort Euro,EUO,25.9751,25.8381,0.53022,0.137,11750,305207425
02/03/2017,ProShares UltraShort Euro,EUO,25.8381,25.9168,-0.30366,-0.0787,11750,303597675
02/02/2017,ProShares UltraShort Euro,EUO,25.9168,25.8783,0.14877,0.0385,11750,304522400
02/01/2017,ProShares UltraShort Euro,EUO,25.8783,25.7677,0.42922,0.1106,11750,304070025
01/31/2017,ProShares UltraShort Euro,EUO,25.7677,26.258,-1.86724,-0.4903,11750,302770475
01/30/2017,ProShares UltraShort Euro,EUO,26.258,26.2467,0.04305,0.0113,11900,312470200
01/27/2017,ProShares UltraShort Euro,EUO,26.2467,26.3261,-0.30160,-0.0794,11900,312335730
01/26/2017,ProShares UltraShort Euro,EUO,26.3261,25.9763,1.34661,0.3498,11900,313280590
01/25/2017,ProShares UltraShort Euro,EUO,25.9763,26.0643,-0.33763,-0.088,12100,314313230
01/24/2017,ProShares UltraShort Euro,EUO,26.0643,26.001,0.24345,0.0633,12100,315378030
01/23/2017,ProShares UltraShort Euro,EUO,26.001,26.2476,-0.93951,-0.2466,12100,314612100
01/20/2017,ProShares UltraShort Euro,EUO,26.2476,26.4135,-0.62809,-0.1659,12100,317595960
01/19/2017,ProShares UltraShort Euro,EUO,26.4135,26.5186,-0.39633,-0.1051,12300,324886050
01/18/2017,ProShares UltraShort Euro,EUO,26.5186,26.1898,1.25545,0.3288,12300,326178780
01/17/2017,ProShares UltraShort Euro,EUO,26.1898,26.5238,-1.25925,-0.334,12500,327372500
01/13/2017,ProShares UltraShort Euro,EUO,26.5238,26.5995,-0.28459,-0.0757,12500,331547500
01/12/2017,ProShares UltraShort Euro,EUO,26.5995,26.8521,-0.94071,-0.2526,12500,332493750
01/11/2017,ProShares UltraShort Euro,EUO,26.8521,26.9168,-0.24037,-0.0647,12650,339679065
01/10/2017,ProShares UltraShort Euro,EUO,26.9168,26.8745,0.15740,0.0423,12650,340497520
01/09/2017,ProShares UltraShort Euro,EUO,26.8745,27.0484,-0.64292,-0.1739,12750,342649875
01/06/2017,ProShares UltraShort Euro,EUO,27.0484,26.7245,1.21200,0.3239,12750,344867100
01/05/2017,ProShares UltraShort Euro,EUO,26.7245,27.3181,-2.17292,-0.5936,12750,340737375
01/04/2017,ProShares UltraShort Euro,EUO,27.3181,27.7412,-1.52517,-0.4231,12750,348305775
01/03/2017,ProShares UltraShort Euro,EUO,27.7412,27.0859,2.41934,0.6553,12750,353700300
12/30/2016,ProShares UltraShort Euro,EUO,27.0859,27.3171,-0.84636,-0.2312,12900,349408110
12/29/2016,ProShares UltraShort Euro,EUO,27.3171,27.6575,-1.23077,-0.3404,13150,359219865
12/28/2016,ProShares UltraShort Euro,EUO,27.6575,27.4255,0.84593,0.232,13150,363696125
12/27/2016,ProShares UltraShort Euro,EUO,27.4255,27.4633,-0.13764,-0.0378,13150,360645325
12/23/2016,ProShares UltraShort Euro,EUO,27.4633,27.5414,-0.28357,-0.0781,13150,361142395
12/22/2016,ProShares UltraShort Euro,EUO,27.5414,27.5558,-0.05226,-0.0144,13150,362169410
12/21/2016,ProShares UltraShort Euro,EUO,27.5558,27.7712,-0.77562,-0.2154,13400,369247720
12/20/2016,ProShares UltraShort Euro,EUO,27.7712,27.7085,0.22628,0.0627,13400,372134080
12/19/2016,ProShares UltraShort Euro,EUO,27.7085,27.4969,0.76954,0.2116,13400,371293900
12/16/2016,ProShares UltraShort Euro,EUO,27.4969,27.6381,-0.51089,-0.1412,13500,371208150
12/15/2016,ProShares UltraShort Euro,EUO,27.6381,27.0769,2.07262,0.5612,13500,373114350
12/14/2016,ProShares UltraShort Euro,EUO,27.0769,26.5793,1.87213,0.4976,13500,365538150
12/13/2016,ProShares UltraShort Euro,EUO,26.5793,26.5064,0.27503,0.0729,13500,358820550
12/12/2016,ProShares UltraShort Euro,EUO,26.5064,26.9177,-1.52799,-0.4113,13500,357836400
12/09/2016,ProShares UltraShort Euro,EUO,26.9177,26.625,1.09934,0.2927,13500,363388950
12/08/2016,ProShares UltraShort Euro,EUO,26.625,25.9084,2.76590,0.7166,13500,359437500
12/07/2016,ProShares UltraShort Euro,EUO,25.9084,26.1196,-0.80859,-0.2112,13500,349763400
12/06/2016,ProShares UltraShort Euro,EUO,26.1196,25.9119,0.80156,0.2077,13500,352614600
12/05/2016,ProShares UltraShort Euro,EUO,25.9119,26.4011,-1.85295,-0.4892,13500,349810650
12/02/2016,ProShares UltraShort Euro,EUO,26.4011,26.4103,-0.03483,-0.0092,13500,356414850
12/01/2016,ProShares UltraShort Euro,EUO,26.4103,26.7179,-1.15129,-0.3076,13500,356539050
11/30/2016,ProShares UltraShort Euro,EUO,26.7179,26.4872,0.87099,0.2307,13700,366035230
11/29/2016,ProShares UltraShort Euro,EUO,26.4872,26.6765,-0.70961,-0.1893,13700,362874640
11/28/2016,ProShares UltraShort Euro,EUO,26.6765,26.7425,-0.24680,-0.066,13900,370803350
11/25/2016,ProShares UltraShort Euro,EUO,26.7425,26.9409,-0.73643,-0.1984,13900,371720750
11/23/2016,ProShares UltraShort Euro,EUO,26.9409,26.5908,1.31662,0.3501,13900,374478510
11/22/2016,ProShares UltraShort Euro,EUO,26.5908,26.5773,0.05080,0.0135,13900,369612120
11/21/2016,ProShares UltraShort Euro,EUO,26.5773,26.7549,-0.66380,-0.1776,13900,369424470
11/18/2016,ProShares UltraShort Euro,EUO,26.7549,26.5848,0.63984,0.1701,13900,371893110
11/17/2016,ProShares UltraShort Euro,EUO,26.5848,26.2932,1.10903,0.2916,13900,369528720
11/16/2016,ProShares UltraShort Euro,EUO,26.2932,26.0682,0.86312,0.225,13900,365475480
11/15/2016,ProShares UltraShort Euro,EUO,26.0682,26.0441,0.09254,0.0241,14150,368865030
11/14/2016,ProShares UltraShort Euro,EUO,26.0441,25.5132,2.08088,0.5309,14150,368524015
11/11/2016,ProShares UltraShort Euro,EUO,25.5132,25.3254,0.74155,0.1878,14400,367390080
11/10/2016,ProShares UltraShort Euro,EUO,25.3254,25.2089,0.46214,0.1165,14550,368484570
11/09/2016,ProShares UltraShort Euro,EUO,25.2089,24.7334,1.92250,0.4755,14700,370570830
11/08/2016,ProShares UltraShort Euro,EUO,24.7334,24.603,0.53002,0.1304,14700,363580980
11/07/2016,ProShares UltraShort Euro,EUO,24.603,24.2024,1.65521,0.4006,14700,361664100
11/04/2016,ProShares UltraShort Euro,EUO,24.2024,24.3367,-0.55184,-0.1343,14700,355775280
11/03/2016,ProShares UltraShort Euro,EUO,24.3367,24.3996,-0.25779,-0.0629,14700,357749490
11/02/2016,ProShares UltraShort Euro,EUO,24.3996,24.5721,-0.70202,-0.1725,14700,358674120
11/01/2016,ProShares UltraShort Euro,EUO,24.5721,24.9103,-1.35767,-0.3382,15000,368581500
10/31/2016,ProShares UltraShort Euro,EUO,24.9103,24.8829,0.11012,0.0274,15000,373654500
10/28/2016,ProShares UltraShort Euro,EUO,24.8829,25.2801,-1.57120,-0.3972,15000,373243500
10/27/2016,ProShares UltraShort Euro,EUO,25.2801,25.2623,0.07046,0.0178,15000,379201500
10/26/2016,ProShares UltraShort Euro,EUO,25.2623,25.3159,-0.21172,-0.0536,15000,378934500
10/25/2016,ProShares UltraShort Euro,EUO,25.3159,25.384,-0.26828,-0.0681,15200,384801680
10/24/2016,ProShares UltraShort Euro,EUO,25.384,25.3558,0.11122,0.0282,15200,385836800
10/21/2016,ProShares UltraShort Euro,EUO,25.3558,25.1384,0.86481,0.2174,15200,385408160
10/20/2016,ProShares UltraShort Euro,EUO,25.1384,24.9375,0.80561,0.2009,15500,389645200
10/19/2016,ProShares UltraShort Euro,EUO,24.9375,24.8846,0.21258,0.0529,15500,386531250
10/18/2016,ProShares UltraShort Euro,EUO,24.8846,24.7765,0.43630,0.1081,15500,385711300
10/17/2016,ProShares UltraShort Euro,EUO,24.7765,24.9223,-0.58502,-0.1458,15600,386513400
10/14/2016,ProShares UltraShort Euro,EUO,24.9223,24.5754,1.41157,0.3469,15600,388787880
10/13/2016,ProShares UltraShort Euro,EUO,24.5754,24.7376,-0.65568,-0.1622,15600,383376240
10/12/2016,ProShares UltraShort Euro,EUO,24.7376,24.5373,0.81631,0.2003,15600,385906560
10/11/2016,ProShares UltraShort Euro,EUO,24.5373,24.1974,1.40470,0.3399,15600,382781880
10/10/2016,ProShares UltraShort Euro,EUO,24.1974,23.9365,1.08997,0.2609,15600,377479440
10/07/2016,ProShares UltraShort Euro,EUO,23.9365,24.1446,-0.86189,-0.2081,15600,373409400
10/06/2016,ProShares UltraShort Euro,EUO,24.1446,23.898,1.03189,0.2466,15600,376655760
10/05/2016,ProShares UltraShort Euro,EUO,23.898,23.9009,-0.01213,-0.0029,15600,372808800
10/04/2016,ProShares UltraShort Euro,EUO,23.9009,23.8604,0.16974,0.0405,15600,372854040
10/03/2016,ProShares UltraShort Euro,EUO,23.8604,23.7752,0.35836,0.0852,15600,372222240
09/30/2016,ProShares UltraShort Euro,EUO,23.7752,23.8424,-0.28185,-0.0672,15600,370893120
09/29/2016,ProShares UltraShort Euro,EUO,23.8424,23.8395,0.01216,0.0029,15600,371941440
09/28/2016,ProShares UltraShort Euro,EUO,23.8395,23.8096,0.12558,0.0299,15600,371896200
09/27/2016,ProShares UltraShort Euro,EUO,23.8096,23.6667,0.60380,0.1429,15600,371429760
09/26/2016,ProShares UltraShort Euro,EUO,23.6667,23.7817,-0.48357,-0.115,15600,369200520
09/23/2016,ProShares UltraShort Euro,EUO,23.7817,23.8735,-0.38453,-0.0918,15600,370994520
09/22/2016,ProShares UltraShort Euro,EUO,23.8735,23.9498,-0.31858,-0.0763,15600,372426600
09/21/2016,ProShares UltraShort Euro,EUO,23.9498,24.0707,-0.50227,-0.1209,15600,373616880
09/20/2016,ProShares UltraShort Euro,EUO,24.0707,23.9789,0.38284,0.0918,15600,375502920
09/19/2016,ProShares UltraShort Euro,EUO,23.9789,24.086,-0.44466,-0.1071,15600,374070840
09/16/2016,ProShares UltraShort Euro,EUO,24.086,23.7121,1.57683,0.3739,15600,375741600
09/15/2016,ProShares UltraShort Euro,EUO,23.7121,23.6879,0.10216,0.0242,15600,369908760
09/14/2016,ProShares UltraShort Euro,EUO,23.6879,23.8312,-0.60131,-0.1433,15600,369531240
09/13/2016,ProShares UltraShort Euro,EUO,23.8312,23.7588,0.30473,0.0724,15600,371766720
09/12/2016,ProShares UltraShort Euro,EUO,23.7588,23.7795,-0.08705,-0.0207,15600,370637280
09/09/2016,ProShares UltraShort Euro,EUO,23.7795,23.6569,0.51824,0.1226,15600,370960200
09/08/2016,ProShares UltraShort Euro,EUO,23.6569,23.7171,-0.25383,-0.0602,15600,369047640
09/07/2016,ProShares UltraShort Euro,EUO,23.7171,23.6912,0.10932,0.0259,15600,369986760
09/06/2016,ProShares UltraShort Euro,EUO,23.6912,24.0833,-1.62810,-0.3921,15600,369582720
09/02/2016,ProShares UltraShort Euro,EUO,24.0833,23.9004,0.76526,0.1829,15600,375699480
09/01/2016,ProShares UltraShort Euro,EUO,23.9004,24.0932,-0.80023,-0.1928,15600,372846240
08/31/2016,ProShares UltraShort Euro,EUO,24.0932,24.1341,-0.16947,-0.0409,15600,375853920
08/30/2016,ProShares UltraShort Euro,EUO,24.1341,23.947,0.78131,0.1871,15600,376491960
08/29/2016,ProShares UltraShort Euro,EUO,23.947,23.9134,0.14051,0.0336,15600,373573200
08/26/2016,ProShares UltraShort Euro,EUO,23.9134,23.558,1.50862,0.3554,15600,373049040
08/25/2016,ProShares UltraShort Euro,EUO,23.558,23.6236,-0.27769,-0.0656,15600,367504800
08/24/2016,ProShares UltraShort Euro,EUO,23.6236,23.4485,0.74674,0.1751,15600,368528160
08/23/2016,ProShares UltraShort Euro,EUO,23.4485,23.3866,0.26468,0.0619,15600,365796600
08/22/2016,ProShares UltraShort Euro,EUO,23.3866,23.3535,0.14173,0.0331,15600,364830960
08/19/2016,ProShares UltraShort Euro,EUO,23.3535,23.2053,0.63865,0.1482,15600,364314600
08/18/2016,ProShares UltraShort Euro,EUO,23.2053,23.547,-1.45114,-0.3417,15600,362002680
08/17/2016,ProShares UltraShort Euro,EUO,23.547,23.5542,-0.03057,-0.0072,15600,367333200
08/16/2016,ProShares UltraShort Euro,EUO,23.5542,23.9517,-1.65959,-0.3975,15600,367445520
08/15/2016,ProShares UltraShort Euro,EUO,23.9517,24.0588,-0.44516,-0.1071,15600,373646520
08/12/2016,ProShares UltraShort Euro,EUO,24.0588,24.1437,-0.35164,-0.0849,15600,375317280
08/11/2016,ProShares UltraShort Euro,EUO,24.1437,23.9885,0.64698,0.1552,15600,376641720
08/10/2016,ProShares UltraShort Euro,EUO,23.9885,24.2614,-1.12483,-0.2729,15600,374220600
08/09/2016,ProShares UltraShort Euro,EUO,24.2614,24.3903,-0.52849,-0.1289,15600,378477840
08/08/2016,ProShares UltraShort Euro,EUO,24.3903,24.3679,0.09192,0.0224,15600,380488680
08/05/2016,ProShares UltraShort Euro,EUO,24.3679,24.1836,0.76209,0.1843,15600,380139240
08/04/2016,ProShares UltraShort Euro,EUO,24.1836,24.1051,0.32566,0.0785,15600,377264160
08/03/2016,ProShares UltraShort Euro,EUO,24.1051,23.7908,1.32110,0.3143,15600,376039560
08/02/2016,ProShares UltraShort Euro,EUO,23.7908,24.0262,-0.97976,-0.2354,15600,371136480
08/01/2016,ProShares UltraShort Euro,EUO,24.0262,23.9705,0.23237,0.0557,16100,386821820
07/29/2016,ProShares UltraShort Euro,EUO,23.9705,24.4273,-1.87004,-0.4568,16100,385925050
07/28/2016,ProShares UltraShort Euro,EUO,24.4273,24.5332,-0.43166,-0.1059,16100,393279530
07/27/2016,ProShares UltraShort Euro,EUO,24.5332,24.811,-1.11966,-0.2778,16100,394984520
07/26/2016,ProShares UltraShort Euro,EUO,24.811,24.8008,0.04113,0.0102,16100,399457100
07/25/2016,ProShares UltraShort Euro,EUO,24.8008,24.882,-0.32634,-0.0812,16100,399292880
07/22/2016,ProShares UltraShort Euro,EUO,24.882,24.6612,0.89533,0.2208,16100,400600200
07/21/2016,ProShares UltraShort Euro,EUO,24.6612,24.6701,-0.03608,-0.0089,16100,397045320
07/20/2016,ProShares UltraShort Euro,EUO,24.6701,24.6684,0.00689,0.0017,16100,397188610
07/19/2016,ProShares UltraShort Euro,EUO,24.6684,24.4315,0.96965,0.2369,16100,397161240
07/18/2016,ProShares UltraShort Euro,EUO,24.4315,24.4494,-0.07321,-0.0179,16100,393347150
07/15/2016,ProShares UltraShort Euro,EUO,24.4494,24.2448,0.84389,0.2046,16100,393635340
07/14/2016,ProShares UltraShort Euro,EUO,24.2448,24.3237,-0.32437,-0.0789,16100,390341280
07/13/2016,ProShares UltraShort Euro,EUO,24.3237,24.4682,-0.59056,-0.1445,16100,391611570
07/12/2016,ProShares UltraShort Euro,EUO,24.4682,24.489,-0.08494,-0.0208,16100,393938020
07/11/2016,ProShares UltraShort Euro,EUO,24.489,24.5097,-0.08446,-0.0207,16100,394272900
07/08/2016,ProShares UltraShort Euro,EUO,24.5097,24.4627,0.19213,0.047,16100,394606170
07/07/2016,ProShares UltraShort Euro,EUO,24.4627,24.2972,0.68115,0.1655,16100,393849470
07/06/2016,ProShares UltraShort Euro,EUO,24.2972,24.4372,-0.57290,-0.14,16100,391184920
07/05/2016,ProShares UltraShort Euro,EUO,24.4372,24.1409,1.22738,0.2963,15900,388551480
07/01/2016,ProShares UltraShort Euro,EUO,24.1409,24.317,-0.72418,-0.1761,15900,383840310
06/30/2016,ProShares UltraShort Euro,EUO,24.317,24.2747,0.17426,0.0423,15900,386640300
06/29/2016,ProShares UltraShort Euro,EUO,24.2747,24.3879,-0.46416,-0.1132,15900,385967730
06/28/2016,ProShares UltraShort Euro,EUO,24.3879,24.6674,-1.13307,-0.2795,15900,387767610
06/27/2016,ProShares UltraShort Euro,EUO,24.6674,24.3094,1.47268,0.358,15900,392211660
06/24/2016,ProShares UltraShort Euro,EUO,24.3094,23.1312,5.09355,1.1782,15900,386519460
06/23/2016,ProShares UltraShort Euro,EUO,23.1312,23.4605,-1.40364,-0.3293,15900,367786080
06/22/2016,ProShares UltraShort Euro,EUO,23.4605,23.6727,-0.89639,-0.2122,15900,373021950
06/21/2016,ProShares UltraShort Euro,EUO,23.6727,23.4574,0.91783,0.2153,15900,376395930
06/20/2016,ProShares UltraShort Euro,EUO,23.4574,23.57,-0.47773,-0.1126,15900,372972660
06/17/2016,ProShares UltraShort Euro,EUO,23.57,23.7279,-0.66546,-0.1579,16050,378298500
06/16/2016,ProShares UltraShort Euro,EUO,23.7279,23.675,0.22344,0.0529,16050,380832795
06/15/2016,ProShares UltraShort Euro,EUO,23.675,23.8826,-0.86925,-0.2076,16050,379983750
06/14/2016,ProShares UltraShort Euro,EUO,23.8826,23.5046,1.60820,0.378,16050,383315730
06/13/2016,ProShares UltraShort Euro,EUO,23.5046,23.6698,-0.69794,-0.1652,16050,377248830
06/10/2016,ProShares UltraShort Euro,EUO,23.6698,23.3968,1.16683,0.273,16050,379900290
06/09/2016,ProShares UltraShort Euro,EUO,23.3968,23.0972,1.29713,0.2996,16050,375518640
06/08/2016,ProShares UltraShort Euro,EUO,23.0972,23.2491,-0.65336,-0.1519,16050,370710060
06/07/2016,ProShares UltraShort Euro,EUO,23.2491,23.2221,0.11627,0.027,16050,373148055
06/06/2016,ProShares UltraShort Euro,EUO,23.2221,23.2603,-0.16423,-0.0382,16050,372714705
06/03/2016,ProShares UltraShort Euro,EUO,23.2603,24.1273,-3.59344,-0.867,16300,379142890
06/02/2016,ProShares UltraShort Euro,EUO,24.1273,23.9666,0.67052,0.1607,16300,393274990
06/01/2016,ProShares UltraShort Euro,EUO,23.9666,24.249,-1.16458,-0.2824,16300,390655580
05/31/2016,ProShares UltraShort Euro,EUO,24.249,24.3134,-0.26487,-0.0644,16300,395258700
05/27/2016,ProShares UltraShort Euro,EUO,24.3134,23.9842,1.37257,0.3292,16300,396308420
05/26/2016,ProShares UltraShort Euro,EUO,23.9842,24.1309,-0.60793,-0.1467,16300,390942460
05/25/2016,ProShares UltraShort Euro,EUO,24.1309,24.1863,-0.22906,-0.0554,16300,393333670
05/24/2016,ProShares UltraShort Euro,EUO,24.1863,23.8664,1.34038,0.3199,16300,394236690
05/23/2016,ProShares UltraShort Euro,EUO,23.8664,23.871,-0.01927,-0.0046,16300,389022320
05/20/2016,ProShares UltraShort Euro,EUO,23.871,23.9427,-0.29946,-0.0717,16300,389097300
05/19/2016,ProShares UltraShort Euro,EUO,23.9427,23.8495,0.39078,0.0932,16300,390266010
05/18/2016,ProShares UltraShort Euro,EUO,23.8495,23.4465,1.71881,0.403,16300,388746850
05/17/2016,ProShares UltraShort Euro,EUO,23.4465,23.429,0.07469,0.0175,16650,390384225
05/16/2016,ProShares UltraShort Euro,EUO,23.429,23.458,-0.12363,-0.029,16650,390092850
05/13/2016,ProShares UltraShort Euro,EUO,23.458,23.2089,1.07330,0.2491,16650,390575700
05/12/2016,ProShares UltraShort Euro,EUO,23.2089,23.0088,0.86967,0.2001,16650,386428185
05/11/2016,ProShares UltraShort Euro,EUO,23.0088,23.2243,-0.92791,-0.2155,16650,383096520
05/10/2016,ProShares UltraShort Euro,EUO,23.2243,23.1745,0.21489,0.0498,16650,386684595
05/09/2016,ProShares UltraShort Euro,EUO,23.1745,23.0853,0.38639,0.0892,16650,385855425
05/06/2016,ProShares UltraShort Euro,EUO,23.0853,23.0928,-0.03248,-0.0075,16650,384370245
05/05/2016,ProShares UltraShort Euro,EUO,23.0928,22.7334,1.58093,0.3594,16650,384495120
05/04/2016,ProShares UltraShort Euro,EUO,22.7334,22.6738,0.26286,0.0596,16650,378511110
05/03/2016,ProShares UltraShort Euro,EUO,22.6738,22.6263,0.20993,0.0475,16650,377518770
05/02/2016,ProShares UltraShort Euro,EUO,22.6263,22.8985,-1.18872,-0.2722,16650,376727895
04/29/2016,ProShares UltraShort Euro,EUO,22.8985,23.2785,-1.63241,-0.38,16650,381260025
04/28/2016,ProShares UltraShort Euro,EUO,23.2785,23.4573,-0.76224,-0.1788,16850,392242725
04/27/2016,ProShares UltraShort Euro,EUO,23.4573,23.5689,-0.47351,-0.1116,16850,395255505
04/26/2016,ProShares UltraShort Euro,EUO,23.5689,23.6857,-0.49312,-0.1168,16850,397135965
04/25/2016,ProShares UltraShort Euro,EUO,23.6857,23.834,-0.62222,-0.1483,17100,405025470
04/22/2016,ProShares UltraShort Euro,EUO,23.834,23.5618,1.15526,0.2722,17100,407561400
04/21/2016,ProShares UltraShort Euro,EUO,23.5618,23.5332,0.12153,0.0286,17100,402906780
04/20/2016,ProShares UltraShort Euro,EUO,23.5332,23.2504,1.21632,0.2828,17300,407124360
04/19/2016,ProShares UltraShort Euro,EUO,23.2504,23.4778,-0.96857,-0.2274,17300,402231920
04/18/2016,ProShares UltraShort Euro,EUO,23.4778,23.5822,-0.44271,-0.1044,17300,406165940
04/15/2016,ProShares UltraShort Euro,EUO,23.5822,23.6946,-0.47437,-0.1124,17400,410330280
04/14/2016,ProShares UltraShort Euro,EUO,23.6946,23.5909,0.43958,0.1037,17400,412286040
04/13/2016,ProShares UltraShort Euro,EUO,23.5909,23.1396,1.95034,0.4513,17400,410481660
04/12/2016,ProShares UltraShort Euro,EUO,23.1396,23.079,0.26258,0.0606,17400,402629040
04/11/2016,ProShares UltraShort Euro,EUO,23.079,23.1035,-0.10604,-0.0245,17400,401574600
04/08/2016,ProShares UltraShort Euro,EUO,23.1035,23.2209,-0.50558,-0.1174,17400,402000900
04/07/2016,ProShares UltraShort Euro,EUO,23.2209,23.1117,0.47249,0.1092,17400,404043660
04/06/2016,ProShares UltraShort Euro,EUO,23.1117,23.1596,-0.20683,-0.0479,17400,402143580
04/05/2016,ProShares UltraShort Euro,EUO,23.1596,23.1343,0.10936,0.0253,17200,398345120
04/04/2016,ProShares UltraShort Euro,EUO,23.1343,23.1463,-0.05184,-0.012,17200,397909960
04/01/2016,ProShares UltraShort Euro,EUO,23.1463,23.19,-0.18844,-0.0437,17200,398116360
03/31/2016,ProShares UltraShort Euro,EUO,23.19,23.3639,-0.74431,-0.1739,17200,398868000
03/30/2016,ProShares UltraShort Euro,EUO,23.3639,23.5198,-0.66285,-0.1559,17200,401859080
03/29/2016,ProShares UltraShort Euro,EUO,23.5198,23.9429,-1.76712,-0.4231,17200,404540560
03/28/2016,ProShares UltraShort Euro,EUO,23.9429,24.0391,-0.40018,-0.0962,17200,411817880
03/24/2016,ProShares UltraShort Euro,EUO,24.0391,24.0342,0.02039,0.0049,17200,413472520
03/23/2016,ProShares UltraShort Euro,EUO,24.0342,23.8611,0.72545,0.1731,17200,413388240
03/22/2016,ProShares UltraShort Euro,EUO,23.8611,23.7463,0.48344,0.1148,17200,410410920
03/21/2016,ProShares UltraShort Euro,EUO,23.7463,23.6164,0.55004,0.1299,17200,408436360
03/18/2016,ProShares UltraShort Euro,EUO,23.6164,23.4374,0.76374,0.179,16950,400297980
03/17/2016,ProShares UltraShort Euro,EUO,23.4374,23.8166,-1.59217,-0.3792,16950,397263930
03/16/2016,ProShares UltraShort Euro,EUO,23.8166,24.3408,-2.15359,-0.5242,16950,403691370
03/15/2016,ProShares UltraShort Euro,EUO,24.3408,24.3837,-0.17594,-0.0429,16950,412576560
03/14/2016,ProShares UltraShort Euro,EUO,24.3837,24.155,0.94680,0.2287,16950,413303715
03/11/2016,ProShares UltraShort Euro,EUO,24.155,24.0345,0.50136,0.1205,16950,409427250
03/10/2016,ProShares UltraShort Euro,EUO,24.0345,24.8126,-3.13591,-0.7781,16950,407384775
03/09/2016,ProShares UltraShort Euro,EUO,24.8126,24.8035,0.03669,0.0091,16950,420573570
03/08/2016,ProShares UltraShort Euro,EUO,24.8035,24.7746,0.11665,0.0289,16950,420419325
03/07/2016,ProShares UltraShort Euro,EUO,24.7746,24.8325,-0.23316,-0.0579,17200,426123120
03/04/2016,ProShares UltraShort Euro,EUO,24.8325,25.0058,-0.69304,-0.1733,17200,427119000
03/03/2016,ProShares UltraShort Euro,EUO,25.0058,25.4538,-1.76005,-0.448,17200,430099760
03/02/2016,ProShares UltraShort Euro,EUO,25.4538,25.4437,0.03970,0.0101,17350,441623430
03/01/2016,ProShares UltraShort Euro,EUO,25.4437,25.4056,0.14997,0.0381,17350,441448195
02/29/2016,ProShares UltraShort Euro,EUO,25.4056,25.1306,1.09428,0.275,17350,440787160
02/26/2016,ProShares UltraShort Euro,EUO,25.1306,24.7265,1.63428,0.4041,17350,436015910
02/25/2016,ProShares UltraShort Euro,EUO,24.7265,24.8088,-0.33174,-0.0823,17350,429004775
02/24/2016,ProShares UltraShort Euro,EUO,24.8088,24.7675,0.16675,0.0413,17350,430432680
02/23/2016,ProShares UltraShort Euro,EUO,24.7675,24.718,0.20026,0.0495,17500,433431250
02/22/2016,ProShares UltraShort Euro,EUO,24.718,24.2734,1.83163,0.4446,17500,432565000
02/19/2016,ProShares UltraShort Euro,EUO,24.2734,24.4176,-0.59056,-0.1442,17500,424784500
02/18/2016,ProShares UltraShort Euro,EUO,24.4176,24.2709,0.60443,0.1467,17500,427308000
02/17/2016,ProShares UltraShort Euro,EUO,24.2709,24.2093,0.25445,0.0616,17500,424740750
02/16/2016,ProShares UltraShort Euro,EUO,24.2093,23.7448,1.95622,0.4645,17500,423662750
02/12/2016,ProShares UltraShort Euro,EUO,23.7448,23.4552,1.23469,0.2896,17700,420282960
02/11/2016,ProShares UltraShort Euro,EUO,23.4552,23.5808,-0.53264,-0.1256,17700,415157040
02/10/2016,ProShares UltraShort Euro,EUO,23.5808,23.5803,0.00212,0.0005,18000,424454400
02/09/2016,ProShares UltraShort Euro,EUO,23.5803,24.0177,-1.82116,-0.4374,18000,424445400
02/08/2016,ProShares UltraShort Euro,EUO,24.0177,24.1834,-0.68518,-0.1657,18000,432318600
02/05/2016,ProShares UltraShort Euro,EUO,24.1834,23.9612,0.92733,0.2222,18300,442556220
02/04/2016,ProShares UltraShort Euro,EUO,23.9612,24.378,-1.70974,-0.4168,18300,438489960
02/03/2016,ProShares UltraShort Euro,EUO,24.378,25.2943,-3.62256,-0.9163,18300,446117400
02/02/2016,ProShares UltraShort Euro,EUO,25.2943,25.3823,-0.34670,-0.088,18300,462885690
02/01/2016,ProShares UltraShort Euro,EUO,25.3823,25.672,-1.12847,-0.2897,18600,472110780
01/29/2016,ProShares UltraShort Euro,EUO,25.672,25.1703,1.99322,0.5017,18600,477499200
01/28/2016,ProShares UltraShort Euro,EUO,25.1703,25.3916,-0.87155,-0.2213,18850,474460155
01/27/2016,ProShares UltraShort Euro,EUO,25.3916,25.5558,-0.64252,-0.1642,18850,478631660
01/26/2016,ProShares UltraShort Euro,EUO,25.5558,25.5741,-0.07156,-0.0183,19050,486837990
01/25/2016,ProShares UltraShort Euro,EUO,25.5741,25.857,-1.09409,-0.2829,19050,487186605
01/22/2016,ProShares UltraShort Euro,EUO,25.857,25.4221,1.71072,0.4349,19050,492575850
01/21/2016,ProShares UltraShort Euro,EUO,25.4221,25.414,0.03187,0.0081,19050,484291005
01/20/2016,ProShares UltraShort Euro,EUO,25.414,25.3159,0.38750,0.0981,19300.01,490490555.796
01/19/2016,ProShares UltraShort Euro,EUO,25.3159,25.2973,0.07353,0.0186,19700.01,498723584.4226
01/15/2016,ProShares UltraShort Euro,EUO,25.2973,25.5367,-0.93747,-0.2394,20100.01,508476084.1622
01/14/2016,ProShares UltraShort Euro,EUO,25.5367,25.4574,0.31150,0.0793,20100.01,513288027.5138
01/13/2016,ProShares UltraShort Euro,EUO,25.4574,25.584,-0.49484,-0.1266,20100.01,511694096.4036
01/12/2016,ProShares UltraShort Euro,EUO,25.584,25.5934,-0.03673,-0.0094,20100.01,514238758.176
01/11/2016,ProShares UltraShort Euro,EUO,25.5934,25.2748,1.26054,0.3186,20100.01,514427698.3076
01/08/2016,ProShares UltraShort Euro,EUO,25.2748,25.2098,0.25784,0.065,20100.01,508023833.8472
01/07/2016,ProShares UltraShort Euro,EUO,25.2098,25.9303,-2.77860,-0.7205,20300.01,511759292.9372
01/06/2016,ProShares UltraShort Euro,EUO,25.9303,26.0948,-0.63039,-0.1645,20300.01,526385453.0242
01/05/2016,ProShares UltraShort Euro,EUO,26.0948,25.7234,1.44382,0.3714,20300.01,529724805.3272
01/04/2016,ProShares UltraShort Euro,EUO,25.7234,25.5412,0.71336,0.1822,20450.01,526043890.1276
12/31/2015,ProShares UltraShort Euro,EUO,25.5412,25.2452,1.17250,0.296,20450.01,522317897.5768
12/30/2015,ProShares UltraShort Euro,EUO,25.2452,25.2209,0.09635,0.0243,20650.01,521313733.4328
12/29/2015,ProShares UltraShort Euro,EUO,25.2209,25.0419,0.71480,0.179,20250.01,510723578.0926
12/28/2015,ProShares UltraShort Euro,EUO,25.0419,25.1396,-0.38863,-0.0977,20250.01,507098825.5866
12/24/2015,ProShares UltraShort Euro,EUO,25.1396,25.2736,-0.53020,-0.134,20250.01,509077251.9544
12/23/2015,ProShares UltraShort Euro,EUO,25.2736,25.1296,0.57303,0.144,20250.01,511790753.8304
12/22/2015,ProShares UltraShort Euro,EUO,25.1296,25.2798,-0.59415,-0.1502,20250.01,508874751.8144
12/21/2015,ProShares UltraShort Euro,EUO,25.2798,25.5105,-0.90433,-0.2307,20250.01,511916303.9172
12/18/2015,ProShares UltraShort Euro,EUO,25.5105,25.77,-1.00698,-0.2595,20250.01,516587982.147
12/17/2015,ProShares UltraShort Euro,EUO,25.77,25.3047,1.83879,0.4653,20250.01,521842860.78
12/16/2015,ProShares UltraShort Euro,EUO,25.3047,25.2762,0.11275,0.0285,20250.01,512420529.2658
12/15/2015,ProShares UltraShort Euro,EUO,25.2762,24.984,1.16955,0.2922,20250.01,511843403.8668
12/14/2015,ProShares UltraShort Euro,EUO,24.984,24.9681,0.06368,0.0159,20250.01,505926349.776
12/11/2015,ProShares UltraShort Euro,EUO,24.9681,25.1814,-0.84705,-0.2133,20250.01,505604374.5534
12/10/2015,ProShares UltraShort Euro,EUO,25.1814,24.8479,1.34217,0.3335,20250.01,509923702.5396
12/09/2015,ProShares UltraShort Euro,EUO,24.8479,25.441,-2.33128,-0.5931,20250.01,503170322.8706
12/08/2015,ProShares UltraShort Euro,EUO,25.441,25.668,-0.88437,-0.227,20250.01,515180606.174
12/07/2015,ProShares UltraShort Euro,EUO,25.668,25.5314,0.53503,0.1366,20250.01,519777359.352
12/04/2015,ProShares UltraShort Euro,EUO,25.5314,25.1866,1.36898,0.3448,19950.01,509351787.4396
12/03/2015,ProShares UltraShort Euro,EUO,25.1866,26.8725,-6.27370,-1.6859,19950.01,502473022.6124
12/02/2015,ProShares UltraShort Euro,EUO,26.8725,26.787,0.31918,0.0855,19950.01,536106751.215
12/01/2015,ProShares UltraShort Euro,EUO,26.787,27.1256,-1.24827,-0.3386,19950.01,534401025.018
11/30/2015,ProShares UltraShort Euro,EUO,27.1256,26.9587,0.61910,0.1669,19950.01,541156099.7584
11/27/2015,ProShares UltraShort Euro,EUO,26.9587,26.8613,0.36260,0.0974,19950.01,537826442.4218
11/25/2015,ProShares UltraShort Euro,EUO,26.8613,26.7215,0.52317,0.1398,19950.01,535883311.0582
11/24/2015,ProShares UltraShort Euro,EUO,26.7215,26.8216,-0.37321,-0.1001,19950.01,533094299.101
11/23/2015,ProShares UltraShort Euro,EUO,26.8216,26.7229,0.36935,0.0987,19950.01,535091295.5024
11/20/2015,ProShares UltraShort Euro,EUO,26.7229,26.2878,1.65514,0.4351,19950.01,533122229.1206
11/19/2015,ProShares UltraShort Euro,EUO,26.2878,26.7083,-1.57442,-0.4205,19950.01,524441978.0292
11/18/2015,ProShares UltraShort Euro,EUO,26.7083,26.7288,-0.07670,-0.0205,20150.01,538172618.9162
11/17/2015,ProShares UltraShort Euro,EUO,26.7288,26.5349,0.73074,0.1939,20150.01,538585694.2032
11/16/2015,ProShares UltraShort Euro,EUO,26.5349,26.2199,1.20138,0.315,20150.01,534678606.4886
11/13/2015,ProShares UltraShort Euro,EUO,26.2199,25.9373,1.08955,0.2826,20350.01,533575332.0786
11/12/2015,ProShares UltraShort Euro,EUO,25.9373,26.2683,-1.26007,-0.331,20350.01,527824418.1222
11/11/2015,ProShares UltraShort Euro,EUO,26.2683,26.4012,-0.50339,-0.1329,20350.01,534560272.7562
11/10/2015,ProShares UltraShort Euro,EUO,26.4012,26.2021,0.75986,0.1991,20350.01,537264789.6168
11/09/2015,ProShares UltraShort Euro,EUO,26.2021,26.2619,-0.22771,-0.0598,20350.01,533213101.8294
11/06/2015,ProShares UltraShort Euro,EUO,26.2619,25.6399,2.42591,0.622,20350.01,534430032.6666
11/05/2015,ProShares UltraShort Euro,EUO,25.6399,25.7182,-0.30445,-0.0783,21650.01,555104193.9586
11/04/2015,ProShares UltraShort Euro,EUO,25.7182,25.2443,1.87726,0.4739,21650.01,556799390.0548
11/03/2015,ProShares UltraShort Euro,EUO,25.2443,24.9993,0.98003,0.245,21650.01,546539448.4202
11/02/2015,ProShares UltraShort Euro,EUO,24.9993,25.0918,-0.36865,-0.0925,21950.01,548734984.9902
10/30/2015,ProShares UltraShort Euro,EUO,25.0918,25.1882,-0.38272,-0.0964,21950.01,550765361.2852
10/29/2015,ProShares UltraShort Euro,EUO,25.1882,25.4485,-1.02285,-0.2603,21950.01,552881342.6348
10/28/2015,ProShares UltraShort Euro,EUO,25.4485,24.8993,2.20568,0.5492,21950.01,558594931.279
10/27/2015,ProShares UltraShort Euro,EUO,24.8993,24.8587,0.16332,0.0406,21950.01,546539983.5902
10/26/2015,ProShares UltraShort Euro,EUO,24.8587,25.0367,-0.71096,-0.178,21950.01,545648813.0218
10/23/2015,ProShares UltraShort Euro,EUO,25.0367,24.6118,1.72641,0.4249,21950.01,549555915.5138
10/22/2015,ProShares UltraShort Euro,EUO,24.6118,23.6482,4.07473,0.9636,21950.01,540229354.5652
10/21/2015,ProShares UltraShort Euro,EUO,23.6482,23.6481,0.00042,0.0001,21950.01,519078321.0748
10/20/2015,ProShares UltraShort Euro,EUO,23.6481,23.6983,-0.21183,-0.0502,22100.01,522623341.0734
10/19/2015,ProShares UltraShort Euro,EUO,23.6983,23.5875,0.46974,0.1108,22100.01,523732761.7762
10/16/2015,ProShares UltraShort Euro,EUO,23.5875,23.4969,0.38558,0.0906,22100.01,521284080.225
10/15/2015,ProShares UltraShort Euro,EUO,23.4969,23.0582,1.90258,0.4387,22100.01,519281818.9566
10/14/2015,ProShares UltraShort Euro,EUO,23.0582,23.4692,-1.75123,-0.411,22100.01,509586542.8148
10/13/2015,ProShares UltraShort Euro,EUO,23.4692,23.5607,-0.38836,-0.0915,22100.01,518669648.5688
10/12/2015,ProShares UltraShort Euro,EUO,23.5607,23.5957,-0.14833,-0.035,22100.01,520691799.8498
10/09/2015,ProShares UltraShort Euro,EUO,23.5957,23.9357,-1.42047,-0.34,22100.01,521465300.3398
10/08/2015,ProShares UltraShort Euro,EUO,23.9357,24.0756,-0.58109,-0.1399,22100.01,528979305.0998
10/07/2015,ProShares UltraShort Euro,EUO,24.0756,23.923,0.63788,0.1526,22100.01,532071097.0584
10/06/2015,ProShares UltraShort Euro,EUO,23.923,24.3363,-1.69829,-0.4133,22100.01,528698634.922
10/05/2015,ProShares UltraShort Euro,EUO,24.3363,24.2556,0.33271,0.0807,22100.01,537832570.7082
10/02/2015,ProShares UltraShort Euro,EUO,24.2556,24.325,-0.28530,-0.0694,22100.01,536049099.5784
10/01/2015,ProShares UltraShort Euro,EUO,24.325,24.376,-0.20922,-0.051,22350.01,543664090.55
09/30/2015,ProShares UltraShort Euro,EUO,24.376,24.0509,1.35172,0.3251,22450.01,547241541.264
09/29/2015,ProShares UltraShort Euro,EUO,24.0509,24.1275,-0.31748,-0.0766,22450.01,539943041.7126
09/28/2015,ProShares UltraShort Euro,EUO,24.1275,24.2486,-0.49941,-0.1211,22450.01,541662712.785
09/25/2015,ProShares UltraShort Euro,EUO,24.2486,24.1653,0.34471,0.0833,22450.01,544381409.4804
09/24/2015,ProShares UltraShort Euro,EUO,24.1653,24.3422,-0.72672,-0.1769,22450.01,542511323.3142
09/23/2015,ProShares UltraShort Euro,EUO,24.3422,24.5631,-0.89932,-0.2209,22450.01,546482730.7908
09/22/2015,ProShares UltraShort Euro,EUO,24.5631,24.2935,1.10976,0.2696,22450.01,551441938.8834
09/21/2015,ProShares UltraShort Euro,EUO,24.2935,23.9227,1.54999,0.3708,22450.01,545389415.109
09/18/2015,ProShares UltraShort Euro,EUO,23.9227,23.2887,2.72235,0.634,22450.01,537064949.9178
09/17/2015,ProShares UltraShort Euro,EUO,23.2887,23.9324,-2.68966,-0.6437,22650.01,527489381.0418
09/16/2015,ProShares UltraShort Euro,EUO,23.9324,24.0093,-0.32029,-0.0769,22650.01,542069195.0536
09/15/2015,ProShares UltraShort Euro,EUO,24.0093,23.7789,0.96893,0.2304,22650.01,543810981.1302
09/14/2015,ProShares UltraShort Euro,EUO,23.7789,23.7053,0.31048,0.0736,22650.01,538592417.9046
09/11/2015,ProShares UltraShort Euro,EUO,23.7053,23.9697,-1.10306,-0.2644,22650.01,536925376.8742
09/10/2015,ProShares UltraShort Euro,EUO,23.9697,24.2887,-1.31337,-0.319,22650.01,542914040.5758
09/09/2015,ProShares UltraShort Euro,EUO,24.2887,24.3107,-0.09050,-0.022,22850.01,554997135.0418
09/08/2015,ProShares UltraShort Euro,EUO,24.3107,24.5639,-1.03078,-0.2532,22850.01,555499835.3498
09/04/2015,ProShares UltraShort Euro,EUO,24.5639,24.6473,-0.33837,-0.0834,22850.01,561285458.8946
09/03/2015,ProShares UltraShort Euro,EUO,24.6473,24.21,1.80628,0.4373,22850.01,563191150.0622
09/02/2015,ProShares UltraShort Euro,EUO,24.21,23.9012,1.29199,0.3088,22850.01,553198838.94
09/01/2015,ProShares UltraShort Euro,EUO,23.9012,24.2504,-1.43998,-0.3492,22850.01,546142754.6168
08/31/2015,ProShares UltraShort Euro,EUO,24.2504,24.3871,-0.56054,-0.1367,23050.01,558972059.5056
08/28/2015,ProShares UltraShort Euro,EUO,24.3871,24.1469,0.99474,0.2402,23300.01,568219771.4194
08/27/2015,ProShares UltraShort Euro,EUO,24.1469,23.7601,1.62794,0.3868,23300.01,562623108.0566
08/26/2015,ProShares UltraShort Euro,EUO,23.7601,23.1346,2.70374,0.6255,23300.01,553610662.6414
08/25/2015,ProShares UltraShort Euro,EUO,23.1346,22.7088,1.87504,0.4258,23300.01,539036503.8844
08/24/2015,ProShares UltraShort Euro,EUO,22.7088,23.6824,-4.11107,-0.9736,23300.01,529115357.9232
08/21/2015,ProShares UltraShort Euro,EUO,23.6824,24.3353,-2.68293,-0.6529,23700.01,561273211.5536
08/20/2015,ProShares UltraShort Euro,EUO,24.3353,24.735,-1.61593,-0.3997,23700.01,576746950.6942
08/19/2015,ProShares UltraShort Euro,EUO,24.735,25.1689,-1.72395,-0.4339,23700.01,586219846.29
08/18/2015,ProShares UltraShort Euro,EUO,25.1689,24.944,0.90162,0.2249,23700.01,596503282.3646
08/17/2015,ProShares UltraShort Euro,EUO,24.944,24.8248,0.48016,0.1192,23700.01,591173149.216
08/14/2015,ProShares UltraShort Euro,EUO,24.8248,24.6305,0.78886,0.1943,23700.01,588348107.5472
08/13/2015,ProShares UltraShort Euro,EUO,24.6305,24.5374,0.37942,0.0931,23700.01,583743194.827
08/12/2015,ProShares UltraShort Euro,EUO,24.5374,25.13,-2.35814,-0.5926,23700.01,581536723.5236
08/11/2015,ProShares UltraShort Euro,EUO,25.13,25.2495,-0.47328,-0.1195,23700.01,595581351.82
08/10/2015,ProShares UltraShort Euro,EUO,25.2495,25.5251,-1.07972,-0.2756,23700.01,598413503.493
08/07/2015,ProShares UltraShort Euro,EUO,25.5251,25.6613,-0.53076,-0.1362,23700.01,604945227.3514
08/06/2015,ProShares UltraShort Euro,EUO,25.6613,25.7876,-0.48977,-0.1263,23950.01,614588494.2582
08/05/2015,ProShares UltraShort Euro,EUO,25.7876,25.8589,-0.27573,-0.0713,23950.01,617613381.0264
08/04/2015,ProShares UltraShort Euro,EUO,25.8589,25.551,1.20504,0.3079,23950.01,619321017.0246
08/03/2015,ProShares UltraShort Euro,EUO,25.551,25.423,0.50348,0.128,23950.01,611946807.714
07/31/2015,ProShares UltraShort Euro,EUO,25.423,25.6534,-0.89813,-0.2304,23950.01,608881205.922
07/30/2015,ProShares UltraShort Euro,EUO,25.6534,25.4302,0.87770,0.2232,23950.01,614399289.1476
07/29/2015,ProShares UltraShort Euro,EUO,25.4302,25.0763,1.41129,0.3539,23950.01,609053646.0228
07/28/2015,ProShares UltraShort Euro,EUO,25.0763,24.9192,0.63044,0.1571,23950.01,600577736.0682
07/27/2015,ProShares UltraShort Euro,EUO,24.9192,25.4632,-2.13642,-0.544,23950.01,596815188.8688
07/24/2015,ProShares UltraShort Euro,EUO,25.4632,25.3851,0.30766,0.0781,23950.01,609843996.4848
07/23/2015,ProShares UltraShort Euro,EUO,25.3851,25.7521,-1.42513,-0.367,23950.01,607973500.3914
07/22/2015,ProShares UltraShort Euro,EUO,25.7521,25.6683,0.32647,0.0838,24150.01,621913575.5294
07/21/2015,ProShares UltraShort Euro,EUO,25.6683,26.151,-1.84582,-0.4827,24150.01,619889804.3562
07/20/2015,ProShares UltraShort Euro,EUO,26.151,26.109,0.16086,0.042,24150.01,631547016.114
07/17/2015,ProShares UltraShort Euro,EUO,26.109,25.9517,0.60613,0.1573,24150.01,630532715.526
07/16/2015,ProShares UltraShort Euro,EUO,25.9517,25.5952,1.39284,0.3565,24150.01,626733918.3238
07/15/2015,ProShares UltraShort Euro,EUO,25.5952,25.3558,0.94416,0.2394,24150.01,618124438.3328
07/14/2015,ProShares UltraShort Euro,EUO,25.3558,25.3885,-0.12880,-0.0327,24150.01,612342924.9812
07/13/2015,ProShares UltraShort Euro,EUO,25.3885,24.7366,2.63537,0.6519,24150.01,613132630.439
07/10/2015,ProShares UltraShort Euro,EUO,24.7366,25.2905,-2.19015,-0.5539,24150.01,597389236.3124
07/09/2015,ProShares UltraShort Euro,EUO,25.2905,25.0845,0.82122,0.206,24150.01,610765929.067
07/08/2015,ProShares UltraShort Euro,EUO,25.0845,25.323,-0.94183,-0.2385,24150.01,605791026.183
07/07/2015,ProShares UltraShort Euro,EUO,25.323,25.1636,0.63345,0.1594,24150.01,611550804.522
07/06/2015,ProShares UltraShort Euro,EUO,25.1636,25.021,0.56992,0.1426,24150.01,607701292.2904
07/02/2015,ProShares UltraShort Euro,EUO,25.021,25.1654,-0.57380,-0.1444,24150.01,604257500.294
07/01/2015,ProShares UltraShort Euro,EUO,25.1654,24.7406,1.71702,0.4248,24150.01,607744762.3156
06/30/2015,ProShares UltraShort Euro,EUO,24.7406,24.3282,1.69515,0.4124,25450.01,629648616.3684
06/29/2015,ProShares UltraShort Euro,EUO,24.3282,24.6563,-1.33069,-0.3281,23250.01,565630990.5948
06/26/2015,ProShares UltraShort Euro,EUO,24.6563,24.5035,0.62358,0.1528,23550.01,580656210.1882
06/25/2015,ProShares UltraShort Euro,EUO,24.5035,24.5416,-0.15525,-0.0381,23550.01,577057768.049
06/24/2015,ProShares UltraShort Euro,EUO,24.5416,24.6801,-0.56118,-0.1385,23550.01,577955023.5824
06/23/2015,ProShares UltraShort Euro,EUO,24.6801,23.9572,3.01746,0.7229,23550.01,581216700.5214
06/22/2015,ProShares UltraShort Euro,EUO,23.9572,23.9164,0.17059,0.0408,23550.01,564192395.4008
06/19/2015,ProShares UltraShort Euro,EUO,23.9164,23.7907,0.52836,0.1257,23550.01,563231554.8296
06/18/2015,ProShares UltraShort Euro,EUO,23.7907,23.9332,-0.59541,-0.1425,23550.01,560271318.0698
06/17/2015,ProShares UltraShort Euro,EUO,23.9332,24.3754,-1.81412,-0.4422,23350.01,558840555.0648
06/16/2015,ProShares UltraShort Euro,EUO,24.3754,24.1866,0.78060,0.1888,23350.01,569165931.2556
06/15/2015,ProShares UltraShort Euro,EUO,24.1866,24.3165,-0.53421,-0.1299,23350.01,564757448.6124
06/12/2015,ProShares UltraShort Euro,EUO,24.3165,24.2475,0.28457,0.069,23350.01,567790615.431
06/11/2015,ProShares UltraShort Euro,EUO,24.2475,23.9973,1.04262,0.2502,23350.01,566179464.465
06/10/2015,ProShares UltraShort Euro,EUO,23.9973,24.2288,-0.95547,-0.2315,23450.01,562737020.9622
06/09/2015,ProShares UltraShort Euro,EUO,24.2288,24.1782,0.20928,0.0506,23450.01,568165699.2032
06/08/2015,ProShares UltraShort Euro,EUO,24.1782,24.9696,-3.16945,-0.7914,23450.01,566979128.4948
06/05/2015,ProShares UltraShort Euro,EUO,24.9696,24.4135,2.27784,0.5561,23450.01,585537469.5744
06/04/2015,ProShares UltraShort Euro,EUO,24.4135,24.2676,0.60121,0.1459,23450.01,572496916.789
06/03/2015,ProShares UltraShort Euro,EUO,24.2676,24.8429,-2.31575,-0.5753,23450.01,569075559.7464
06/02/2015,ProShares UltraShort Euro,EUO,24.8429,25.9035,-4.09443,-1.0606,23750.01,590019222.8006
06/01/2015,ProShares UltraShort Euro,EUO,25.9035,25.6163,1.12116,0.2872,23750.01,615208487.649
05/29/2015,ProShares UltraShort Euro,EUO,25.6163,25.8055,-0.73318,-0.1892,23950.01,613510743.6282
05/28/2015,ProShares UltraShort Euro,EUO,25.8055,26.0046,-0.76563,-0.1991,22700.01,585785211.277
05/27/2015,ProShares UltraShort Euro,EUO,26.0046,26.1345,-0.49704,-0.1299,22700.01,590304784.0644
05/26/2015,ProShares UltraShort Euro,EUO,26.1345,25.5099,2.44846,0.6246,22700.01,593253515.883
05/22/2015,ProShares UltraShort Euro,EUO,25.5099,25.0339,1.90142,0.476,22700.01,579075087.1386
05/21/2015,ProShares UltraShort Euro,EUO,25.0339,25.0684,-0.13762,-0.0345,22700.01,568269880.4746
05/20/2015,ProShares UltraShort Euro,EUO,25.0684,24.886,0.73294,0.1824,22700.01,569053030.9576
05/19/2015,ProShares UltraShort Euro,EUO,24.886,24.198,2.84321,0.688,22100.01,549980948.404
05/18/2015,ProShares UltraShort Euro,EUO,24.198,23.6263,2.41976,0.5717,22100.01,534776138.772
05/15/2015,ProShares UltraShort Euro,EUO,23.6263,23.7932,-0.70146,-0.1669,22100.01,522141560.7682
05/14/2015,ProShares UltraShort Euro,EUO,23.7932,24.0685,-1.14382,-0.2753,22100.01,525830053.1048
05/13/2015,ProShares UltraShort Euro,EUO,24.0685,24.6307,-2.28252,-0.5622,21600.01,519879936.959
05/12/2015,ProShares UltraShort Euro,EUO,24.6307,24.9117,-1.12798,-0.281,21600.01,532023464.8298
05/11/2015,ProShares UltraShort Euro,EUO,24.9117,24.6664,0.99447,0.2453,21600.01,538093068.7638
05/08/2015,ProShares UltraShort Euro,EUO,24.6664,24.4021,1.08310,0.2643,21600.01,532794585.3296
05/07/2015,ProShares UltraShort Euro,EUO,24.4021,24.0713,1.37425,0.3308,21600.01,527085701.6294
05/06/2015,ProShares UltraShort Euro,EUO,24.0713,24.7661,-2.80545,-0.6948,21600.01,519940416.9982
05/05/2015,ProShares UltraShort Euro,EUO,24.7661,24.9364,-0.68294,-0.1703,21600.01,534948106.7254
05/04/2015,ProShares UltraShort Euro,EUO,24.9364,24.6908,0.99470,0.2456,21800.01,543613869.1096
05/01/2015,ProShares UltraShort Euro,EUO,24.6908,24.6037,0.35401,0.0871,21950.01,541963405.6712
04/30/2015,ProShares UltraShort Euro,EUO,24.6037,25.1331,-2.10639,-0.5294,22050.01,542511929.4518
04/29/2015,ProShares UltraShort Euro,EUO,25.1331,25.7812,-2.51385,-0.6481,21550.01,541618656.8634
04/28/2015,ProShares UltraShort Euro,EUO,25.7812,26.1858,-1.54511,-0.4046,21800.01,562030520.9368
04/27/2015,ProShares UltraShort Euro,EUO,26.1858,26.2937,-0.41036,-0.1079,21800.01,570850806.6012
04/24/2015,ProShares UltraShort Euro,EUO,26.2937,26.5048,-0.79646,-0.2111,21800.01,573203028.1118
04/23/2015,ProShares UltraShort Euro,EUO,26.5048,26.9967,-1.82207,-0.4919,21800.01,577805011.0672
04/22/2015,ProShares UltraShort Euro,EUO,26.9967,26.9515,0.16771,0.0452,21800.01,588528437.9538
04/21/2015,ProShares UltraShort Euro,EUO,26.9515,26.9416,0.03675,0.0099,21800.01,587543077.321
04/20/2015,ProShares UltraShort Euro,EUO,26.9416,26.5505,1.47304,0.3911,21950.01,591368497.1824
04/17/2015,ProShares UltraShort Euro,EUO,26.5505,26.7891,-0.89066,-0.2386,21950.01,582783846.707
04/16/2015,ProShares UltraShort Euro,EUO,26.7891,27.2209,-1.58628,-0.4318,21950.01,588021120.0474
04/15/2015,ProShares UltraShort Euro,EUO,27.2209,27.4111,-0.69388,-0.1902,21950.01,597499136.0926
04/14/2015,ProShares UltraShort Euro,EUO,27.4111,27.7685,-1.28707,-0.3574,21950.01,601674028.7554
04/13/2015,ProShares UltraShort Euro,EUO,27.7685,27.6253,0.51837,0.1432,22100.01,613684238.759
04/10/2015,ProShares UltraShort Euro,EUO,27.6253,27.3895,0.86091,0.2358,22100.01,610519516.7542
04/09/2015,ProShares UltraShort Euro,EUO,27.3895,26.7587,2.35736,0.6308,21100.01,577918833.453
04/08/2015,ProShares UltraShort Euro,EUO,26.7587,26.5924,0.62537,0.1663,21100.01,564608944.6218
04/07/2015,ProShares UltraShort Euro,EUO,26.5924,25.9935,2.30404,0.5989,21600.01,574396212.2936
04/06/2015,ProShares UltraShort Euro,EUO,25.9935,26.2964,-1.15187,-0.3029,21900.01,569258013.909
04/02/2015,ProShares UltraShort Euro,EUO,26.2964,26.8964,-2.23078,-0.6,22150.01,582465628.1496
04/01/2015,ProShares UltraShort Euro,EUO,26.8964,26.9488,-0.19444,-0.0524,22150.01,595755636.5496
03/31/2015,ProShares UltraShort Euro,EUO,26.9488,26.634,1.18195,0.3148,23000.01,619822777.2832
03/30/2015,ProShares UltraShort Euro,EUO,26.634,26.2263,1.55455,0.4077,21250.01,565972872.876
03/27/2015,ProShares UltraShort Euro,EUO,26.2263,26.2846,-0.22180,-0.0583,21250.01,557309242.1682
03/26/2015,ProShares UltraShort Euro,EUO,26.2846,25.8908,1.52100,0.3938,21250.01,558548117.9844
03/25/2015,ProShares UltraShort Euro,EUO,25.8908,26.1004,-0.80305,-0.2096,21000.01,543707162.4712
03/24/2015,ProShares UltraShort Euro,EUO,26.1004,25.917,0.70764,0.1834,21000.01,548108765.4056
03/23/2015,ProShares UltraShort Euro,EUO,25.917,26.6799,-2.85946,-0.7629,21000.01,544257362.838
03/20/2015,ProShares UltraShort Euro,EUO,26.6799,27.5398,-3.12239,-0.8599,21000.01,560278273.5186
03/19/2015,ProShares UltraShort Euro,EUO,27.5398,26.5899,3.57241,0.9499,21000.01,578336185.5572
03/18/2015,ProShares UltraShort Euro,EUO,26.5899,27.8901,-4.66187,-1.3002,21850.01,580989687.2586
03/17/2015,ProShares UltraShort Euro,EUO,27.8901,27.9709,-0.28887,-0.0808,21850.01,609399075.4614
03/16/2015,ProShares UltraShort Euro,EUO,27.9709,28.5006,-1.85856,-0.5297,21850.01,611164556.5926
03/13/2015,ProShares UltraShort Euro,EUO,28.5006,27.7691,2.63422,0.7315,20200.01,575712519.0084
03/12/2015,ProShares UltraShort Euro,EUO,27.7691,28.1855,-1.47736,-0.4164,20200.01,560936208.7674
03/11/2015,ProShares UltraShort Euro,EUO,28.1855,27.3664,2.99309,0.8191,19900.01,560891844.597
03/10/2015,ProShares UltraShort Euro,EUO,27.3664,26.6011,2.87695,0.7653,19000.01,519961983.1296
03/09/2015,ProShares UltraShort Euro,EUO,26.6011,26.6317,-0.11490,-0.0306,19000.01,505421272.4154
03/06/2015,ProShares UltraShort Euro,EUO,26.6317,25.7997,3.22484,0.832,19000.01,506002672.8438
03/05/2015,ProShares UltraShort Euro,EUO,25.7997,25.5869,0.83168,0.2128,19000.01,490194661.1958
03/04/2015,ProShares UltraShort Euro,EUO,25.5869,25.1378,1.78655,0.4491,19000.01,486151458.2166
03/03/2015,ProShares UltraShort Euro,EUO,25.1378,25.1071,0.12228,0.0307,19000.01,477618551.9292
03/02/2015,ProShares UltraShort Euro,EUO,25.1071,25.0681,0.15558,0.039,19000.01,477035251.4994
02/27/2015,ProShares UltraShort Euro,EUO,25.0681,25.0373,0.12302,0.0308,19900.01,498855540.9534
02/26/2015,ProShares UltraShort Euro,EUO,25.0373,24.3257,2.92530,0.7116,19900.01,498242620.5222
02/25/2015,ProShares UltraShort Euro,EUO,24.3257,24.4163,-0.37106,-0.0906,19900.01,484081770.5598
02/24/2015,ProShares UltraShort Euro,EUO,24.4163,24.4637,-0.19376,-0.0474,19900.01,485884711.8282
02/23/2015,ProShares UltraShort Euro,EUO,24.4637,24.2728,0.78648,0.1909,19900.01,486827972.4918
02/20/2015,ProShares UltraShort Euro,EUO,24.2728,24.3467,-0.30353,-0.0739,19900.01,483029059.8192
02/19/2015,ProShares UltraShort Euro,EUO,24.3467,24.1764,0.70441,0.1703,20400.01,496673020.8538
02/18/2015,ProShares UltraShort Euro,EUO,24.1764,24.1007,0.31410,0.0757,20400.01,493198898.4696
02/17/2015,ProShares UltraShort Euro,EUO,24.1007,24.1829,-0.33991,-0.0822,20400.01,491654617.4098
02/13/2015,ProShares UltraShort Euro,EUO,24.1829,24.1327,0.20802,0.0502,20400.01,493331498.5606
02/12/2015,ProShares UltraShort Euro,EUO,24.1327,24.6448,-2.07792,-0.5121,21000.01,506787037.8578
02/11/2015,ProShares UltraShort Euro,EUO,24.6448,24.5453,0.40537,0.0995,21000.01,517541145.0272
02/10/2015,ProShares UltraShort Euro,EUO,24.5453,24.5106,0.14157,0.0347,21000.01,515451643.6342
02/09/2015,ProShares UltraShort Euro,EUO,24.5106,24.5302,-0.07990,-0.0196,21000.01,514722943.1484
02/06/2015,ProShares UltraShort Euro,EUO,24.5302,23.8422,2.88564,0.688,21000.01,515134543.4228
02/05/2015,ProShares UltraShort Euro,EUO,23.8422,24.2514,-1.68733,-0.4092,21000.01,500686533.7908
02/04/2015,ProShares UltraShort Euro,EUO,24.2514,23.8703,1.59654,0.3811,21500.01,521405439.5196
02/03/2015,ProShares UltraShort Euro,EUO,23.8703,24.5099,-2.60956,-0.6396,21650.01,516792329.1842
02/02/2015,ProShares UltraShort Euro,EUO,24.5099,24.6641,-0.62520,-0.1542,23200.01,568630023.1386
01/30/2015,ProShares UltraShort Euro,EUO,24.6641,24.5558,0.44104,0.1083,23200.01,572207465.2974
01/29/2015,ProShares UltraShort Euro,EUO,24.5558,24.7082,-0.61680,-0.1524,23200.01,569694903.7812
01/28/2015,ProShares UltraShort Euro,EUO,24.7082,24.3232,1.58285,0.385,23200.01,573230585.9148
01/27/2015,ProShares UltraShort Euro,EUO,24.3232,24.8391,-2.07697,-0.5159,23300.01,566730900.5248
01/26/2015,ProShares UltraShort Euro,EUO,24.8391,25.0862,-0.98500,-0.2471,23300.01,578751377.7474
01/23/2015,ProShares UltraShort Euro,EUO,25.0862,24.4288,2.69109,0.6574,23400.01,587017431.2068
01/22/2015,ProShares UltraShort Euro,EUO,24.4288,23.507,3.92139,0.9218,23500.01,574077142.0032
01/21/2015,ProShares UltraShort Euro,EUO,23.507,23.6586,-0.64078,-0.1516,23500.01,552414829.098
01/20/2015,ProShares UltraShort Euro,EUO,23.6586,23.5857,0.30909,0.0729,24400.01,577270171.2204
01/16/2015,ProShares UltraShort Euro,EUO,23.5857,23.3904,0.83496,0.1953,24600.01,580208550.1998
01/15/2015,ProShares UltraShort Euro,EUO,23.3904,22.7266,2.92081,0.6638,24600.01,575404167.4656
01/14/2015,ProShares UltraShort Euro,EUO,22.7266,22.7965,-0.30663,-0.0699,24600.01,559074678.1724
01/13/2015,ProShares UltraShort Euro,EUO,22.7965,22.5495,1.09537,0.247,24600.01,560794219.151
01/12/2015,ProShares UltraShort Euro,EUO,22.5495,22.5283,0.09410,0.0212,24600.01,554718015.693
01/09/2015,ProShares UltraShort Euro,EUO,22.5283,22.7409,-0.93488,-0.2126,23950.01,539553100.3962
01/08/2015,ProShares UltraShort Euro,EUO,22.7409,22.5716,0.75006,0.1693,23950.01,544644873.3726
01/07/2015,ProShares UltraShort Euro,EUO,22.5716,22.3243,1.10776,0.2473,23950.01,540590136.0024
01/06/2015,ProShares UltraShort Euro,EUO,22.3243,22.1836,0.63425,0.1407,23950.01,534667297.5402
01/05/2015,ProShares UltraShort Euro,EUO,22.1836,21.9397,1.11168,0.2439,23950.01,531297530.5704
01/02/2015,ProShares UltraShort Euro,EUO,21.9397,21.5943,1.59950,0.3454,23950.01,525456122.1558
12/31/2014,ProShares UltraShort Euro,EUO,21.5943,21.3999,0.90842,0.1944,23950.01,517183787.3202
12/30/2014,ProShares UltraShort Euro,EUO,21.3999,21.4063,-0.02990,-0.0064,23350.01,499687964.5986
12/29/2014,ProShares UltraShort Euro,EUO,21.4063,21.32,0.40478,0.0863,23350.01,499837404.6882
12/26/2014,ProShares UltraShort Euro,EUO,21.32,21.2827,0.17526,0.0373,23350.01,497822298.48
12/24/2014,ProShares UltraShort Euro,EUO,21.2827,21.3463,-0.29794,-0.0636,23350.01,496951342.9578
12/23/2014,ProShares UltraShort Euro,EUO,21.3463,21.1575,0.89235,0.1888,23350.01,498436403.8482
12/22/2014,ProShares UltraShort Euro,EUO,21.1575,21.1554,0.00993,0.0021,23350.01,494027921.205
12/19/2014,ProShares UltraShort Euro,EUO,21.1554,20.9543,0.95971,0.2011,23000.01,486574496.1756
12/18/2014,ProShares UltraShort Euro,EUO,20.9543,20.7667,0.90337,0.1876,23000.01,481949193.3602
12/17/2014,ProShares UltraShort Euro,EUO,20.7667,20.2089,2.76017,0.5578,23000.01,477634390.7338
12/16/2014,ProShares UltraShort Euro,EUO,20.2089,20.4729,-1.28951,-0.264,23000.01,464804982.9246
12/15/2014,ProShares UltraShort Euro,EUO,20.4729,20.4095,0.31064,0.0634,23000.01,470876986.6206
12/12/2014,ProShares UltraShort Euro,EUO,20.4095,20.6305,-1.07123,-0.221,22550.01,460234510.733
12/11/2014,ProShares UltraShort Euro,EUO,20.6305,20.4472,0.89646,0.1833,22550.01,465218063.827
12/10/2014,ProShares UltraShort Euro,EUO,20.4472,20.6906,-1.17638,-0.2434,22550.01,461084646.2608
12/09/2014,ProShares UltraShort Euro,EUO,20.6906,20.897,-0.98770,-0.2064,22550.01,466573319.6684
12/08/2014,ProShares UltraShort Euro,EUO,20.897,20.9744,-0.36902,-0.0774,22550.01,471227642.558
12/05/2014,ProShares UltraShort Euro,EUO,20.9744,20.6609,1.51736,0.3135,22550.01,472973013.6416
12/04/2014,ProShares UltraShort Euro,EUO,20.6609,20.9113,-1.19744,-0.2504,22550.01,465903584.2526
12/03/2014,ProShares UltraShort Euro,EUO,20.9113,20.6747,1.14439,0.2366,22550.01,471550107.7582
12/02/2014,ProShares UltraShort Euro,EUO,20.6747,20.3809,1.44155,0.2938,22550.01,466214774.4458
12/01/2014,ProShares UltraShort Euro,EUO,20.3809,20.5011,-0.58631,-0.1202,22550.01,459589580.3326
11/28/2014,ProShares UltraShort Euro,EUO,20.5011,20.2618,1.18104,0.2393,22550.01,462300092.0154
11/26/2014,ProShares UltraShort Euro,EUO,20.2618,20.3669,-0.51603,-0.1051,22550.01,456903873.6652
11/25/2014,ProShares UltraShort Euro,EUO,20.3669,20.4816,-0.56001,-0.1147,22550.01,459273880.1366
11/24/2014,ProShares UltraShort Euro,EUO,20.4816,20.6499,-0.81502,-0.1683,22550.01,461860366.7424
11/21/2014,ProShares UltraShort Euro,EUO,20.6499,20.1606,2.42701,0.4893,22550.01,465655534.0986
11/20/2014,ProShares UltraShort Euro,EUO,20.1606,20.1633,-0.01339,-0.0027,22550.01,454621812.2484
11/19/2014,ProShares UltraShort Euro,EUO,20.1633,20.1898,-0.13125,-0.0265,22550.01,454682697.2862
11/18/2014,ProShares UltraShort Euro,EUO,20.1898,20.4697,-1.36739,-0.2799,22550.01,455280272.6572
11/17/2014,ProShares UltraShort Euro,EUO,20.4697,20.2256,1.20689,0.2441,22550.01,461592021.5758
11/14/2014,ProShares UltraShort Euro,EUO,20.2256,20.3827,-0.77075,-0.1571,22550.01,456087563.1584
11/13/2014,ProShares UltraShort Euro,EUO,20.3827,20.5245,-0.69088,-0.1418,22550.01,459630170.3578
11/12/2014,ProShares UltraShort Euro,EUO,20.5245,20.3912,0.65371,0.1333,22550.01,462827762.343
11/11/2014,ProShares UltraShort Euro,EUO,20.3912,20.5732,-0.88465,-0.182,22550.01,459821845.4768
11/10/2014,ProShares UltraShort Euro,EUO,20.5732,20.4661,0.52330,0.1071,22000.01,452610688.0248
11/07/2014,ProShares UltraShort Euro,EUO,20.4661,20.7272,-1.25970,-0.2611,22000.01,450254486.5254
11/06/2014,ProShares UltraShort Euro,EUO,20.7272,20.3806,1.70064,0.3466,22000.01,455998690.1808
11/05/2014,ProShares UltraShort Euro,EUO,20.3806,20.1816,0.98605,0.199,22000.01,448373485.3284
11/04/2014,ProShares UltraShort Euro,EUO,20.1816,20.3544,-0.84896,-0.1728,22000.01,443995482.5424
11/03/2014,ProShares UltraShort Euro,EUO,20.3544,20.2331,0.59951,0.1213,22000.01,447797084.9616
10/31/2014,ProShares UltraShort Euro,EUO,20.2331,19.9987,1.17208,0.2344,22000.01,445128483.2634
10/30/2014,ProShares UltraShort Euro,EUO,19.9987,19.889,0.55156,0.1097,22000.01,439971679.9818
10/29/2014,ProShares UltraShort Euro,EUO,19.889,19.5817,1.56932,0.3073,22000.01,437558278.446
10/28/2014,ProShares UltraShort Euro,EUO,19.5817,19.6877,-0.53841,-0.106,22000.01,430797674.1438
10/27/2014,ProShares UltraShort Euro,EUO,19.6877,19.8045,-0.58976,-0.1168,22000.01,433129675.6278
10/24/2014,ProShares UltraShort Euro,EUO,19.8045,19.858,-0.26941,-0.0535,22000.01,435699277.263
10/23/2014,ProShares UltraShort Euro,EUO,19.858,19.8765,-0.09307,-0.0185,22000.01,436876278.012
10/22/2014,ProShares UltraShort Euro,EUO,19.8765,19.6609,1.09659,0.2156,22000.01,437283278.271
10/21/2014,ProShares UltraShort Euro,EUO,19.6609,19.3883,1.40600,0.2726,22000.01,432540075.2526
10/20/2014,ProShares UltraShort Euro,EUO,19.3883,19.5272,-0.71132,-0.1389,22000.01,426542871.4362
10/17/2014,ProShares UltraShort Euro,EUO,19.5272,19.3942,0.68577,0.133,22000.01,429598673.3808
10/16/2014,ProShares UltraShort Euro,EUO,19.3942,19.3884,0.02991,0.0058,22000.01,426672671.5188
10/15/2014,ProShares UltraShort Euro,EUO,19.3884,19.8631,-2.38986,-0.4747,22000.01,426545071.4376
10/14/2014,ProShares UltraShort Euro,EUO,19.8631,19.7546,0.54924,0.1085,22800.01,452878958.0834
10/13/2014,ProShares UltraShort Euro,EUO,19.7546,20.0002,-1.22799,-0.2456,22800.01,450405156.5644
10/10/2014,ProShares UltraShort Euro,EUO,20.0002,19.7736,1.14597,0.2266,22800.01,456004840.0028
10/09/2014,ProShares UltraShort Euro,EUO,19.7736,19.6041,0.86462,0.1695,22800.01,450838356.8304
10/08/2014,ProShares UltraShort Euro,EUO,19.6041,19.8514,-1.24576,-0.2473,23650.01,463637239.4574
10/07/2014,ProShares UltraShort Euro,EUO,19.8514,19.9083,-0.28581,-0.0569,23650.01,469485887.9196
10/06/2014,ProShares UltraShort Euro,EUO,19.9083,20.3427,-2.13541,-0.4344,23650.01,470831573.7162
10/03/2014,ProShares UltraShort Euro,EUO,20.3427,19.8665,2.39700,0.4762,23650.01,481105139.7978
10/02/2014,ProShares UltraShort Euro,EUO,19.8665,20.0157,-0.74541,-0.1492,23650.01,469843003.131
10/01/2014,ProShares UltraShort Euro,EUO,20.0157,19.9749,0.20426,0.0408,23650.01,473371585.2198
09/30/2014,ProShares UltraShort Euro,EUO,19.9749,19.7876,0.94655,0.1873,23650.01,472406664.6486
09/29/2014,ProShares UltraShort Euro,EUO,19.7876,19.8115,-0.12064,-0.0239,23950.01,473913297.0264
09/26/2014,ProShares UltraShort Euro,EUO,19.8115,19.618,0.98634,0.1935,23950.01,474485702.361
09/25/2014,ProShares UltraShort Euro,EUO,19.618,19.5048,0.58037,0.1132,23950.01,469851374.652
09/24/2014,ProShares UltraShort Euro,EUO,19.5048,19.2838,1.14604,0.221,23950.01,467140233.0672
09/23/2014,ProShares UltraShort Euro,EUO,19.2838,19.3076,-0.12327,-0.0238,23950.01,461847279.9732
09/22/2014,ProShares UltraShort Euro,EUO,19.3076,19.345,-0.19333,-0.0374,25150.01,485586410.3064
09/19/2014,ProShares UltraShort Euro,EUO,19.345,19.109,1.23502,0.236,25150.01,486527020.83
09/18/2014,ProShares UltraShort Euro,EUO,19.109,19.2341,-0.65041,-0.1251,25150.01,480591617.526
09/17/2014,ProShares UltraShort Euro,EUO,19.2341,18.9883,1.29448,0.2458,25150.01,483737884.2774
09/16/2014,ProShares UltraShort Euro,EUO,18.9883,19.0474,-0.31028,-0.0591,25150.01,477556010.8362
09/15/2014,ProShares UltraShort Euro,EUO,19.0474,19.0224,0.13142,0.025,25150.01,479042376.6636
09/12/2014,ProShares UltraShort Euro,EUO,19.0224,19.114,-0.47923,-0.0916,25150.01,478413626.3136
09/11/2014,ProShares UltraShort Euro,EUO,19.114,19.12,-0.03138,-0.006,25150.01,480717367.596
09/10/2014,ProShares UltraShort Euro,EUO,19.12,19.0203,0.52418,0.0997,25150.01,480868267.68
09/09/2014,ProShares UltraShort Euro,EUO,19.0203,19.1682,-0.77159,-0.1479,25150.01,478360811.2842
09/08/2014,ProShares UltraShort Euro,EUO,19.1682,19.0166,0.79720,0.1516,25150.01,482080498.3548
09/05/2014,ProShares UltraShort Euro,EUO,19.0166,19.0255,-0.04678,-0.0089,25150.01,478267756.2324
09/04/2014,ProShares UltraShort Euro,EUO,19.0255,18.4697,3.00925,0.5558,25150.01,478491591.357
09/03/2014,ProShares UltraShort Euro,EUO,18.4697,18.5206,-0.27483,-0.0509,25750.01,475595033.5758
09/02/2014,ProShares UltraShort Euro,EUO,18.5206,18.494,0.14383,0.0266,25750.01,476905709.2884
08/29/2014,ProShares UltraShort Euro,EUO,18.494,18.3691,0.67995,0.1249,25750.01,476220758.916
08/28/2014,ProShares UltraShort Euro,EUO,18.3691,18.3387,0.16577,0.0304,26100.01,479433767.1674
08/27/2014,ProShares UltraShort Euro,EUO,18.3387,18.406,-0.36564,-0.0673,26100.01,478640326.7418
08/26/2014,ProShares UltraShort Euro,EUO,18.406,18.3425,0.34619,0.0635,26100.01,480396857.684
08/25/2014,ProShares UltraShort Euro,EUO,18.3425,18.2091,0.73260,0.1334,26100.01,478739506.795
08/22/2014,ProShares UltraShort Euro,EUO,18.2091,18.1058,0.57054,0.1033,26100.01,475257764.9274
08/21/2014,ProShares UltraShort Euro,EUO,18.1058,18.1603,-0.30011,-0.0545,26100.01,472561633.4812
08/20/2014,ProShares UltraShort Euro,EUO,18.1603,17.9985,0.89896,0.1618,26100.01,473984084.2442
08/19/2014,ProShares UltraShort Euro,EUO,17.9985,17.8865,0.62617,0.112,26100.01,469761101.979
08/18/2014,ProShares UltraShort Euro,EUO,17.8865,17.795,0.51419,0.0915,25800.01,461471950.411
08/15/2014,ProShares UltraShort Euro,EUO,17.795,17.8729,-0.43586,-0.0779,25800.01,459111249.13
08/14/2014,ProShares UltraShort Euro,EUO,17.8729,17.8893,-0.09167,-0.0164,25800.01,461121070.2206
08/13/2014,ProShares UltraShort Euro,EUO,17.8893,17.8787,0.05929,0.0106,25800.01,461544190.4502
08/12/2014,ProShares UltraShort Euro,EUO,17.8787,17.8313,0.26582,0.0474,25800.01,461270710.3018
08/11/2014,ProShares UltraShort Euro,EUO,17.8313,17.761,0.39581,0.0703,25800.01,460047789.6382
08/08/2014,ProShares UltraShort Euro,EUO,17.761,17.8871,-0.70498,-0.1261,25800.01,458234048.654
08/07/2014,ProShares UltraShort Euro,EUO,17.8871,17.8512,0.20111,0.0359,25800.01,461487430.4194
08/06/2014,ProShares UltraShort Euro,EUO,17.8512,17.8649,-0.07669,-0.0137,25800.01,460561209.9168
08/05/2014,ProShares UltraShort Euro,EUO,17.8649,17.741,0.69838,0.1239,25800.01,460914670.1086
08/04/2014,ProShares UltraShort Euro,EUO,17.741,17.7396,0.00789,0.0014,25800.01,457718048.374
08/01/2014,ProShares UltraShort Euro,EUO,17.7396,17.8249,-0.47854,-0.0853,25800.01,457681928.3544
07/31/2014,ProShares UltraShort Euro,EUO,17.8249,17.8194,0.03087,0.0055,25800.01,459882669.5486
07/30/2014,ProShares UltraShort Euro,EUO,17.8194,17.7726,0.26333,0.0468,25800.01,459740769.4716
07/29/2014,ProShares UltraShort Euro,EUO,17.7726,17.7151,0.32458,0.0575,25800.01,458533328.8164
07/28/2014,ProShares UltraShort Euro,EUO,17.7151,17.7189,-0.02145,-0.0038,25800.01,457049828.0114
07/25/2014,ProShares UltraShort Euro,EUO,17.7189,17.6333,0.48545,0.0856,25800.01,457147868.0646
07/24/2014,ProShares UltraShort Euro,EUO,17.6333,17.6386,-0.03005,-0.0053,25800.01,454939386.8662
07/23/2014,ProShares UltraShort Euro,EUO,17.6386,17.6229,0.08909,0.0157,25800.01,455076126.9404
07/22/2014,ProShares UltraShort Euro,EUO,17.6229,17.4832,0.79905,0.1397,25800.01,454671066.7206
07/21/2014,ProShares UltraShort Euro,EUO,17.4832,17.4766,0.03776,0.0066,25800.01,451066804.7648
07/18/2014,ProShares UltraShort Euro,EUO,17.4766,17.4739,0.01545,0.0027,25800.01,450896524.6724
07/17/2014,ProShares UltraShort Euro,EUO,17.4739,17.4793,-0.03089,-0.0054,25800.01,450826864.6346
07/16/2014,ProShares UltraShort Euro,EUO,17.4793,17.3696,0.63156,0.1097,25800.01,450966184.7102
07/15/2014,ProShares UltraShort Euro,EUO,17.3696,17.238,0.76343,0.1316,25800.01,448135923.1744
07/14/2014,ProShares UltraShort Euro,EUO,17.238,17.2669,-0.16737,-0.0289,25800.01,444740641.332
07/11/2014,ProShares UltraShort Euro,EUO,17.2669,17.2672,-0.00174,-0.0003,25800.01,445486261.7366
07/10/2014,ProShares UltraShort Euro,EUO,17.2672,17.1838,0.48534,0.0834,25800.01,445494001.7408
07/09/2014,ProShares UltraShort Euro,EUO,17.1838,17.2603,-0.44321,-0.0765,25800.01,443342280.5732
07/08/2014,ProShares UltraShort Euro,EUO,17.2603,17.2732,-0.07468,-0.0129,25800.01,445315981.6442
07/07/2014,ProShares UltraShort Euro,EUO,17.2732,17.2848,-0.06711,-0.0116,25800.01,445648801.8248
07/03/2014,ProShares UltraShort Euro,EUO,17.2848,17.1572,0.74371,0.1276,25800.01,445948081.9872
07/02/2014,ProShares UltraShort Euro,EUO,17.1572,17.0945,0.36678,0.0627,25800.01,442656000.2008
07/01/2014,ProShares UltraShort Euro,EUO,17.0945,17.0599,0.20281,0.0346,25800.01,441038339.323
06/30/2014,ProShares UltraShort Euro,EUO,17.0599,17.1745,-0.66727,-0.1146,25800.01,440145658.8386
06/27/2014,ProShares UltraShort Euro,EUO,17.1745,17.2719,-0.56392,-0.0974,25800.01,443102340.443
06/26/2014,ProShares UltraShort Euro,EUO,17.2719,17.2236,0.28043,0.0483,25800.01,445615261.8066
06/25/2014,ProShares UltraShort Euro,EUO,17.2236,17.2877,-0.37078,-0.0641,25800.01,444369121.1304
06/24/2014,ProShares UltraShort Euro,EUO,17.2877,17.2937,-0.03469,-0.006,25800.01,446022902.0278
06/23/2014,ProShares UltraShort Euro,EUO,17.2937,17.3076,-0.08031,-0.0139,25800.01,446177702.1118
06/20/2014,ProShares UltraShort Euro,EUO,17.3076,17.2918,0.09137,0.0158,25800.01,446536322.3064
06/19/2014,ProShares UltraShort Euro,EUO,17.2918,17.3372,-0.26186,-0.0454,25800.01,446128682.0852
06/18/2014,ProShares UltraShort Euro,EUO,17.3372,17.4489,-0.64015,-0.1117,25800.01,447300002.7208
06/17/2014,ProShares UltraShort Euro,EUO,17.4489,17.3769,0.41434,0.072,25800.01,450181864.2846
06/16/2014,ProShares UltraShort Euro,EUO,17.3769,17.4585,-0.46739,-0.0816,25800.01,448324263.2766
06/13/2014,ProShares UltraShort Euro,EUO,17.4585,17.3921,0.38178,0.0664,25800.01,450429544.419
06/12/2014,ProShares UltraShort Euro,EUO,17.3921,17.4896,-0.55747,-0.0975,25800.01,448716423.4894
06/11/2014,ProShares UltraShort Euro,EUO,17.4896,17.4449,0.25624,0.0447,25800.01,451231924.8544
06/10/2014,ProShares UltraShort Euro,EUO,17.4449,17.3336,0.64211,0.1113,25800.01,450078664.2286
06/09/2014,ProShares UltraShort Euro,EUO,17.3336,17.1983,0.78671,0.1353,25800.01,447207122.6704
06/06/2014,ProShares UltraShort Euro,EUO,17.1983,17.166,0.18816,0.0323,25650.01,441136635.7762
06/05/2014,ProShares UltraShort Euro,EUO,17.166,17.3179,-0.87713,-0.1519,25650.01,440308140.324
06/04/2014,ProShares UltraShort Euro,EUO,17.3179,17.2627,0.31976,0.0552,26150.01,452863327.4506
06/03/2014,ProShares UltraShort Euro,EUO,17.2627,17.322,-0.34234,-0.0593,26150.01,451419846.6778
06/02/2014,ProShares UltraShort Euro,EUO,17.322,17.2399,0.47622,0.0821,26150.01,452970542.508
05/30/2014,ProShares UltraShort Euro,EUO,17.2399,17.3117,-0.41475,-0.0718,26150.01,450823626.3586
05/29/2014,ProShares UltraShort Euro,EUO,17.3117,17.3361,-0.14075,-0.0244,26150.01,452701197.3638
05/28/2014,ProShares UltraShort Euro,EUO,17.3361,17.2328,0.59944,0.1033,26150.01,453339257.7054
05/27/2014,ProShares UltraShort Euro,EUO,17.2328,17.2484,-0.09044,-0.0156,26150.01,450637961.2592
05/23/2014,ProShares UltraShort Euro,EUO,17.2484,17.1836,0.37710,0.0648,25300.01,436384761.4776
05/22/2014,ProShares UltraShort Euro,EUO,17.1836,17.1097,0.43192,0.0739,25300.01,434745320.5704
05/21/2014,ProShares UltraShort Euro,EUO,17.1097,17.075,0.20322,0.0347,25300.01,432875649.5358
05/20/2014,ProShares UltraShort Euro,EUO,17.075,17.0527,0.13077,0.0223,24550.01,419191489.05
05/19/2014,ProShares UltraShort Euro,EUO,17.0527,17.0813,-0.16743,-0.0286,24550.01,418644023.7378
05/16/2014,ProShares UltraShort Euro,EUO,17.0813,17.0572,0.14129,0.0241,24550.01,419346154.1382
05/15/2014,ProShares UltraShort Euro,EUO,17.0572,17.0447,0.07334,0.0125,24550.01,418754498.8008
05/14/2014,ProShares UltraShort Euro,EUO,17.0447,17.0728,-0.16459,-0.0281,24550.01,418447623.6258
05/13/2014,ProShares UltraShort Euro,EUO,17.0728,16.9332,0.82442,0.1396,24550.01,419137479.0192
05/12/2014,ProShares UltraShort Euro,EUO,16.9332,16.9448,-0.06846,-0.0116,24250.01,410630337.0648
05/09/2014,ProShares UltraShort Euro,EUO,16.9448,16.7207,1.34025,0.2241,24250.01,410911637.2272
05/08/2014,ProShares UltraShort Euro,EUO,16.7207,16.5672,0.92653,0.1535,24250.01,405477209.0898
05/07/2014,ProShares UltraShort Euro,EUO,16.5672,16.5228,0.26872,0.0444,24250.01,401754831.9408
05/06/2014,ProShares UltraShort Euro,EUO,16.5228,16.66,-0.82353,-0.1372,24250.01,400678131.3192
05/05/2014,ProShares UltraShort Euro,EUO,16.66,16.6709,-0.06538,-0.0109,24250.01,404005233.24
05/02/2014,ProShares UltraShort Euro,EUO,16.6709,16.6882,-0.10367,-0.0173,24250.01,404269558.3926
05/01/2014,ProShares UltraShort Euro,EUO,16.6882,16.6669,0.12780,0.0213,24250.01,404689083.6348
04/30/2014,ProShares UltraShort Euro,EUO,16.6669,16.8209,-0.91553,-0.154,24250.01,404172558.3366
04/29/2014,ProShares UltraShort Euro,EUO,16.8209,16.7287,0.55115,0.0922,24250.01,407907060.4926
04/28/2014,ProShares UltraShort Euro,EUO,16.7287,16.7646,-0.21414,-0.0359,24250.01,405671209.2018
04/25/2014,ProShares UltraShort Euro,EUO,16.7646,16.7841,-0.11618,-0.0195,24250.01,406541784.7044
04/24/2014,ProShares UltraShort Euro,EUO,16.7841,16.8089,-0.14754,-0.0248,24250.01,407014659.9774
04/23/2014,ProShares UltraShort Euro,EUO,16.8089,16.8408,-0.18942,-0.0319,24250.01,407616060.3246
04/22/2014,ProShares UltraShort Euro,EUO,16.8408,16.8677,-0.15948,-0.0269,24250.01,408389635.7712
04/21/2014,ProShares UltraShort Euro,EUO,16.8677,16.8183,0.29373,0.0494,24250.01,409041961.1478
04/17/2014,ProShares UltraShort Euro,EUO,16.8183,16.8138,0.02676,0.0045,24250.01,407844010.4562
04/16/2014,ProShares UltraShort Euro,EUO,16.8138,16.8296,-0.09388,-0.0158,24250.01,407734885.3932
04/15/2014,ProShares UltraShort Euro,EUO,16.8296,16.8105,0.11362,0.0191,24250.01,408118035.6144
04/14/2014,ProShares UltraShort Euro,EUO,16.8105,16.6561,0.92699,0.1544,24250.01,407654860.347
04/11/2014,ProShares UltraShort Euro,EUO,16.6561,16.652,0.02462,0.0041,24250.01,403910658.1854
04/10/2014,ProShares UltraShort Euro,EUO,16.652,16.7225,-0.42159,-0.0705,24250.01,403811233.128
04/09/2014,ProShares UltraShort Euro,EUO,16.7225,16.867,-0.85670,-0.1445,24250.01,405520859.115
04/08/2014,ProShares UltraShort Euro,EUO,16.867,16.9965,-0.76192,-0.1295,24250.01,409024986.138
04/07/2014,ProShares UltraShort Euro,EUO,16.9965,17.103,-0.62270,-0.1065,24250.01,412165362.951
04/04/2014,ProShares UltraShort Euro,EUO,17.103,17.0732,0.17454,0.0298,24250.01,414747989.442
04/03/2014,ProShares UltraShort Euro,EUO,17.0732,16.9516,0.71734,0.1216,24250.01,414025339.0248
04/02/2014,ProShares UltraShort Euro,EUO,16.9516,16.8763,0.44619,0.0753,24250.01,411076537.3224
04/01/2014,ProShares UltraShort Euro,EUO,16.8763,16.9258,-0.29245,-0.0495,24250.01,409250511.2682
03/31/2014,ProShares UltraShort Euro,EUO,16.9258,16.979,-0.31333,-0.0532,24250.01,410450886.9612
03/28/2014,ProShares UltraShort Euro,EUO,16.979,17.0147,-0.20982,-0.0357,24250.01,411740987.706
03/27/2014,ProShares UltraShort Euro,EUO,17.0147,16.886,0.76217,0.1287,24250.01,412606713.2058
03/26/2014,ProShares UltraShort Euro,EUO,16.886,16.8106,0.44853,0.0754,24250.01,409485736.404
03/25/2014,ProShares UltraShort Euro,EUO,16.8106,16.7796,0.18475,0.031,24250.01,407657285.3484
03/24/2014,ProShares UltraShort Euro,EUO,16.7796,16.8811,-0.60126,-0.1015,24250.01,406905534.9144
03/21/2014,ProShares UltraShort Euro,EUO,16.8811,16.9328,-0.30532,-0.0517,24250.01,409366911.3354
03/20/2014,ProShares UltraShort Euro,EUO,16.9328,16.8003,0.78868,0.1325,24250.01,410620637.0592
03/19/2014,ProShares UltraShort Euro,EUO,16.8003,16.5602,1.44986,0.2401,24250.01,407407510.2042
03/18/2014,ProShares UltraShort Euro,EUO,16.5602,16.5844,-0.14592,-0.0242,24050.01,398273041.8428
03/17/2014,ProShares UltraShort Euro,EUO,16.5844,16.6214,-0.22260,-0.037,24050.01,398855052.1816
03/14/2014,ProShares UltraShort Euro,EUO,16.6214,16.7329,-0.66635,-0.1115,24050.01,399744902.6996
03/13/2014,ProShares UltraShort Euro,EUO,16.7329,16.6215,0.67022,0.1114,24050.01,402426479.2606
03/12/2014,ProShares UltraShort Euro,EUO,16.6215,16.7401,-0.70848,-0.1186,24050.01,399747307.701
03/11/2014,ProShares UltraShort Euro,EUO,16.7401,16.7116,0.17054,0.0285,24050.01,402599639.3614
03/10/2014,ProShares UltraShort Euro,EUO,16.7116,16.7108,0.00479,0.0008,24050.01,401914213.9624
03/07/2014,ProShares UltraShort Euro,EUO,16.7108,16.7472,-0.21735,-0.0364,24050.01,401894973.9512
03/06/2014,ProShares UltraShort Euro,EUO,16.7472,17.065,-1.86229,-0.3178,24050.01,402770394.4608
03/05/2014,ProShares UltraShort Euro,EUO,17.065,17.0456,0.11381,0.0194,24050.01,410413488.91
03/04/2014,ProShares UltraShort Euro,EUO,17.0456,17.0659,-0.11895,-0.0203,24050.01,409946918.6384
03/03/2014,ProShares UltraShort Euro,EUO,17.0659,16.889,1.04743,0.1769,24050.01,410435133.9226
02/28/2014,ProShares UltraShort Euro,EUO,16.889,17.1243,-1.37407,-0.2353,24050.01,406180686.446
02/27/2014,ProShares UltraShort Euro,EUO,17.1243,17.1829,-0.34104,-0.0586,24050.01,411839654.7402
02/26/2014,ProShares UltraShort Euro,EUO,17.1829,17.0517,0.76942,0.1312,24050.01,413248985.5606
02/25/2014,ProShares UltraShort Euro,EUO,17.0517,17.067,-0.08965,-0.0153,24050.01,410093623.7238
02/24/2014,ProShares UltraShort Euro,EUO,17.067,17.0559,0.06508,0.0111,24050.01,410461588.938
02/21/2014,ProShares UltraShort Euro,EUO,17.0559,17.1036,-0.27889,-0.0477,24050.01,410194633.7826
02/20/2014,ProShares UltraShort Euro,EUO,17.1036,17.0693,0.20095,0.0343,24050.01,411341819.4504
02/19/2014,ProShares UltraShort Euro,EUO,17.0693,17.0082,0.35924,0.0611,24050.01,410516903.9702
02/18/2014,ProShares UltraShort Euro,EUO,17.0082,17.1576,-0.87075,-0.1494,24050.01,409047448.1148
02/14/2014,ProShares UltraShort Euro,EUO,17.1576,17.2008,-0.25115,-0.0432,24050.01,412640520.2064
02/13/2014,ProShares UltraShort Euro,EUO,17.2008,17.43,-1.31497,-0.2292,24050.01,413679480.8112
02/12/2014,ProShares UltraShort Euro,EUO,17.43,17.3117,0.68335,0.1183,24050.01,419191744.02
02/11/2014,ProShares UltraShort Euro,EUO,17.3117,17.2966,0.08730,0.0151,24050.01,416346627.3638
02/10/2014,ProShares UltraShort Euro,EUO,17.2966,17.3155,-0.10915,-0.0189,24050.01,415983472.1524
02/07/2014,ProShares UltraShort Euro,EUO,17.3155,17.4363,-0.69281,-0.1208,24050.01,416438017.417
02/06/2014,ProShares UltraShort Euro,EUO,17.4363,17.5781,-0.80669,-0.1418,24050.01,419343259.1082
02/05/2014,ProShares UltraShort Euro,EUO,17.5781,17.6386,-0.34300,-0.0605,24050.01,422753551.0934
02/04/2014,ProShares UltraShort Euro,EUO,17.6386,17.6026,0.20452,0.036,24050.01,424208576.9404
02/03/2014,ProShares UltraShort Euro,EUO,17.6026,17.7143,-0.63056,-0.1117,24050.01,423342776.4364
01/31/2014,ProShares UltraShort Euro,EUO,17.7143,17.5568,0.89709,0.1575,24050.01,426029163.0002
01/30/2014,ProShares UltraShort Euro,EUO,17.5568,17.2841,1.57775,0.2727,24050.01,422241285.7952
01/29/2014,ProShares UltraShort Euro,EUO,17.2841,17.2493,0.20175,0.0348,24050.01,415682846.9774
01/28/2014,ProShares UltraShort Euro,EUO,17.2493,17.2423,0.04060,0.007,24050.01,414845906.4902
01/27/2014,ProShares UltraShort Euro,EUO,17.2423,17.2359,0.03713,0.0064,24050.01,414677556.3922
01/24/2014,ProShares UltraShort Euro,EUO,17.2359,17.1836,0.30436,0.0523,24050.01,414523636.3026
01/23/2014,ProShares UltraShort Euro,EUO,17.1836,17.5726,-2.21367,-0.389,24050.01,413265820.5704
01/22/2014,ProShares UltraShort Euro,EUO,17.5726,17.5396,0.18815,0.033,24050.01,422621276.0164
01/21/2014,ProShares UltraShort Euro,EUO,17.5396,17.6281,-0.50204,-0.0885,24050.01,421827625.5544
01/17/2014,ProShares UltraShort Euro,EUO,17.6281,17.3941,1.34528,0.234,24050.01,423956051.7934
01/16/2014,ProShares UltraShort Euro,EUO,17.3941,17.433,-0.22314,-0.0389,24050.01,418328348.5174
01/15/2014,ProShares UltraShort Euro,EUO,17.433,17.241,1.11362,0.192,24500.01,427108744.062
01/14/2014,ProShares UltraShort Euro,EUO,17.241,17.2534,-0.07187,-0.0124,24500.01,422404741.374
01/13/2014,ProShares UltraShort Euro,EUO,17.2534,17.2801,-0.15451,-0.0267,24500.01,422708541.5476
01/10/2014,ProShares UltraShort Euro,EUO,17.2801,17.4342,-0.88389,-0.1541,24500.01,423362691.9214
01/09/2014,ProShares UltraShort Euro,EUO,17.4342,17.4962,-0.35436,-0.062,24500.01,427138144.0788
01/08/2014,ProShares UltraShort Euro,EUO,17.4962,17.4148,0.46742,0.0814,24500.01,428657144.9468
01/07/2014,ProShares UltraShort Euro,EUO,17.4148,17.359,0.32145,0.0558,24500.01,426662843.8072
01/06/2014,ProShares UltraShort Euro,EUO,17.359,17.4969,-0.78814,-0.1379,24500.01,425295743.026
01/03/2014,ProShares UltraShort Euro,EUO,17.4969,17.295,1.16739,0.2019,24500.01,428674294.9566
01/02/2014,ProShares UltraShort Euro,EUO,17.295,17.0602,1.37630,0.2348,24500.01,423727742.13
12/31/2013,ProShares UltraShort Euro,EUO,17.0602,16.9623,0.57716,0.0979,24500.01,417975138.8428
12/30/2013,ProShares UltraShort Euro,EUO,16.9623,17.1087,-0.85570,-0.1464,24850.01,421513392.4722
12/27/2013,ProShares UltraShort Euro,EUO,17.1087,17.2247,-0.67345,-0.116,24850.01,425151434.5218
12/26/2013,ProShares UltraShort Euro,EUO,17.2247,17.2586,-0.19642,-0.0339,24850.01,428034036.1458
12/24/2013,ProShares UltraShort Euro,EUO,17.2586,17.2257,0.19099,0.0329,24850.01,428876451.6204
12/23/2013,ProShares UltraShort Euro,EUO,17.2257,17.2614,-0.20682,-0.0357,24850.01,428058886.1598
12/20/2013,ProShares UltraShort Euro,EUO,17.2614,17.3248,-0.36595,-0.0634,24850.01,428946031.6596
12/19/2013,ProShares UltraShort Euro,EUO,17.3248,17.2276,0.56421,0.0972,24850.01,430521522.5472
12/18/2013,ProShares UltraShort Euro,EUO,17.2276,17.0585,0.99129,0.1691,24850.01,428106101.1864
12/17/2013,ProShares UltraShort Euro,EUO,17.0585,17.0614,-0.01700,-0.0029,24850.01,423903963.819
12/16/2013,ProShares UltraShort Euro,EUO,17.0614,17.1266,-0.38069,-0.0652,24850.01,423976028.8596
12/13/2013,ProShares UltraShort Euro,EUO,17.1266,17.0897,0.21592,0.0369,24850.01,425596249.7724
12/12/2013,ProShares UltraShort Euro,EUO,17.0897,17.0061,0.49159,0.0836,24850.01,424679284.2558
12/11/2013,ProShares UltraShort Euro,EUO,17.0061,17.0537,-0.27912,-0.0476,24850.01,422601823.0854
12/10/2013,ProShares UltraShort Euro,EUO,17.0537,17.1214,-0.39541,-0.0677,24850.01,423784683.7518
12/09/2013,ProShares UltraShort Euro,EUO,17.1214,17.2151,-0.54429,-0.0937,24850.01,425467029.6996
12/06/2013,ProShares UltraShort Euro,EUO,17.2151,17.3009,-0.49593,-0.0858,24850.01,427795476.0114
12/05/2013,ProShares UltraShort Euro,EUO,17.3009,17.5166,-1.23140,-0.2157,24850.01,429927607.2126
12/04/2013,ProShares UltraShort Euro,EUO,17.5166,17.5094,0.04112,0.0072,24850.01,435287755.2324
12/03/2013,ProShares UltraShort Euro,EUO,17.5094,17.6374,-0.72573,-0.128,24850.01,435108835.1316
12/02/2013,ProShares UltraShort Euro,EUO,17.6374,17.5232,0.65171,0.1142,24850.01,438289636.9236
11/29/2013,ProShares UltraShort Euro,EUO,17.5232,17.5554,-0.18342,-0.0322,24850.01,435451765.3248
11/27/2013,ProShares UltraShort Euro,EUO,17.5554,17.5663,-0.06205,-0.0109,24850.01,436251935.7756
11/26/2013,ProShares UltraShort Euro,EUO,17.5663,17.695,-0.72732,-0.1287,24850.01,436522800.9282
11/25/2013,ProShares UltraShort Euro,EUO,17.695,17.6209,0.42052,0.0741,24850.01,439720997.73
11/22/2013,ProShares UltraShort Euro,EUO,17.6209,17.8304,-1.17496,-0.2095,24850.01,437879611.6926
11/21/2013,ProShares UltraShort Euro,EUO,17.8304,17.9349,-0.58266,-0.1045,24850.01,443085689.6256
11/20/2013,ProShares UltraShort Euro,EUO,17.9349,17.6539,1.59172,0.281,24850.01,445682516.0886
11/19/2013,ProShares UltraShort Euro,EUO,17.6539,17.7464,-0.52123,-0.0925,24850.01,438699662.1546
11/18/2013,ProShares UltraShort Euro,EUO,17.7464,17.7819,-0.19964,-0.0355,24850.01,440998288.4496
11/15/2013,ProShares UltraShort Euro,EUO,17.7819,17.8696,-0.49078,-0.0877,24850.01,441880463.9466
11/14/2013,ProShares UltraShort Euro,EUO,17.8696,17.8567,0.07224,0.0129,24850.01,444059810.1744
11/13/2013,ProShares UltraShort Euro,EUO,17.8567,17.9345,-0.43380,-0.0778,24850.01,443739244.9938
11/12/2013,ProShares UltraShort Euro,EUO,17.9345,17.9913,-0.31571,-0.0568,24850.01,445672576.083
11/11/2013,ProShares UltraShort Euro,EUO,17.9913,18.1366,-0.80114,-0.1453,24850.01,447084056.8782
11/08/2013,ProShares UltraShort Euro,EUO,18.1366,17.9814,0.86311,0.1552,24850.01,450694763.9124
11/07/2013,ProShares UltraShort Euro,EUO,17.9814,17.711,1.52673,0.2704,24850.01,446838041.7396
11/06/2013,ProShares UltraShort Euro,EUO,17.711,17.8465,-0.75925,-0.1355,24850.01,440118597.954
11/05/2013,ProShares UltraShort Euro,EUO,17.8465,17.7157,0.73833,0.1308,24850.01,443485774.851
11/04/2013,ProShares UltraShort Euro,EUO,17.7157,17.8016,-0.48254,-0.0859,24850.01,440235393.0198
11/01/2013,ProShares UltraShort Euro,EUO,17.8016,17.5745,1.29221,0.2271,24850.01,442370009.2224
10/31/2013,ProShares UltraShort Euro,EUO,17.5745,17.1864,2.25818,0.3881,24850.01,436726571.043
10/30/2013,ProShares UltraShort Euro,EUO,17.1864,17.1618,0.14334,0.0246,24850.01,427082280.6096
10/29/2013,ProShares UltraShort Euro,EUO,17.1618,17.0532,0.63683,0.1086,24850.01,426470970.2652
10/28/2013,ProShares UltraShort Euro,EUO,17.0532,17.0002,0.31176,0.053,24850.01,423772258.7448
10/25/2013,ProShares UltraShort Euro,EUO,17.0002,17.0179,-0.10401,-0.0177,24850.01,422455208.0028
10/24/2013,ProShares UltraShort Euro,EUO,17.0179,17.0798,-0.36242,-0.0619,24850.01,422895053.2506
10/23/2013,ProShares UltraShort Euro,EUO,17.0798,17.0678,0.07031,0.012,25200.01,430411199.1172
10/22/2013,ProShares UltraShort Euro,EUO,17.0678,17.3186,-1.44815,-0.2508,25200.01,430108798.9492
10/21/2013,ProShares UltraShort Euro,EUO,17.3186,17.3149,0.02137,0.0037,25250.01,437294892.4604
10/18/2013,ProShares UltraShort Euro,EUO,17.3149,17.3282,-0.07675,-0.0133,25250.01,437201467.4086
10/17/2013,ProShares UltraShort Euro,EUO,17.3282,17.7273,-2.25133,-0.3991,25250.01,437537292.5948
10/16/2013,ProShares UltraShort Euro,EUO,17.7273,17.7588,-0.17738,-0.0315,25250.01,447614573.1822
10/15/2013,ProShares UltraShort Euro,EUO,17.7588,17.6268,0.74886,0.132,25250.01,448409948.6232
10/14/2013,ProShares UltraShort Euro,EUO,17.6268,17.6675,-0.23037,-0.0407,25300.01,445958286.7752
10/11/2013,ProShares UltraShort Euro,EUO,17.6675,17.744,-0.43113,-0.0765,25300.01,446987997.345
10/10/2013,ProShares UltraShort Euro,EUO,17.744,17.7408,0.01804,0.0032,25750.01,456908248.416
10/09/2013,ProShares UltraShort Euro,EUO,17.7408,17.6092,0.74734,0.1316,25750.01,456825848.3712
10/08/2013,ProShares UltraShort Euro,EUO,17.6092,17.6002,0.05114,0.009,25750.01,453437146.5288
10/07/2013,ProShares UltraShort Euro,EUO,17.6002,17.6643,-0.36288,-0.0641,25750.01,453205396.4028
10/04/2013,ProShares UltraShort Euro,EUO,17.6643,17.4875,1.01101,0.1768,25750.01,454855972.3002
10/03/2013,ProShares UltraShort Euro,EUO,17.4875,17.5827,-0.54144,-0.0952,25750.01,450303369.825
10/02/2013,ProShares UltraShort Euro,EUO,17.5827,17.7219,-0.78547,-0.1392,25750.01,452754771.1578
10/01/2013,ProShares UltraShort Euro,EUO,17.7219,17.738,-0.09077,-0.0161,25750.01,456339173.1066
09/30/2013,ProShares UltraShort Euro,EUO,17.738,17.7551,-0.09631,-0.0171,25750.01,456753748.332
09/27/2013,ProShares UltraShort Euro,EUO,17.7551,17.8535,-0.55115,-0.0984,25750.01,457194073.5714
09/26/2013,ProShares UltraShort Euro,EUO,17.8535,17.7414,0.63186,0.1121,25750.01,459727874.949
09/25/2013,ProShares UltraShort Euro,EUO,17.7414,17.8877,-0.81788,-0.1463,25750.01,456841298.3796
09/24/2013,ProShares UltraShort Euro,EUO,17.8877,17.8324,0.31011,0.0553,25750.01,460608525.4278
09/23/2013,ProShares UltraShort Euro,EUO,17.8324,17.7576,0.42123,0.0748,25750.01,459184549.6536
09/20/2013,ProShares UltraShort Euro,EUO,17.7576,17.75,0.04282,0.0076,25750.01,457258448.6064
09/19/2013,ProShares UltraShort Euro,EUO,17.75,17.8002,-0.28202,-0.0502,25750.01,457062748.5
09/18/2013,ProShares UltraShort Euro,EUO,17.8002,18.2014,-2.20423,-0.4012,25750.01,458355399.2028
09/17/2013,ProShares UltraShort Euro,EUO,18.2014,18.2656,-0.35148,-0.0642,25750.01,468686304.8196
09/16/2013,ProShares UltraShort Euro,EUO,18.2656,18.3599,-0.51362,-0.0943,25750.01,470339455.7184
09/13/2013,ProShares UltraShort Euro,EUO,18.3599,18.3772,-0.09414,-0.0173,25750.01,472767682.0386
09/12/2013,ProShares UltraShort Euro,EUO,18.3772,18.3305,0.25477,0.0467,25750.01,473213157.2808
09/11/2013,ProShares UltraShort Euro,EUO,18.3305,18.4619,-0.71174,-0.1314,26350.01,483008931.627
09/10/2013,ProShares UltraShort Euro,EUO,18.4619,18.4845,-0.12226,-0.0226,26350.01,486471323.4666
09/09/2013,ProShares UltraShort Euro,EUO,18.4845,18.7243,-1.28069,-0.2398,26350.01,487066833.783
09/06/2013,ProShares UltraShort Euro,EUO,18.7243,18.8887,-0.87036,-0.1644,26350.01,493385567.1402
09/05/2013,ProShares UltraShort Euro,EUO,18.8887,18.6289,1.39461,0.2598,26350.01,497717509.4418
09/04/2013,ProShares UltraShort Euro,EUO,18.6289,18.726,-0.51853,-0.0971,26350.01,490871775.8046
09/03/2013,ProShares UltraShort Euro,EUO,18.726,18.6178,0.58116,0.1082,26350.01,493430362.164
08/30/2013,ProShares UltraShort Euro,EUO,18.6178,18.5429,0.40393,0.0749,26350.01,490579290.6492
08/29/2013,ProShares UltraShort Euro,EUO,18.5429,18.2745,1.46871,0.2684,26350.01,488605674.6006
08/28/2013,ProShares UltraShort Euro,EUO,18.2745,18.1389,0.74756,0.1356,26350.01,481533330.843
08/27/2013,ProShares UltraShort Euro,EUO,18.1389,18.1934,-0.29956,-0.0545,26350.01,477960268.9446
08/26/2013,ProShares UltraShort Euro,EUO,18.1934,18.1566,0.20268,0.0368,26350.01,479396344.7076
08/23/2013,ProShares UltraShort Euro,EUO,18.1566,18.2361,-0.43595,-0.0795,26350.01,478426664.1924
08/22/2013,ProShares UltraShort Euro,EUO,18.2361,18.2364,-0.00165,-0.0003,26950.01,491463150.3054
08/21/2013,ProShares UltraShort Euro,EUO,18.2364,18.0592,0.98122,0.1772,26950.01,491471235.3096
08/20/2013,ProShares UltraShort Euro,EUO,18.0592,18.29,-1.26189,-0.2308,26950.01,486695692.8288
08/19/2013,ProShares UltraShort Euro,EUO,18.29,18.3023,-0.06720,-0.0123,26950.01,492915756.06
08/16/2013,ProShares UltraShort Euro,EUO,18.3023,18.2454,0.31186,0.0569,26950.01,493247241.2322
08/15/2013,ProShares UltraShort Euro,EUO,18.2454,18.5103,-1.43110,-0.2649,26950.01,491713785.4356
08/14/2013,ProShares UltraShort Euro,EUO,18.5103,18.4939,0.08868,0.0164,27000.01,499778359.1442
08/13/2013,ProShares UltraShort Euro,EUO,18.4939,18.3898,0.56607,0.1041,27000.01,499335558.9146
08/12/2013,ProShares UltraShort Euro,EUO,18.3898,18.2787,0.60781,0.1111,27000.01,496524857.4572
08/09/2013,ProShares UltraShort Euro,EUO,18.2787,18.1679,0.60987,0.1108,27000.01,493525155.9018
08/08/2013,ProShares UltraShort Euro,EUO,18.1679,18.3017,-0.73108,-0.1338,27000.01,490533554.3506
08/07/2013,ProShares UltraShort Euro,EUO,18.3017,18.3849,-0.45255,-0.0832,27000.01,494146156.2238
08/06/2013,ProShares UltraShort Euro,EUO,18.3849,18.5194,-0.72627,-0.1345,27300.01,501908027.3886
08/05/2013,ProShares UltraShort Euro,EUO,18.5194,18.4513,0.36908,0.0681,27300.01,505579879.2716
08/02/2013,ProShares UltraShort Euro,EUO,18.4513,18.6723,-1.18357,-0.221,27300.01,503720748.3182
08/01/2013,ProShares UltraShort Euro,EUO,18.6723,18.4069,1.44185,0.2654,27300.01,509754051.4122
07/31/2013,ProShares UltraShort Euro,EUO,18.4069,18.5217,-0.61981,-0.1148,27300.01,502508627.6966
07/30/2013,ProShares UltraShort Euro,EUO,18.5217,18.5108,0.05888,0.0109,26500.01,490825309.3038
07/29/2013,ProShares UltraShort Euro,EUO,18.5108,18.4677,0.23338,0.0431,26500.01,490536459.1512
07/26/2013,ProShares UltraShort Euro,EUO,18.4677,18.4596,0.04388,0.0081,26500.01,489394308.5478
07/25/2013,ProShares UltraShort Euro,EUO,18.4596,18.7062,-1.31828,-0.2466,26500.01,489179658.4344
07/24/2013,ProShares UltraShort Euro,EUO,18.7062,18.6333,0.39124,0.0729,26500.01,495714561.8868
07/23/2013,ProShares UltraShort Euro,EUO,18.6333,18.7447,-0.59430,-0.1114,26500.01,493782710.8662
07/22/2013,ProShares UltraShort Euro,EUO,18.7447,18.8638,-0.63137,-0.1191,26500.01,496734812.4258
07/19/2013,ProShares UltraShort Euro,EUO,18.8638,18.9593,-0.50371,-0.0955,25900.01,488572684.0932
07/18/2013,ProShares UltraShort Euro,EUO,18.9593,18.9332,0.13785,0.0261,25900.01,491046135.4302
07/17/2013,ProShares UltraShort Euro,EUO,18.9332,18.7988,0.71494,0.1344,25900.01,490370145.0648
07/16/2013,ProShares UltraShort Euro,EUO,18.7988,19.0856,-1.50270,-0.2868,25900.01,486889183.1832
07/15/2013,ProShares UltraShort Euro,EUO,19.0856,19.0899,-0.02253,-0.0043,25900.01,494317307.1984
07/12/2013,ProShares UltraShort Euro,EUO,19.0899,18.9929,0.51072,0.097,25900.01,494428677.2586
07/11/2013,ProShares UltraShort Euro,EUO,18.9929,19.6638,-3.41185,-0.6709,25900.01,491916375.9006
07/10/2013,ProShares UltraShort Euro,EUO,19.6638,19.9672,-1.51949,-0.3034,25900.01,509292695.2932
07/09/2013,ProShares UltraShort Euro,EUO,19.9672,19.7042,1.33474,0.263,25900.01,517150759.5408
07/08/2013,ProShares UltraShort Euro,EUO,19.7042,19.8358,-0.66345,-0.1316,25900.01,510339055.8588
07/05/2013,ProShares UltraShort Euro,EUO,19.8358,19.2932,2.81239,0.5426,25900.01,513747497.7012
07/03/2013,ProShares UltraShort Euro,EUO,19.2932,19.4075,-0.58895,-0.1143,25900.01,499694150.1048
07/02/2013,ProShares UltraShort Euro,EUO,19.4075,19.1438,1.37747,0.2637,25900.01,502654521.705
07/01/2013,ProShares UltraShort Euro,EUO,19.1438,19.2903,-0.75945,-0.1465,26400.01,505396588.0132
06/28/2013,ProShares UltraShort Euro,EUO,19.2903,19.2201,0.36524,0.0702,26400.01,509264190.0642
06/27/2013,ProShares UltraShort Euro,EUO,19.2201,19.3162,-0.49751,-0.0961,26750.01,514137944.0814
06/26/2013,ProShares UltraShort Euro,EUO,19.3162,19.0535,1.37875,0.2627,27150.01,524435100.4268
06/25/2013,ProShares UltraShort Euro,EUO,19.0535,18.9813,0.38037,0.0722,27150.01,517302791.749
06/24/2013,ProShares UltraShort Euro,EUO,18.9813,18.9798,0.00790,0.0015,27150.01,515342560.7382
06/21/2013,ProShares UltraShort Euro,EUO,18.9798,18.7225,1.37428,0.2573,27150.01,515301835.7172
06/20/2013,ProShares UltraShort Euro,EUO,18.7225,18.5411,0.97837,0.1814,27150.01,508316137.115
06/19/2013,ProShares UltraShort Euro,EUO,18.5411,18.2263,1.72717,0.3148,27150.01,503391124.5754
06/18/2013,ProShares UltraShort Euro,EUO,18.2263,18.2731,-0.25611,-0.0468,27150.01,494844300.1682
06/17/2013,ProShares UltraShort Euro,EUO,18.2731,18.362,-0.48415,-0.0889,27150.01,496114920.8234
06/14/2013,ProShares UltraShort Euro,EUO,18.362,18.3269,0.19152,0.0351,27150.01,498528557.068
06/13/2013,ProShares UltraShort Euro,EUO,18.3269,18.404,-0.41893,-0.0771,27150.01,497575591.5766
06/12/2013,ProShares UltraShort Euro,EUO,18.404,18.4514,-0.25689,-0.0474,27150.01,499668857.656
06/11/2013,ProShares UltraShort Euro,EUO,18.4514,18.6172,-0.89057,-0.1658,27150.01,500955768.3196
06/10/2013,ProShares UltraShort Euro,EUO,18.6172,18.7262,-0.58207,-0.109,27150.01,505457240.6408
06/07/2013,ProShares UltraShort Euro,EUO,18.7262,18.6508,0.40427,0.0754,26650.01,499053492.1668
06/06/2013,ProShares UltraShort Euro,EUO,18.6508,19.1029,-2.36666,-0.4521,26650.01,497044081.1112
06/05/2013,ProShares UltraShort Euro,EUO,19.1029,19.1324,-0.15419,-0.0295,26650.01,509092552.4406
06/04/2013,ProShares UltraShort Euro,EUO,19.1324,19.1622,-0.15551,-0.0298,26650.01,509878727.8536
06/03/2013,ProShares UltraShort Euro,EUO,19.1622,19.3871,-1.16005,-0.2249,26650.01,510672898.2708
05/31/2013,ProShares UltraShort Euro,EUO,19.3871,19.2579,0.67089,0.1292,26650.01,516666486.4194
05/30/2013,ProShares UltraShort Euro,EUO,19.2579,19.5605,-1.54700,-0.3026,26800.01,516111989.6106
05/29/2013,ProShares UltraShort Euro,EUO,19.5605,19.8008,-1.21359,-0.2403,26800.01,524221673.847
05/28/2013,ProShares UltraShort Euro,EUO,19.8008,19.5818,1.11839,0.219,26800.01,530661717.2112
05/24/2013,ProShares UltraShort Euro,EUO,19.5818,19.5733,0.04343,0.0085,26100.01,511085254.1452
05/23/2013,ProShares UltraShort Euro,EUO,19.5733,19.8292,-1.29052,-0.2559,26100.01,510863404.0262
05/22/2013,ProShares UltraShort Euro,EUO,19.8292,19.674,0.78886,0.1552,26100.01,517542397.6088
05/21/2013,ProShares UltraShort Euro,EUO,19.674,19.7262,-0.26462,-0.0522,26100.01,513491675.436
05/20/2013,ProShares UltraShort Euro,EUO,19.7262,19.9198,-0.97190,-0.1936,26100.01,514854096.1668
05/17/2013,ProShares UltraShort Euro,EUO,19.9198,19.7666,0.77504,0.1532,26100.01,519907058.8772
05/16/2013,ProShares UltraShort Euro,EUO,19.7666,19.7605,0.03087,0.0061,26650.01,526780166.7324
05/15/2013,ProShares UltraShort Euro,EUO,19.7605,19.5885,0.87807,0.172,26650.01,526617601.647
05/14/2013,ProShares UltraShort Euro,EUO,19.5885,19.4898,0.50642,0.0987,26650.01,522033799.239
05/13/2013,ProShares UltraShort Euro,EUO,19.4898,19.443,0.24070,0.0468,26650.01,519403442.8572
05/10/2013,ProShares UltraShort Euro,EUO,19.443,19.3037,0.72162,0.1393,26650.01,518156222.202
05/09/2013,ProShares UltraShort Euro,EUO,19.3037,18.9517,1.85735,0.352,26650.01,514443875.2518
05/08/2013,ProShares UltraShort Euro,EUO,18.9517,19.1809,-1.19494,-0.2292,26650.01,505063070.3238
05/07/2013,ProShares UltraShort Euro,EUO,19.1809,19.1899,-0.04690,-0.009,26850.01,515007433.5326
05/06/2013,ProShares UltraShort Euro,EUO,19.1899,19.0631,0.66516,0.1268,26850.01,515249083.6586
05/03/2013,ProShares UltraShort Euro,EUO,19.0631,19.2165,-0.79827,-0.1534,26850.01,511844501.8834
05/02/2013,ProShares UltraShort Euro,EUO,19.2165,18.8784,1.79094,0.3381,26850.01,515963294.031
05/01/2013,ProShares UltraShort Euro,EUO,18.8784,18.9221,-0.23095,-0.0437,26850.01,506885304.2976
04/30/2013,ProShares UltraShort Euro,EUO,18.9221,19.1297,-1.08522,-0.2076,26850.01,508058649.9094
04/29/2013,ProShares UltraShort Euro,EUO,19.1297,19.3207,-0.98858,-0.191,26550.01,507893802.8158
04/26/2013,ProShares UltraShort Euro,EUO,19.3207,19.4138,-0.47956,-0.0931,26550.01,512964855.4898
04/25/2013,ProShares UltraShort Euro,EUO,19.4138,19.3749,0.20078,0.0389,26550.01,515436661.7932
04/24/2013,ProShares UltraShort Euro,EUO,19.3749,19.4229,-0.24713,-0.048,25950.01,502778926.2486
04/23/2013,ProShares UltraShort Euro,EUO,19.4229,19.2404,0.94852,0.1825,25950.01,504024526.9206
04/22/2013,ProShares UltraShort Euro,EUO,19.2404,19.2505,-0.05247,-0.0101,25950.01,499288649.3656
04/19/2013,ProShares UltraShort Euro,EUO,19.2505,19.2742,-0.12296,-0.0237,25950.01,499550744.507
04/18/2013,ProShares UltraShort Euro,EUO,19.2742,19.3396,-0.33817,-0.0654,25950.01,500165759.8388
04/17/2013,ProShares UltraShort Euro,EUO,19.3396,18.9044,2.30211,0.4352,25950.01,501862890.7544
04/16/2013,ProShares UltraShort Euro,EUO,18.9044,19.3419,-2.26193,-0.4375,25950.01,490569444.6616
04/15/2013,ProShares UltraShort Euro,EUO,19.3419,19.1387,1.06172,0.2032,25300.01,489350340.7866
04/12/2013,ProShares UltraShort Euro,EUO,19.1387,19.145,-0.03291,-0.0063,25300.01,484209377.9418
04/11/2013,ProShares UltraShort Euro,EUO,19.145,19.242,-0.50411,-0.097,25300.01,484368768.03
04/10/2013,ProShares UltraShort Euro,EUO,19.242,19.2014,0.21144,0.0406,25800.01,496443869.388
04/09/2013,ProShares UltraShort Euro,EUO,19.2014,19.434,-1.19687,-0.2326,25800.01,495396388.8196
04/08/2013,ProShares UltraShort Euro,EUO,19.434,19.4201,0.07158,0.0139,25800.01,501397472.076
04/05/2013,ProShares UltraShort Euro,EUO,19.4201,19.6387,-1.11311,-0.2186,25800.01,501038851.8814
04/04/2013,ProShares UltraShort Euro,EUO,19.6387,19.9207,-1.41561,-0.282,25800.01,506678734.9418
04/03/2013,ProShares UltraShort Euro,EUO,19.9207,20.0209,-0.50048,-0.1002,25800.01,513954338.8898
04/02/2013,ProShares UltraShort Euro,EUO,20.0209,19.9251,0.48080,0.0958,25800.01,516539500.2926
04/01/2013,ProShares UltraShort Euro,EUO,19.9251,20.0146,-0.44717,-0.0895,25800.01,514067858.9514
03/28/2013,ProShares UltraShort Euro,EUO,20.0146,20.1568,-0.70547,-0.1422,25800.01,516376960.2044
03/27/2013,ProShares UltraShort Euro,EUO,20.1568,19.8927,1.32762,0.2641,26000.01,524077082.1952
03/26/2013,ProShares UltraShort Euro,EUO,19.8927,19.9084,-0.07886,-0.0157,26000.01,517210478.4978
03/25/2013,ProShares UltraShort Euro,EUO,19.9084,19.5157,2.01223,0.3927,26000.01,517618678.7176
03/22/2013,ProShares UltraShort Euro,EUO,19.5157,19.7884,-1.37808,-0.2727,26000.01,507408473.2198
03/21/2013,ProShares UltraShort Euro,EUO,19.7884,19.6453,0.72842,0.1431,26000.01,514498677.0376
03/20/2013,ProShares UltraShort Euro,EUO,19.6453,19.8112,-0.83741,-0.1659,26000.01,510778075.0342
03/19/2013,ProShares UltraShort Euro,EUO,19.8112,19.6812,0.66053,0.13,26000.01,515091477.3568
03/18/2013,ProShares UltraShort Euro,EUO,19.6812,19.3015,1.96720,0.3797,26000.01,511711475.5368
03/15/2013,ProShares UltraShort Euro,EUO,19.3015,19.4631,-0.83029,-0.1616,26000.01,501839270.221
03/14/2013,ProShares UltraShort Euro,EUO,19.4631,19.6143,-0.77087,-0.1512,26000.01,506040872.4834
03/13/2013,ProShares UltraShort Euro,EUO,19.6143,19.3887,1.16356,0.2256,26000.01,509972074.6002
03/12/2013,ProShares UltraShort Euro,EUO,19.3887,19.3773,0.05883,0.0114,26000.01,504106471.4418
03/11/2013,ProShares UltraShort Euro,EUO,19.3773,19.492,-0.58845,-0.1147,26000.01,503810071.2822
03/08/2013,ProShares UltraShort Euro,EUO,19.492,19.1793,1.63040,0.3127,26000.01,506792272.888
03/07/2013,ProShares UltraShort Euro,EUO,19.1793,19.5181,-1.73582,-0.3388,26550.01,509210683.5102
03/06/2013,ProShares UltraShort Euro,EUO,19.5181,19.3698,0.76562,0.1483,26550.01,518205828.2534
03/05/2013,ProShares UltraShort Euro,EUO,19.3698,19.4475,-0.39954,-0.0777,26550.01,514268461.1772
03/04/2013,ProShares UltraShort Euro,EUO,19.4475,19.4338,0.07050,0.0137,26550.01,516331397.265
03/01/2013,ProShares UltraShort Euro,EUO,19.4338,19.3365,0.50319,0.0973,26550.01,515967662.0732
02/28/2013,ProShares UltraShort Euro,EUO,19.3365,19.0922,1.27958,0.2443,26550.01,513384345.711
02/27/2013,ProShares UltraShort Euro,EUO,19.0922,19.3204,-1.18113,-0.2282,26550.01,506898177.2908
02/26/2013,ProShares UltraShort Euro,EUO,19.3204,19.3312,-0.05587,-0.0108,26550.01,512956890.4856
02/25/2013,ProShares UltraShort Euro,EUO,19.3312,18.9636,1.93845,0.3676,26550.01,513243630.6368
02/22/2013,ProShares UltraShort Euro,EUO,18.9636,18.9697,-0.03216,-0.0061,25450.01,482623885.4904
02/21/2013,ProShares UltraShort Euro,EUO,18.9697,18.7129,1.37232,0.2568,25450.01,482779130.5758
02/20/2013,ProShares UltraShort Euro,EUO,18.7129,18.4003,1.69889,0.3126,25450.01,476243566.9806
02/19/2013,ProShares UltraShort Euro,EUO,18.4003,18.4792,-0.42697,-0.0789,25450.01,468287892.6042
02/15/2013,ProShares UltraShort Euro,EUO,18.4792,18.4883,-0.04922,-0.0091,25450.01,470295898.7088
02/14/2013,ProShares UltraShort Euro,EUO,18.4883,18.255,1.27801,0.2333,25450.01,470527493.8362
02/13/2013,ProShares UltraShort Euro,EUO,18.255,18.2416,0.07346,0.0134,25450.01,464590005.57
02/12/2013,ProShares UltraShort Euro,EUO,18.2416,18.3785,-0.74489,-0.1369,25450.01,464248975.3824
02/11/2013,ProShares UltraShort Euro,EUO,18.3785,18.4733,-0.51317,-0.0948,25450.01,467733082.299
02/08/2013,ProShares UltraShort Euro,EUO,18.4733,18.3825,0.49395,0.0908,25450.01,470145743.6262
02/07/2013,ProShares UltraShort Euro,EUO,18.3825,18.0569,1.80319,0.3256,25450.01,467834882.355
02/06/2013,ProShares UltraShort Euro,EUO,18.0569,17.9069,0.83767,0.15,25450.01,459548357.7966
02/05/2013,ProShares UltraShort Euro,EUO,17.9069,18.0839,-0.97877,-0.177,25450.01,455730855.6966
02/04/2013,ProShares UltraShort Euro,EUO,18.0839,17.7174,2.06859,0.3665,25450.01,460235508.1746
02/01/2013,ProShares UltraShort Euro,EUO,17.7174,17.9207,-1.13444,-0.2033,25450.01,450908078.0436
01/31/2013,ProShares UltraShort Euro,EUO,17.9207,17.9552,-0.19214,-0.0345,26750.01,479378975.8898
01/30/2013,ProShares UltraShort Euro,EUO,17.9552,18.1545,-1.09780,-0.1993,26750.01,480301851.3728
01/29/2013,ProShares UltraShort Euro,EUO,18.1545,18.2525,-0.53691,-0.098,27400.01,497433554.163
01/28/2013,ProShares UltraShort Euro,EUO,18.2525,18.243,0.05207,0.0095,27400.01,500118755.535
01/25/2013,ProShares UltraShort Euro,EUO,18.243,18.484,-1.30383,-0.241,27400.01,499858455.402
01/24/2013,ProShares UltraShort Euro,EUO,18.484,18.6291,-0.77889,-0.1451,27400.01,506461858.776
01/23/2013,ProShares UltraShort Euro,EUO,18.6291,18.635,-0.03166,-0.0059,28250.01,526272335.8074
01/22/2013,ProShares UltraShort Euro,EUO,18.635,18.6276,0.03973,0.0074,28250.01,526439010.89
01/18/2013,ProShares UltraShort Euro,EUO,18.6276,18.4873,0.75890,0.1403,28250.01,526229960.7864
01/17/2013,ProShares UltraShort Euro,EUO,18.4873,18.7342,-1.31791,-0.2469,28700.01,530585768.8222
01/16/2013,ProShares UltraShort Euro,EUO,18.7342,18.6534,0.43316,0.0808,28700.01,537671802.2788
01/15/2013,ProShares UltraShort Euro,EUO,18.6534,18.455,1.07505,0.1984,28700.01,535352841.1476
01/14/2013,ProShares UltraShort Euro,EUO,18.455,18.593,-0.74221,-0.138,28700.01,529658758.37
01/11/2013,ProShares UltraShort Euro,EUO,18.593,18.8348,-1.28379,-0.2418,28700.01,533619360.302
01/10/2013,ProShares UltraShort Euro,EUO,18.8348,19.3919,-2.87285,-0.5571,28700.01,540559023.6872
01/09/2013,ProShares UltraShort Euro,EUO,19.3919,19.3415,0.26058,0.0504,28100.01,544912661.4866
01/08/2013,ProShares UltraShort Euro,EUO,19.3415,19.2421,0.51658,0.0994,27700.01,535759820.781
01/07/2013,ProShares UltraShort Euro,EUO,19.2421,19.341,-0.51135,-0.0989,27700.01,533006439.3894
01/04/2013,ProShares UltraShort Euro,EUO,19.341,19.4213,-0.41346,-0.0803,27700.01,535745970.774
01/03/2013,ProShares UltraShort Euro,EUO,19.4213,19.0421,1.99138,0.3792,27700.01,537970281.8982
01/02/2013,ProShares UltraShort Euro,EUO,19.0421,19.0168,0.13304,0.0253,27700.01,527466436.5894
12/31/2012,ProShares UltraShort Euro,EUO,19.0168,18.9577,0.31175,0.0591,27700.01,526765626.2352
12/28/2012,ProShares UltraShort Euro,EUO,18.9577,18.8867,0.37593,0.071,27900.01,528920095.4078
12/27/2012,ProShares UltraShort Euro,EUO,18.8867,18.923,-0.19183,-0.0363,28400.01,536382544.4138
12/26/2012,ProShares UltraShort Euro,EUO,18.923,19.0336,-0.58108,-0.1106,28400.01,537413464.922
12/24/2012,ProShares UltraShort Euro,EUO,19.0336,19.0507,-0.08976,-0.0171,29050.01,552926346.4704
12/21/2012,ProShares UltraShort Euro,EUO,19.0507,18.881,0.89879,0.1697,29050.01,553423101.7098
12/20/2012,ProShares UltraShort Euro,EUO,18.881,18.8867,-0.03018,-0.0057,29250.01,552269514.334
12/19/2012,ProShares UltraShort Euro,EUO,18.8867,18.9415,-0.28931,-0.0548,30850.01,582654959.4138
12/18/2012,ProShares UltraShort Euro,EUO,18.9415,19.1166,-0.91596,-0.1751,33350.01,631699290.181
12/17/2012,ProShares UltraShort Euro,EUO,19.1166,19.1358,-0.10034,-0.0192,33350.01,637538877.6324
12/14/2012,ProShares UltraShort Euro,EUO,19.1358,19.3714,-1.21623,-0.2356,34250.01,655401417.9012
12/13/2012,ProShares UltraShort Euro,EUO,19.3714,19.4079,-0.18807,-0.0365,34250.01,663470721.1996
12/12/2012,ProShares UltraShort Euro,EUO,19.4079,19.5886,-0.92248,-0.1807,34250.01,664720846.7106
12/11/2012,ProShares UltraShort Euro,EUO,19.5886,19.778,-0.95763,-0.1894,34250.01,670909824.2404
12/10/2012,ProShares UltraShort Euro,EUO,19.778,19.8161,-0.19227,-0.0381,34250.01,677396776.892
12/07/2012,ProShares UltraShort Euro,EUO,19.8161,19.7,0.58934,0.1161,34250.01,678701702.4254
12/06/2012,ProShares UltraShort Euro,EUO,19.7,19.3894,1.60191,0.3106,34250.01,674725275.8
12/05/2012,ProShares UltraShort Euro,EUO,19.3894,19.3277,0.31923,0.0617,34250.01,664087221.4516
12/04/2012,ProShares UltraShort Euro,EUO,19.3277,19.4502,-0.62981,-0.1225,34250.01,661973995.5878
12/03/2012,ProShares UltraShort Euro,EUO,19.4502,19.5989,-0.75872,-0.1487,34750.01,675894722.3028
11/30/2012,ProShares UltraShort Euro,EUO,19.5989,19.6841,-0.43284,-0.0852,34750.01,681062049.3846
11/29/2012,ProShares UltraShort Euro,EUO,19.6841,19.7874,-0.52205,-0.1033,34250.01,674180700.5774
11/28/2012,ProShares UltraShort Euro,EUO,19.7874,19.8274,-0.20174,-0.04,34250.01,677718727.0236
11/27/2012,ProShares UltraShort Euro,EUO,19.8274,19.7093,0.59921,0.1181,34250.01,679088727.5836
11/26/2012,ProShares UltraShort Euro,EUO,19.7093,19.6868,0.11429,0.0225,34250.01,675043800.9302
11/23/2012,ProShares UltraShort Euro,EUO,19.6868,20.1675,-2.38354,-0.4807,34250.01,674273175.6152
11/21/2012,ProShares UltraShort Euro,EUO,20.1675,20.1838,-0.08076,-0.0163,34250.01,690737157.345
11/20/2012,ProShares UltraShort Euro,EUO,20.1838,20.212,-0.13952,-0.0282,34250.01,691295432.5732
11/19/2012,ProShares UltraShort Euro,EUO,20.212,20.4471,-1.14980,-0.2351,34250.01,692261282.968
11/16/2012,ProShares UltraShort Euro,EUO,20.4471,20.3422,0.51568,0.1049,34250.01,700313461.2594
11/15/2012,ProShares UltraShort Euro,EUO,20.3422,20.4575,-0.56361,-0.1153,35150.01,715028614.7908
11/14/2012,ProShares UltraShort Euro,EUO,20.4575,20.5577,-0.48741,-0.1002,35150.01,719081411.405
11/13/2012,ProShares UltraShort Euro,EUO,20.5577,20.5321,0.12468,0.0256,35150.01,722603442.8078
11/12/2012,ProShares UltraShort Euro,EUO,20.5321,20.5364,-0.02094,-0.0043,35150.01,721703602.4494
11/09/2012,ProShares UltraShort Euro,EUO,20.5364,20.4374,0.48441,0.099,35150.01,721854747.5096
11/08/2012,ProShares UltraShort Euro,EUO,20.4374,20.3569,0.39544,0.0805,35150.01,718374896.1236
11/07/2012,ProShares UltraShort Euro,EUO,20.3569,20.2025,0.76426,0.1544,35150.01,715545319.9966
11/06/2012,ProShares UltraShort Euro,EUO,20.2025,20.2883,-0.42290,-0.0858,35550.01,718199157.835
11/05/2012,ProShares UltraShort Euro,EUO,20.2883,20.1575,0.64889,0.1308,35550.01,721249349.0362
11/02/2012,ProShares UltraShort Euro,EUO,20.1575,19.8238,1.68333,0.3337,35550.01,716599407.205
11/01/2012,ProShares UltraShort Euro,EUO,19.8238,19.7593,0.32643,0.0645,35550.01,704736367.5332
10/31/2012,ProShares UltraShort Euro,EUO,19.7593,19.841,-0.41177,-0.0817,36150.01,714298971.6302
10/26/2012,ProShares UltraShort Euro,EUO,19.841,19.8106,0.15345,0.0304,35850.01,711300127.774
10/25/2012,ProShares UltraShort Euro,EUO,19.8106,19.7614,0.24897,0.0492,36350.01,720115587.3484
10/24/2012,ProShares UltraShort Euro,EUO,19.7614,19.7039,0.29182,0.0575,36350.01,718327166.6596
10/23/2012,ProShares UltraShort Euro,EUO,19.7039,19.474,1.18055,0.2299,36350.01,716237040.8546
10/22/2012,ProShares UltraShort Euro,EUO,19.474,19.5832,-0.55762,-0.1092,36350.01,707880172.636
10/19/2012,ProShares UltraShort Euro,EUO,19.5832,19.4288,0.79470,0.1544,36350.01,711849594.1648
10/18/2012,ProShares UltraShort Euro,EUO,19.4288,19.2844,0.74879,0.1444,36350.01,706237152.0032
10/17/2012,ProShares UltraShort Euro,EUO,19.2844,19.4968,-1.08941,-0.2124,36350.01,700988209.9816
10/16/2012,ProShares UltraShort Euro,EUO,19.4968,19.7935,-1.49898,-0.2967,36350.01,708708952.9552
10/15/2012,ProShares UltraShort Euro,EUO,19.7935,19.7884,0.02577,0.0051,36350.01,719494002.109
10/12/2012,ProShares UltraShort Euro,EUO,19.7884,19.8741,-0.43121,-0.0857,36350.01,719308617.0376
10/11/2012,ProShares UltraShort Euro,EUO,19.8741,19.9603,-0.43186,-0.0862,36700.01,729379748.2374
10/10/2012,ProShares UltraShort Euro,EUO,19.9603,20.0568,-0.48113,-0.0965,36700.01,732543289.4442
10/09/2012,ProShares UltraShort Euro,EUO,20.0568,19.747,1.56885,0.3098,36700.01,736084840.7952
10/08/2012,ProShares UltraShort Euro,EUO,19.747,19.5735,0.88640,0.1735,36700.01,724715176.458
10/05/2012,ProShares UltraShort Euro,EUO,19.5735,19.6042,-0.15660,-0.0307,36700.01,718347724.029
10/04/2012,ProShares UltraShort Euro,EUO,19.6042,19.9656,-1.81011,-0.3614,36700.01,719474414.4588
10/03/2012,ProShares UltraShort Euro,EUO,19.9656,19.9198,0.22992,0.0458,36700.01,732737799.5184
10/02/2012,ProShares UltraShort Euro,EUO,19.9198,20.0134,-0.46769,-0.0936,36700.01,731056938.8772
10/01/2012,ProShares UltraShort Euro,EUO,20.0134,20.1277,-0.56787,-0.1143,37300.01,746500100.1876
09/28/2012,ProShares UltraShort Euro,EUO,20.1277,19.9427,0.92766,0.185,38300.01,770891191.7878
09/27/2012,ProShares UltraShort Euro,EUO,19.9427,20.0877,-0.72183,-0.145,37600.01,749845799.1978
09/26/2012,ProShares UltraShort Euro,EUO,20.0877,19.968,0.59946,0.1197,37600.01,755297801.2278
09/25/2012,ProShares UltraShort Euro,EUO,19.968,19.9008,0.33767,0.0672,37600.01,750797079.552
09/24/2012,ProShares UltraShort Euro,EUO,19.9008,19.7227,0.90302,0.1781,37600.01,748270358.6112
09/21/2012,ProShares UltraShort Euro,EUO,19.7227,19.7779,-0.27910,-0.0552,37600.01,741573796.1178
09/20/2012,ProShares UltraShort Euro,EUO,19.7779,19.5174,1.33471,0.2605,37600.01,743649316.8906
09/19/2012,ProShares UltraShort Euro,EUO,19.5174,19.5685,-0.26113,-0.0511,37600.01,733854513.2436
09/18/2012,ProShares UltraShort Euro,EUO,19.5685,19.3596,1.07905,0.2089,37600.01,735775873.959
09/17/2012,ProShares UltraShort Euro,EUO,19.3596,19.3292,0.15728,0.0304,37600.01,727921231.0344
09/14/2012,ProShares UltraShort Euro,EUO,19.3292,19.7244,-2.00361,-0.3952,37600.01,726778190.6088
09/13/2012,ProShares UltraShort Euro,EUO,19.7244,20.028,-1.51588,-0.3036,38900.01,767279436.1416
09/12/2012,ProShares UltraShort Euro,EUO,20.028,20.132,-0.51659,-0.104,38900.01,779089480.392
09/11/2012,ProShares UltraShort Euro,EUO,20.132,20.4493,-1.55164,-0.3173,38900.01,783135081.848
09/10/2012,ProShares UltraShort Euro,EUO,20.4493,20.3054,0.70868,0.1439,39900.01,815927356.2902
09/07/2012,ProShares UltraShort Euro,EUO,20.3054,20.8593,-2.65541,-0.5539,39900.01,810185744.2756
09/06/2012,ProShares UltraShort Euro,EUO,20.8593,21.0049,-0.69317,-0.1456,39900.01,832286362.0302
09/05/2012,ProShares UltraShort Euro,EUO,21.0049,21.1091,-0.49363,-0.1042,39900.01,838095804.0686
09/04/2012,ProShares UltraShort Euro,EUO,21.1091,21.0604,0.23124,0.0487,39900.01,842253385.5274
08/31/2012,ProShares UltraShort Euro,EUO,21.0604,21.299,-1.12024,-0.2386,39900.01,840310254.8456
08/30/2012,ProShares UltraShort Euro,EUO,21.299,21.2235,0.35574,0.0755,39900.01,849830398.186
08/29/2012,ProShares UltraShort Euro,EUO,21.2235,21.0959,0.60486,0.1276,39900.01,846817947.129
08/28/2012,ProShares UltraShort Euro,EUO,21.0959,21.3315,-1.10447,-0.2356,39900.01,841726705.3426
08/27/2012,ProShares UltraShort Euro,EUO,21.3315,21.2794,0.24484,0.0521,39900.01,851127148.641
08/24/2012,ProShares UltraShort Euro,EUO,21.2794,21.1206,0.75187,0.1588,39900.01,849048357.9116
08/23/2012,ProShares UltraShort Euro,EUO,21.1206,21.2592,-0.65195,-0.1386,39900.01,842712235.6884
08/22/2012,ProShares UltraShort Euro,EUO,21.2592,21.4556,-0.91538,-0.1964,39900.01,848242377.6288
08/21/2012,ProShares UltraShort Euro,EUO,21.4556,21.8634,-1.86522,-0.4078,39900.01,856078740.3784
08/20/2012,ProShares UltraShort Euro,EUO,21.8634,21.9179,-0.24866,-0.0545,39900.01,872349966.0876
08/17/2012,ProShares UltraShort Euro,EUO,21.9179,21.844,0.33831,0.0739,39900.01,874524516.8506
08/16/2012,ProShares UltraShort Euro,EUO,21.844,22.0923,-1.12392,-0.2483,39900.01,871575905.816
08/15/2012,ProShares UltraShort Euro,EUO,22.0923,21.9534,0.63270,0.1389,39900.01,881483079.2922
08/14/2012,ProShares UltraShort Euro,EUO,21.9534,21.9108,0.19442,0.0426,39900.01,875940967.3476
08/13/2012,ProShares UltraShort Euro,EUO,21.9108,22.066,-0.70334,-0.1552,39900.01,874241226.7512
08/10/2012,ProShares UltraShort Euro,EUO,22.066,22.052,0.06349,0.014,39900.01,880433708.924
08/09/2012,ProShares UltraShort Euro,EUO,22.052,21.8356,0.99104,0.2164,39900.01,879875108.728
08/08/2012,ProShares UltraShort Euro,EUO,21.8356,21.7026,0.61283,0.133,39900.01,871240745.6984
08/07/2012,ProShares UltraShort Euro,EUO,21.7026,21.7064,-0.01751,-0.0038,39900.01,865934043.8364
08/06/2012,ProShares UltraShort Euro,EUO,21.7064,21.7597,-0.24495,-0.0533,40450.01,878024183.8896
08/03/2012,ProShares UltraShort Euro,EUO,21.7597,22.5051,-3.31214,-0.7454,41500.01,903027854.6358
08/02/2012,ProShares UltraShort Euro,EUO,22.5051,22.3506,0.69126,0.1545,41500.01,933961965.0714
08/01/2012,ProShares UltraShort Euro,EUO,22.3506,22.0573,1.32972,0.2933,41500.01,927550212.9084
07/31/2012,ProShares UltraShort Euro,EUO,22.0573,22.2206,-0.73490,-0.1633,42550.01,938538423.8022
07/30/2012,ProShares UltraShort Euro,EUO,22.2206,22.075,0.65957,0.1456,41500.01,922155211.0884
07/27/2012,ProShares UltraShort Euro,EUO,22.075,22.1223,-0.21381,-0.0473,41500.01,916112809.05
07/26/2012,ProShares UltraShort Euro,EUO,22.1223,22.609,-2.15268,-0.4867,41500.01,918075759.7122
07/25/2012,ProShares UltraShort Euro,EUO,22.609,22.9359,-1.42528,-0.3269,41500.01,938273816.526
07/24/2012,ProShares UltraShort Euro,EUO,22.9359,22.6929,1.07082,0.243,41500.01,951840171.1026
07/23/2012,ProShares UltraShort Euro,EUO,22.6929,22.6129,0.35378,0.08,41500.01,941755667.7006
07/20/2012,ProShares UltraShort Euro,EUO,22.6129,22.1757,1.97153,0.4372,41500.01,938435666.5806
07/19/2012,ProShares UltraShort Euro,EUO,22.1757,22.1566,0.08620,0.0191,41500.01,920291860.4598
07/18/2012,ProShares UltraShort Euro,EUO,22.1566,22.1417,0.06729,0.0149,41500.01,919499210.1924
07/17/2012,ProShares UltraShort Euro,EUO,22.1417,22.1781,-0.16413,-0.0364,41500.01,918880859.9838
07/16/2012,ProShares UltraShort Euro,EUO,22.1781,22.3109,-0.59522,-0.1328,41500.01,920391460.4934
07/13/2012,ProShares UltraShort Euro,EUO,22.3109,22.4434,-0.59037,-0.1325,41500.01,925902662.3526
07/12/2012,ProShares UltraShort Euro,EUO,22.4434,22.3072,0.61057,0.1362,42050.01,943745284.2076
07/11/2012,ProShares UltraShort Euro,EUO,22.3072,22.2748,0.14546,0.0324,42050.01,938018072.3008
07/10/2012,ProShares UltraShort Euro,EUO,22.2748,22.0493,1.02271,0.2255,42050.01,936655651.8472
07/09/2012,ProShares UltraShort Euro,EUO,22.0493,22.1697,-0.54308,-0.1204,42050.01,927173373.6902
07/06/2012,ProShares UltraShort Euro,EUO,22.1697,21.7973,1.70847,0.3724,42050.01,932236195.3758
07/05/2012,ProShares UltraShort Euro,EUO,21.7973,21.0655,3.47393,0.7318,42050.01,916576770.1622
07/03/2012,ProShares UltraShort Euro,EUO,21.0655,21.1362,-0.33450,-0.0707,42900.01,903710244.917
07/02/2012,ProShares UltraShort Euro,EUO,21.1362,20.9069,1.09677,0.2293,42900.01,906743275.9068
06/29/2012,ProShares UltraShort Euro,EUO,20.9069,21.6333,-3.35779,-0.7264,42900.01,896906302.6966
06/28/2012,ProShares UltraShort Euro,EUO,21.6333,21.5636,0.32323,0.0697,42050.01,909680567.8662
06/27/2012,ProShares UltraShort Euro,EUO,21.5636,21.4682,0.44438,0.0954,42050.01,906749681.8904
06/26/2012,ProShares UltraShort Euro,EUO,21.4682,21.4418,0.12312,0.0264,42050.01,902738110.5548
06/25/2012,ProShares UltraShort Euro,EUO,21.4418,21.2445,0.92871,0.1973,42050.01,901627990.1852
06/22/2012,ProShares UltraShort Euro,EUO,21.2445,21.2959,-0.24136,-0.0514,39900.01,847655847.423
06/21/2012,ProShares UltraShort Euro,EUO,21.2959,20.8489,2.14400,0.447,39900.01,849706708.1426
06/20/2012,ProShares UltraShort Euro,EUO,20.8489,20.8463,0.01247,0.0026,39900.01,831871401.8846
06/19/2012,ProShares UltraShort Euro,EUO,20.8463,21.2067,-1.69946,-0.3604,39900.01,831767661.8482
06/18/2012,ProShares UltraShort Euro,EUO,21.2067,20.939,1.27848,0.2677,39900.01,846147626.8938
06/15/2012,ProShares UltraShort Euro,EUO,20.939,21.0731,-0.63636,-0.1341,39900.01,835466393.146
06/14/2012,ProShares UltraShort Euro,EUO,21.0731,21.2298,-0.73811,-0.1567,39900.01,840816985.0234
06/13/2012,ProShares UltraShort Euro,EUO,21.2298,21.4607,-1.07592,-0.2309,39900.01,847069317.2172
06/12/2012,ProShares UltraShort Euro,EUO,21.4607,21.5347,-0.34363,-0.074,39900.01,856282230.4498
06/11/2012,ProShares UltraShort Euro,EUO,21.5347,21.4806,0.25186,0.0541,39900.01,859234831.4858
06/08/2012,ProShares UltraShort Euro,EUO,21.4806,21.2654,1.01197,0.2152,39900.01,857076240.7284
06/07/2012,ProShares UltraShort Euro,EUO,21.2654,21.2253,0.18893,0.0401,41000.01,871881697.7156
06/06/2012,ProShares UltraShort Euro,EUO,21.2253,21.6534,-1.97706,-0.4281,42200.01,895707957.1542
06/05/2012,ProShares UltraShort Euro,EUO,21.6534,21.5067,0.68211,0.1467,43800.01,948419223.1476
06/04/2012,ProShares UltraShort Euro,EUO,21.5067,21.7839,-1.27250,-0.2772,44750.01,962425126.0938
06/01/2012,ProShares UltraShort Euro,EUO,21.7839,21.976,-0.87414,-0.1921,45500.01,991167754.9746
05/31/2012,ProShares UltraShort Euro,EUO,21.976,21.9626,0.06101,0.0134,46300.01,1017489107.664
05/30/2012,ProShares UltraShort Euro,EUO,21.9626,21.5169,2.07140,0.4457,46300.01,1016868687.4764
05/29/2012,ProShares UltraShort Euro,EUO,21.5169,21.4742,0.19884,0.0427,46300.01,996232771.2366
05/25/2012,ProShares UltraShort Euro,EUO,21.4742,21.4063,0.31720,0.0679,46300.01,994255760.6388
05/24/2012,ProShares UltraShort Euro,EUO,21.4063,21.1742,1.09615,0.2321,46300.01,991111989.6882
05/23/2012,ProShares UltraShort Euro,EUO,21.1742,20.915,1.23930,0.2592,46300.01,980365756.4388
05/22/2012,ProShares UltraShort Euro,EUO,20.915,20.4774,2.13699,0.4376,46600.01,974639292.81
05/21/2012,ProShares UltraShort Euro,EUO,20.4774,20.6142,-0.66362,-0.1368,48000.01,982915486.6836
05/18/2012,ProShares UltraShort Euro,EUO,20.6142,20.847,-1.11671,-0.2328,48000.01,989481888.5988
05/17/2012,ProShares UltraShort Euro,EUO,20.847,20.8304,0.07969,0.0166,48000.01,1000656291.858
05/16/2012,ProShares UltraShort Euro,EUO,20.8304,20.7658,0.31109,0.0646,48000.01,999859491.6256
05/15/2012,ProShares UltraShort Euro,EUO,20.7658,20.4263,1.66207,0.3395,46500.01,965609990.7212
05/14/2012,ProShares UltraShort Euro,EUO,20.4263,20.1568,1.33702,0.2695,46500.01,949823235.9682
05/11/2012,ProShares UltraShort Euro,EUO,20.1568,20.095,0.30754,0.0618,44000.01,886899482.1952
05/10/2012,ProShares UltraShort Euro,EUO,20.095,20.085,0.04979,0.01,44000.01,884180281.33
05/09/2012,ProShares UltraShort Euro,EUO,20.085,19.887,0.99563,0.198,44000.01,883740281.19
05/08/2012,ProShares UltraShort Euro,EUO,19.887,19.751,0.68857,0.136,44000.01,875028278.418
05/07/2012,ProShares UltraShort Euro,EUO,19.751,19.657,0.47820,0.094,44000.01,869044276.514
05/04/2012,ProShares UltraShort Euro,EUO,19.657,19.471,0.95527,0.186,44000.01,864908275.198
05/03/2012,ProShares UltraShort Euro,EUO,19.47,19.46,0.05139,0.01,44000.01,856680272.58
05/02/2012,ProShares UltraShort Euro,EUO,19.46,19.218,1.25924,0.242,44000.01,856240272.44
05/01/2012,ProShares UltraShort Euro,EUO,19.218,19.225,-0.03641,-0.007,44000.01,845592269.052
04/30/2012,ProShares UltraShort Euro,EUO,19.225,19.226,-0.00520,-0.001,44000.01,845900269.15
04/27/2012,ProShares UltraShort Euro,EUO,19.226,19.224,0.01040,0.002,44000.01,845944269.164
04/26/2012,ProShares UltraShort Euro,EUO,19.224,19.277,-0.27494,-0.053,44000.01,845856269.136
04/25/2012,ProShares UltraShort Euro,EUO,19.276,19.373,-0.50070,-0.097,42800.01,825013069.864
04/24/2012,ProShares UltraShort Euro,EUO,19.374,19.478,-0.53394,-0.104,42800.01,829207471.236
04/23/2012,ProShares UltraShort Euro,EUO,19.478,19.307,0.88569,0.171,42800.01,833658672.692
04/20/2012,ProShares UltraShort Euro,EUO,19.307,19.533,-1.15702,-0.226,42800.01,826339870.298
04/19/2012,ProShares UltraShort Euro,EUO,19.533,19.59,-0.29096,-0.057,42800.01,836012673.462
04/18/2012,ProShares UltraShort Euro,EUO,19.59,19.557,0.16874,0.033,42800.01,838452274.26
04/17/2012,ProShares UltraShort Euro,EUO,19.557,19.526,0.15876,0.031,42800.01,837039873.798
04/16/2012,ProShares UltraShort Euro,EUO,19.526,19.715,-0.95866,-0.189,42800.01,835713073.364
04/13/2012,ProShares UltraShort Euro,EUO,19.715,19.384,1.70759,0.331,42800.01,843802276.01
04/12/2012,ProShares UltraShort Euro,EUO,19.384,19.632,-1.26324,-0.248,42800.01,829635471.376
04/11/2012,ProShares UltraShort Euro,EUO,19.632,19.708,-0.38563,-0.076,42800.01,840249874.848
04/10/2012,ProShares UltraShort Euro,EUO,19.708,19.613,0.48437,0.095,42800.01,843502675.912
04/09/2012,ProShares UltraShort Euro,EUO,19.612,19.759,-0.74396,-0.147,42800.01,839393874.568
04/05/2012,ProShares UltraShort Euro,EUO,19.76,19.541,1.12072,0.219,42800.01,845728276.64
04/04/2012,ProShares UltraShort Euro,EUO,19.54,19.266,1.42219,0.274,42800.01,836312273.56
04/03/2012,ProShares UltraShort Euro,EUO,19.267,18.996,1.42662,0.271,42800.01,824627869.738
04/02/2012,ProShares UltraShort Euro,EUO,18.996,18.972,0.12650,0.024,43200.01,820627465.944
03/30/2012,ProShares UltraShort Euro,EUO,18.972,19.096,-0.64935,-0.124,43200.01,819590665.608
03/29/2012,ProShares UltraShort Euro,EUO,19.096,19.018,0.41014,0.078,43200.01,824947467.344
03/28/2012,ProShares UltraShort Euro,EUO,19.018,19.019,-0.00526,-0.001,43200.01,821577866.252
03/27/2012,ProShares UltraShort Euro,EUO,19.019,18.912,0.56578,0.107,43200.01,821621066.266
03/26/2012,ProShares UltraShort Euro,EUO,18.912,19.179,-1.39215,-0.267,43200.01,816998664.768
03/23/2012,ProShares UltraShort Euro,EUO,19.179,19.414,-1.21047,-0.235,43750.01,839081518.506
03/22/2012,ProShares UltraShort Euro,EUO,19.414,19.349,0.33593,0.065,44450.01,862952571.796
03/21/2012,ProShares UltraShort Euro,EUO,19.349,19.312,0.19159,0.037,44450.01,860063320.886
03/20/2012,ProShares UltraShort Euro,EUO,19.312,19.265,0.24397,0.047,44450.01,858418670.368
03/19/2012,ProShares UltraShort Euro,EUO,19.266,19.481,-1.10364,-0.215,44850.01,864080369.724
03/16/2012,ProShares UltraShort Euro,EUO,19.481,19.734,-1.28205,-0.253,45350.01,883463622.734
03/15/2012,ProShares UltraShort Euro,EUO,19.734,19.911,-0.88896,-0.177,45350.01,894937176.276
03/14/2012,ProShares UltraShort Euro,EUO,19.911,19.768,0.72339,0.143,45750.01,910928528.754
03/13/2012,ProShares UltraShort Euro,EUO,19.768,19.542,1.15648,0.226,45750.01,904386276.752
03/12/2012,ProShares UltraShort Euro,EUO,19.542,19.643,-0.51418,-0.101,45750.01,894046773.588
03/09/2012,ProShares UltraShort Euro,EUO,19.643,19.207,2.27001,0.436,45750.01,898667525.002
03/08/2012,ProShares UltraShort Euro,EUO,19.207,19.56,-1.80470,-0.353,46500.01,893125768.898
03/07/2012,ProShares UltraShort Euro,EUO,19.56,19.66,-0.50865,-0.1,46500.01,909540273.84
03/06/2012,ProShares UltraShort Euro,EUO,19.659,19.349,1.60215,0.31,46500.01,914143775.226
03/05/2012,ProShares UltraShort Euro,EUO,19.349,19.4,-0.26289,-0.051,45750.01,885217020.886
03/02/2012,ProShares UltraShort Euro,EUO,19.401,19.109,1.52808,0.292,45750.01,887596021.614
03/01/2012,ProShares UltraShort Euro,EUO,19.109,19.061,0.25182,0.048,45750.01,874237017.526
02/29/2012,ProShares UltraShort Euro,EUO,19.061,18.673,2.07787,0.388,45750.01,872041016.854
02/28/2012,ProShares UltraShort Euro,EUO,18.673,18.859,-0.98627,-0.186,45750.01,854290011.422
02/27/2012,ProShares UltraShort Euro,EUO,18.86,18.67,1.01768,0.19,45750.01,862845264.04
02/24/2012,ProShares UltraShort Euro,EUO,18.67,18.936,-1.40473,-0.266,45750.01,854152761.38
02/23/2012,ProShares UltraShort Euro,EUO,18.935,19.309,-1.93692,-0.374,45750.01,866276515.09
02/22/2012,ProShares UltraShort Euro,EUO,19.309,19.318,-0.04659,-0.009,44350.01,856354420.326
02/21/2012,ProShares UltraShort Euro,EUO,19.319,19.57,-1.28258,-0.251,44350.01,856797920.466
02/17/2012,ProShares UltraShort Euro,EUO,19.57,19.63,-0.30565,-0.06,44350.01,867929773.98
02/16/2012,ProShares UltraShort Euro,EUO,19.63,19.844,-1.07841,-0.214,44350.01,870590774.82
02/15/2012,ProShares UltraShort Euro,EUO,19.844,19.685,0.80772,0.159,44350.01,880081677.816
02/14/2012,ProShares UltraShort Euro,EUO,19.686,19.48,1.05749,0.206,44350.01,873074375.604
02/13/2012,ProShares UltraShort Euro,EUO,19.48,19.535,-0.28155,-0.055,44350.01,863938272.72
02/10/2012,ProShares UltraShort Euro,EUO,19.535,19.209,1.69712,0.326,44350.01,866377523.49
02/09/2012,ProShares UltraShort Euro,EUO,19.209,19.288,-0.40958,-0.079,44350.01,851919418.926
02/08/2012,ProShares UltraShort Euro,EUO,19.288,19.303,-0.07771,-0.015,45950.01,886283870.032
02/07/2012,ProShares UltraShort Euro,EUO,19.303,19.669,-1.86080,-0.366,45950.01,886973120.242
02/06/2012,ProShares UltraShort Euro,EUO,19.669,19.626,0.21910,0.043,45950.01,903790825.366
02/03/2012,ProShares UltraShort Euro,EUO,19.626,19.63,-0.02038,-0.004,45950.01,901814974.764
02/02/2012,ProShares UltraShort Euro,EUO,19.63,19.615,0.07647,0.015,45950.01,901998774.82
02/01/2012,ProShares UltraShort Euro,EUO,19.614,19.83,-1.08926,-0.216,45950.01,901263574.596
01/31/2012,ProShares UltraShort Euro,EUO,19.83,19.684,0.74172,0.146,46650.01,925069777.62
01/30/2012,ProShares UltraShort Euro,EUO,19.684,19.422,1.34899,0.262,46650.01,918258875.576
01/27/2012,ProShares UltraShort Euro,EUO,19.422,19.773,-1.77515,-0.351,47400.01,920603071.908
01/26/2012,ProShares UltraShort Euro,EUO,19.772,19.742,0.15196,0.03,48000.01,949056276.808
01/25/2012,ProShares UltraShort Euro,EUO,19.743,20.007,-1.31954,-0.264,48400.01,955561476.402
01/24/2012,ProShares UltraShort Euro,EUO,20.007,19.986,0.10507,0.021,48400.01,968339080.098
01/23/2012,ProShares UltraShort Euro,EUO,19.986,20.305,-1.57104,-0.319,48400.01,967322679.804
01/20/2012,ProShares UltraShort Euro,EUO,20.304,20.199,0.51983,0.105,49300.01,1000987484.256
01/19/2012,ProShares UltraShort Euro,EUO,20.199,20.542,-1.66975,-0.343,49300.01,995810982.786
01/18/2012,ProShares UltraShort Euro,EUO,20.541,20.963,-2.01307,-0.422,49800.01,1022942087.574
01/17/2012,ProShares UltraShort Euro,EUO,20.964,21.126,-0.76683,-0.162,50700.01,1062875093.496
01/13/2012,ProShares UltraShort Euro,EUO,21.125,20.67,2.20126,0.455,50700.01,1071037795.75
01/12/2012,ProShares UltraShort Euro,EUO,20.67,21.068,-1.88912,-0.398,51600.01,1066572289.38
01/11/2012,ProShares UltraShort Euro,EUO,21.068,20.853,1.03103,0.215,53600.01,1129245094.952
01/10/2012,ProShares UltraShort Euro,EUO,20.853,20.854,-0.00480,-0.001,54100.01,1128147591.942
01/09/2012,ProShares UltraShort Euro,EUO,20.853,21.023,-0.80864,-0.17,54100.01,1128147591.942
01/06/2012,ProShares UltraShort Euro,EUO,21.024,20.791,1.12068,0.233,54100.01,1137398694.336
01/05/2012,ProShares UltraShort Euro,EUO,20.791,20.315,2.34310,0.476,54100.01,1124793391.074
01/04/2012,ProShares UltraShort Euro,EUO,20.314,19.984,1.65132,0.33,54100.01,1098987684.396
01/03/2012,ProShares UltraShort Euro,EUO,19.984,20.337,-1.73575,-0.353,54100.01,1081134679.776
12/30/2011,ProShares UltraShort Euro,EUO,20.337,20.27,0.33054,0.067,54100.01,1100231984.718
12/29/2011,ProShares UltraShort Euro,EUO,20.269,20.342,-0.35886,-0.073,53850.01,1091485933.766
12/28/2011,ProShares UltraShort Euro,EUO,20.343,19.944,2.00060,0.399,53050.01,1079196434.802
12/27/2011,ProShares UltraShort Euro,EUO,19.943,20.025,-0.40949,-0.082,53050.01,1057976429.202
12/23/2011,ProShares UltraShort Euro,EUO,20.025,20,0.12500,0.025,53050.01,1062326530.35
12/22/2011,ProShares UltraShort Euro,EUO,20,20.014,-0.06995,-0.014,53050.01,1061000280
12/21/2011,ProShares UltraShort Euro,EUO,20.015,19.92,0.47691,0.095,53050.01,1061796030.21
12/20/2011,ProShares UltraShort Euro,EUO,19.92,20.175,-1.26394,-0.255,53050.01,1056756278.88
12/19/2011,ProShares UltraShort Euro,EUO,20.175,20.045,0.64854,0.13,53050.01,1070284032.45
12/16/2011,ProShares UltraShort Euro,EUO,20.045,20.115,-0.34800,-0.07,53050.01,1063387530.63
12/15/2011,ProShares UltraShort Euro,EUO,20.115,20.206,-0.45036,-0.091,53250.01,1071124031.61
12/14/2011,ProShares UltraShort Euro,EUO,20.206,20.062,0.71777,0.144,52250.01,1055763782.884
12/13/2011,ProShares UltraShort Euro,EUO,20.061,19.594,2.38338,0.467,52250.01,1048187530.854
12/12/2011,ProShares UltraShort Euro,EUO,19.595,19.085,2.67226,0.51,52950.01,1037555524.33
12/09/2011,ProShares UltraShort Euro,EUO,19.085,19.177,-0.47974,-0.092,52950.01,1010551017.19
12/08/2011,ProShares UltraShort Euro,EUO,19.176,18.999,0.93163,0.177,53650.01,1028792668.464
12/07/2011,ProShares UltraShort Euro,EUO,18.999,19.014,-0.07889,-0.015,53650.01,1019296615.986
12/06/2011,ProShares UltraShort Euro,EUO,19.014,19.029,-0.07883,-0.015,53650.01,1020101366.196
12/05/2011,ProShares UltraShort Euro,EUO,19.029,18.999,0.15790,0.03,54350.01,1034226416.406
12/02/2011,ProShares UltraShort Euro,EUO,18.999,18.843,0.82789,0.156,54850.01,1042095415.986
12/01/2011,ProShares UltraShort Euro,EUO,18.843,18.92,-0.40698,-0.077,54850.01,1033538813.802
11/30/2011,ProShares UltraShort Euro,EUO,18.919,19.226,-1.59680,-0.307,54850.01,1037707414.866
11/29/2011,ProShares UltraShort Euro,EUO,19.226,19.279,-0.27491,-0.053,54850.01,1054546369.164
11/28/2011,ProShares UltraShort Euro,EUO,19.279,19.508,-1.17388,-0.229,54850.01,1057453419.906
11/25/2011,ProShares UltraShort Euro,EUO,19.508,19.212,1.54070,0.296,54850.01,1070014073.112
11/23/2011,ProShares UltraShort Euro,EUO,19.211,18.724,2.60094,0.487,54850.01,1053723618.954
11/22/2011,ProShares UltraShort Euro,EUO,18.724,18.754,-0.15997,-0.03,54850.01,1027011662.136
11/21/2011,ProShares UltraShort Euro,EUO,18.755,18.721,0.18161,0.034,53850.01,1009957012.57
11/18/2011,ProShares UltraShort Euro,EUO,18.721,18.858,-0.72648,-0.137,53850.01,1008126112.094
11/17/2011,ProShares UltraShort Euro,EUO,18.858,18.832,0.13806,0.026,53850.01,1015503564.012
11/16/2011,ProShares UltraShort Euro,EUO,18.831,18.681,0.80295,0.15,53250.01,1002751013.634
11/15/2011,ProShares UltraShort Euro,EUO,18.682,18.429,1.37284,0.253,53250.01,994816761.548
11/14/2011,ProShares UltraShort Euro,EUO,18.429,18.088,1.88523,0.341,51750.01,953701008.006
11/11/2011,ProShares UltraShort Euro,EUO,18.088,18.501,-2.23231,-0.413,51750.01,936054253.232
11/10/2011,ProShares UltraShort Euro,EUO,18.501,18.642,-0.75636,-0.141,50900.01,941701159.014
11/09/2011,ProShares UltraShort Euro,EUO,18.642,17.909,4.09291,0.733,50900.01,948878060.988
11/08/2011,ProShares UltraShort Euro,EUO,17.909,18.06,-0.83610,-0.151,50900.01,911568350.726
11/07/2011,ProShares UltraShort Euro,EUO,18.06,18.089,-0.16032,-0.029,50900.01,919254252.84
11/04/2011,ProShares UltraShort Euro,EUO,18.089,17.977,0.62302,0.112,49700.01,899023553.246
11/03/2011,ProShares UltraShort Euro,EUO,17.977,18.191,-1.17641,-0.214,49200.01,884468651.678
11/02/2011,ProShares UltraShort Euro,EUO,18.191,18.301,-0.60106,-0.11,49200.01,894997454.674
11/01/2011,ProShares UltraShort Euro,EUO,18.301,17.936,2.03501,0.365,49200.01,900409456.214
10/31/2011,ProShares UltraShort Euro,EUO,17.937,17.156,4.55234,0.781,50000.01,896850251.118
10/28/2011,ProShares UltraShort Euro,EUO,17.156,17.089,0.39207,0.067,50000.01,857800240.184
10/27/2011,ProShares UltraShort Euro,EUO,17.089,17.812,-4.05906,-0.723,50900.01,869830339.246
10/26/2011,ProShares UltraShort Euro,EUO,17.812,17.818,-0.03367,-0.006,51900.01,924443049.368
10/25/2011,ProShares UltraShort Euro,EUO,17.818,17.76,0.32658,0.058,51900.01,924754449.452
10/24/2011,ProShares UltraShort Euro,EUO,17.76,17.839,-0.44285,-0.079,50600.01,898656248.64
10/21/2011,ProShares UltraShort Euro,EUO,17.839,18.137,-1.64305,-0.298,50600.01,902653649.746
10/20/2011,ProShares UltraShort Euro,EUO,18.137,18.224,-0.47739,-0.087,50600.01,917732453.918
10/19/2011,ProShares UltraShort Euro,EUO,18.223,18.193,0.16490,0.03,50000.01,911150255.122
10/18/2011,ProShares UltraShort Euro,EUO,18.194,18.243,-0.26860,-0.049,50000.01,909700254.716
10/17/2011,ProShares UltraShort Euro,EUO,18.243,17.905,1.88774,0.338,48600.01,886610055.402
10/14/2011,ProShares UltraShort Euro,EUO,17.904,18.144,-1.32275,-0.24,48000.01,859392250.656
10/13/2011,ProShares UltraShort Euro,EUO,18.144,18.133,0.06066,0.011,48000.01,870912254.016
10/12/2011,ProShares UltraShort Euro,EUO,18.133,18.437,-1.64886,-0.304,48000.01,870384253.862
10/11/2011,ProShares UltraShort Euro,EUO,18.436,18.514,-0.42130,-0.078,47550.01,876632058.104
10/10/2011,ProShares UltraShort Euro,EUO,18.514,19.279,-3.96805,-0.765,46600.01,862752659.196
10/07/2011,ProShares UltraShort Euro,EUO,19.279,19.097,0.95303,0.182,46600.01,898401669.906
10/06/2011,ProShares UltraShort Euro,EUO,19.097,19.405,-1.58722,-0.308,46600.01,889920467.358
10/05/2011,ProShares UltraShort Euro,EUO,19.405,19.481,-0.39012,-0.076,46600.01,904273271.67
10/04/2011,ProShares UltraShort Euro,EUO,19.481,19.83,-1.75996,-0.349,46600.01,907814872.734
10/03/2011,ProShares UltraShort Euro,EUO,19.83,19.28,2.85270,0.55,47100.01,933993277.62
09/30/2011,ProShares UltraShort Euro,EUO,19.28,18.746,2.84861,0.534,48600.01,937008269.92
09/29/2011,ProShares UltraShort Euro,EUO,18.746,18.867,-0.64133,-0.121,49350.01,925115362.444
09/28/2011,ProShares UltraShort Euro,EUO,18.867,18.739,0.68307,0.128,49350.01,931086714.138
09/27/2011,ProShares UltraShort Euro,EUO,18.739,18.975,-1.24374,-0.236,49650.01,930391612.346
09/26/2011,ProShares UltraShort Euro,EUO,18.976,18.945,0.16363,0.031,50150.01,951646665.664
09/23/2011,ProShares UltraShort Euro,EUO,18.945,19.082,-0.71795,-0.137,49800.01,943461265.23
09/22/2011,ProShares UltraShort Euro,EUO,19.082,18.753,1.75439,0.329,48250.01,920706767.148
09/21/2011,ProShares UltraShort Euro,EUO,18.753,18.547,1.11069,0.206,47850.01,897331312.542
09/20/2011,ProShares UltraShort Euro,EUO,18.548,18.503,0.24320,0.045,47850.01,887522059.672
09/19/2011,ProShares UltraShort Euro,EUO,18.503,18.223,1.53652,0.28,47850.01,885368809.042
09/16/2011,ProShares UltraShort Euro,EUO,18.223,17.991,1.28953,0.232,47850.01,871970805.122
09/15/2011,ProShares UltraShort Euro,EUO,17.991,18.347,-1.94037,-0.356,47850.01,860869601.874
09/14/2011,ProShares UltraShort Euro,EUO,18.347,18.504,-0.84847,-0.157,47850.01,877904206.858
09/13/2011,ProShares UltraShort Euro,EUO,18.504,18.585,-0.43584,-0.081,47850.01,885416659.056
09/12/2011,ProShares UltraShort Euro,EUO,18.585,18.595,-0.05378,-0.01,47850.01,889292510.19
09/09/2011,ProShares UltraShort Euro,EUO,18.595,18.007,3.26540,0.588,45250.01,841424010.33
09/08/2011,ProShares UltraShort Euro,EUO,18.007,17.476,3.03845,0.531,42850.01,771600202.098
09/07/2011,ProShares UltraShort Euro,EUO,17.477,17.734,-1.44919,-0.257,41550.01,726169594.678
09/06/2011,ProShares UltraShort Euro,EUO,17.734,17.271,2.68079,0.463,41550.01,736847948.276
09/02/2011,ProShares UltraShort Euro,EUO,17.271,17.093,1.04136,0.178,41550.01,717610291.794
09/01/2011,ProShares UltraShort Euro,EUO,17.092,16.873,1.29793,0.219,41550.01,710172839.288
08/31/2011,ProShares UltraShort Euro,EUO,16.874,16.67,1.22376,0.204,41550.01,701114936.236
08/30/2011,ProShares UltraShort Euro,EUO,16.67,16.543,0.76770,0.127,41550.01,692638733.38
08/29/2011,ProShares UltraShort Euro,EUO,16.543,16.577,-0.20510,-0.034,41050.01,679090381.602
08/26/2011,ProShares UltraShort Euro,EUO,16.577,16.833,-1.52082,-0.256,41050.01,680486082.078
08/25/2011,ProShares UltraShort Euro,EUO,16.833,16.759,0.44155,0.074,41050.01,690994885.662
08/24/2011,ProShares UltraShort Euro,EUO,16.759,16.711,0.28724,0.048,41050.01,687957184.626
08/23/2011,ProShares UltraShort Euro,EUO,16.711,16.895,-1.08908,-0.184,39550.01,660920283.954
08/22/2011,ProShares UltraShort Euro,EUO,16.895,16.82,0.44590,0.075,39550.01,668197486.53
08/19/2011,ProShares UltraShort Euro,EUO,16.82,16.96,-0.82547,-0.14,39550.01,665231235.48
08/18/2011,ProShares UltraShort Euro,EUO,16.961,16.735,1.35046,0.226,39550.01,670807787.454
08/17/2011,ProShares UltraShort Euro,EUO,16.735,16.796,-0.36318,-0.061,38550.01,645134484.29
08/16/2011,ProShares UltraShort Euro,EUO,16.796,16.724,0.43052,0.072,38550.01,647486035.144
08/15/2011,ProShares UltraShort Euro,EUO,16.724,17.188,-2.69956,-0.464,38550.01,644710434.136
08/12/2011,ProShares UltraShort Euro,EUO,17.188,17.239,-0.29584,-0.051,38550.01,662597640.632
08/11/2011,ProShares UltraShort Euro,EUO,17.239,17.359,-0.69128,-0.12,38550.01,664563691.346
08/10/2011,ProShares UltraShort Euro,EUO,17.36,16.997,2.13567,0.363,38550.01,669228243.04
08/09/2011,ProShares UltraShort Euro,EUO,16.997,17.307,-1.79118,-0.31,39650.01,673931287.958
08/08/2011,ProShares UltraShort Euro,EUO,17.307,17.141,0.96844,0.166,39650.01,686222792.298
08/05/2011,ProShares UltraShort Euro,EUO,17.141,17.539,-2.26923,-0.398,40250.01,689925489.974
08/04/2011,ProShares UltraShort Euro,EUO,17.538,17.075,2.71157,0.463,40250.01,705904745.532
08/03/2011,ProShares UltraShort Euro,EUO,17.075,17.337,-1.51122,-0.262,39250.01,670193989.05
08/02/2011,ProShares UltraShort Euro,EUO,17.337,17.227,0.63853,0.11,38650.01,670075292.718
08/01/2011,ProShares UltraShort Euro,EUO,17.227,16.972,1.50247,0.255,38650.01,665823791.178
07/29/2011,ProShares UltraShort Euro,EUO,16.972,17.115,-0.83552,-0.143,38650.01,655968037.608
07/28/2011,ProShares UltraShort Euro,EUO,17.115,16.962,0.90202,0.153,38150.01,652937489.61
07/27/2011,ProShares UltraShort Euro,EUO,16.962,16.638,1.94735,0.324,38150.01,647100537.468
07/26/2011,ProShares UltraShort Euro,EUO,16.639,16.984,-2.03132,-0.345,38650.01,643097582.946
07/25/2011,ProShares UltraShort Euro,EUO,16.983,16.989,-0.03532,-0.006,38650.01,656393187.762
07/22/2011,ProShares UltraShort Euro,EUO,16.989,16.968,0.12376,0.021,37850.01,643033887.846
07/21/2011,ProShares UltraShort Euro,EUO,16.968,17.345,-2.17354,-0.377,37850.01,642239037.552
07/20/2011,ProShares UltraShort Euro,EUO,17.345,17.555,-1.19624,-0.21,37850.01,656508492.83
07/19/2011,ProShares UltraShort Euro,EUO,17.555,17.633,-0.44235,-0.078,37850.01,664456995.77
07/18/2011,ProShares UltraShort Euro,EUO,17.632,17.545,0.49587,0.087,37850.01,667371446.848
07/15/2011,ProShares UltraShort Euro,EUO,17.545,17.589,-0.25016,-0.044,38150.01,669341995.63
07/14/2011,ProShares UltraShort Euro,EUO,17.589,17.569,0.11384,0.02,38150.01,671020596.246
07/13/2011,ProShares UltraShort Euro,EUO,17.569,18.005,-2.42155,-0.436,38600.01,678163645.966
07/12/2011,ProShares UltraShort Euro,EUO,18.005,17.904,0.56412,0.101,38600.01,694993252.07
07/11/2011,ProShares UltraShort Euro,EUO,17.904,17.305,3.46143,0.599,37800.01,676771450.656
07/08/2011,ProShares UltraShort Euro,EUO,17.305,17.085,1.28768,0.22,37800.01,654129242.27
07/07/2011,ProShares UltraShort Euro,EUO,17.085,17.193,-0.62816,-0.108,37800.01,645813239.19
07/06/2011,ProShares UltraShort Euro,EUO,17.193,16.926,1.57745,0.267,36850.01,633562290.702
07/05/2011,ProShares UltraShort Euro,EUO,16.925,16.687,1.42626,0.238,36850.01,623686486.95
07/01/2011,ProShares UltraShort Euro,EUO,16.688,16.751,-0.37610,-0.063,37750.01,629972233.632
06/30/2011,ProShares UltraShort Euro,EUO,16.75,16.918,-0.99303,-0.168,37750.01,632312734.5
06/29/2011,ProShares UltraShort Euro,EUO,16.918,17.08,-0.94848,-0.162,37150.01,628503936.852
06/28/2011,ProShares UltraShort Euro,EUO,17.08,17.284,-1.18028,-0.204,37150.01,634522239.12
06/27/2011,ProShares UltraShort Euro,EUO,17.284,17.531,-1.40893,-0.247,37150.01,642100841.976
06/24/2011,ProShares UltraShort Euro,EUO,17.531,17.342,1.08984,0.189,34950.01,612708695.434
06/23/2011,ProShares UltraShort Euro,EUO,17.342,17.112,1.34409,0.23,34950.01,606103142.788
06/22/2011,ProShares UltraShort Euro,EUO,17.113,17.002,0.65286,0.111,34050.01,582697889.582
06/21/2011,ProShares UltraShort Euro,EUO,17.002,17.258,-1.48337,-0.256,34050.01,578918338.028
06/20/2011,ProShares UltraShort Euro,EUO,17.258,17.243,0.08699,0.015,33300.01,574691641.612
06/17/2011,ProShares UltraShort Euro,EUO,17.243,17.549,-1.74369,-0.306,33300.01,574192141.402
06/16/2011,ProShares UltraShort Euro,EUO,17.549,17.581,-0.18201,-0.032,32900.01,577362345.686
06/15/2011,ProShares UltraShort Euro,EUO,17.582,16.934,3.82662,0.648,32150.01,565261546.148
06/14/2011,ProShares UltraShort Euro,EUO,16.933,17.018,-0.49947,-0.085,32150.01,544396187.062
06/13/2011,ProShares UltraShort Euro,EUO,17.018,17.211,-1.12138,-0.193,32150.01,547128938.252
06/10/2011,ProShares UltraShort Euro,EUO,17.211,16.805,2.41595,0.406,32150.01,553333890.954
06/09/2011,ProShares UltraShort Euro,EUO,16.806,16.673,0.79770,0.133,30050.01,505020535.284
06/08/2011,ProShares UltraShort Euro,EUO,16.673,16.426,1.50371,0.247,30050.01,501023883.422
06/07/2011,ProShares UltraShort Euro,EUO,16.426,16.692,-1.59358,-0.266,30050.01,493601529.964
06/06/2011,ProShares UltraShort Euro,EUO,16.692,16.537,0.93729,0.155,30050.01,501594833.688
06/03/2011,ProShares UltraShort Euro,EUO,16.537,16.873,-1.99135,-0.336,30050.01,496937081.518
06/02/2011,ProShares UltraShort Euro,EUO,16.873,17.238,-2.11742,-0.365,30050.01,507033886.222
06/01/2011,ProShares UltraShort Euro,EUO,17.238,17.118,0.70102,0.12,30050.01,518002141.332
05/31/2011,ProShares UltraShort Euro,EUO,17.118,17.377,-1.49048,-0.259,29650.01,507548939.652
05/27/2011,ProShares UltraShort Euro,EUO,17.377,17.754,-2.12347,-0.377,29350.01,510015193.278
05/26/2011,ProShares UltraShort Euro,EUO,17.754,17.894,-0.78239,-0.14,29350.01,521080148.556
05/25/2011,ProShares UltraShort Euro,EUO,17.894,17.831,0.35332,0.063,29350.01,525189150.516
05/24/2011,ProShares UltraShort Euro,EUO,17.83,17.987,-0.87285,-0.157,29350.01,523310749.62
05/23/2011,ProShares UltraShort Euro,EUO,17.987,17.719,1.51250,0.268,28050.01,504535601.818
05/20/2011,ProShares UltraShort Euro,EUO,17.719,17.346,2.15035,0.373,26550.01,470439698.066
05/19/2011,ProShares UltraShort Euro,EUO,17.347,17.526,-1.02134,-0.179,26550.01,460563092.858
05/18/2011,ProShares UltraShort Euro,EUO,17.526,17.566,-0.22771,-0.04,26550.01,465315545.364
05/17/2011,ProShares UltraShort Euro,EUO,17.566,17.673,-0.60544,-0.107,26550.01,466377545.924
05/16/2011,ProShares UltraShort Euro,EUO,17.672,17.864,-1.07479,-0.192,26100.01,461239447.408
05/13/2011,ProShares UltraShort Euro,EUO,17.865,17.541,1.84710,0.324,24600.01,439479250.11
05/12/2011,ProShares UltraShort Euro,EUO,17.541,17.633,-0.52175,-0.092,24300.01,426246545.574
05/11/2011,ProShares UltraShort Euro,EUO,17.632,17.165,2.72065,0.467,24300.01,428457846.848
05/10/2011,ProShares UltraShort Euro,EUO,17.165,17.281,-0.67126,-0.116,24300.01,417109740.31
05/09/2011,ProShares UltraShort Euro,EUO,17.282,17.283,-0.00579,-0.001,24300.01,419952841.948
05/06/2011,ProShares UltraShort Euro,EUO,17.283,16.88,2.38744,0.403,22550.01,389731891.962
05/05/2011,ProShares UltraShort Euro,EUO,16.879,16.22,4.06289,0.659,22550.01,380621686.306
05/04/2011,ProShares UltraShort Euro,EUO,16.22,16.217,0.01850,0.003,22550.01,365761227.08
05/03/2011,ProShares UltraShort Euro,EUO,16.217,16.223,-0.03698,-0.006,22550.01,365693577.038
05/02/2011,ProShares UltraShort Euro,EUO,16.223,16.271,-0.29500,-0.048,22200.01,360150827.122
04/29/2011,ProShares UltraShort Euro,EUO,16.271,16.25,0.12923,0.021,22200.01,361216427.794
04/28/2011,ProShares UltraShort Euro,EUO,16.25,16.312,-0.38009,-0.062,21900.01,355875227.5
04/27/2011,ProShares UltraShort Euro,EUO,16.313,16.663,-2.10046,-0.35,21900.01,357254928.382
04/26/2011,ProShares UltraShort Euro,EUO,16.663,16.798,-0.80367,-0.135,21900.01,364919933.282
04/25/2011,ProShares UltraShort Euro,EUO,16.798,16.858,-0.35591,-0.06,21900.01,367876435.172
04/21/2011,ProShares UltraShort Euro,EUO,16.857,16.963,-0.62489,-0.106,21900.01,369168535.998
04/20/2011,ProShares UltraShort Euro,EUO,16.963,17.411,-2.57309,-0.448,21900.01,371489937.482
04/19/2011,ProShares UltraShort Euro,EUO,17.411,17.654,-1.37646,-0.243,21900.01,381301143.754
04/18/2011,ProShares UltraShort Euro,EUO,17.654,17.192,2.68730,0.462,21900.01,386622847.156
04/15/2011,ProShares UltraShort Euro,EUO,17.191,17.035,0.91576,0.156,21900.01,376483140.674
04/14/2011,ProShares UltraShort Euro,EUO,17.035,17.157,-0.71108,-0.122,21900.01,373066738.49
04/13/2011,ProShares UltraShort Euro,EUO,17.157,17.08,0.45082,0.077,21900.01,375738540.198
04/12/2011,ProShares UltraShort Euro,EUO,17.08,17.198,-0.68613,-0.118,21900.01,374052239.12
04/11/2011,ProShares UltraShort Euro,EUO,17.198,17.134,0.37353,0.064,21900.01,376636440.772
04/08/2011,ProShares UltraShort Euro,EUO,17.134,17.509,-2.14176,-0.375,21900.01,375234839.876
04/07/2011,ProShares UltraShort Euro,EUO,17.509,17.444,0.37262,0.065,21900.01,383447345.126
04/06/2011,ProShares UltraShort Euro,EUO,17.444,17.721,-1.56312,-0.277,21900.01,382023844.216
04/05/2011,ProShares UltraShort Euro,EUO,17.721,17.732,-0.06203,-0.011,21900.01,388090148.094
04/04/2011,ProShares UltraShort Euro,EUO,17.732,17.718,0.07902,0.014,21900.01,388331048.248
04/01/2011,ProShares UltraShort Euro,EUO,17.719,17.843,-0.69495,-0.124,21900.01,388046348.066
03/31/2011,ProShares UltraShort Euro,EUO,17.843,17.967,-0.69015,-0.124,21900.01,390761949.802
03/30/2011,ProShares UltraShort Euro,EUO,17.967,18.026,-0.32731,-0.059,21400.01,384494051.538
03/29/2011,ProShares UltraShort Euro,EUO,18.026,18.054,-0.15509,-0.028,21050.01,379447552.364
03/28/2011,ProShares UltraShort Euro,EUO,18.054,18.099,-0.24863,-0.045,21050.01,380036952.756
03/25/2011,ProShares UltraShort Euro,EUO,18.099,17.853,1.37792,0.246,21050.01,380984203.386
03/24/2011,ProShares UltraShort Euro,EUO,17.853,18.033,-0.99817,-0.18,21050.01,375805899.942
03/23/2011,ProShares UltraShort Euro,EUO,18.034,17.795,1.34307,0.239,21050.01,379615952.476
03/22/2011,ProShares UltraShort Euro,EUO,17.794,17.739,0.31005,0.055,21050.01,374563949.116
03/21/2011,ProShares UltraShort Euro,EUO,17.74,17.876,-0.76080,-0.136,21350.01,378749248.36
03/18/2011,ProShares UltraShort Euro,EUO,17.875,18.259,-2.10307,-0.384,21350.01,381631500.25
03/17/2011,ProShares UltraShort Euro,EUO,18.259,18.614,-1.90717,-0.355,21350.01,389829905.626
03/16/2011,ProShares UltraShort Euro,EUO,18.614,18.336,1.51614,0.278,21550.01,401131960.596
03/15/2011,ProShares UltraShort Euro,EUO,18.336,18.329,0.03819,0.007,21550.01,395141056.704
03/14/2011,ProShares UltraShort Euro,EUO,18.329,18.587,-1.38807,-0.258,21550.01,394990206.606
03/11/2011,ProShares UltraShort Euro,EUO,18.587,18.899,-1.65088,-0.312,21550.01,400550110.218
03/10/2011,ProShares UltraShort Euro,EUO,18.898,18.595,1.62947,0.303,21550.01,407252164.572
03/09/2011,ProShares UltraShort Euro,EUO,18.595,18.61,-0.08060,-0.015,21550.01,400722510.33
03/08/2011,ProShares UltraShort Euro,EUO,18.61,18.419,1.03697,0.191,21550.01,401045760.54
03/07/2011,ProShares UltraShort Euro,EUO,18.42,18.39,0.16313,0.03,21950.01,404319257.88
03/04/2011,ProShares UltraShort Euro,EUO,18.39,18.458,-0.36840,-0.068,21950.01,403660757.46
03/03/2011,ProShares UltraShort Euro,EUO,18.457,18.71,-1.35222,-0.253,21950.01,405131408.398
03/02/2011,ProShares UltraShort Euro,EUO,18.71,18.973,-1.38618,-0.263,22350.01,418168761.94
03/01/2011,ProShares UltraShort Euro,EUO,18.972,18.894,0.41283,0.078,22350.01,424024465.608
02/28/2011,ProShares UltraShort Euro,EUO,18.894,19.026,-0.69379,-0.132,22600.01,427004664.516
02/25/2011,ProShares UltraShort Euro,EUO,19.025,18.894,0.69334,0.131,22850.01,434721516.35
02/24/2011,ProShares UltraShort Euro,EUO,18.895,19.05,-0.81365,-0.155,22850.01,431751014.53
02/23/2011,ProShares UltraShort Euro,EUO,19.05,19.313,-1.36178,-0.263,22850.01,435292766.7
02/22/2011,ProShares UltraShort Euro,EUO,19.312,19.221,0.47344,0.091,23150.01,447073070.368
02/18/2011,ProShares UltraShort Euro,EUO,19.222,19.449,-1.16716,-0.227,23150.01,444989569.108
02/17/2011,ProShares UltraShort Euro,EUO,19.449,19.559,-0.56240,-0.11,23450.01,456079322.286
02/16/2011,ProShares UltraShort Euro,EUO,19.559,19.822,-1.32681,-0.263,23450.01,458658823.826
02/15/2011,ProShares UltraShort Euro,EUO,19.822,19.808,0.07068,0.014,23750.01,470772777.508
02/14/2011,ProShares UltraShort Euro,EUO,19.808,19.636,0.87594,0.172,23750.01,470440277.312
02/11/2011,ProShares UltraShort Euro,EUO,19.636,19.506,0.66646,0.13,23750.01,466355274.904
02/10/2011,ProShares UltraShort Euro,EUO,19.506,19.125,1.99216,0.381,23750.01,463267773.084
02/09/2011,ProShares UltraShort Euro,EUO,19.124,19.406,-1.45316,-0.282,23750.01,454195267.736
02/08/2011,ProShares UltraShort Euro,EUO,19.406,19.545,-0.71118,-0.139,23750.01,460892771.684
02/07/2011,ProShares UltraShort Euro,EUO,19.545,19.538,0.03583,0.007,24050.01,470057523.63
02/04/2011,ProShares UltraShort Euro,EUO,19.538,19.408,0.66983,0.13,24050.01,469889173.532
02/03/2011,ProShares UltraShort Euro,EUO,19.409,18.931,2.52496,0.478,24050.01,466786721.726
02/02/2011,ProShares UltraShort Euro,EUO,18.93,18.872,0.30733,0.058,24350.01,460945765.02
02/01/2011,ProShares UltraShort Euro,EUO,18.872,19.27,-2.06539,-0.398,24350.01,459533464.208
01/31/2011,ProShares UltraShort Euro,EUO,19.27,19.512,-1.24026,-0.242,24350.01,469224769.78
01/28/2011,ProShares UltraShort Euro,EUO,19.512,19.151,1.88502,0.361,24350.01,475117473.168
01/27/2011,ProShares UltraShort Euro,EUO,19.151,19.287,-0.70514,-0.136,24350.01,466327118.114
01/26/2011,ProShares UltraShort Euro,EUO,19.287,19.307,-0.10359,-0.02,24600.01,474460470.018
01/25/2011,ProShares UltraShort Euro,EUO,19.306,19.415,-0.56142,-0.109,24600.01,474927870.284
01/24/2011,ProShares UltraShort Euro,EUO,19.415,19.505,-0.46142,-0.09,24600.01,477609271.81
01/21/2011,ProShares UltraShort Euro,EUO,19.505,19.919,-2.07842,-0.414,24600.01,479823273.07
01/20/2011,ProShares UltraShort Euro,EUO,19.919,19.926,-0.03513,-0.007,24600.01,490007678.866
01/19/2011,ProShares UltraShort Euro,EUO,19.926,20.195,-1.33201,-0.269,24400.01,486194678.964
01/18/2011,ProShares UltraShort Euro,EUO,20.195,20.224,-0.14339,-0.029,24400.01,492758282.73
01/14/2011,ProShares UltraShort Euro,EUO,20.224,20.302,-0.38420,-0.078,24100.01,487398683.136
01/13/2011,ProShares UltraShort Euro,EUO,20.302,20.999,-3.31921,-0.697,24100.01,489278484.228
01/12/2011,ProShares UltraShort Euro,EUO,20.999,21.499,-2.32569,-0.5,23650.01,496626643.986
01/11/2011,ProShares UltraShort Euro,EUO,21.498,21.578,-0.37075,-0.08,23400.01,503053500.972
01/10/2011,ProShares UltraShort Euro,EUO,21.578,21.739,-0.74060,-0.161,22600.01,487663102.092
01/07/2011,ProShares UltraShort Euro,EUO,21.739,21.395,1.60785,0.344,22100.01,480432204.346
01/06/2011,ProShares UltraShort Euro,EUO,21.395,20.948,2.13386,0.447,21750.01,465341549.53
01/05/2011,ProShares UltraShort Euro,EUO,20.948,20.504,2.16543,0.444,21600.01,452477093.272
01/04/2011,ProShares UltraShort Euro,EUO,20.504,20.349,0.76171,0.155,21600.01,442886687.056
01/03/2011,ProShares UltraShort Euro,EUO,20.348,20.292,0.27597,0.056,21900.01,445621484.872
12/31/2010,ProShares UltraShort Euro,EUO,20.293,20.547,-1.23619,-0.254,21900.01,444416984.102
12/30/2010,ProShares UltraShort Euro,EUO,20.547,20.756,-1.00694,-0.209,21900.01,449979587.658
12/29/2010,ProShares UltraShort Euro,EUO,20.756,21.085,-1.56035,-0.329,22100.01,458707890.584
12/28/2010,ProShares UltraShort Euro,EUO,21.084,20.957,0.60600,0.127,22100.01,465956695.176
12/27/2010,ProShares UltraShort Euro,EUO,20.958,21.087,-0.61175,-0.129,22100.01,463172093.412
12/23/2010,ProShares UltraShort Euro,EUO,21.086,21.15,-0.30260,-0.064,21450.01,452294995.204
12/22/2010,ProShares UltraShort Euro,EUO,21.15,21.16,-0.04726,-0.01,21450.01,453667796.1
12/21/2010,ProShares UltraShort Euro,EUO,21.16,21.065,0.45099,0.095,21450.01,453882296.24
12/20/2010,ProShares UltraShort Euro,EUO,21.065,20.876,0.90535,0.189,21450.01,451844544.91
12/17/2010,ProShares UltraShort Euro,EUO,20.876,20.715,0.77721,0.161,21450.01,447790492.264
12/16/2010,ProShares UltraShort Euro,EUO,20.715,20.777,-0.29841,-0.062,21450.01,444337040.01
12/15/2010,ProShares UltraShort Euro,EUO,20.777,20.297,2.36488,0.48,21450.01,445666940.878
12/14/2010,ProShares UltraShort Euro,EUO,20.297,20.259,0.18757,0.038,21350.01,433341234.158
12/13/2010,ProShares UltraShort Euro,EUO,20.259,20.769,-2.45558,-0.51,21750.01,440633533.626
12/10/2010,ProShares UltraShort Euro,EUO,20.769,20.728,0.19780,0.041,21750.01,451726040.766
12/09/2010,ProShares UltraShort Euro,EUO,20.728,20.674,0.26120,0.054,21750.01,450834290.192
12/08/2010,ProShares UltraShort Euro,EUO,20.675,20.637,0.18414,0.038,21750.01,449681539.45
12/07/2010,ProShares UltraShort Euro,EUO,20.636,20.519,0.57020,0.117,21750.01,448833288.904
12/06/2010,ProShares UltraShort Euro,EUO,20.52,20.224,1.46361,0.296,21750.01,446310287.28
12/03/2010,ProShares UltraShort Euro,EUO,20.224,20.811,-2.82062,-0.587,22150.01,447961883.136
12/02/2010,ProShares UltraShort Euro,EUO,20.811,21.093,-1.33694,-0.282,22150.01,460963941.354
12/01/2010,ProShares UltraShort Euro,EUO,21.093,21.613,-2.40596,-0.52,21950.01,462991645.302
11/30/2010,ProShares UltraShort Euro,EUO,21.613,21.153,2.17463,0.46,21950.01,474405652.582
11/29/2010,ProShares UltraShort Euro,EUO,21.153,20.769,1.84891,0.384,21500.01,454789796.142
11/26/2010,ProShares UltraShort Euro,EUO,20.769,20.518,1.22332,0.251,21100.01,438226190.766
11/24/2010,ProShares UltraShort Euro,EUO,20.518,20.391,0.62282,0.127,21100.01,432930087.252
11/23/2010,ProShares UltraShort Euro,EUO,20.391,19.659,3.72349,0.732,21400.01,436367685.474
11/22/2010,ProShares UltraShort Euro,EUO,19.66,19.486,0.89295,0.174,21850.01,429571275.24
11/19/2010,ProShares UltraShort Euro,EUO,19.486,19.658,-0.87496,-0.172,21150.01,412129172.804
11/18/2010,ProShares UltraShort Euro,EUO,19.658,19.998,-1.70017,-0.34,21550.01,423630175.212
11/17/2010,ProShares UltraShort Euro,EUO,19.998,20.078,-0.39845,-0.08,21900.01,437956479.972
11/16/2010,ProShares UltraShort Euro,EUO,20.078,19.842,1.18940,0.236,22200.01,445731881.092
11/15/2010,ProShares UltraShort Euro,EUO,19.842,19.494,1.78516,0.348,22500.01,446445277.788
11/12/2010,ProShares UltraShort Euro,EUO,19.495,19.591,-0.49002,-0.096,22400.01,436688272.93
11/11/2010,ProShares UltraShort Euro,EUO,19.59,19.26,1.71340,0.33,22650.01,443713774.26
11/10/2010,ProShares UltraShort Euro,EUO,19.261,19.262,-0.00519,-0.001,22650.01,436261919.654
11/09/2010,ProShares UltraShort Euro,EUO,19.262,18.88,2.02331,0.382,24650.01,474808569.668
11/08/2010,ProShares UltraShort Euro,EUO,18.88,18.577,1.63105,0.303,24650.01,465392264.32
11/05/2010,ProShares UltraShort Euro,EUO,18.577,18.146,2.37518,0.431,24950.01,463496410.078
11/04/2010,ProShares UltraShort Euro,EUO,18.146,18.367,-1.20324,-0.221,25250.01,458186754.044
11/03/2010,ProShares UltraShort Euro,EUO,18.367,18.615,-1.33226,-0.248,27400.01,503256057.138
11/02/2010,ProShares UltraShort Euro,EUO,18.615,19.002,-2.03663,-0.387,27400.01,510051260.61
11/01/2010,ProShares UltraShort Euro,EUO,19.002,18.917,0.44933,0.085,27400.01,520655066.028
10/29/2010,ProShares UltraShort Euro,EUO,18.916,18.89,0.13764,0.026,27150.01,513569664.824
10/28/2010,ProShares UltraShort Euro,EUO,18.89,19.344,-2.34698,-0.454,26950.01,509085764.46
10/27/2010,ProShares UltraShort Euro,EUO,19.345,19.112,1.21913,0.233,26750.01,517479020.83
10/26/2010,ProShares UltraShort Euro,EUO,19.112,18.798,1.67039,0.314,26550.01,507423867.568
10/25/2010,ProShares UltraShort Euro,EUO,18.798,18.911,-0.59754,-0.113,26550.01,499087163.172
10/22/2010,ProShares UltraShort Euro,EUO,18.911,18.923,-0.06341,-0.012,26550.01,502087314.754
10/21/2010,ProShares UltraShort Euro,EUO,18.923,18.859,0.33936,0.064,26550.01,502405914.922
10/20/2010,ProShares UltraShort Euro,EUO,18.859,19.483,-3.20279,-0.624,24250.01,457331014.026
10/19/2010,ProShares UltraShort Euro,EUO,19.483,18.781,3.73782,0.702,23950.01,466618122.762
10/18/2010,ProShares UltraShort Euro,EUO,18.781,18.833,-0.27611,-0.052,23700.01,445109962.934
10/15/2010,ProShares UltraShort Euro,EUO,18.833,18.574,1.39442,0.259,23700.01,446342363.662
10/14/2010,ProShares UltraShort Euro,EUO,18.574,18.885,-1.64681,-0.311,23400.01,434631860.036
10/13/2010,ProShares UltraShort Euro,EUO,18.885,18.997,-0.58957,-0.112,23400.01,441909264.39
10/12/2010,ProShares UltraShort Euro,EUO,18.997,19.123,-0.65889,-0.126,21800.01,414134865.958
10/11/2010,ProShares UltraShort Euro,EUO,19.123,18.964,0.83843,0.159,16750.01,320310517.722
10/08/2010,ProShares UltraShort Euro,EUO,18.963,19.018,-0.28920,-0.055,16150.01,306252715.482
10/07/2010,ProShares UltraShort Euro,EUO,19.018,18.95,0.35884,0.068,16150.01,307140966.252
10/06/2010,ProShares UltraShort Euro,EUO,18.95,19.234,-1.47655,-0.284,15000.01,284250265.3
10/05/2010,ProShares UltraShort Euro,EUO,19.234,19.654,-2.13697,-0.42,15000.01,288510269.276
10/04/2010,ProShares UltraShort Euro,EUO,19.654,19.403,1.29361,0.251,14750.01,289896775.156
10/01/2010,ProShares UltraShort Euro,EUO,19.403,19.828,-2.14343,-0.425,14000.01,271642271.642
09/30/2010,ProShares UltraShort Euro,EUO,19.829,19.841,-0.06048,-0.012,14000.01,277606277.606
09/29/2010,ProShares UltraShort Euro,EUO,19.84,19.991,-0.75534,-0.151,14000.01,277760277.76
09/28/2010,ProShares UltraShort Euro,EUO,19.991,20.32,-1.61909,-0.329,14000.01,279874279.874
09/27/2010,ProShares UltraShort Euro,EUO,20.321,20.248,0.36053,0.073,14000.01,284494284.494
09/24/2010,ProShares UltraShort Euro,EUO,20.248,20.801,-2.65853,-0.553,14000.01,283472283.472
09/23/2010,ProShares UltraShort Euro,EUO,20.801,20.573,1.10825,0.228,14250.01,296414541.214
09/22/2010,ProShares UltraShort Euro,EUO,20.573,21.074,-2.37734,-0.501,14500.01,298308788.022
09/21/2010,ProShares UltraShort Euro,EUO,21.074,21.647,-2.64702,-0.573,14750.01,310841795.036
09/20/2010,ProShares UltraShort Euro,EUO,21.648,21.726,-0.35902,-0.078,14950.01,323637903.072
09/17/2010,ProShares UltraShort Euro,EUO,21.726,21.595,0.60662,0.131,14950.01,324804004.164
09/16/2010,ProShares UltraShort Euro,EUO,21.595,21.827,-1.06290,-0.232,14950.01,322845552.33
09/15/2010,ProShares UltraShort Euro,EUO,21.826,21.842,-0.07325,-0.016,14950.01,326299005.564
09/14/2010,ProShares UltraShort Euro,EUO,21.843,22.297,-2.03615,-0.454,15150.01,330921755.802
09/13/2010,ProShares UltraShort Euro,EUO,22.296,22.891,-2.59927,-0.595,15350.01,342243912.144
09/10/2010,ProShares UltraShort Euro,EUO,22.892,22.914,-0.09601,-0.022,15350.01,351392520.488
09/09/2010,ProShares UltraShort Euro,EUO,22.914,22.88,0.14860,0.034,15350.01,351730220.796
09/08/2010,ProShares UltraShort Euro,EUO,22.88,22.96,-0.34843,-0.08,15350.01,351208320.32
09/07/2010,ProShares UltraShort Euro,EUO,22.96,22.259,3.14929,0.701,15350.01,352436321.44
09/03/2010,ProShares UltraShort Euro,EUO,22.259,22.516,-1.14141,-0.257,15550.01,346127761.626
09/02/2010,ProShares UltraShort Euro,EUO,22.516,22.588,-0.31875,-0.072,15550.01,350124115.224
09/01/2010,ProShares UltraShort Euro,EUO,22.587,23.065,-2.07240,-0.478,15750.01,355745566.218
08/31/2010,ProShares UltraShort Euro,EUO,23.065,23.091,-0.11260,-0.026,15750.01,363274072.91
08/30/2010,ProShares UltraShort Euro,EUO,23.091,22.845,1.07682,0.246,15900.01,367147223.274
08/27/2010,ProShares UltraShort Euro,EUO,22.845,22.868,-0.10058,-0.023,15900.01,363235819.83
08/26/2010,ProShares UltraShort Euro,EUO,22.867,23.155,-1.24379,-0.288,15900.01,363585620.138
08/25/2010,ProShares UltraShort Euro,EUO,23.155,23.072,0.35974,0.083,16100.01,372795824.17
08/24/2010,ProShares UltraShort Euro,EUO,23.072,23.109,-0.16011,-0.037,16300.01,376073923.008
08/23/2010,ProShares UltraShort Euro,EUO,23.109,22.945,0.71475,0.164,16300.01,376677023.526
08/20/2010,ProShares UltraShort Euro,EUO,22.945,22.559,1.71107,0.386,16000.01,367120321.23
08/19/2010,ProShares UltraShort Euro,EUO,22.558,22.412,0.65144,0.146,15800.01,356416715.812
08/18/2010,ProShares UltraShort Euro,EUO,22.413,22.344,0.30881,0.069,15800.01,354125713.782
08/17/2010,ProShares UltraShort Euro,EUO,22.344,22.559,-0.95306,-0.215,15800.01,353035512.816
08/16/2010,ProShares UltraShort Euro,EUO,22.559,22.797,-1.04400,-0.238,15300.01,345153015.826
08/13/2010,ProShares UltraShort Euro,EUO,22.797,22.541,1.13571,0.256,15300.01,348794419.158
08/12/2010,ProShares UltraShort Euro,EUO,22.541,22.349,0.85910,0.192,15300.01,344877615.574
08/11/2010,ProShares UltraShort Euro,EUO,22.35,21.375,4.56140,0.975,15300.01,341955312.9
08/10/2010,ProShares UltraShort Euro,EUO,21.375,21.234,0.66403,0.141,15100.01,322762799.25
08/09/2010,ProShares UltraShort Euro,EUO,21.234,21.034,0.95084,0.2,15100.01,320633697.276
08/06/2010,ProShares UltraShort Euro,EUO,21.034,21.368,-1.56308,-0.334,15100.01,317613694.476
08/05/2010,ProShares UltraShort Euro,EUO,21.368,21.45,-0.38228,-0.082,15300.01,326930699.152
08/04/2010,ProShares UltraShort Euro,EUO,21.45,21.236,1.00772,0.214,15300.01,328185300.3
08/03/2010,ProShares UltraShort Euro,EUO,21.236,21.425,-0.88215,-0.189,15300.01,324911097.304
08/02/2010,ProShares UltraShort Euro,EUO,21.425,21.897,-2.15555,-0.472,15300.01,327802799.95
07/30/2010,ProShares UltraShort Euro,EUO,21.898,21.746,0.69898,0.152,15500.01,339419306.572
07/29/2010,ProShares UltraShort Euro,EUO,21.746,22.068,-1.45913,-0.322,15700.01,341412504.444
07/28/2010,ProShares UltraShort Euro,EUO,22.068,22.008,0.27263,0.06,15900.01,350881508.952
07/27/2010,ProShares UltraShort Euro,EUO,22.008,22.033,-0.11347,-0.025,15900.01,349927508.112
07/26/2010,ProShares UltraShort Euro,EUO,22.032,22.31,-1.24608,-0.278,16050.01,353613908.448
07/23/2010,ProShares UltraShort Euro,EUO,22.31,22.419,-0.48619,-0.109,16050.01,358075812.34
07/22/2010,ProShares UltraShort Euro,EUO,22.419,22.839,-1.83896,-0.42,16050.01,359825263.866
07/21/2010,ProShares UltraShort Euro,EUO,22.838,22.408,1.91896,0.43,16050.01,366550219.732
07/20/2010,ProShares UltraShort Euro,EUO,22.408,22.238,0.76446,0.17,16050.01,359648713.712
07/19/2010,ProShares UltraShort Euro,EUO,22.238,22.301,-0.28250,-0.063,16050.01,356920211.332
07/16/2010,ProShares UltraShort Euro,EUO,22.301,22.268,0.14819,0.033,15950.01,355701262.214
07/15/2010,ProShares UltraShort Euro,EUO,22.268,22.98,-3.09835,-0.712,15950.01,355174911.752
07/14/2010,ProShares UltraShort Euro,EUO,22.979,23.056,-0.33397,-0.077,16150.01,371111171.706
07/13/2010,ProShares UltraShort Euro,EUO,23.057,23.524,-1.98521,-0.467,16800.01,387357922.798
07/12/2010,ProShares UltraShort Euro,EUO,23.524,23.345,0.76676,0.179,17400.01,409317929.336
07/09/2010,ProShares UltraShort Euro,EUO,23.345,23.157,0.81185,0.188,17550.01,409705076.83
07/08/2010,ProShares UltraShort Euro,EUO,23.157,23.342,-0.79256,-0.185,17750.01,411037074.198
07/07/2010,ProShares UltraShort Euro,EUO,23.342,23.432,-0.38409,-0.09,17950.01,418989226.788
07/06/2010,ProShares UltraShort Euro,EUO,23.432,23.686,-1.07236,-0.254,18150.01,425291128.048
07/02/2010,ProShares UltraShort Euro,EUO,23.686,23.811,-0.52497,-0.125,18350.01,434638431.604
07/01/2010,ProShares UltraShort Euro,EUO,23.81,24.987,-4.71045,-1.177,18500.01,440485333.34
06/30/2010,ProShares UltraShort Euro,EUO,24.987,25.121,-0.53342,-0.134,18500.01,462259849.818
06/29/2010,ProShares UltraShort Euro,EUO,25.121,24.822,1.20458,0.299,18650.01,468507001.694
06/28/2010,ProShares UltraShort Euro,EUO,24.823,24.38,1.81706,0.443,18050.01,448055497.522
06/25/2010,ProShares UltraShort Euro,EUO,24.379,24.627,-1.00702,-0.248,18050.01,440041291.306
06/24/2010,ProShares UltraShort Euro,EUO,24.627,24.679,-0.21071,-0.052,18050.01,444517694.778
06/23/2010,ProShares UltraShort Euro,EUO,24.679,24.821,-0.57210,-0.142,18050.01,445456295.506
06/22/2010,ProShares UltraShort Euro,EUO,24.821,24.649,0.69780,0.172,17950.01,445537297.494
06/21/2010,ProShares UltraShort Euro,EUO,24.649,24.437,0.86754,0.212,17950.01,442449895.086
06/18/2010,ProShares UltraShort Euro,EUO,24.437,24.39,0.19270,0.047,17950.01,438644492.118
06/17/2010,ProShares UltraShort Euro,EUO,24.39,24.716,-1.31898,-0.326,18400.01,448776341.46
06/16/2010,ProShares UltraShort Euro,EUO,24.716,24.546,0.69258,0.17,18400.01,454774746.024
06/15/2010,ProShares UltraShort Euro,EUO,24.545,25.049,-2.01206,-0.504,18900.01,463900843.63
06/14/2010,ProShares UltraShort Euro,EUO,25.05,25.602,-2.15608,-0.552,19750.01,494737850.7
06/11/2010,ProShares UltraShort Euro,EUO,25.602,25.423,0.70409,0.179,21300.01,545322958.428
06/10/2010,ProShares UltraShort Euro,EUO,25.423,26.071,-2.48552,-0.648,21550.01,547866005.922
06/09/2010,ProShares UltraShort Euro,EUO,26.071,26.255,-0.70082,-0.184,21750.01,567044614.994
06/08/2010,ProShares UltraShort Euro,EUO,26.255,26.389,-0.50779,-0.134,21750.01,571046617.57
06/07/2010,ProShares UltraShort Euro,EUO,26.388,26.176,0.80990,0.212,21750.01,573939369.432
06/04/2010,ProShares UltraShort Euro,EUO,26.177,25.38,3.14027,0.797,21550.01,564114716.478
06/03/2010,ProShares UltraShort Euro,EUO,25.38,25.015,1.45912,0.365,21300.01,540594355.32
06/02/2010,ProShares UltraShort Euro,EUO,25.015,25.06,-0.17957,-0.045,21300.01,532819850.21
06/01/2010,ProShares UltraShort Euro,EUO,25.06,24.912,0.59409,0.148,21300.01,533778350.84
05/28/2010,ProShares UltraShort Euro,EUO,24.912,24.561,1.42909,0.351,21300.01,530625948.768
05/27/2010,ProShares UltraShort Euro,EUO,24.561,25.256,-2.75182,-0.695,21300.01,523149643.854
05/26/2010,ProShares UltraShort Euro,EUO,25.256,24.69,2.29243,0.566,21550.01,544267153.584
05/25/2010,ProShares UltraShort Euro,EUO,24.69,24.515,0.71385,0.175,21550.01,532069845.66
05/24/2010,ProShares UltraShort Euro,EUO,24.515,23.781,3.08650,0.734,21550.01,528298593.21
05/21/2010,ProShares UltraShort Euro,EUO,23.781,24.024,-1.01149,-0.243,21550.01,512480882.934
05/20/2010,ProShares UltraShort Euro,EUO,24.024,24.529,-2.05879,-0.505,21850.01,524924736.336
05/19/2010,ProShares UltraShort Euro,EUO,24.529,25.245,-2.83621,-0.716,21850.01,535958993.406
05/18/2010,ProShares UltraShort Euro,EUO,25.245,24.563,2.77653,0.682,21850.01,551603603.43
05/17/2010,ProShares UltraShort Euro,EUO,24.563,24.573,-0.04070,-0.01,21850.01,536701893.882
05/14/2010,ProShares UltraShort Euro,EUO,24.573,23.995,2.40884,0.578,20650.01,507432794.022
05/13/2010,ProShares UltraShort Euro,EUO,23.995,23.643,1.48881,0.352,19750.01,473901585.93
05/12/2010,ProShares UltraShort Euro,EUO,23.643,23.432,0.90048,0.211,19400.01,458674531.002
05/11/2010,ProShares UltraShort Euro,EUO,23.432,23.069,1.57354,0.363,19000.01,445208328.048
05/10/2010,ProShares UltraShort Euro,EUO,23.069,23.268,-0.85525,-0.199,19000.01,438311322.966
05/07/2010,ProShares UltraShort Euro,EUO,23.268,23.656,-1.64018,-0.388,19150.01,445582525.752
05/06/2010,ProShares UltraShort Euro,EUO,23.655,22.963,3.01354,0.692,19150.01,452993581.17
05/05/2010,ProShares UltraShort Euro,EUO,22.963,22.341,2.78412,0.622,18100.01,415630621.482
05/04/2010,ProShares UltraShort Euro,EUO,22.342,21.714,2.89214,0.628,16750.01,374228812.788
05/03/2010,ProShares UltraShort Euro,EUO,21.714,21.327,1.81460,0.387,15450.01,335481603.996
04/30/2010,ProShares UltraShort Euro,EUO,21.327,21.558,-1.07153,-0.231,15450.01,329502448.578
04/29/2010,ProShares UltraShort Euro,EUO,21.558,21.702,-0.66353,-0.144,15450.01,333071401.812
04/28/2010,ProShares UltraShort Euro,EUO,21.702,21.79,-0.40385,-0.088,15450.01,335296203.828
04/27/2010,ProShares UltraShort Euro,EUO,21.79,21.177,2.89465,0.613,14750.01,321402805.06
04/26/2010,ProShares UltraShort Euro,EUO,21.177,21.162,0.07088,0.015,14750.01,312361046.478
04/23/2010,ProShares UltraShort Euro,EUO,21.162,21.352,-0.88985,-0.19,14750.01,312139796.268
04/22/2010,ProShares UltraShort Euro,EUO,21.352,21.092,1.23269,0.26,14750.01,314942298.928
04/21/2010,ProShares UltraShort Euro,EUO,21.092,20.955,0.65378,0.137,14750.01,311107295.288
04/20/2010,ProShares UltraShort Euro,EUO,20.955,20.816,0.66776,0.139,14750.01,309086543.37
04/19/2010,ProShares UltraShort Euro,EUO,20.817,20.751,0.31806,0.066,14750.01,307051041.438
04/16/2010,ProShares UltraShort Euro,EUO,20.751,20.54,1.02726,0.211,14750.01,306077540.514
04/15/2010,ProShares UltraShort Euro,EUO,20.54,20.311,1.12747,0.229,14750.01,302965287.56
04/14/2010,ProShares UltraShort Euro,EUO,20.311,20.517,-1.00405,-0.206,14750.01,299587534.354
04/13/2010,ProShares UltraShort Euro,EUO,20.517,20.53,-0.06332,-0.013,14750.01,302626037.238
04/12/2010,ProShares UltraShort Euro,EUO,20.53,20.806,-1.32654,-0.276,14750.01,302817787.42
04/09/2010,ProShares UltraShort Euro,EUO,20.806,21.275,-2.20447,-0.469,14750.01,306888791.284
04/08/2010,ProShares UltraShort Euro,EUO,21.274,21.255,0.08939,0.019,14300.01,304218497.836
04/07/2010,ProShares UltraShort Euro,EUO,21.256,21.096,0.75844,0.16,14300.01,303961097.584
04/06/2010,ProShares UltraShort Euro,EUO,21.096,20.867,1.09743,0.229,14200.01,299563495.344
04/05/2010,ProShares UltraShort Euro,EUO,20.868,20.55,1.54745,0.318,14200.01,296325892.152
04/01/2010,ProShares UltraShort Euro,EUO,20.549,20.791,-1.16397,-0.242,14200.01,291796087.686
03/31/2010,ProShares UltraShort Euro,EUO,20.791,21.08,-1.37097,-0.289,14200.01,295232491.074
03/30/2010,ProShares UltraShort Euro,EUO,21.08,20.876,0.97720,0.204,14200.01,299336295.12
03/29/2010,ProShares UltraShort Euro,EUO,20.876,21.086,-0.99592,-0.21,14200.01,296439492.264
03/26/2010,ProShares UltraShort Euro,EUO,21.086,21.517,-2.00307,-0.431,14200.01,299421495.204
03/25/2010,ProShares UltraShort Euro,EUO,21.517,21.377,0.65491,0.14,13950.01,300162451.238
03/24/2010,ProShares UltraShort Euro,EUO,21.377,20.837,2.59154,0.54,13350.01,285383249.278
03/23/2010,ProShares UltraShort Euro,EUO,20.837,20.679,0.76406,0.158,13200.01,275048691.718
03/22/2010,ProShares UltraShort Euro,EUO,20.679,20.733,-0.26045,-0.054,13000.01,268827289.506
03/19/2010,ProShares UltraShort Euro,EUO,20.732,20.513,1.06762,0.219,12900.01,267443090.248
03/18/2010,ProShares UltraShort Euro,EUO,20.513,20.133,1.88745,0.38,12900.01,264617987.182
03/17/2010,ProShares UltraShort Euro,EUO,20.133,20.02,0.56444,0.113,12800.01,257702681.862
03/16/2010,ProShares UltraShort Euro,EUO,20.02,20.333,-1.53937,-0.313,12800.01,256256280.28
03/15/2010,ProShares UltraShort Euro,EUO,20.333,20.075,1.28518,0.258,12800.01,260262684.662
03/12/2010,ProShares UltraShort Euro,EUO,20.075,20.316,-1.18626,-0.241,12800.01,256960281.05
03/11/2010,ProShares UltraShort Euro,EUO,20.316,20.409,-0.45568,-0.093,12500.01,253950284.424
03/10/2010,ProShares UltraShort Euro,EUO,20.409,20.561,-0.73926,-0.152,12500.01,255112785.726
03/09/2010,ProShares UltraShort Euro,EUO,20.561,20.469,0.44946,0.092,12500.01,257012787.854
03/08/2010,ProShares UltraShort Euro,EUO,20.469,20.507,-0.18530,-0.038,12500.01,255862786.566
03/05/2010,ProShares UltraShort Euro,EUO,20.507,20.596,-0.43212,-0.089,12500.01,256337787.098
03/04/2010,ProShares UltraShort Euro,EUO,20.596,20.287,1.52314,0.309,12500.01,257450288.344
03/03/2010,ProShares UltraShort Euro,EUO,20.287,20.55,-1.27981,-0.263,12500.01,253587784.018
03/02/2010,ProShares UltraShort Euro,EUO,20.55,20.7,-0.72464,-0.15,12500.01,256875287.7
03/01/2010,ProShares UltraShort Euro,EUO,20.7,20.524,0.85753,0.176,12500.01,258750289.8
02/26/2010,ProShares UltraShort Euro,EUO,20.524,20.711,-0.90290,-0.187,12500.01,256550287.336
02/25/2010,ProShares UltraShort Euro,EUO,20.711,20.782,-0.34164,-0.071,12300.01,254745589.954
02/24/2010,ProShares UltraShort Euro,EUO,20.782,20.881,-0.47412,-0.099,11850.01,246266990.948
02/23/2010,ProShares UltraShort Euro,EUO,20.881,20.585,1.43794,0.296,11250.01,234911542.334
02/22/2010,ProShares UltraShort Euro,EUO,20.585,20.601,-0.07767,-0.016,10950.01,225406038.19
02/19/2010,ProShares UltraShort Euro,EUO,20.601,20.554,0.22867,0.047,10950.01,225581238.414
02/18/2010,ProShares UltraShort Euro,EUO,20.554,20.568,-0.06807,-0.014,10950.01,225066587.756
02/17/2010,ProShares UltraShort Euro,EUO,20.567,20.095,2.34884,0.472,10750.01,221095537.938
02/16/2010,ProShares UltraShort Euro,EUO,20.095,20.553,-2.22839,-0.458,10750.01,216021531.33
02/12/2010,ProShares UltraShort Euro,EUO,20.554,20.364,0.93302,0.19,10750.01,220955787.756
02/11/2010,ProShares UltraShort Euro,EUO,20.364,20.223,0.69723,0.141,10500.01,213822285.096
02/10/2010,ProShares UltraShort Euro,EUO,20.223,20.078,0.72218,0.145,10500.01,212341783.122
02/09/2010,ProShares UltraShort Euro,EUO,20.079,20.438,-1.75653,-0.359,10150.01,203802131.106
02/08/2010,ProShares UltraShort Euro,EUO,20.438,20.422,0.07835,0.016,10150.01,207445986.132
02/05/2010,ProShares UltraShort Euro,EUO,20.422,20.197,1.11403,0.225,9650.01,197072585.908
02/04/2010,ProShares UltraShort Euro,EUO,20.197,19.758,2.22188,0.439,9150.01,184802832.758
02/03/2010,ProShares UltraShort Euro,EUO,19.758,19.568,0.97097,0.19,9150.01,180785976.612
02/02/2010,ProShares UltraShort Euro,EUO,19.568,19.665,-0.49326,-0.097,8950.01,175133873.952
02/01/2010,ProShares UltraShort Euro,EUO,19.665,19.856,-0.96193,-0.191,8700.01,171085775.31
01/29/2010,ProShares UltraShort Euro,EUO,19.856,19.554,1.54444,0.302,8450.01,167783477.984
01/28/2010,ProShares UltraShort Euro,EUO,19.554,19.422,0.67964,0.132,8450.01,165231573.756
01/27/2010,ProShares UltraShort Euro,EUO,19.422,19.265,0.81495,0.157,8350.01,162173971.908
01/26/2010,ProShares UltraShort Euro,EUO,19.265,19.066,1.04374,0.199,8350.01,160863019.71
01/25/2010,ProShares UltraShort Euro,EUO,19.066,19.111,-0.23547,-0.045,7950.01,151574966.924
01/22/2010,ProShares UltraShort Euro,EUO,19.111,19.229,-0.61366,-0.118,7950.01,151932717.554
01/21/2010,ProShares UltraShort Euro,EUO,19.229,19.206,0.11975,0.023,7950.01,152870819.206
01/20/2010,ProShares UltraShort Euro,EUO,19.206,18.692,2.74984,0.514,7650.01,146926168.884
01/19/2010,ProShares UltraShort Euro,EUO,18.692,18.491,1.08702,0.201,7600.01,142059461.688
01/15/2010,ProShares UltraShort Euro,EUO,18.491,18.195,1.62682,0.296,7600.01,140531858.874
01/14/2010,ProShares UltraShort Euro,EUO,18.195,18.166,0.15964,0.029,7600.01,138282254.73
01/13/2010,ProShares UltraShort Euro,EUO,18.166,18.219,-0.29091,-0.053,6900.01,125345654.324
01/12/2010,ProShares UltraShort Euro,EUO,18.219,18.142,0.42443,0.077,6900.01,125711355.066
01/11/2010,ProShares UltraShort Euro,EUO,18.143,18.41,-1.45030,-0.267,6900.01,125186954.002
01/08/2010,ProShares UltraShort Euro,EUO,18.41,18.652,-1.29745,-0.242,6700.01,123347257.74
01/07/2010,ProShares UltraShort Euro,EUO,18.652,18.425,1.23202,0.227,6250.01,116575261.128
01/06/2010,ProShares UltraShort Euro,EUO,18.425,18.538,-0.60956,-0.113,6150.01,113314007.95
01/05/2010,ProShares UltraShort Euro,EUO,18.538,18.425,0.61330,0.113,6150.01,114008959.532
01/04/2010,ProShares UltraShort Euro,EUO,18.425,18.676,-1.34397,-0.251,5600.01,103180257.95
12/31/2009,ProShares UltraShort Euro,EUO,18.676,18.625,0.27383,0.051,5400.01,100850661.464
12/30/2009,ProShares UltraShort Euro,EUO,18.625,18.585,0.21523,0.04,5400.01,100575260.75
12/29/2009,ProShares UltraShort Euro,EUO,18.585,18.517,0.36723,0.068,5400.01,100359260.19
12/28/2009,ProShares UltraShort Euro,EUO,18.517,18.532,-0.08094,-0.015,5400.01,99992059.238
12/24/2009,ProShares UltraShort Euro,EUO,18.532,18.658,-0.67531,-0.126,4900.01,90807059.448
12/23/2009,ProShares UltraShort Euro,EUO,18.657,18.851,-1.02912,-0.194,4900.01,91419561.198
12/22/2009,ProShares UltraShort Euro,EUO,18.851,18.766,0.45295,0.085,4900.01,92370163.914
12/21/2009,ProShares UltraShort Euro,EUO,18.766,18.635,0.70298,0.131,4900.01,91953662.724
12/18/2009,ProShares UltraShort Euro,EUO,18.635,18.622,0.06981,0.013,3300.01,61495760.89
12/17/2009,ProShares UltraShort Euro,EUO,18.623,18.143,2.64565,0.48,3100.01,57731560.722
12/16/2009,ProShares UltraShort Euro,EUO,18.143,18.139,0.02205,0.004,3100.01,56243554.002
12/15/2009,ProShares UltraShort Euro,EUO,18.139,17.852,1.60766,0.287,3100.01,56231153.946
12/14/2009,ProShares UltraShort Euro,EUO,17.852,17.919,-0.37390,-0.067,3100.01,55341449.928
12/11/2009,ProShares UltraShort Euro,EUO,17.92,17.676,1.38040,0.244,2900.01,51968250.88
12/10/2009,ProShares UltraShort Euro,EUO,17.675,17.674,0.00566,0.001,2900.01,51257747.45
12/09/2009,ProShares UltraShort Euro,EUO,17.674,17.742,-0.38327,-0.068,2900.01,51254847.436
12/08/2009,ProShares UltraShort Euro,EUO,17.742,17.481,1.49305,0.261,2900.01,51452048.388
12/07/2009,ProShares UltraShort Euro,EUO,17.481,17.405,0.43666,0.076,2900.01,50695144.734
12/04/2009,ProShares UltraShort Euro,EUO,17.405,16.895,3.01864,0.51,2900.01,50474743.67
12/03/2009,ProShares UltraShort Euro,EUO,16.895,16.957,-0.36563,-0.062,2900.01,48995736.53
12/02/2009,ProShares UltraShort Euro,EUO,16.956,16.869,0.51574,0.087,2900.01,49172637.384
12/01/2009,ProShares UltraShort Euro,EUO,16.87,17.027,-0.92206,-0.157,2900.01,48923236.18
11/30/2009,ProShares UltraShort Euro,EUO,17.027,17.141,-0.66507,-0.114,2900.01,49378538.378
11/27/2009,ProShares UltraShort Euro,EUO,17.141,16.758,2.28548,0.383,2900.01,49709139.974
11/25/2009,ProShares UltraShort Euro,EUO,16.758,17.166,-2.37679,-0.408,2900.01,48598434.612
11/24/2009,ProShares UltraShort Euro,EUO,17.166,17.155,0.06412,0.011,2900.01,49781640.324
11/23/2009,ProShares UltraShort Euro,EUO,17.155,17.407,-1.44769,-0.252,2900.01,49749740.17
11/20/2009,ProShares UltraShort Euro,EUO,17.407,17.278,0.74661,0.129,2900.01,50480543.698
11/19/2009,ProShares UltraShort Euro,EUO,17.278,17.189,0.51777,0.089,2900.01,50106441.892
11/18/2009,ProShares UltraShort Euro,EUO,17.189,17.395,-1.18425,-0.206,2900.01,49848340.646
11/17/2009,ProShares UltraShort Euro,EUO,17.395,17.162,1.35765,0.233,2800.01,48706243.53
11/16/2009,ProShares UltraShort Euro,EUO,17.162,17.282,-0.69436,-0.12,2800.01,48053840.268
11/13/2009,ProShares UltraShort Euro,EUO,17.282,17.471,-1.08179,-0.189,2800.01,48389841.948
11/12/2009,ProShares UltraShort Euro,EUO,17.471,17.155,1.84203,0.316,2800.01,48919044.594
11/11/2009,ProShares UltraShort Euro,EUO,17.155,17.156,-0.00583,-0.001,2650.01,45460990.17
11/10/2009,ProShares UltraShort Euro,EUO,17.156,17.139,0.09919,0.017,2600.01,44605840.184
11/09/2009,ProShares UltraShort Euro,EUO,17.138,17.471,-1.90602,-0.333,2600.01,44559039.932
11/06/2009,ProShares UltraShort Euro,EUO,17.472,17.407,0.37341,0.065,2600.01,45427444.608
11/05/2009,ProShares UltraShort Euro,EUO,17.406,17.426,-0.11477,-0.02,2600.01,45255843.684
11/04/2009,ProShares UltraShort Euro,EUO,17.427,17.805,-2.12300,-0.378,2600.01,45310443.978
11/03/2009,ProShares UltraShort Euro,EUO,17.805,17.676,0.72980,0.129,2550.01,45402999.27
11/02/2009,ProShares UltraShort Euro,EUO,17.676,17.795,-0.66873,-0.119,2550.01,45074047.464
10/30/2009,ProShares UltraShort Euro,EUO,17.796,17.535,1.48845,0.261,2550.01,45380049.144
10/29/2009,ProShares UltraShort Euro,EUO,17.534,17.806,-1.52757,-0.272,2250.01,39451745.476
10/28/2009,ProShares UltraShort Euro,EUO,17.806,17.625,1.02695,0.181,2250.01,40063749.284
10/27/2009,ProShares UltraShort Euro,EUO,17.626,17.457,0.96809,0.169,2250.01,39658746.764
10/26/2009,ProShares UltraShort Euro,EUO,17.457,17.156,1.75449,0.301,2250.01,39278494.398
10/23/2009,ProShares UltraShort Euro,EUO,17.157,17.08,0.45082,0.077,2150.01,36887790.198
10/22/2009,ProShares UltraShort Euro,EUO,17.08,17.152,-0.41978,-0.072,2150.01,36722239.12
10/21/2009,ProShares UltraShort Euro,EUO,17.152,17.314,-0.93566,-0.162,2150.01,36877040.128
10/20/2009,ProShares UltraShort Euro,EUO,17.315,17.286,0.16777,0.029,2150.01,37227492.41
10/19/2009,ProShares UltraShort Euro,EUO,17.285,17.403,-0.67804,-0.118,2150.01,37162991.99
10/16/2009,ProShares UltraShort Euro,EUO,17.403,17.299,0.60119,0.104,2150.01,37416693.642
10/15/2009,ProShares UltraShort Euro,EUO,17.3,17.336,-0.20766,-0.036,2150.01,37195242.2
10/14/2009,ProShares UltraShort Euro,EUO,17.336,17.557,-1.25876,-0.221,2150.01,37272642.704
10/13/2009,ProShares UltraShort Euro,EUO,17.557,17.672,-0.65075,-0.115,2150.01,37747795.798
10/12/2009,ProShares UltraShort Euro,EUO,17.672,17.853,-1.01384,-0.181,2150.01,37995047.408
10/09/2009,ProShares UltraShort Euro,EUO,17.853,17.681,0.97280,0.172,2150.01,38384199.942
10/08/2009,ProShares UltraShort Euro,EUO,17.681,17.926,-1.36673,-0.245,2150.01,38014397.534
10/07/2009,ProShares UltraShort Euro,EUO,17.927,17.833,0.52711,0.094,2150.01,38543300.978
10/06/2009,ProShares UltraShort Euro,EUO,17.833,17.996,-0.90576,-0.163,2150.01,38341199.662
10/05/2009,ProShares UltraShort Euro,EUO,17.995,18.199,-1.12094,-0.204,2150.01,38689501.93
10/02/2009,ProShares UltraShort Euro,EUO,18.199,18.328,-0.70384,-0.129,2150.01,39128104.786
10/01/2009,ProShares UltraShort Euro,EUO,18.328,18.05,1.54017,0.278,2150.01,39405456.592
09/30/2009,ProShares UltraShort Euro,EUO,18.051,18.204,-0.84047,-0.153,2150.01,38809902.714
09/29/2009,ProShares UltraShort Euro,EUO,18.203,18.124,0.43589,0.079,2150.01,39136704.842
09/28/2009,ProShares UltraShort Euro,EUO,18.125,17.967,0.87939,0.158,2150.01,38969003.75
09/25/2009,ProShares UltraShort Euro,EUO,17.967,18.002,-0.19442,-0.035,2150.01,38629301.538
09/24/2009,ProShares UltraShort Euro,EUO,18.002,17.792,1.18031,0.21,2150.01,38704552.028
09/23/2009,ProShares UltraShort Euro,EUO,17.792,17.657,0.76457,0.135,2150.01,38253049.088
09/22/2009,ProShares UltraShort Euro,EUO,17.657,17.958,-1.67613,-0.301,2150.01,37962797.198
09/21/2009,ProShares UltraShort Euro,EUO,17.958,17.893,0.36327,0.065,2150.01,38609951.412
09/18/2009,ProShares UltraShort Euro,EUO,17.893,17.821,0.40402,0.072,2150.01,38470200.502
09/17/2009,ProShares UltraShort Euro,EUO,17.821,17.827,-0.03366,-0.006,2150.01,38315399.494
09/16/2009,ProShares UltraShort Euro,EUO,17.827,17.965,-0.76816,-0.138,2150.01,38328299.578
09/15/2009,ProShares UltraShort Euro,EUO,17.965,18.102,-0.75682,-0.137,2150.01,38625001.51
09/14/2009,ProShares UltraShort Euro,EUO,18.101,18.2,-0.54396,-0.099,2150.01,38917403.414
09/11/2009,ProShares UltraShort Euro,EUO,18.2,18.185,0.08249,0.015,2150.01,39130254.8
09/10/2009,ProShares UltraShort Euro,EUO,18.185,18.269,-0.45980,-0.084,2150.01,39098004.59
09/09/2009,ProShares UltraShort Euro,EUO,18.269,18.409,-0.76050,-0.14,2150.01,39278605.766
09/08/2009,ProShares UltraShort Euro,EUO,18.409,18.927,-2.73683,-0.518,2150.01,39579607.726
09/04/2009,ProShares UltraShort Euro,EUO,18.927,19.064,-0.71863,-0.137,2150.01,40693314.978
09/03/2009,ProShares UltraShort Euro,EUO,19.064,19.017,0.24715,0.047,2150.01,40987866.896
09/02/2009,ProShares UltraShort Euro,EUO,19.016,19.157,-0.73602,-0.141,2150.01,40884666.224
09/01/2009,ProShares UltraShort Euro,EUO,19.157,18.85,1.62865,0.307,2150.01,41187818.198
08/31/2009,ProShares UltraShort Euro,EUO,18.85,18.947,-0.51195,-0.097,2150.01,40527763.9
08/28/2009,ProShares UltraShort Euro,EUO,18.947,18.799,0.78728,0.148,2150.01,40736315.258
08/27/2009,ProShares UltraShort Euro,EUO,18.798,19.074,-1.44700,-0.276,2150.01,40415963.172
08/26/2009,ProShares UltraShort Euro,EUO,19.074,18.916,0.83527,0.158,2150.01,41009367.036
08/25/2009,ProShares UltraShort Euro,EUO,18.916,18.97,-0.28466,-0.054,2150.01,40669664.824
08/24/2009,ProShares UltraShort Euro,EUO,18.97,18.863,0.56725,0.107,2250.01,42682765.58
08/21/2009,ProShares UltraShort Euro,EUO,18.863,19.069,-1.08029,-0.206,2250.01,42442014.082
08/20/2009,ProShares UltraShort Euro,EUO,19.07,19.135,-0.33969,-0.065,2150.01,41000766.98
08/19/2009,ProShares UltraShort Euro,EUO,19.135,19.424,-1.48785,-0.289,2150.01,41140517.89
08/18/2009,ProShares UltraShort Euro,EUO,19.424,19.553,-0.65975,-0.129,2150.01,41761871.936
08/17/2009,ProShares UltraShort Euro,EUO,19.552,19.266,1.48448,0.286,2150.01,42037073.728
08/14/2009,ProShares UltraShort Euro,EUO,19.266,19.014,1.32534,0.252,2050.01,39495569.724
08/13/2009,ProShares UltraShort Euro,EUO,19.014,19.212,-1.03061,-0.198,2050.01,38978966.196
08/12/2009,ProShares UltraShort Euro,EUO,19.211,19.382,-0.88226,-0.171,2050.01,39382818.954
08/11/2009,ProShares UltraShort Euro,EUO,19.382,19.407,-0.12882,-0.025,1900.01,36826071.348
08/10/2009,ProShares UltraShort Euro,EUO,19.407,19.321,0.44511,0.086,1900.01,36873571.698
08/07/2009,ProShares UltraShort Euro,EUO,19.321,18.841,2.54764,0.48,1900.01,36710170.494
08/06/2009,ProShares UltraShort Euro,EUO,18.841,18.685,0.83489,0.156,1900.01,35798163.774
08/05/2009,ProShares UltraShort Euro,EUO,18.685,18.732,-0.25091,-0.047,1900.01,35501761.59
08/04/2009,ProShares UltraShort Euro,EUO,18.732,18.694,0.20327,0.038,1900.01,35591062.248
08/03/2009,ProShares UltraShort Euro,EUO,18.694,19.122,-2.23826,-0.428,1900.01,35518861.716
07/31/2009,ProShares UltraShort Euro,EUO,19.123,19.649,-2.67698,-0.526,1900.01,36333967.722
07/30/2009,ProShares UltraShort Euro,EUO,19.648,19.736,-0.44589,-0.088,2000.01,39296275.072
07/29/2009,ProShares UltraShort Euro,EUO,19.736,19.362,1.93162,0.374,2000.01,39472276.304
07/28/2009,ProShares UltraShort Euro,EUO,19.362,19.179,0.95417,0.183,2000.01,38724271.068
07/27/2009,ProShares UltraShort Euro,EUO,19.179,19.248,-0.35848,-0.069,2000.01,38358268.506
07/24/2009,ProShares UltraShort Euro,EUO,19.248,19.295,-0.24359,-0.047,2000.01,38496269.472
07/23/2009,ProShares UltraShort Euro,EUO,19.295,19.249,0.23897,0.046,2000.01,38590270.13
07/22/2009,ProShares UltraShort Euro,EUO,19.25,19.291,-0.21253,-0.041,2000.01,38500269.5
07/21/2009,ProShares UltraShort Euro,EUO,19.291,19.216,0.39030,0.075,2000.01,38582270.074
07/20/2009,ProShares UltraShort Euro,EUO,19.216,19.573,-1.82394,-0.357,2000.01,38432269.024
07/17/2009,ProShares UltraShort Euro,EUO,19.572,19.454,0.60656,0.118,2000.01,39144274.008
07/16/2009,ProShares UltraShort Euro,EUO,19.454,19.552,-0.50123,-0.098,2000.01,38908272.356
07/15/2009,ProShares UltraShort Euro,EUO,19.552,20.035,-2.41078,-0.483,2000.01,39104273.728
07/14/2009,ProShares UltraShort Euro,EUO,20.035,19.876,0.79996,0.159,2000.01,40070280.49
07/13/2009,ProShares UltraShort Euro,EUO,19.877,20.01,-0.66467,-0.133,2000.01,39754278.278
07/10/2009,ProShares UltraShort Euro,EUO,20.01,19.777,1.17814,0.233,2000.01,40020280.14
07/09/2009,ProShares UltraShort Euro,EUO,19.777,20.22,-2.19090,-0.443,2000.01,39554276.878
07/08/2009,ProShares UltraShort Euro,EUO,20.22,20.131,0.44210,0.089,2000.01,40440283.08
07/07/2009,ProShares UltraShort Euro,EUO,20.13,19.934,0.98324,0.196,2000.01,40260281.82
07/06/2009,ProShares UltraShort Euro,EUO,19.934,19.881,0.26659,0.053,2000.01,39868279.076
07/02/2009,ProShares UltraShort Euro,EUO,19.881,19.488,2.01663,0.393,2000.01,39762278.334
07/01/2009,ProShares UltraShort Euro,EUO,19.487,19.807,-1.61559,-0.32,2000.01,38974272.818
06/30/2009,ProShares UltraShort Euro,EUO,19.807,19.666,0.71697,0.141,2000.01,39614277.298
06/29/2009,ProShares UltraShort Euro,EUO,19.666,19.689,-0.11682,-0.023,1950.01,38348975.324
06/26/2009,ProShares UltraShort Euro,EUO,19.689,19.927,-1.19436,-0.238,1950.01,38393825.646
06/25/2009,ProShares UltraShort Euro,EUO,19.926,20.057,-0.65314,-0.131,1950.01,38855978.964
06/24/2009,ProShares UltraShort Euro,EUO,20.057,19.681,1.91047,0.376,1950.01,39111430.798
06/23/2009,ProShares UltraShort Euro,EUO,19.681,20.312,-3.10654,-0.631,1950.01,38378225.534
06/22/2009,ProShares UltraShort Euro,EUO,20.312,20.081,1.15034,0.231,1950.01,39608684.368
06/19/2009,ProShares UltraShort Euro,EUO,20.08,20.241,-0.79542,-0.161,1950.01,39156281.12
06/18/2009,ProShares UltraShort Euro,EUO,20.242,20.066,0.87711,0.176,1950.01,39472183.388
06/17/2009,ProShares UltraShort Euro,EUO,20.066,20.403,-1.65172,-0.337,1950.01,39128980.924
06/16/2009,ProShares UltraShort Euro,EUO,20.403,20.535,-0.64280,-0.132,1950.01,39786135.642
06/15/2009,ProShares UltraShort Euro,EUO,20.535,19.95,2.93233,0.585,1950.01,40043537.49
06/12/2009,ProShares UltraShort Euro,EUO,19.95,19.65,1.52672,0.3,1950.01,38902779.3
06/11/2009,ProShares UltraShort Euro,EUO,19.65,19.983,-1.66642,-0.333,1950.01,38317775.1
06/10/2009,ProShares UltraShort Euro,EUO,19.983,19.74,1.23100,0.243,1950.01,38967129.762
06/09/2009,ProShares UltraShort Euro,EUO,19.74,20.229,-2.41732,-0.489,1950.01,38493276.36
06/08/2009,ProShares UltraShort Euro,EUO,20.229,20.076,0.76210,0.153,1700.01,34389583.206
06/05/2009,ProShares UltraShort Euro,EUO,20.076,19.481,3.05426,0.595,1700.01,34129481.064
06/04/2009,ProShares UltraShort Euro,EUO,19.481,19.562,-0.41407,-0.081,1700.01,33117972.734
06/03/2009,ProShares UltraShort Euro,EUO,19.562,19.112,2.35454,0.45,1700.01,33255673.868
06/02/2009,ProShares UltraShort Euro,EUO,19.112,19.569,-2.33533,-0.457,1700.01,32490667.568
06/01/2009,ProShares UltraShort Euro,EUO,19.569,19.624,-0.28027,-0.055,1700.01,33267573.966
05/29/2009,ProShares UltraShort Euro,EUO,19.624,20.193,-2.81781,-0.569,1550.01,30417474.736
05/28/2009,ProShares UltraShort Euro,EUO,20.193,20.324,-0.64456,-0.131,1550.01,31299432.702
05/27/2009,ProShares UltraShort Euro,EUO,20.324,20.094,1.14462,0.23,1550.01,31502484.536
05/26/2009,ProShares UltraShort Euro,EUO,20.095,20.032,0.31450,0.063,1550.01,31147531.33
05/22/2009,ProShares UltraShort Euro,EUO,20.032,20.323,-1.43188,-0.291,1500.01,30048280.448
05/21/2009,ProShares UltraShort Euro,EUO,20.323,20.724,-1.93495,-0.401,1500.01,30484784.522
05/20/2009,ProShares UltraShort Euro,EUO,20.724,21.141,-1.97247,-0.417,1500.01,31086290.136
05/19/2009,ProShares UltraShort Euro,EUO,21.141,21.404,-1.22874,-0.263,1500.01,31711795.974
05/18/2009,ProShares UltraShort Euro,EUO,21.404,21.605,-0.93034,-0.201,1600.01,34246699.656
05/15/2009,ProShares UltraShort Euro,EUO,21.604,21.155,2.12243,0.449,1600.01,34566702.456
05/14/2009,ProShares UltraShort Euro,EUO,21.155,21.326,-0.80184,-0.171,1600.01,33848296.17
05/13/2009,ProShares UltraShort Euro,EUO,21.326,21.155,0.80832,0.171,1600.01,34121898.564
05/12/2009,ProShares UltraShort Euro,EUO,21.155,21.332,-0.82974,-0.177,1600.01,33848296.17
05/11/2009,ProShares UltraShort Euro,EUO,21.332,21.2,0.62264,0.132,1750.01,37331298.648
05/08/2009,ProShares UltraShort Euro,EUO,21.2,21.996,-3.61884,-0.796,1750.01,37100296.8
05/07/2009,ProShares UltraShort Euro,EUO,21.995,22.172,-0.79830,-0.177,1950.01,42890557.93
05/06/2009,ProShares UltraShort Euro,EUO,22.172,22.196,-0.10813,-0.024,1950.01,43235710.408
05/05/2009,ProShares UltraShort Euro,EUO,22.196,21.938,1.17604,0.258,1950.01,43282510.744
05/04/2009,ProShares UltraShort Euro,EUO,21.938,22.402,-2.07124,-0.464,1950.01,42779407.132
05/01/2009,ProShares UltraShort Euro,EUO,22.402,22.525,-0.54606,-0.123,1950.01,43684213.628
04/30/2009,ProShares UltraShort Euro,EUO,22.525,22.458,0.29833,0.067,1950.01,43924065.35
04/29/2009,ProShares UltraShort Euro,EUO,22.458,22.834,-1.64667,-0.376,1950.01,43793414.412
04/28/2009,ProShares UltraShort Euro,EUO,22.835,23.226,-1.68346,-0.391,1950.01,44528569.69
04/27/2009,ProShares UltraShort Euro,EUO,23.226,22.519,3.13957,0.707,1950.01,45291025.164
04/24/2009,ProShares UltraShort Euro,EUO,22.519,22.878,-1.56919,-0.359,1950.01,43912365.266
04/23/2009,ProShares UltraShort Euro,EUO,22.877,23.41,-2.27680,-0.533,1950.01,44610470.278
04/22/2009,ProShares UltraShort Euro,EUO,23.41,23.612,-0.85550,-0.202,2100.01,49161327.74
04/21/2009,ProShares UltraShort Euro,EUO,23.612,23.664,-0.21974,-0.052,2100.01,49585530.568
04/20/2009,ProShares UltraShort Euro,EUO,23.664,23.308,1.52737,0.356,2100.01,49694731.296
04/17/2009,ProShares UltraShort Euro,EUO,23.309,22.811,2.18316,0.498,2100.01,48949226.326
04/16/2009,ProShares UltraShort Euro,EUO,22.811,22.628,0.80873,0.183,2100.01,47903419.354
04/15/2009,ProShares UltraShort Euro,EUO,22.628,22.453,0.77941,0.175,2100.01,47519116.792
04/14/2009,ProShares UltraShort Euro,EUO,22.453,22.117,1.51919,0.336,2100.01,47151614.342
04/13/2009,ProShares UltraShort Euro,EUO,22.117,22.862,-3.25868,-0.745,2100.01,46446009.638
04/09/2009,ProShares UltraShort Euro,EUO,22.863,22.558,1.35207,0.305,2100.01,48012620.082
04/08/2009,ProShares UltraShort Euro,EUO,22.558,22.513,0.19988,0.045,2100.01,47372115.812
04/07/2009,ProShares UltraShort Euro,EUO,22.512,22.048,2.10450,0.464,2100.01,47275515.168
04/06/2009,ProShares UltraShort Euro,EUO,22.048,21.792,1.17474,0.256,2100.01,46301108.672
04/03/2009,ProShares UltraShort Euro,EUO,21.792,21.941,-0.67909,-0.149,2100.01,45763505.088
04/02/2009,ProShares UltraShort Euro,EUO,21.941,22.668,-3.20716,-0.727,2100.01,46076407.174
04/01/2009,ProShares UltraShort Euro,EUO,22.667,22.486,0.80495,0.181,2100.01,47601017.338
03/31/2009,ProShares UltraShort Euro,EUO,22.486,22.797,-1.36421,-0.311,2100.01,47220914.804
03/30/2009,ProShares UltraShort Euro,EUO,22.797,22.448,1.55470,0.349,2100.01,47874019.158
03/27/2009,ProShares UltraShort Euro,EUO,22.448,21.753,3.19496,0.695,2100.01,47141114.272
03/26/2009,ProShares UltraShort Euro,EUO,21.754,21.496,1.20022,0.258,2000.01,43508304.556
03/25/2009,ProShares UltraShort Euro,EUO,21.496,21.977,-2.18865,-0.481,2000.01,42992300.944
03/24/2009,ProShares UltraShort Euro,EUO,21.977,21.356,2.90785,0.621,2000.01,43954307.678
03/23/2009,ProShares UltraShort Euro,EUO,21.356,21.619,-1.21652,-0.263,1800.01,38441098.984
03/20/2009,ProShares UltraShort Euro,EUO,21.619,21.293,1.53102,0.326,1800.01,38914502.666
03/19/2009,ProShares UltraShort Euro,EUO,21.293,21.883,-2.69616,-0.59,1800.01,38327698.102
03/18/2009,ProShares UltraShort Euro,EUO,21.884,23.615,-7.33009,-1.731,1800.01,39391506.376
03/17/2009,ProShares UltraShort Euro,EUO,23.614,23.828,-0.89810,-0.214,2000.01,47228330.596
03/16/2009,ProShares UltraShort Euro,EUO,23.828,23.99,-0.67528,-0.162,2000.01,47656333.592
03/13/2009,ProShares UltraShort Euro,EUO,23.99,23.935,0.22979,0.055,2000.01,47980335.86
03/12/2009,ProShares UltraShort Euro,EUO,23.935,24.243,-1.27047,-0.308,2000.01,47870335.09
03/11/2009,ProShares UltraShort Euro,EUO,24.243,24.924,-2.73231,-0.681,2000.01,48486339.402
03/10/2009,ProShares UltraShort Euro,EUO,24.924,25.196,-1.07954,-0.272,1950.01,48602148.936
03/09/2009,ProShares UltraShort Euro,EUO,25.196,25.059,0.54671,0.137,1950.01,49132552.744
03/06/2009,ProShares UltraShort Euro,EUO,25.06,25.402,-1.34635,-0.342,1850.01,46361350.84
03/05/2009,ProShares UltraShort Euro,EUO,25.401,25.084,1.26375,0.317,1850.01,46992205.614
03/04/2009,ProShares UltraShort Euro,EUO,25.084,25.302,-0.86159,-0.218,1850.01,46405751.176
03/03/2009,ProShares UltraShort Euro,EUO,25.303,25.341,-0.14995,-0.038,1850.01,46810904.242
03/02/2009,ProShares UltraShort Euro,EUO,25.34,24.945,1.58348,0.395,1750.01,44345354.76
02/27/2009,ProShares UltraShort Euro,EUO,24.946,24.711,0.95099,0.235,1650.01,41161249.244
02/26/2009,ProShares UltraShort Euro,EUO,24.71,24.797,-0.35085,-0.087,1650.01,40771845.94
02/25/2009,ProShares UltraShort Euro,EUO,24.797,24.31,2.00329,0.487,1550.01,38435697.158
02/24/2009,ProShares UltraShort Euro,EUO,24.31,24.887,-2.31848,-0.577,1550.01,37680840.34
02/23/2009,ProShares UltraShort Euro,EUO,24.887,24.366,2.13823,0.521,1450.01,36086498.418
02/20/2009,ProShares UltraShort Euro,EUO,24.365,25.081,-2.85475,-0.716,1300.01,31674841.11
02/19/2009,ProShares UltraShort Euro,EUO,25.081,25.502,-1.65085,-0.421,1200.01,30097551.134
02/18/2009,ProShares UltraShort Euro,EUO,25.502,25.293,0.82632,0.209,1200.01,30602757.028
02/17/2009,ProShares UltraShort Euro,EUO,25.293,24.233,4.37420,1.06,1050.01,26558004.102
02/13/2009,ProShares UltraShort Euro,EUO,24.233,24.37,-0.56217,-0.137,900.01,21810039.262
02/12/2009,ProShares UltraShort Euro,EUO,24.37,24.225,0.59856,0.145,850.01,20714841.18
02/11/2009,ProShares UltraShort Euro,EUO,24.225,24.26,-0.14427,-0.035,850.01,20591589.15
02/10/2009,ProShares UltraShort Euro,EUO,24.26,23.797,1.94562,0.463,850.01,20621339.64
02/09/2009,ProShares UltraShort Euro,EUO,23.797,24.117,-1.32686,-0.32,850.01,20227783.158
02/06/2009,ProShares UltraShort Euro,EUO,24.117,24.611,-2.00723,-0.494,850.01,20499787.638
02/05/2009,ProShares UltraShort Euro,EUO,24.611,24.402,0.85649,0.209,850.01,20919694.554
02/04/2009,ProShares UltraShort Euro,EUO,24.402,23.726,2.84919,0.676,750.01,18301841.628
02/03/2009,ProShares UltraShort Euro,EUO,23.726,24.474,-3.05630,-0.748,750.01,17794832.164
02/02/2009,ProShares UltraShort Euro,EUO,24.474,24.627,-0.62127,-0.153,700.01,17132142.636
01/30/2009,ProShares UltraShort Euro,EUO,24.627,24.043,2.42898,0.584,700.01,17239244.778
01/29/2009,ProShares UltraShort Euro,EUO,24.043,23.417,2.67327,0.626,700.01,16830436.602
01/28/2009,ProShares UltraShort Euro,EUO,23.417,23.239,0.76595,0.178,700.01,16392227.838
01/27/2009,ProShares UltraShort Euro,EUO,23.239,23.291,-0.22326,-0.052,700.01,16267625.346
01/26/2009,ProShares UltraShort Euro,EUO,23.291,24.003,-2.96630,-0.712,650.01,15139476.074
01/23/2009,ProShares UltraShort Euro,EUO,24.004,23.928,0.31762,0.076,550.01,13202536.056
01/22/2009,ProShares UltraShort Euro,EUO,23.928,23.884,0.18422,0.044,550.01,13160734.992
01/21/2009,ProShares UltraShort Euro,EUO,23.884,24.398,-2.10673,-0.514,550.01,13136534.376
01/20/2009,ProShares UltraShort Euro,EUO,24.397,23.001,6.06930,1.396,450.01,10978991.558
01/16/2009,ProShares UltraShort Euro,EUO,23.001,23.472,-2.00665,-0.471,450.01,10350772.014
01/15/2009,ProShares UltraShort Euro,EUO,23.472,23.473,-0.00426,-0.001,400.01,9389128.608
01/14/2009,ProShares UltraShort Euro,EUO,23.473,23.377,0.41066,0.096,350.01,8215878.622
01/13/2009,ProShares UltraShort Euro,EUO,23.376,22.733,2.82849,0.643,350.01,8181927.264
01/12/2009,ProShares UltraShort Euro,EUO,22.733,22.569,0.72666,0.164,350.01,7956868.262
01/09/2009,ProShares UltraShort Euro,EUO,22.569,21.636,4.31226,0.933,350.01,7899465.966
01/08/2009,ProShares UltraShort Euro,EUO,21.636,21.954,-1.44848,-0.318,350.01,7572902.904
01/07/2009,ProShares UltraShort Euro,EUO,21.954,22.313,-1.60893,-0.359,350.01,7684207.356
01/06/2009,ProShares UltraShort Euro,EUO,22.313,22.139,0.78594,0.174,350.01,7809862.382
01/05/2009,ProShares UltraShort Euro,EUO,22.14,21.292,3.98272,0.848,350.01,7749309.96
01/02/2009,ProShares UltraShort Euro,EUO,21.292,20.945,1.65672,0.347,350.01,7452498.088
12/31/2008,ProShares UltraShort Euro,EUO,20.945,20.644,1.45805,0.301,350.01,7331043.23
12/30/2008,ProShares UltraShort Euro,EUO,20.644,20.959,-1.50293,-0.315,350.01,7225689.016
12/29/2008,ProShares UltraShort Euro,EUO,20.959,20.692,1.29035,0.267,350.01,7335943.426
12/26/2008,ProShares UltraShort Euro,EUO,20.692,20.864,-0.82439,-0.172,350.01,7242489.688
12/24/2008,ProShares UltraShort Euro,EUO,20.864,20.864,0.00000,0,350.01,7302692.096
12/23/2008,ProShares UltraShort Euro,EUO,20.864,21.054,-0.90244,-0.19,350.01,7302692.096
12/22/2008,ProShares UltraShort Euro,EUO,21.054,21.122,-0.32194,-0.068,350.01,7369194.756
12/19/2008,ProShares UltraShort Euro,EUO,21.122,20.23,4.40929,0.892,200.01,4224695.708
12/18/2008,ProShares UltraShort Euro,EUO,20.229,19.823,2.04813,0.406,200.01,4046083.206
12/17/2008,ProShares UltraShort Euro,EUO,19.823,20.587,-3.71108,-0.764,100.01,1982577.522
12/16/2008,ProShares UltraShort Euro,EUO,20.587,21.938,-6.15826,-1.351,100.01,2058988.218
12/15/2008,ProShares UltraShort Euro,EUO,21.938,23.085,-4.96859,-1.147,100.01,2194107.132
12/12/2008,ProShares UltraShort Euro,EUO,23.085,23.243,-0.67977,-0.158,100.01,2308823.19
12/11/2008,ProShares UltraShort Euro,EUO,23.242,24.398,-4.73809,-1.156,100.01,2324525.388
12/10/2008,ProShares UltraShort Euro,EUO,24.398,24.777,-1.52964,-0.379,100.01,2440141.572
12/09/2008,ProShares UltraShort Euro,EUO,24.778,24.732,0.18599,0.046,100.01,2478146.892
12/08/2008,ProShares UltraShort Euro,EUO,24.732,25.637,-3.53005,-0.905,100.01,2473546.248
12/05/2008,ProShares UltraShort Euro,EUO,25.636,25.348,1.13618,0.288,100.01,2563958.904
12/04/2008,ProShares UltraShort Euro,EUO,25.349,25.676,-1.27356,-0.327,100.01,2535254.886
12/03/2008,ProShares UltraShort Euro,EUO,25.675,25.702,-0.10505,-0.027,100.01,2567859.45
12/02/2008,ProShares UltraShort Euro,EUO,25.703,26.171,-1.78824,-0.468,100.01,2570659.842
12/01/2008,ProShares UltraShort Euro,EUO,26.171,25.734,1.69814,0.437,100.01,2617466.394
11/28/2008,ProShares UltraShort Euro,EUO,25.733,24.953,3.12588,0.78,100.01,2573660.262
11/26/2008,ProShares UltraShort Euro,EUO,24.954,24.36,2.43842,0.594,100.01,2495749.356
11/25/2008,ProShares UltraShort Euro,EUO,24.36,25,-2.56000,-0.64,100.01,2436341.04
11/24/2008,ProShares UltraShort Euro,EUO,25,25,0.00000,0,100.01,2500350
